Datetime;CF
2026-01-01 00:00;0,0000
2026-01-01 01:00;0,0000
2026-01-01 02:00;0,0000
2026-01-01 03:00;0,0000
2026-01-01 04:00;0,0000
2026-01-01 05:00;0,0000
2026-01-01 06:00;0,0000
2026-01-01 07:00;0,0000
2026-01-01 08:00;0,1500
2026-01-01 09:00;0,1500
2026-01-01 10:00;0,1500
2026-01-01 11:00;0,2813
2026-01-01 12:00;0,3589
2026-01-01 13:00;0,4835
2026-01-01 14:00;0,4662
2026-01-01 15:00;0,3839
2026-01-01 16:00;0,2999
2026-01-01 17:00;0,1909
2026-01-01 18:00;0,1500
2026-01-01 19:00;0,0000
2026-01-01 20:00;0,0000
2026-01-01 21:00;0,0000
2026-01-01 22:00;0,0000
2026-01-01 23:00;0,0000
2026-01-02 00:00;0,0000
2026-01-02 01:00;0,0000
2026-01-02 02:00;0,0000
2026-01-02 03:00;0,0000
2026-01-02 04:00;0,0000
2026-01-02 05:00;0,0000
2026-01-02 06:00;0,0000
2026-01-02 07:00;0,0000
2026-01-02 08:00;0,1500
2026-01-02 09:00;0,1500
2026-01-02 10:00;0,1500
2026-01-02 11:00;0,2823
2026-01-02 12:00;0,4458
2026-01-02 13:00;0,4234
2026-01-02 14:00;0,4883
2026-01-02 15:00;0,4148
2026-01-02 16:00;0,2919
2026-01-02 17:00;0,1701
2026-01-02 18:00;0,1500
2026-01-02 19:00;0,0000
2026-01-02 20:00;0,0000
2026-01-02 21:00;0,0000
2026-01-02 22:00;0,0000
2026-01-02 23:00;0,0000
2026-01-03 00:00;0,0000
2026-01-03 01:00;0,0000
2026-01-03 02:00;0,0000
2026-01-03 03:00;0,0000
2026-01-03 04:00;0,0000
2026-01-03 05:00;0,0000
2026-01-03 06:00;0,0000
2026-01-03 07:00;0,0000
2026-01-03 08:00;0,1500
2026-01-03 09:00;0,1586
2026-01-03 10:00;0,3214
2026-01-03 11:00;0,3891
2026-01-03 12:00;0,4150
2026-01-03 13:00;0,3637
2026-01-03 14:00;0,3076
2026-01-03 15:00;0,2733
2026-01-03 16:00;0,1614
2026-01-03 17:00;0,1500
2026-01-03 18:00;0,1500
2026-01-03 19:00;0,0000
2026-01-03 20:00;0,0000
2026-01-03 21:00;0,0000
2026-01-03 22:00;0,0000
2026-01-03 23:00;0,0000
2026-01-04 00:00;0,0000
2026-01-04 01:00;0,0000
2026-01-04 02:00;0,0000
2026-01-04 03:00;0,0000
2026-01-04 04:00;0,0000
2026-01-04 05:00;0,0000
2026-01-04 06:00;0,0000
2026-01-04 07:00;0,0000
2026-01-04 08:00;0,1500
2026-01-04 09:00;0,1502
2026-01-04 10:00;0,3096
2026-01-04 11:00;0,3963
2026-01-04 12:00;0,4578
2026-01-04 13:00;0,4908
2026-01-04 14:00;0,4388
2026-01-04 15:00;0,3216
2026-01-04 16:00;0,1594
2026-01-04 17:00;0,1500
2026-01-04 18:00;0,1500
2026-01-04 19:00;0,0000
2026-01-04 20:00;0,0000
2026-01-04 21:00;0,0000
2026-01-04 22:00;0,0000
2026-01-04 23:00;0,0000
2026-01-05 00:00;0,0000
2026-01-05 01:00;0,0000
2026-01-05 02:00;0,0000
2026-01-05 03:00;0,0000
2026-01-05 04:00;0,0000
2026-01-05 05:00;0,0000
2026-01-05 06:00;0,0000
2026-01-05 07:00;0,0000
2026-01-05 08:00;0,1500
2026-01-05 09:00;0,1500
2026-01-05 10:00;0,1500
2026-01-05 11:00;0,2768
2026-01-05 12:00;0,3922
2026-01-05 13:00;0,4288
2026-01-05 14:00;0,4482
2026-01-05 15:00;0,4473
2026-01-05 16:00;0,3774
2026-01-05 17:00;0,2059
2026-01-05 18:00;0,1500
2026-01-05 19:00;0,0000
2026-01-05 20:00;0,0000
2026-01-05 21:00;0,0000
2026-01-05 22:00;0,0000
2026-01-05 23:00;0,0000
2026-01-06 00:00;0,0000
2026-01-06 01:00;0,0000
2026-01-06 02:00;0,0000
2026-01-06 03:00;0,0000
2026-01-06 04:00;0,0000
2026-01-06 05:00;0,0000
2026-01-06 06:00;0,0000
2026-01-06 07:00;0,0000
2026-01-06 08:00;0,1500
2026-01-06 09:00;0,1500
2026-01-06 10:00;0,2820
2026-01-06 11:00;0,3954
2026-01-06 12:00;0,4720
2026-01-06 13:00;0,5064
2026-01-06 14:00;0,3995
2026-01-06 15:00;0,2967
2026-01-06 16:00;0,1500
2026-01-06 17:00;0,1500
2026-01-06 18:00;0,1500
2026-01-06 19:00;0,0000
2026-01-06 20:00;0,0000
2026-01-06 21:00;0,0000
2026-01-06 22:00;0,0000
2026-01-06 23:00;0,0000
2026-01-07 00:00;0,0000
2026-01-07 01:00;0,0000
2026-01-07 02:00;0,0000
2026-01-07 03:00;0,0000
2026-01-07 04:00;0,0000
2026-01-07 05:00;0,0000
2026-01-07 06:00;0,0000
2026-01-07 07:00;0,0000
2026-01-07 08:00;0,1500
2026-01-07 09:00;0,1500
2026-01-07 10:00;0,1500
2026-01-07 11:00;0,2508
2026-01-07 12:00;0,3312
2026-01-07 13:00;0,4080
2026-01-07 14:00;0,4730
2026-01-07 15:00;0,4112
2026-01-07 16:00;0,2934
2026-01-07 17:00;0,1572
2026-01-07 18:00;0,1500
2026-01-07 19:00;0,0000
2026-01-07 20:00;0,0000
2026-01-07 21:00;0,0000
2026-01-07 22:00;0,0000
2026-01-07 23:00;0,0000
2026-01-08 00:00;0,0000
2026-01-08 01:00;0,0000
2026-01-08 02:00;0,0000
2026-01-08 03:00;0,0000
2026-01-08 04:00;0,0000
2026-01-08 05:00;0,0000
2026-01-08 06:00;0,0000
2026-01-08 07:00;0,0000
2026-01-08 08:00;0,1500
2026-01-08 09:00;0,1500
2026-01-08 10:00;0,3244
2026-01-08 11:00;0,4672
2026-01-08 12:00;0,4799
2026-01-08 13:00;0,4808
2026-01-08 14:00;0,4208
2026-01-08 15:00;0,2813
2026-01-08 16:00;0,1500
2026-01-08 17:00;0,1500
2026-01-08 18:00;0,1500
2026-01-08 19:00;0,0000
2026-01-08 20:00;0,0000
2026-01-08 21:00;0,0000
2026-01-08 22:00;0,0000
2026-01-08 23:00;0,0000
2026-01-09 00:00;0,0000
2026-01-09 01:00;0,0000
2026-01-09 02:00;0,0000
2026-01-09 03:00;0,0000
2026-01-09 04:00;0,0000
2026-01-09 05:00;0,0000
2026-01-09 06:00;0,0000
2026-01-09 07:00;0,0000
2026-01-09 08:00;0,1500
2026-01-09 09:00;0,1500
2026-01-09 10:00;0,1500
2026-01-09 11:00;0,2592
2026-01-09 12:00;0,4187
2026-01-09 13:00;0,5174
2026-01-09 14:00;0,4894
2026-01-09 15:00;0,4007
2026-01-09 16:00;0,3088
2026-01-09 17:00;0,1686
2026-01-09 18:00;0,1500
2026-01-09 19:00;0,0000
2026-01-09 20:00;0,0000
2026-01-09 21:00;0,0000
2026-01-09 22:00;0,0000
2026-01-09 23:00;0,0000
2026-01-10 00:00;0,0000
2026-01-10 01:00;0,0000
2026-01-10 02:00;0,0000
2026-01-10 03:00;0,0000
2026-01-10 04:00;0,0000
2026-01-10 05:00;0,0000
2026-01-10 06:00;0,0000
2026-01-10 07:00;0,0000
2026-01-10 08:00;0,1500
2026-01-10 09:00;0,1665
2026-01-10 10:00;0,3336
2026-01-10 11:00;0,4844
2026-01-10 12:00;0,5275
2026-01-10 13:00;0,5177
2026-01-10 14:00;0,4892
2026-01-10 15:00;0,3548
2026-01-10 16:00;0,1705
2026-01-10 17:00;0,1500
2026-01-10 18:00;0,1500
2026-01-10 19:00;0,0000
2026-01-10 20:00;0,0000
2026-01-10 21:00;0,0000
2026-01-10 22:00;0,0000
2026-01-10 23:00;0,0000
2026-01-11 00:00;0,0000
2026-01-11 01:00;0,0000
2026-01-11 02:00;0,0000
2026-01-11 03:00;0,0000
2026-01-11 04:00;0,0000
2026-01-11 05:00;0,0000
2026-01-11 06:00;0,0000
2026-01-11 07:00;0,0000
2026-01-11 08:00;0,1500
2026-01-11 09:00;0,1500
2026-01-11 10:00;0,1500
2026-01-11 11:00;0,2954
2026-01-11 12:00;0,3725
2026-01-11 13:00;0,4919
2026-01-11 14:00;0,5151
2026-01-11 15:00;0,4447
2026-01-11 16:00;0,3494
2026-01-11 17:00;0,2042
2026-01-11 18:00;0,1500
2026-01-11 19:00;0,0000
2026-01-11 20:00;0,0000
2026-01-11 21:00;0,0000
2026-01-11 22:00;0,0000
2026-01-11 23:00;0,0000
2026-01-12 00:00;0,0000
2026-01-12 01:00;0,0000
2026-01-12 02:00;0,0000
2026-01-12 03:00;0,0000
2026-01-12 04:00;0,0000
2026-01-12 05:00;0,0000
2026-01-12 06:00;0,0000
2026-01-12 07:00;0,0000
2026-01-12 08:00;0,1500
2026-01-12 09:00;0,1500
2026-01-12 10:00;0,1500
2026-01-12 11:00;0,2667
2026-01-12 12:00;0,3847
2026-01-12 13:00;0,4838
2026-01-12 14:00;0,4609
2026-01-12 15:00;0,4675
2026-01-12 16:00;0,3275
2026-01-12 17:00;0,1880
2026-01-12 18:00;0,1500
2026-01-12 19:00;0,0000
2026-01-12 20:00;0,0000
2026-01-12 21:00;0,0000
2026-01-12 22:00;0,0000
2026-01-12 23:00;0,0000
2026-01-13 00:00;0,0000
2026-01-13 01:00;0,0000
2026-01-13 02:00;0,0000
2026-01-13 03:00;0,0000
2026-01-13 04:00;0,0000
2026-01-13 05:00;0,0000
2026-01-13 06:00;0,0000
2026-01-13 07:00;0,0000
2026-01-13 08:00;0,1500
2026-01-13 09:00;0,1500
2026-01-13 10:00;0,1558
2026-01-13 11:00;0,3348
2026-01-13 12:00;0,4633
2026-01-13 13:00;0,4366
2026-01-13 14:00;0,4601
2026-01-13 15:00;0,3800
2026-01-13 16:00;0,3814
2026-01-13 17:00;0,2163
2026-01-13 18:00;0,1500
2026-01-13 19:00;0,0000
2026-01-13 20:00;0,0000
2026-01-13 21:00;0,0000
2026-01-13 22:00;0,0000
2026-01-13 23:00;0,0000
2026-01-14 00:00;0,0000
2026-01-14 01:00;0,0000
2026-01-14 02:00;0,0000
2026-01-14 03:00;0,0000
2026-01-14 04:00;0,0000
2026-01-14 05:00;0,0000
2026-01-14 06:00;0,0000
2026-01-14 07:00;0,0000
2026-01-14 08:00;0,1500
2026-01-14 09:00;0,1500
2026-01-14 10:00;0,1500
2026-01-14 11:00;0,2467
2026-01-14 12:00;0,3423
2026-01-14 13:00;0,4503
2026-01-14 14:00;0,4874
2026-01-14 15:00;0,4067
2026-01-14 16:00;0,3305
2026-01-14 17:00;0,1812
2026-01-14 18:00;0,1500
2026-01-14 19:00;0,0000
2026-01-14 20:00;0,0000
2026-01-14 21:00;0,0000
2026-01-14 22:00;0,0000
2026-01-14 23:00;0,0000
2026-01-15 00:00;0,0000
2026-01-15 01:00;0,0000
2026-01-15 02:00;0,0000
2026-01-15 03:00;0,0000
2026-01-15 04:00;0,0000
2026-01-15 05:00;0,0000
2026-01-15 06:00;0,0000
2026-01-15 07:00;0,0000
2026-01-15 08:00;0,1500
2026-01-15 09:00;0,1500
2026-01-15 10:00;0,1500
2026-01-15 11:00;0,2961
2026-01-15 12:00;0,4396
2026-01-15 13:00;0,4499
2026-01-15 14:00;0,3917
2026-01-15 15:00;0,4184
2026-01-15 16:00;0,3252
2026-01-15 17:00;0,1851
2026-01-15 18:00;0,1500
2026-01-15 19:00;0,0000
2026-01-15 20:00;0,0000
2026-01-15 21:00;0,0000
2026-01-15 22:00;0,0000
2026-01-15 23:00;0,0000
2026-01-16 00:00;0,0000
2026-01-16 01:00;0,0000
2026-01-16 02:00;0,0000
2026-01-16 03:00;0,0000
2026-01-16 04:00;0,0000
2026-01-16 05:00;0,0000
2026-01-16 06:00;0,0000
2026-01-16 07:00;0,0000
2026-01-16 08:00;0,1500
2026-01-16 09:00;0,1500
2026-01-16 10:00;0,1500
2026-01-16 11:00;0,2165
2026-01-16 12:00;0,3691
2026-01-16 13:00;0,4270
2026-01-16 14:00;0,3765
2026-01-16 15:00;0,3793
2026-01-16 16:00;0,3175
2026-01-16 17:00;0,1669
2026-01-16 18:00;0,1500
2026-01-16 19:00;0,0000
2026-01-16 20:00;0,0000
2026-01-16 21:00;0,0000
2026-01-16 22:00;0,0000
2026-01-16 23:00;0,0000
2026-01-17 00:00;0,0000
2026-01-17 01:00;0,0000
2026-01-17 02:00;0,0000
2026-01-17 03:00;0,0000
2026-01-17 04:00;0,0000
2026-01-17 05:00;0,0000
2026-01-17 06:00;0,0000
2026-01-17 07:00;0,0000
2026-01-17 08:00;0,1500
2026-01-17 09:00;0,1500
2026-01-17 10:00;0,1500
2026-01-17 11:00;0,2552
2026-01-17 12:00;0,3761
2026-01-17 13:00;0,4033
2026-01-17 14:00;0,4119
2026-01-17 15:00;0,4458
2026-01-17 16:00;0,3091
2026-01-17 17:00;0,1687
2026-01-17 18:00;0,1500
2026-01-17 19:00;0,0000
2026-01-17 20:00;0,0000
2026-01-17 21:00;0,0000
2026-01-17 22:00;0,0000
2026-01-17 23:00;0,0000
2026-01-18 00:00;0,0000
2026-01-18 01:00;0,0000
2026-01-18 02:00;0,0000
2026-01-18 03:00;0,0000
2026-01-18 04:00;0,0000
2026-01-18 05:00;0,0000
2026-01-18 06:00;0,0000
2026-01-18 07:00;0,0000
2026-01-18 08:00;0,1500
2026-01-18 09:00;0,1500
2026-01-18 10:00;0,1500
2026-01-18 11:00;0,2870
2026-01-18 12:00;0,3967
2026-01-18 13:00;0,3931
2026-01-18 14:00;0,4658
2026-01-18 15:00;0,3590
2026-01-18 16:00;0,2758
2026-01-18 17:00;0,1500
2026-01-18 18:00;0,1500
2026-01-18 19:00;0,0000
2026-01-18 20:00;0,0000
2026-01-18 21:00;0,0000
2026-01-18 22:00;0,0000
2026-01-18 23:00;0,0000
2026-01-19 00:00;0,0000
2026-01-19 01:00;0,0000
2026-01-19 02:00;0,0000
2026-01-19 03:00;0,0000
2026-01-19 04:00;0,0000
2026-01-19 05:00;0,0000
2026-01-19 06:00;0,0000
2026-01-19 07:00;0,0000
2026-01-19 08:00;0,1500
2026-01-19 09:00;0,1500
2026-01-19 10:00;0,2760
2026-01-19 11:00;0,4103
2026-01-19 12:00;0,5078
2026-01-19 13:00;0,5041
2026-01-19 14:00;0,4606
2026-01-19 15:00;0,3289
2026-01-19 16:00;0,1826
2026-01-19 17:00;0,1500
2026-01-19 18:00;0,1500
2026-01-19 19:00;0,0000
2026-01-19 20:00;0,0000
2026-01-19 21:00;0,0000
2026-01-19 22:00;0,0000
2026-01-19 23:00;0,0000
2026-01-20 00:00;0,0000
2026-01-20 01:00;0,0000
2026-01-20 02:00;0,0000
2026-01-20 03:00;0,0000
2026-01-20 04:00;0,0000
2026-01-20 05:00;0,0000
2026-01-20 06:00;0,0000
2026-01-20 07:00;0,0000
2026-01-20 08:00;0,1500
2026-01-20 09:00;0,1955
2026-01-20 10:00;0,3267
2026-01-20 11:00;0,4245
2026-01-20 12:00;0,4639
2026-01-20 13:00;0,4379
2026-01-20 14:00;0,3952
2026-01-20 15:00;0,3154
2026-01-20 16:00;0,1546
2026-01-20 17:00;0,1500
2026-01-20 18:00;0,1500
2026-01-20 19:00;0,0000
2026-01-20 20:00;0,0000
2026-01-20 21:00;0,0000
2026-01-20 22:00;0,0000
2026-01-20 23:00;0,0000
2026-01-21 00:00;0,0000
2026-01-21 01:00;0,0000
2026-01-21 02:00;0,0000
2026-01-21 03:00;0,0000
2026-01-21 04:00;0,0000
2026-01-21 05:00;0,0000
2026-01-21 06:00;0,0000
2026-01-21 07:00;0,0000
2026-01-21 08:00;0,1500
2026-01-21 09:00;0,1500
2026-01-21 10:00;0,1500
2026-01-21 11:00;0,2464
2026-01-21 12:00;0,3598
2026-01-21 13:00;0,4263
2026-01-21 14:00;0,4094
2026-01-21 15:00;0,4074
2026-01-21 16:00;0,3337
2026-01-21 17:00;0,1635
2026-01-21 18:00;0,1500
2026-01-21 19:00;0,0000
2026-01-21 20:00;0,0000
2026-01-21 21:00;0,0000
2026-01-21 22:00;0,0000
2026-01-21 23:00;0,0000
2026-01-22 00:00;0,0000
2026-01-22 01:00;0,0000
2026-01-22 02:00;0,0000
2026-01-22 03:00;0,0000
2026-01-22 04:00;0,0000
2026-01-22 05:00;0,0000
2026-01-22 06:00;0,0000
2026-01-22 07:00;0,0000
2026-01-22 08:00;0,1500
2026-01-22 09:00;0,1500
2026-01-22 10:00;0,1500
2026-01-22 11:00;0,2884
2026-01-22 12:00;0,4156
2026-01-22 13:00;0,4455
2026-01-22 14:00;0,5056
2026-01-22 15:00;0,4734
2026-01-22 16:00;0,3576
2026-01-22 17:00;0,2036
2026-01-22 18:00;0,1500
2026-01-22 19:00;0,0000
2026-01-22 20:00;0,0000
2026-01-22 21:00;0,0000
2026-01-22 22:00;0,0000
2026-01-22 23:00;0,0000
2026-01-23 00:00;0,0000
2026-01-23 01:00;0,0000
2026-01-23 02:00;0,0000
2026-01-23 03:00;0,0000
2026-01-23 04:00;0,0000
2026-01-23 05:00;0,0000
2026-01-23 06:00;0,0000
2026-01-23 07:00;0,0000
2026-01-23 08:00;0,1500
2026-01-23 09:00;0,1500
2026-01-23 10:00;0,1602
2026-01-23 11:00;0,3556
2026-01-23 12:00;0,4723
2026-01-23 13:00;0,4394
2026-01-23 14:00;0,4321
2026-01-23 15:00;0,3182
2026-01-23 16:00;0,2811
2026-01-23 17:00;0,1770
2026-01-23 18:00;0,1500
2026-01-23 19:00;0,0000
2026-01-23 20:00;0,0000
2026-01-23 21:00;0,0000
2026-01-23 22:00;0,0000
2026-01-23 23:00;0,0000
2026-01-24 00:00;0,0000
2026-01-24 01:00;0,0000
2026-01-24 02:00;0,0000
2026-01-24 03:00;0,0000
2026-01-24 04:00;0,0000
2026-01-24 05:00;0,0000
2026-01-24 06:00;0,0000
2026-01-24 07:00;0,0000
2026-01-24 08:00;0,1500
2026-01-24 09:00;0,1500
2026-01-24 10:00;0,3002
2026-01-24 11:00;0,4243
2026-01-24 12:00;0,5168
2026-01-24 13:00;0,5162
2026-01-24 14:00;0,4140
2026-01-24 15:00;0,2695
2026-01-24 16:00;0,1500
2026-01-24 17:00;0,1500
2026-01-24 18:00;0,1500
2026-01-24 19:00;0,0000
2026-01-24 20:00;0,0000
2026-01-24 21:00;0,0000
2026-01-24 22:00;0,0000
2026-01-24 23:00;0,0000
2026-01-25 00:00;0,0000
2026-01-25 01:00;0,0000
2026-01-25 02:00;0,0000
2026-01-25 03:00;0,0000
2026-01-25 04:00;0,0000
2026-01-25 05:00;0,0000
2026-01-25 06:00;0,0000
2026-01-25 07:00;0,0000
2026-01-25 08:00;0,1500
2026-01-25 09:00;0,1500
2026-01-25 10:00;0,1500
2026-01-25 11:00;0,2356
2026-01-25 12:00;0,3282
2026-01-25 13:00;0,3629
2026-01-25 14:00;0,3936
2026-01-25 15:00;0,3703
2026-01-25 16:00;0,2489
2026-01-25 17:00;0,1500
2026-01-25 18:00;0,1500
2026-01-25 19:00;0,0000
2026-01-25 20:00;0,0000
2026-01-25 21:00;0,0000
2026-01-25 22:00;0,0000
2026-01-25 23:00;0,0000
2026-01-26 00:00;0,0000
2026-01-26 01:00;0,0000
2026-01-26 02:00;0,0000
2026-01-26 03:00;0,0000
2026-01-26 04:00;0,0000
2026-01-26 05:00;0,0000
2026-01-26 06:00;0,0000
2026-01-26 07:00;0,0000
2026-01-26 08:00;0,1500
2026-01-26 09:00;0,1748
2026-01-26 10:00;0,3459
2026-01-26 11:00;0,4872
2026-01-26 12:00;0,5257
2026-01-26 13:00;0,5007
2026-01-26 14:00;0,4527
2026-01-26 15:00;0,3229
2026-01-26 16:00;0,1623
2026-01-26 17:00;0,1500
2026-01-26 18:00;0,1500
2026-01-26 19:00;0,0000
2026-01-26 20:00;0,0000
2026-01-26 21:00;0,0000
2026-01-26 22:00;0,0000
2026-01-26 23:00;0,0000
2026-01-27 00:00;0,0000
2026-01-27 01:00;0,0000
2026-01-27 02:00;0,0000
2026-01-27 03:00;0,0000
2026-01-27 04:00;0,0000
2026-01-27 05:00;0,0000
2026-01-27 06:00;0,0000
2026-01-27 07:00;0,0000
2026-01-27 08:00;0,1500
2026-01-27 09:00;0,1500
2026-01-27 10:00;0,1500
2026-01-27 11:00;0,2646
2026-01-27 12:00;0,3728
2026-01-27 13:00;0,4115
2026-01-27 14:00;0,3704
2026-01-27 15:00;0,2830
2026-01-27 16:00;0,2795
2026-01-27 17:00;0,2012
2026-01-27 18:00;0,1500
2026-01-27 19:00;0,0000
2026-01-27 20:00;0,0000
2026-01-27 21:00;0,0000
2026-01-27 22:00;0,0000
2026-01-27 23:00;0,0000
2026-01-28 00:00;0,0000
2026-01-28 01:00;0,0000
2026-01-28 02:00;0,0000
2026-01-28 03:00;0,0000
2026-01-28 04:00;0,0000
2026-01-28 05:00;0,0000
2026-01-28 06:00;0,0000
2026-01-28 07:00;0,0000
2026-01-28 08:00;0,1500
2026-01-28 09:00;0,1500
2026-01-28 10:00;0,1500
2026-01-28 11:00;0,2597
2026-01-28 12:00;0,3889
2026-01-28 13:00;0,4548
2026-01-28 14:00;0,4336
2026-01-28 15:00;0,3550
2026-01-28 16:00;0,2805
2026-01-28 17:00;0,1691
2026-01-28 18:00;0,1500
2026-01-28 19:00;0,0000
2026-01-28 20:00;0,0000
2026-01-28 21:00;0,0000
2026-01-28 22:00;0,0000
2026-01-28 23:00;0,0000
2026-01-29 00:00;0,0000
2026-01-29 01:00;0,0000
2026-01-29 02:00;0,0000
2026-01-29 03:00;0,0000
2026-01-29 04:00;0,0000
2026-01-29 05:00;0,0000
2026-01-29 06:00;0,0000
2026-01-29 07:00;0,0000
2026-01-29 08:00;0,1500
2026-01-29 09:00;0,1500
2026-01-29 10:00;0,1500
2026-01-29 11:00;0,2767
2026-01-29 12:00;0,3995
2026-01-29 13:00;0,4525
2026-01-29 14:00;0,4590
2026-01-29 15:00;0,3917
2026-01-29 16:00;0,2604
2026-01-29 17:00;0,1679
2026-01-29 18:00;0,1500
2026-01-29 19:00;0,0000
2026-01-29 20:00;0,0000
2026-01-29 21:00;0,0000
2026-01-29 22:00;0,0000
2026-01-29 23:00;0,0000
2026-01-30 00:00;0,0000
2026-01-30 01:00;0,0000
2026-01-30 02:00;0,0000
2026-01-30 03:00;0,0000
2026-01-30 04:00;0,0000
2026-01-30 05:00;0,0000
2026-01-30 06:00;0,0000
2026-01-30 07:00;0,0000
2026-01-30 08:00;0,1500
2026-01-30 09:00;0,1500
2026-01-30 10:00;0,1500
2026-01-30 11:00;0,3005
2026-01-30 12:00;0,4528
2026-01-30 13:00;0,5291
2026-01-30 14:00;0,4764
2026-01-30 15:00;0,3778
2026-01-30 16:00;0,2595
2026-01-30 17:00;0,1500
2026-01-30 18:00;0,1500
2026-01-30 19:00;0,0000
2026-01-30 20:00;0,0000
2026-01-30 21:00;0,0000
2026-01-30 22:00;0,0000
2026-01-30 23:00;0,0000
2026-01-31 00:00;0,0000
2026-01-31 01:00;0,0000
2026-01-31 02:00;0,0000
2026-01-31 03:00;0,0000
2026-01-31 04:00;0,0000
2026-01-31 05:00;0,0000
2026-01-31 06:00;0,0000
2026-01-31 07:00;0,0000
2026-01-31 08:00;0,1500
2026-01-31 09:00;0,1500
2026-01-31 10:00;0,1500
2026-01-31 11:00;0,2855
2026-01-31 12:00;0,4440
2026-01-31 13:00;0,5439
2026-01-31 14:00;0,5553
2026-01-31 15:00;0,4311
2026-01-31 16:00;0,3144
2026-01-31 17:00;0,1811
2026-01-31 18:00;0,1500
2026-01-31 19:00;0,0000
2026-01-31 20:00;0,0000
2026-01-31 21:00;0,0000
2026-01-31 22:00;0,0000
2026-01-31 23:00;0,0000
2026-02-01 00:00;0,0000
2026-02-01 01:00;0,0000
2026-02-01 02:00;0,0000
2026-02-01 03:00;0,0000
2026-02-01 04:00;0,0000
2026-02-01 05:00;0,0000
2026-02-01 06:00;0,0000
2026-02-01 07:00;0,0000
2026-02-01 08:00;0,1500
2026-02-01 09:00;0,1500
2026-02-01 10:00;0,1874
2026-02-01 11:00;0,3224
2026-02-01 12:00;0,4720
2026-02-01 13:00;0,6022
2026-02-01 14:00;0,5458
2026-02-01 15:00;0,4771
2026-02-01 16:00;0,4089
2026-02-01 17:00;0,2501
2026-02-01 18:00;0,1500
2026-02-01 19:00;0,1500
2026-02-01 20:00;0,1500
2026-02-01 21:00;0,1500
2026-02-01 22:00;0,0000
2026-02-01 23:00;0,0000
2026-02-02 00:00;0,0000
2026-02-02 01:00;0,0000
2026-02-02 02:00;0,0000
2026-02-02 03:00;0,0000
2026-02-02 04:00;0,0000
2026-02-02 05:00;0,0000
2026-02-02 06:00;0,0000
2026-02-02 07:00;0,0000
2026-02-02 08:00;0,1500
2026-02-02 09:00;0,1500
2026-02-02 10:00;0,1500
2026-02-02 11:00;0,2086
2026-02-02 12:00;0,3583
2026-02-02 13:00;0,7222
2026-02-02 14:00;0,7456
2026-02-02 15:00;0,6570
2026-02-02 16:00;0,5089
2026-02-02 17:00;0,3519
2026-02-02 18:00;0,1625
2026-02-02 19:00;0,1500
2026-02-02 20:00;0,1500
2026-02-02 21:00;0,1500
2026-02-02 22:00;0,0000
2026-02-02 23:00;0,0000
2026-02-03 00:00;0,0000
2026-02-03 01:00;0,0000
2026-02-03 02:00;0,0000
2026-02-03 03:00;0,0000
2026-02-03 04:00;0,0000
2026-02-03 05:00;0,0000
2026-02-03 06:00;0,0000
2026-02-03 07:00;0,0000
2026-02-03 08:00;0,1500
2026-02-03 09:00;0,1500
2026-02-03 10:00;0,2357
2026-02-03 11:00;0,3757
2026-02-03 12:00;0,5209
2026-02-03 13:00;0,5350
2026-02-03 14:00;0,5204
2026-02-03 15:00;0,5310
2026-02-03 16:00;0,3715
2026-02-03 17:00;0,2635
2026-02-03 18:00;0,1500
2026-02-03 19:00;0,1500
2026-02-03 20:00;0,1500
2026-02-03 21:00;0,1500
2026-02-03 22:00;0,0000
2026-02-03 23:00;0,0000
2026-02-04 00:00;0,0000
2026-02-04 01:00;0,0000
2026-02-04 02:00;0,0000
2026-02-04 03:00;0,0000
2026-02-04 04:00;0,0000
2026-02-04 05:00;0,0000
2026-02-04 06:00;0,0000
2026-02-04 07:00;0,0000
2026-02-04 08:00;0,1500
2026-02-04 09:00;0,1500
2026-02-04 10:00;0,1702
2026-02-04 11:00;0,4056
2026-02-04 12:00;0,4828
2026-02-04 13:00;0,5285
2026-02-04 14:00;0,5090
2026-02-04 15:00;0,5726
2026-02-04 16:00;0,4600
2026-02-04 17:00;0,1929
2026-02-04 18:00;0,1500
2026-02-04 19:00;0,1500
2026-02-04 20:00;0,1500
2026-02-04 21:00;0,1500
2026-02-04 22:00;0,0000
2026-02-04 23:00;0,0000
2026-02-05 00:00;0,0000
2026-02-05 01:00;0,0000
2026-02-05 02:00;0,0000
2026-02-05 03:00;0,0000
2026-02-05 04:00;0,0000
2026-02-05 05:00;0,0000
2026-02-05 06:00;0,0000
2026-02-05 07:00;0,0000
2026-02-05 08:00;0,1500
2026-02-05 09:00;0,1500
2026-02-05 10:00;0,2419
2026-02-05 11:00;0,3916
2026-02-05 12:00;0,5346
2026-02-05 13:00;0,5651
2026-02-05 14:00;0,5864
2026-02-05 15:00;0,4856
2026-02-05 16:00;0,4194
2026-02-05 17:00;0,2491
2026-02-05 18:00;0,1500
2026-02-05 19:00;0,1500
2026-02-05 20:00;0,1500
2026-02-05 21:00;0,1500
2026-02-05 22:00;0,0000
2026-02-05 23:00;0,0000
2026-02-06 00:00;0,0000
2026-02-06 01:00;0,0000
2026-02-06 02:00;0,0000
2026-02-06 03:00;0,0000
2026-02-06 04:00;0,0000
2026-02-06 05:00;0,0000
2026-02-06 06:00;0,0000
2026-02-06 07:00;0,0000
2026-02-06 08:00;0,1500
2026-02-06 09:00;0,1500
2026-02-06 10:00;0,2217
2026-02-06 11:00;0,3516
2026-02-06 12:00;0,5385
2026-02-06 13:00;0,5232
2026-02-06 14:00;0,6147
2026-02-06 15:00;0,4988
2026-02-06 16:00;0,4085
2026-02-06 17:00;0,2645
2026-02-06 18:00;0,1500
2026-02-06 19:00;0,1500
2026-02-06 20:00;0,1500
2026-02-06 21:00;0,1500
2026-02-06 22:00;0,0000
2026-02-06 23:00;0,0000
2026-02-07 00:00;0,0000
2026-02-07 01:00;0,0000
2026-02-07 02:00;0,0000
2026-02-07 03:00;0,0000
2026-02-07 04:00;0,0000
2026-02-07 05:00;0,0000
2026-02-07 06:00;0,0000
2026-02-07 07:00;0,0000
2026-02-07 08:00;0,1500
2026-02-07 09:00;0,1500
2026-02-07 10:00;0,1668
2026-02-07 11:00;0,3054
2026-02-07 12:00;0,3361
2026-02-07 13:00;0,3519
2026-02-07 14:00;0,4128
2026-02-07 15:00;0,3853
2026-02-07 16:00;0,3880
2026-02-07 17:00;0,2578
2026-02-07 18:00;0,1808
2026-02-07 19:00;0,1500
2026-02-07 20:00;0,1500
2026-02-07 21:00;0,1500
2026-02-07 22:00;0,0000
2026-02-07 23:00;0,0000
2026-02-08 00:00;0,0000
2026-02-08 01:00;0,0000
2026-02-08 02:00;0,0000
2026-02-08 03:00;0,0000
2026-02-08 04:00;0,0000
2026-02-08 05:00;0,0000
2026-02-08 06:00;0,0000
2026-02-08 07:00;0,0000
2026-02-08 08:00;0,1500
2026-02-08 09:00;0,1500
2026-02-08 10:00;0,2048
2026-02-08 11:00;0,3628
2026-02-08 12:00;0,4499
2026-02-08 13:00;0,5822
2026-02-08 14:00;0,5025
2026-02-08 15:00;0,5311
2026-02-08 16:00;0,4627
2026-02-08 17:00;0,3364
2026-02-08 18:00;0,1862
2026-02-08 19:00;0,1500
2026-02-08 20:00;0,1500
2026-02-08 21:00;0,1500
2026-02-08 22:00;0,0000
2026-02-08 23:00;0,0000
2026-02-09 00:00;0,0000
2026-02-09 01:00;0,0000
2026-02-09 02:00;0,0000
2026-02-09 03:00;0,0000
2026-02-09 04:00;0,0000
2026-02-09 05:00;0,0000
2026-02-09 06:00;0,0000
2026-02-09 07:00;0,0000
2026-02-09 08:00;0,1500
2026-02-09 09:00;0,2637
2026-02-09 10:00;0,3925
2026-02-09 11:00;0,5077
2026-02-09 12:00;0,5273
2026-02-09 13:00;0,5312
2026-02-09 14:00;0,4225
2026-02-09 15:00;0,3450
2026-02-09 16:00;0,2232
2026-02-09 17:00;0,1500
2026-02-09 18:00;0,1500
2026-02-09 19:00;0,1500
2026-02-09 20:00;0,1500
2026-02-09 21:00;0,1500
2026-02-09 22:00;0,0000
2026-02-09 23:00;0,0000
2026-02-10 00:00;0,0000
2026-02-10 01:00;0,0000
2026-02-10 02:00;0,0000
2026-02-10 03:00;0,0000
2026-02-10 04:00;0,0000
2026-02-10 05:00;0,0000
2026-02-10 06:00;0,0000
2026-02-10 07:00;0,0000
2026-02-10 08:00;0,1500
2026-02-10 09:00;0,1500
2026-02-10 10:00;0,2300
2026-02-10 11:00;0,3952
2026-02-10 12:00;0,5425
2026-02-10 13:00;0,5756
2026-02-10 14:00;0,5434
2026-02-10 15:00;0,4912
2026-02-10 16:00;0,4354
2026-02-10 17:00;0,2762
2026-02-10 18:00;0,1500
2026-02-10 19:00;0,1500
2026-02-10 20:00;0,1500
2026-02-10 21:00;0,1500
2026-02-10 22:00;0,0000
2026-02-10 23:00;0,0000
2026-02-11 00:00;0,0000
2026-02-11 01:00;0,0000
2026-02-11 02:00;0,0000
2026-02-11 03:00;0,0000
2026-02-11 04:00;0,0000
2026-02-11 05:00;0,0000
2026-02-11 06:00;0,0000
2026-02-11 07:00;0,0000
2026-02-11 08:00;0,1500
2026-02-11 09:00;0,1500
2026-02-11 10:00;0,2121
2026-02-11 11:00;0,4080
2026-02-11 12:00;0,5249
2026-02-11 13:00;0,5605
2026-02-11 14:00;0,5427
2026-02-11 15:00;0,4967
2026-02-11 16:00;0,4033
2026-02-11 17:00;0,2728
2026-02-11 18:00;0,1500
2026-02-11 19:00;0,1500
2026-02-11 20:00;0,1500
2026-02-11 21:00;0,1500
2026-02-11 22:00;0,0000
2026-02-11 23:00;0,0000
2026-02-12 00:00;0,0000
2026-02-12 01:00;0,0000
2026-02-12 02:00;0,0000
2026-02-12 03:00;0,0000
2026-02-12 04:00;0,0000
2026-02-12 05:00;0,0000
2026-02-12 06:00;0,0000
2026-02-12 07:00;0,0000
2026-02-12 08:00;0,1500
2026-02-12 09:00;0,1500
2026-02-12 10:00;0,2398
2026-02-12 11:00;0,4008
2026-02-12 12:00;0,5281
2026-02-12 13:00;0,6326
2026-02-12 14:00;0,5500
2026-02-12 15:00;0,4625
2026-02-12 16:00;0,4817
2026-02-12 17:00;0,2967
2026-02-12 18:00;0,1500
2026-02-12 19:00;0,1500
2026-02-12 20:00;0,1500
2026-02-12 21:00;0,1500
2026-02-12 22:00;0,0000
2026-02-12 23:00;0,0000
2026-02-13 00:00;0,0000
2026-02-13 01:00;0,0000
2026-02-13 02:00;0,0000
2026-02-13 03:00;0,0000
2026-02-13 04:00;0,0000
2026-02-13 05:00;0,0000
2026-02-13 06:00;0,0000
2026-02-13 07:00;0,0000
2026-02-13 08:00;0,1500
2026-02-13 09:00;0,2495
2026-02-13 10:00;0,4290
2026-02-13 11:00;0,5273
2026-02-13 12:00;0,6458
2026-02-13 13:00;0,6898
2026-02-13 14:00;0,6035
2026-02-13 15:00;0,4393
2026-02-13 16:00;0,2540
2026-02-13 17:00;0,1500
2026-02-13 18:00;0,1500
2026-02-13 19:00;0,1500
2026-02-13 20:00;0,1500
2026-02-13 21:00;0,1500
2026-02-13 22:00;0,0000
2026-02-13 23:00;0,0000
2026-02-14 00:00;0,0000
2026-02-14 01:00;0,0000
2026-02-14 02:00;0,0000
2026-02-14 03:00;0,0000
2026-02-14 04:00;0,0000
2026-02-14 05:00;0,0000
2026-02-14 06:00;0,0000
2026-02-14 07:00;0,0000
2026-02-14 08:00;0,1500
2026-02-14 09:00;0,1500
2026-02-14 10:00;0,2135
2026-02-14 11:00;0,4239
2026-02-14 12:00;0,5444
2026-02-14 13:00;0,5152
2026-02-14 14:00;0,4919
2026-02-14 15:00;0,4958
2026-02-14 16:00;0,4858
2026-02-14 17:00;0,3373
2026-02-14 18:00;0,1672
2026-02-14 19:00;0,1500
2026-02-14 20:00;0,1500
2026-02-14 21:00;0,1500
2026-02-14 22:00;0,0000
2026-02-14 23:00;0,0000
2026-02-15 00:00;0,0000
2026-02-15 01:00;0,0000
2026-02-15 02:00;0,0000
2026-02-15 03:00;0,0000
2026-02-15 04:00;0,0000
2026-02-15 05:00;0,0000
2026-02-15 06:00;0,0000
2026-02-15 07:00;0,0000
2026-02-15 08:00;0,1500
2026-02-15 09:00;0,1500
2026-02-15 10:00;0,1552
2026-02-15 11:00;0,2388
2026-02-15 12:00;0,4339
2026-02-15 13:00;0,5848
2026-02-15 14:00;0,7342
2026-02-15 15:00;0,5669
2026-02-15 16:00;0,4411
2026-02-15 17:00;0,3247
2026-02-15 18:00;0,1576
2026-02-15 19:00;0,1500
2026-02-15 20:00;0,1500
2026-02-15 21:00;0,1500
2026-02-15 22:00;0,0000
2026-02-15 23:00;0,0000
2026-02-16 00:00;0,0000
2026-02-16 01:00;0,0000
2026-02-16 02:00;0,0000
2026-02-16 03:00;0,0000
2026-02-16 04:00;0,0000
2026-02-16 05:00;0,0000
2026-02-16 06:00;0,0000
2026-02-16 07:00;0,0000
2026-02-16 08:00;0,1500
2026-02-16 09:00;0,1500
2026-02-16 10:00;0,2635
2026-02-16 11:00;0,4598
2026-02-16 12:00;0,5808
2026-02-16 13:00;0,5375
2026-02-16 14:00;0,5913
2026-02-16 15:00;0,5124
2026-02-16 16:00;0,4420
2026-02-16 17:00;0,3054
2026-02-16 18:00;0,1500
2026-02-16 19:00;0,1500
2026-02-16 20:00;0,1500
2026-02-16 21:00;0,1500
2026-02-16 22:00;0,0000
2026-02-16 23:00;0,0000
2026-02-17 00:00;0,0000
2026-02-17 01:00;0,0000
2026-02-17 02:00;0,0000
2026-02-17 03:00;0,0000
2026-02-17 04:00;0,0000
2026-02-17 05:00;0,0000
2026-02-17 06:00;0,0000
2026-02-17 07:00;0,0000
2026-02-17 08:00;0,1500
2026-02-17 09:00;0,2415
2026-02-17 10:00;0,4401
2026-02-17 11:00;0,5533
2026-02-17 12:00;0,5646
2026-02-17 13:00;0,5220
2026-02-17 14:00;0,4440
2026-02-17 15:00;0,3783
2026-02-17 16:00;0,2478
2026-02-17 17:00;0,1500
2026-02-17 18:00;0,1500
2026-02-17 19:00;0,1500
2026-02-17 20:00;0,1500
2026-02-17 21:00;0,1500
2026-02-17 22:00;0,0000
2026-02-17 23:00;0,0000
2026-02-18 00:00;0,0000
2026-02-18 01:00;0,0000
2026-02-18 02:00;0,0000
2026-02-18 03:00;0,0000
2026-02-18 04:00;0,0000
2026-02-18 05:00;0,0000
2026-02-18 06:00;0,0000
2026-02-18 07:00;0,0000
2026-02-18 08:00;0,1500
2026-02-18 09:00;0,1500
2026-02-18 10:00;0,1633
2026-02-18 11:00;0,3072
2026-02-18 12:00;0,3751
2026-02-18 13:00;0,4065
2026-02-18 14:00;0,4124
2026-02-18 15:00;0,3868
2026-02-18 16:00;0,4063
2026-02-18 17:00;0,3230
2026-02-18 18:00;0,1500
2026-02-18 19:00;0,1500
2026-02-18 20:00;0,1500
2026-02-18 21:00;0,1500
2026-02-18 22:00;0,0000
2026-02-18 23:00;0,0000
2026-02-19 00:00;0,0000
2026-02-19 01:00;0,0000
2026-02-19 02:00;0,0000
2026-02-19 03:00;0,0000
2026-02-19 04:00;0,0000
2026-02-19 05:00;0,0000
2026-02-19 06:00;0,0000
2026-02-19 07:00;0,0000
2026-02-19 08:00;0,1500
2026-02-19 09:00;0,1500
2026-02-19 10:00;0,2193
2026-02-19 11:00;0,3591
2026-02-19 12:00;0,4959
2026-02-19 13:00;0,6329
2026-02-19 14:00;0,7043
2026-02-19 15:00;0,5861
2026-02-19 16:00;0,4898
2026-02-19 17:00;0,3247
2026-02-19 18:00;0,1500
2026-02-19 19:00;0,1500
2026-02-19 20:00;0,1500
2026-02-19 21:00;0,1500
2026-02-19 22:00;0,0000
2026-02-19 23:00;0,0000
2026-02-20 00:00;0,0000
2026-02-20 01:00;0,0000
2026-02-20 02:00;0,0000
2026-02-20 03:00;0,0000
2026-02-20 04:00;0,0000
2026-02-20 05:00;0,0000
2026-02-20 06:00;0,0000
2026-02-20 07:00;0,0000
2026-02-20 08:00;0,1500
2026-02-20 09:00;0,3121
2026-02-20 10:00;0,4502
2026-02-20 11:00;0,5674
2026-02-20 12:00;0,6160
2026-02-20 13:00;0,5764
2026-02-20 14:00;0,4777
2026-02-20 15:00;0,3941
2026-02-20 16:00;0,2656
2026-02-20 17:00;0,1500
2026-02-20 18:00;0,1500
2026-02-20 19:00;0,1500
2026-02-20 20:00;0,1500
2026-02-20 21:00;0,1500
2026-02-20 22:00;0,0000
2026-02-20 23:00;0,0000
2026-02-21 00:00;0,0000
2026-02-21 01:00;0,0000
2026-02-21 02:00;0,0000
2026-02-21 03:00;0,0000
2026-02-21 04:00;0,0000
2026-02-21 05:00;0,0000
2026-02-21 06:00;0,0000
2026-02-21 07:00;0,0000
2026-02-21 08:00;0,1500
2026-02-21 09:00;0,1500
2026-02-21 10:00;0,2301
2026-02-21 11:00;0,3662
2026-02-21 12:00;0,4968
2026-02-21 13:00;0,5528
2026-02-21 14:00;0,5451
2026-02-21 15:00;0,5184
2026-02-21 16:00;0,4534
2026-02-21 17:00;0,2739
2026-02-21 18:00;0,1500
2026-02-21 19:00;0,1500
2026-02-21 20:00;0,1500
2026-02-21 21:00;0,1500
2026-02-21 22:00;0,0000
2026-02-21 23:00;0,0000
2026-02-22 00:00;0,0000
2026-02-22 01:00;0,0000
2026-02-22 02:00;0,0000
2026-02-22 03:00;0,0000
2026-02-22 04:00;0,0000
2026-02-22 05:00;0,0000
2026-02-22 06:00;0,0000
2026-02-22 07:00;0,0000
2026-02-22 08:00;0,1500
2026-02-22 09:00;0,1500
2026-02-22 10:00;0,2299
2026-02-22 11:00;0,3406
2026-02-22 12:00;0,5173
2026-02-22 13:00;0,5422
2026-02-22 14:00;0,5472
2026-02-22 15:00;0,4565
2026-02-22 16:00;0,4406
2026-02-22 17:00;0,2943
2026-02-22 18:00;0,1500
2026-02-22 19:00;0,1500
2026-02-22 20:00;0,1500
2026-02-22 21:00;0,1500
2026-02-22 22:00;0,0000
2026-02-22 23:00;0,0000
2026-02-23 00:00;0,0000
2026-02-23 01:00;0,0000
2026-02-23 02:00;0,0000
2026-02-23 03:00;0,0000
2026-02-23 04:00;0,0000
2026-02-23 05:00;0,0000
2026-02-23 06:00;0,0000
2026-02-23 07:00;0,0000
2026-02-23 08:00;0,1500
2026-02-23 09:00;0,2090
2026-02-23 10:00;0,3763
2026-02-23 11:00;0,4935
2026-02-23 12:00;0,5081
2026-02-23 13:00;0,4972
2026-02-23 14:00;0,4971
2026-02-23 15:00;0,3602
2026-02-23 16:00;0,2307
2026-02-23 17:00;0,1500
2026-02-23 18:00;0,1500
2026-02-23 19:00;0,1500
2026-02-23 20:00;0,1500
2026-02-23 21:00;0,1500
2026-02-23 22:00;0,0000
2026-02-23 23:00;0,0000
2026-02-24 00:00;0,0000
2026-02-24 01:00;0,0000
2026-02-24 02:00;0,0000
2026-02-24 03:00;0,0000
2026-02-24 04:00;0,0000
2026-02-24 05:00;0,0000
2026-02-24 06:00;0,0000
2026-02-24 07:00;0,0000
2026-02-24 08:00;0,1500
2026-02-24 09:00;0,2193
2026-02-24 10:00;0,4179
2026-02-24 11:00;0,5105
2026-02-24 12:00;0,5618
2026-02-24 13:00;0,5918
2026-02-24 14:00;0,4684
2026-02-24 15:00;0,3691
2026-02-24 16:00;0,2419
2026-02-24 17:00;0,1500
2026-02-24 18:00;0,1500
2026-02-24 19:00;0,1500
2026-02-24 20:00;0,1500
2026-02-24 21:00;0,1500
2026-02-24 22:00;0,0000
2026-02-24 23:00;0,0000
2026-02-25 00:00;0,0000
2026-02-25 01:00;0,0000
2026-02-25 02:00;0,0000
2026-02-25 03:00;0,0000
2026-02-25 04:00;0,0000
2026-02-25 05:00;0,0000
2026-02-25 06:00;0,0000
2026-02-25 07:00;0,0000
2026-02-25 08:00;0,1500
2026-02-25 09:00;0,1500
2026-02-25 10:00;0,2166
2026-02-25 11:00;0,3463
2026-02-25 12:00;0,5321
2026-02-25 13:00;0,5730
2026-02-25 14:00;0,5564
2026-02-25 15:00;0,5177
2026-02-25 16:00;0,4007
2026-02-25 17:00;0,2549
2026-02-25 18:00;0,1500
2026-02-25 19:00;0,1500
2026-02-25 20:00;0,1500
2026-02-25 21:00;0,1500
2026-02-25 22:00;0,0000
2026-02-25 23:00;0,0000
2026-02-26 00:00;0,0000
2026-02-26 01:00;0,0000
2026-02-26 02:00;0,0000
2026-02-26 03:00;0,0000
2026-02-26 04:00;0,0000
2026-02-26 05:00;0,0000
2026-02-26 06:00;0,0000
2026-02-26 07:00;0,0000
2026-02-26 08:00;0,1500
2026-02-26 09:00;0,1500
2026-02-26 10:00;0,2632
2026-02-26 11:00;0,4227
2026-02-26 12:00;0,5269
2026-02-26 13:00;0,6813
2026-02-26 14:00;0,7194
2026-02-26 15:00;0,6725
2026-02-26 16:00;0,4316
2026-02-26 17:00;0,2032
2026-02-26 18:00;0,1500
2026-02-26 19:00;0,1500
2026-02-26 20:00;0,1500
2026-02-26 21:00;0,1500
2026-02-26 22:00;0,0000
2026-02-26 23:00;0,0000
2026-02-27 00:00;0,0000
2026-02-27 01:00;0,0000
2026-02-27 02:00;0,0000
2026-02-27 03:00;0,0000
2026-02-27 04:00;0,0000
2026-02-27 05:00;0,0000
2026-02-27 06:00;0,0000
2026-02-27 07:00;0,0000
2026-02-27 08:00;0,1500
2026-02-27 09:00;0,1500
2026-02-27 10:00;0,1945
2026-02-27 11:00;0,3568
2026-02-27 12:00;0,4515
2026-02-27 13:00;0,5102
2026-02-27 14:00;0,5453
2026-02-27 15:00;0,5192
2026-02-27 16:00;0,4331
2026-02-27 17:00;0,2735
2026-02-27 18:00;0,1500
2026-02-27 19:00;0,1500
2026-02-27 20:00;0,1500
2026-02-27 21:00;0,1500
2026-02-27 22:00;0,0000
2026-02-27 23:00;0,0000
2026-02-28 00:00;0,0000
2026-02-28 01:00;0,0000
2026-02-28 02:00;0,0000
2026-02-28 03:00;0,0000
2026-02-28 04:00;0,0000
2026-02-28 05:00;0,0000
2026-02-28 06:00;0,0000
2026-02-28 07:00;0,0000
2026-02-28 08:00;0,1500
2026-02-28 09:00;0,1500
2026-02-28 10:00;0,2367
2026-02-28 11:00;0,3324
2026-02-28 12:00;0,4508
2026-02-28 13:00;0,5309
2026-02-28 14:00;0,6732
2026-02-28 15:00;0,5404
2026-02-28 16:00;0,4038
2026-02-28 17:00;0,1771
2026-02-28 18:00;0,1500
2026-02-28 19:00;0,1500
2026-02-28 20:00;0,1500
2026-02-28 21:00;0,1500
2026-02-28 22:00;0,0000
2026-02-28 23:00;0,0000
2026-03-01 00:00;0,0000
2026-03-01 01:00;0,0000
2026-03-01 02:00;0,0000
2026-03-01 03:00;0,0000
2026-03-01 04:00;0,0000
2026-03-01 05:00;0,0000
2026-03-01 06:00;0,0000
2026-03-01 07:00;0,1500
2026-03-01 08:00;0,3058
2026-03-01 09:00;0,5349
2026-03-01 10:00;0,6109
2026-03-01 11:00;0,6228
2026-03-01 12:00;0,5867
2026-03-01 13:00;0,5288
2026-03-01 14:00;0,5316
2026-03-01 15:00;0,4605
2026-03-01 16:00;0,3276
2026-03-01 17:00;0,1716
2026-03-01 18:00;0,1500
2026-03-01 19:00;0,1500
2026-03-01 20:00;0,1500
2026-03-01 21:00;0,0000
2026-03-01 22:00;0,0000
2026-03-01 23:00;0,0000
2026-03-02 00:00;0,0000
2026-03-02 01:00;0,0000
2026-03-02 02:00;0,0000
2026-03-02 03:00;0,0000
2026-03-02 04:00;0,0000
2026-03-02 05:00;0,0000
2026-03-02 06:00;0,0000
2026-03-02 07:00;0,1500
2026-03-02 08:00;0,1500
2026-03-02 09:00;0,1559
2026-03-02 10:00;0,3509
2026-03-02 11:00;0,5636
2026-03-02 12:00;0,6355
2026-03-02 13:00;0,7070
2026-03-02 14:00;0,6334
2026-03-02 15:00;0,5954
2026-03-02 16:00;0,4440
2026-03-02 17:00;0,3181
2026-03-02 18:00;0,1620
2026-03-02 19:00;0,1500
2026-03-02 20:00;0,1500
2026-03-02 21:00;0,0000
2026-03-02 22:00;0,0000
2026-03-02 23:00;0,0000
2026-03-03 00:00;0,0000
2026-03-03 01:00;0,0000
2026-03-03 02:00;0,0000
2026-03-03 03:00;0,0000
2026-03-03 04:00;0,0000
2026-03-03 05:00;0,0000
2026-03-03 06:00;0,0000
2026-03-03 07:00;0,1500
2026-03-03 08:00;0,1500
2026-03-03 09:00;0,2239
2026-03-03 10:00;0,3360
2026-03-03 11:00;0,5180
2026-03-03 12:00;0,6449
2026-03-03 13:00;0,5940
2026-03-03 14:00;0,6053
2026-03-03 15:00;0,4753
2026-03-03 16:00;0,3585
2026-03-03 17:00;0,1736
2026-03-03 18:00;0,1500
2026-03-03 19:00;0,1500
2026-03-03 20:00;0,1500
2026-03-03 21:00;0,0000
2026-03-03 22:00;0,0000
2026-03-03 23:00;0,0000
2026-03-04 00:00;0,0000
2026-03-04 01:00;0,0000
2026-03-04 02:00;0,0000
2026-03-04 03:00;0,0000
2026-03-04 04:00;0,0000
2026-03-04 05:00;0,0000
2026-03-04 06:00;0,0000
2026-03-04 07:00;0,1500
2026-03-04 08:00;0,1500
2026-03-04 09:00;0,1677
2026-03-04 10:00;0,3549
2026-03-04 11:00;0,4821
2026-03-04 12:00;0,6993
2026-03-04 13:00;0,8560
2026-03-04 14:00;0,8054
2026-03-04 15:00;0,8155
2026-03-04 16:00;0,4956
2026-03-04 17:00;0,3730
2026-03-04 18:00;0,1788
2026-03-04 19:00;0,1500
2026-03-04 20:00;0,1500
2026-03-04 21:00;0,0000
2026-03-04 22:00;0,0000
2026-03-04 23:00;0,0000
2026-03-05 00:00;0,0000
2026-03-05 01:00;0,0000
2026-03-05 02:00;0,0000
2026-03-05 03:00;0,0000
2026-03-05 04:00;0,0000
2026-03-05 05:00;0,0000
2026-03-05 06:00;0,0000
2026-03-05 07:00;0,1500
2026-03-05 08:00;0,1500
2026-03-05 09:00;0,1942
2026-03-05 10:00;0,3662
2026-03-05 11:00;0,5778
2026-03-05 12:00;0,7720
2026-03-05 13:00;0,8668
2026-03-05 14:00;0,8541
2026-03-05 15:00;0,7899
2026-03-05 16:00;0,3569
2026-03-05 17:00;0,1500
2026-03-05 18:00;0,1500
2026-03-05 19:00;0,1500
2026-03-05 20:00;0,1500
2026-03-05 21:00;0,0000
2026-03-05 22:00;0,0000
2026-03-05 23:00;0,0000
2026-03-06 00:00;0,0000
2026-03-06 01:00;0,0000
2026-03-06 02:00;0,0000
2026-03-06 03:00;0,0000
2026-03-06 04:00;0,0000
2026-03-06 05:00;0,0000
2026-03-06 06:00;0,0000
2026-03-06 07:00;0,1500
2026-03-06 08:00;0,2036
2026-03-06 09:00;0,3930
2026-03-06 10:00;0,5907
2026-03-06 11:00;0,7339
2026-03-06 12:00;0,8541
2026-03-06 13:00;0,8138
2026-03-06 14:00;0,5419
2026-03-06 15:00;0,3716
2026-03-06 16:00;0,2249
2026-03-06 17:00;0,1817
2026-03-06 18:00;0,1500
2026-03-06 19:00;0,1500
2026-03-06 20:00;0,1500
2026-03-06 21:00;0,0000
2026-03-06 22:00;0,0000
2026-03-06 23:00;0,0000
2026-03-07 00:00;0,0000
2026-03-07 01:00;0,0000
2026-03-07 02:00;0,0000
2026-03-07 03:00;0,0000
2026-03-07 04:00;0,0000
2026-03-07 05:00;0,0000
2026-03-07 06:00;0,0000
2026-03-07 07:00;0,1500
2026-03-07 08:00;0,1500
2026-03-07 09:00;0,1500
2026-03-07 10:00;0,2556
2026-03-07 11:00;0,4583
2026-03-07 12:00;0,5842
2026-03-07 13:00;0,6341
2026-03-07 14:00;0,5980
2026-03-07 15:00;0,5311
2026-03-07 16:00;0,5275
2026-03-07 17:00;0,3592
2026-03-07 18:00;0,2323
2026-03-07 19:00;0,1500
2026-03-07 20:00;0,1500
2026-03-07 21:00;0,0000
2026-03-07 22:00;0,0000
2026-03-07 23:00;0,0000
2026-03-08 00:00;0,0000
2026-03-08 01:00;0,0000
2026-03-08 02:00;0,0000
2026-03-08 03:00;0,0000
2026-03-08 04:00;0,0000
2026-03-08 05:00;0,0000
2026-03-08 06:00;0,0000
2026-03-08 07:00;0,1500
2026-03-08 08:00;0,3088
2026-03-08 09:00;0,4841
2026-03-08 10:00;0,6502
2026-03-08 11:00;0,6882
2026-03-08 12:00;0,7157
2026-03-08 13:00;0,7037
2026-03-08 14:00;0,6567
2026-03-08 15:00;0,4326
2026-03-08 16:00;0,1933
2026-03-08 17:00;0,1500
2026-03-08 18:00;0,1500
2026-03-08 19:00;0,1500
2026-03-08 20:00;0,1500
2026-03-08 21:00;0,0000
2026-03-08 22:00;0,0000
2026-03-08 23:00;0,0000
2026-03-09 00:00;0,0000
2026-03-09 01:00;0,0000
2026-03-09 02:00;0,0000
2026-03-09 03:00;0,0000
2026-03-09 04:00;0,0000
2026-03-09 05:00;0,0000
2026-03-09 06:00;0,0000
2026-03-09 07:00;0,1500
2026-03-09 08:00;0,1500
2026-03-09 09:00;0,1500
2026-03-09 10:00;0,3809
2026-03-09 11:00;0,5449
2026-03-09 12:00;0,6287
2026-03-09 13:00;0,7103
2026-03-09 14:00;0,7241
2026-03-09 15:00;0,6697
2026-03-09 16:00;0,5244
2026-03-09 17:00;0,3722
2026-03-09 18:00;0,2128
2026-03-09 19:00;0,1500
2026-03-09 20:00;0,1500
2026-03-09 21:00;0,0000
2026-03-09 22:00;0,0000
2026-03-09 23:00;0,0000
2026-03-10 00:00;0,0000
2026-03-10 01:00;0,0000
2026-03-10 02:00;0,0000
2026-03-10 03:00;0,0000
2026-03-10 04:00;0,0000
2026-03-10 05:00;0,0000
2026-03-10 06:00;0,0000
2026-03-10 07:00;0,1500
2026-03-10 08:00;0,1500
2026-03-10 09:00;0,1886
2026-03-10 10:00;0,3691
2026-03-10 11:00;0,5515
2026-03-10 12:00;0,6958
2026-03-10 13:00;0,7335
2026-03-10 14:00;0,7692
2026-03-10 15:00;0,6437
2026-03-10 16:00;0,4062
2026-03-10 17:00;0,2137
2026-03-10 18:00;0,1500
2026-03-10 19:00;0,1500
2026-03-10 20:00;0,1500
2026-03-10 21:00;0,0000
2026-03-10 22:00;0,0000
2026-03-10 23:00;0,0000
2026-03-11 00:00;0,0000
2026-03-11 01:00;0,0000
2026-03-11 02:00;0,0000
2026-03-11 03:00;0,0000
2026-03-11 04:00;0,0000
2026-03-11 05:00;0,0000
2026-03-11 06:00;0,0000
2026-03-11 07:00;0,1500
2026-03-11 08:00;0,3081
2026-03-11 09:00;0,5001
2026-03-11 10:00;0,5919
2026-03-11 11:00;0,6639
2026-03-11 12:00;0,6725
2026-03-11 13:00;0,6188
2026-03-11 14:00;0,5403
2026-03-11 15:00;0,4498
2026-03-11 16:00;0,3344
2026-03-11 17:00;0,2079
2026-03-11 18:00;0,1500
2026-03-11 19:00;0,1500
2026-03-11 20:00;0,1500
2026-03-11 21:00;0,0000
2026-03-11 22:00;0,0000
2026-03-11 23:00;0,0000
2026-03-12 00:00;0,0000
2026-03-12 01:00;0,0000
2026-03-12 02:00;0,0000
2026-03-12 03:00;0,0000
2026-03-12 04:00;0,0000
2026-03-12 05:00;0,0000
2026-03-12 06:00;0,0000
2026-03-12 07:00;0,1500
2026-03-12 08:00;0,1500
2026-03-12 09:00;0,2660
2026-03-12 10:00;0,4437
2026-03-12 11:00;0,6121
2026-03-12 12:00;0,6242
2026-03-12 13:00;0,6411
2026-03-12 14:00;0,5686
2026-03-12 15:00;0,5577
2026-03-12 16:00;0,4493
2026-03-12 17:00;0,2457
2026-03-12 18:00;0,1500
2026-03-12 19:00;0,1500
2026-03-12 20:00;0,1500
2026-03-12 21:00;0,0000
2026-03-12 22:00;0,0000
2026-03-12 23:00;0,0000
2026-03-13 00:00;0,0000
2026-03-13 01:00;0,0000
2026-03-13 02:00;0,0000
2026-03-13 03:00;0,0000
2026-03-13 04:00;0,0000
2026-03-13 05:00;0,0000
2026-03-13 06:00;0,0000
2026-03-13 07:00;0,1500
2026-03-13 08:00;0,1500
2026-03-13 09:00;0,2232
2026-03-13 10:00;0,3909
2026-03-13 11:00;0,5730
2026-03-13 12:00;0,6932
2026-03-13 13:00;0,7895
2026-03-13 14:00;0,7677
2026-03-13 15:00;0,7510
2026-03-13 16:00;0,3709
2026-03-13 17:00;0,1500
2026-03-13 18:00;0,1500
2026-03-13 19:00;0,1500
2026-03-13 20:00;0,1500
2026-03-13 21:00;0,0000
2026-03-13 22:00;0,0000
2026-03-13 23:00;0,0000
2026-03-14 00:00;0,0000
2026-03-14 01:00;0,0000
2026-03-14 02:00;0,0000
2026-03-14 03:00;0,0000
2026-03-14 04:00;0,0000
2026-03-14 05:00;0,0000
2026-03-14 06:00;0,0000
2026-03-14 07:00;0,1500
2026-03-14 08:00;0,1526
2026-03-14 09:00;0,3556
2026-03-14 10:00;0,5660
2026-03-14 11:00;0,6654
2026-03-14 12:00;0,6639
2026-03-14 13:00;0,7435
2026-03-14 14:00;0,5813
2026-03-14 15:00;0,3893
2026-03-14 16:00;0,2129
2026-03-14 17:00;0,1500
2026-03-14 18:00;0,1500
2026-03-14 19:00;0,1500
2026-03-14 20:00;0,1500
2026-03-14 21:00;0,0000
2026-03-14 22:00;0,0000
2026-03-14 23:00;0,0000
2026-03-15 00:00;0,0000
2026-03-15 01:00;0,0000
2026-03-15 02:00;0,0000
2026-03-15 03:00;0,0000
2026-03-15 04:00;0,0000
2026-03-15 05:00;0,0000
2026-03-15 06:00;0,0000
2026-03-15 07:00;0,1500
2026-03-15 08:00;0,2404
2026-03-15 09:00;0,4720
2026-03-15 10:00;0,6755
2026-03-15 11:00;0,8629
2026-03-15 12:00;0,9135
2026-03-15 13:00;0,7402
2026-03-15 14:00;0,5184
2026-03-15 15:00;0,3761
2026-03-15 16:00;0,2413
2026-03-15 17:00;0,2056
2026-03-15 18:00;0,1500
2026-03-15 19:00;0,1500
2026-03-15 20:00;0,1500
2026-03-15 21:00;0,0000
2026-03-15 22:00;0,0000
2026-03-15 23:00;0,0000
2026-03-16 00:00;0,0000
2026-03-16 01:00;0,0000
2026-03-16 02:00;0,0000
2026-03-16 03:00;0,0000
2026-03-16 04:00;0,0000
2026-03-16 05:00;0,0000
2026-03-16 06:00;0,0000
2026-03-16 07:00;0,1500
2026-03-16 08:00;0,2078
2026-03-16 09:00;0,4109
2026-03-16 10:00;0,5273
2026-03-16 11:00;0,6993
2026-03-16 12:00;0,7711
2026-03-16 13:00;0,7138
2026-03-16 14:00;0,5454
2026-03-16 15:00;0,4096
2026-03-16 16:00;0,2320
2026-03-16 17:00;0,1996
2026-03-16 18:00;0,1500
2026-03-16 19:00;0,1500
2026-03-16 20:00;0,1500
2026-03-16 21:00;0,0000
2026-03-16 22:00;0,0000
2026-03-16 23:00;0,0000
2026-03-17 00:00;0,0000
2026-03-17 01:00;0,0000
2026-03-17 02:00;0,0000
2026-03-17 03:00;0,0000
2026-03-17 04:00;0,0000
2026-03-17 05:00;0,0000
2026-03-17 06:00;0,0000
2026-03-17 07:00;0,1500
2026-03-17 08:00;0,1500
2026-03-17 09:00;0,1502
2026-03-17 10:00;0,3188
2026-03-17 11:00;0,4478
2026-03-17 12:00;0,5502
2026-03-17 13:00;0,6870
2026-03-17 14:00;0,6546
2026-03-17 15:00;0,6393
2026-03-17 16:00;0,4595
2026-03-17 17:00;0,3385
2026-03-17 18:00;0,1948
2026-03-17 19:00;0,1500
2026-03-17 20:00;0,1500
2026-03-17 21:00;0,0000
2026-03-17 22:00;0,0000
2026-03-17 23:00;0,0000
2026-03-18 00:00;0,0000
2026-03-18 01:00;0,0000
2026-03-18 02:00;0,0000
2026-03-18 03:00;0,0000
2026-03-18 04:00;0,0000
2026-03-18 05:00;0,0000
2026-03-18 06:00;0,0000
2026-03-18 07:00;0,1500
2026-03-18 08:00;0,1500
2026-03-18 09:00;0,1724
2026-03-18 10:00;0,3863
2026-03-18 11:00;0,5007
2026-03-18 12:00;0,5750
2026-03-18 13:00;0,7057
2026-03-18 14:00;0,7906
2026-03-18 15:00;0,7876
2026-03-18 16:00;0,6840
2026-03-18 17:00;0,4700
2026-03-18 18:00;0,2242
2026-03-18 19:00;0,1500
2026-03-18 20:00;0,1500
2026-03-18 21:00;0,0000
2026-03-18 22:00;0,0000
2026-03-18 23:00;0,0000
2026-03-19 00:00;0,0000
2026-03-19 01:00;0,0000
2026-03-19 02:00;0,0000
2026-03-19 03:00;0,0000
2026-03-19 04:00;0,0000
2026-03-19 05:00;0,0000
2026-03-19 06:00;0,0000
2026-03-19 07:00;0,1500
2026-03-19 08:00;0,1500
2026-03-19 09:00;0,1500
2026-03-19 10:00;0,2799
2026-03-19 11:00;0,4440
2026-03-19 12:00;0,6269
2026-03-19 13:00;0,6313
2026-03-19 14:00;0,5939
2026-03-19 15:00;0,5535
2026-03-19 16:00;0,4785
2026-03-19 17:00;0,3733
2026-03-19 18:00;0,2267
2026-03-19 19:00;0,1500
2026-03-19 20:00;0,1500
2026-03-19 21:00;0,0000
2026-03-19 22:00;0,0000
2026-03-19 23:00;0,0000
2026-03-20 00:00;0,0000
2026-03-20 01:00;0,0000
2026-03-20 02:00;0,0000
2026-03-20 03:00;0,0000
2026-03-20 04:00;0,0000
2026-03-20 05:00;0,0000
2026-03-20 06:00;0,0000
2026-03-20 07:00;0,1500
2026-03-20 08:00;0,1500
2026-03-20 09:00;0,1500
2026-03-20 10:00;0,2939
2026-03-20 11:00;0,4284
2026-03-20 12:00;0,5092
2026-03-20 13:00;0,6432
2026-03-20 14:00;0,7173
2026-03-20 15:00;0,6039
2026-03-20 16:00;0,4551
2026-03-20 17:00;0,3087
2026-03-20 18:00;0,2048
2026-03-20 19:00;0,1500
2026-03-20 20:00;0,1500
2026-03-20 21:00;0,0000
2026-03-20 22:00;0,0000
2026-03-20 23:00;0,0000
2026-03-21 00:00;0,0000
2026-03-21 01:00;0,0000
2026-03-21 02:00;0,0000
2026-03-21 03:00;0,0000
2026-03-21 04:00;0,0000
2026-03-21 05:00;0,0000
2026-03-21 06:00;0,0000
2026-03-21 07:00;0,1500
2026-03-21 08:00;0,1802
2026-03-21 09:00;0,3150
2026-03-21 10:00;0,3919
2026-03-21 11:00;0,5218
2026-03-21 12:00;0,5672
2026-03-21 13:00;0,5470
2026-03-21 14:00;0,4985
2026-03-21 15:00;0,3793
2026-03-21 16:00;0,3031
2026-03-21 17:00;0,1759
2026-03-21 18:00;0,1500
2026-03-21 19:00;0,1500
2026-03-21 20:00;0,1500
2026-03-21 21:00;0,0000
2026-03-21 22:00;0,0000
2026-03-21 23:00;0,0000
2026-03-22 00:00;0,0000
2026-03-22 01:00;0,0000
2026-03-22 02:00;0,0000
2026-03-22 03:00;0,0000
2026-03-22 04:00;0,0000
2026-03-22 05:00;0,0000
2026-03-22 06:00;0,0000
2026-03-22 07:00;0,1500
2026-03-22 08:00;0,2244
2026-03-22 09:00;0,4703
2026-03-22 10:00;0,6123
2026-03-22 11:00;0,7330
2026-03-22 12:00;0,7525
2026-03-22 13:00;0,6289
2026-03-22 14:00;0,4272
2026-03-22 15:00;0,3461
2026-03-22 16:00;0,2154
2026-03-22 17:00;0,1684
2026-03-22 18:00;0,1500
2026-03-22 19:00;0,1500
2026-03-22 20:00;0,1500
2026-03-22 21:00;0,0000
2026-03-22 22:00;0,0000
2026-03-22 23:00;0,0000
2026-03-23 00:00;0,0000
2026-03-23 01:00;0,0000
2026-03-23 02:00;0,0000
2026-03-23 03:00;0,0000
2026-03-23 04:00;0,0000
2026-03-23 05:00;0,0000
2026-03-23 06:00;0,0000
2026-03-23 07:00;0,1500
2026-03-23 08:00;0,2049
2026-03-23 09:00;0,3630
2026-03-23 10:00;0,5354
2026-03-23 11:00;0,7300
2026-03-23 12:00;0,7192
2026-03-23 13:00;0,8033
2026-03-23 14:00;0,6913
2026-03-23 15:00;0,3785
2026-03-23 16:00;0,2356
2026-03-23 17:00;0,1500
2026-03-23 18:00;0,1500
2026-03-23 19:00;0,1500
2026-03-23 20:00;0,1500
2026-03-23 21:00;0,0000
2026-03-23 22:00;0,0000
2026-03-23 23:00;0,0000
2026-03-24 00:00;0,0000
2026-03-24 01:00;0,0000
2026-03-24 02:00;0,0000
2026-03-24 03:00;0,0000
2026-03-24 04:00;0,0000
2026-03-24 05:00;0,0000
2026-03-24 06:00;0,0000
2026-03-24 07:00;0,1500
2026-03-24 08:00;0,1500
2026-03-24 09:00;0,1586
2026-03-24 10:00;0,3615
2026-03-24 11:00;0,5579
2026-03-24 12:00;0,6090
2026-03-24 13:00;0,7487
2026-03-24 14:00;0,7106
2026-03-24 15:00;0,6677
2026-03-24 16:00;0,5176
2026-03-24 17:00;0,4133
2026-03-24 18:00;0,2415
2026-03-24 19:00;0,1500
2026-03-24 20:00;0,1500
2026-03-24 21:00;0,0000
2026-03-24 22:00;0,0000
2026-03-24 23:00;0,0000
2026-03-25 00:00;0,0000
2026-03-25 01:00;0,0000
2026-03-25 02:00;0,0000
2026-03-25 03:00;0,0000
2026-03-25 04:00;0,0000
2026-03-25 05:00;0,0000
2026-03-25 06:00;0,0000
2026-03-25 07:00;0,1500
2026-03-25 08:00;0,1500
2026-03-25 09:00;0,2013
2026-03-25 10:00;0,3859
2026-03-25 11:00;0,5407
2026-03-25 12:00;0,7098
2026-03-25 13:00;0,6696
2026-03-25 14:00;0,6811
2026-03-25 15:00;0,7567
2026-03-25 16:00;0,6146
2026-03-25 17:00;0,4126
2026-03-25 18:00;0,2638
2026-03-25 19:00;0,1500
2026-03-25 20:00;0,1500
2026-03-25 21:00;0,0000
2026-03-25 22:00;0,0000
2026-03-25 23:00;0,0000
2026-03-26 00:00;0,0000
2026-03-26 01:00;0,0000
2026-03-26 02:00;0,0000
2026-03-26 03:00;0,0000
2026-03-26 04:00;0,0000
2026-03-26 05:00;0,0000
2026-03-26 06:00;0,0000
2026-03-26 07:00;0,1500
2026-03-26 08:00;0,1500
2026-03-26 09:00;0,1994
2026-03-26 10:00;0,4479
2026-03-26 11:00;0,6036
2026-03-26 12:00;0,7208
2026-03-26 13:00;0,7898
2026-03-26 14:00;0,6776
2026-03-26 15:00;0,6511
2026-03-26 16:00;0,4184
2026-03-26 17:00;0,2605
2026-03-26 18:00;0,1727
2026-03-26 19:00;0,1500
2026-03-26 20:00;0,1500
2026-03-26 21:00;0,0000
2026-03-26 22:00;0,0000
2026-03-26 23:00;0,0000
2026-03-27 00:00;0,0000
2026-03-27 01:00;0,0000
2026-03-27 02:00;0,0000
2026-03-27 03:00;0,0000
2026-03-27 04:00;0,0000
2026-03-27 05:00;0,0000
2026-03-27 06:00;0,0000
2026-03-27 07:00;0,1500
2026-03-27 08:00;0,2568
2026-03-27 09:00;0,3672
2026-03-27 10:00;0,4580
2026-03-27 11:00;0,5360
2026-03-27 12:00;0,5252
2026-03-27 13:00;0,4967
2026-03-27 14:00;0,5842
2026-03-27 15:00;0,5033
2026-03-27 16:00;0,3002
2026-03-27 17:00;0,2186
2026-03-27 18:00;0,1500
2026-03-27 19:00;0,1500
2026-03-27 20:00;0,1500
2026-03-27 21:00;0,0000
2026-03-27 22:00;0,0000
2026-03-27 23:00;0,0000
2026-03-28 00:00;0,0000
2026-03-28 01:00;0,0000
2026-03-28 02:00;0,0000
2026-03-28 03:00;0,0000
2026-03-28 04:00;0,0000
2026-03-28 05:00;0,0000
2026-03-28 06:00;0,0000
2026-03-28 07:00;0,1500
2026-03-28 08:00;0,2689
2026-03-28 09:00;0,5112
2026-03-28 10:00;0,6100
2026-03-28 11:00;0,7231
2026-03-28 12:00;0,6682
2026-03-28 13:00;0,6780
2026-03-28 14:00;0,6070
2026-03-28 15:00;0,4334
2026-03-28 16:00;0,3150
2026-03-28 17:00;0,1790
2026-03-28 18:00;0,1500
2026-03-28 19:00;0,1500
2026-03-28 20:00;0,1500
2026-03-28 21:00;0,0000
2026-03-28 22:00;0,0000
2026-03-28 23:00;0,0000
2026-03-29 00:00;0,0000
2026-03-29 01:00;0,0000
2026-03-29 02:00;0,0000
2026-03-29 03:00;0,0000
2026-03-29 04:00;0,0000
2026-03-29 05:00;0,0000
2026-03-29 06:00;0,0000
2026-03-29 07:00;0,1500
2026-03-29 08:00;0,1500
2026-03-29 09:00;0,1962
2026-03-29 10:00;0,4065
2026-03-29 11:00;0,4981
2026-03-29 12:00;0,5053
2026-03-29 13:00;0,5960
2026-03-29 14:00;0,8128
2026-03-29 15:00;0,7237
2026-03-29 16:00;0,6549
2026-03-29 17:00;0,4775
2026-03-29 18:00;0,2576
2026-03-29 19:00;0,1500
2026-03-29 20:00;0,1500
2026-03-29 21:00;0,0000
2026-03-29 22:00;0,0000
2026-03-29 23:00;0,0000
2026-03-30 00:00;0,0000
2026-03-30 01:00;0,0000
2026-03-30 02:00;0,0000
2026-03-30 03:00;0,0000
2026-03-30 04:00;0,0000
2026-03-30 05:00;0,0000
2026-03-30 06:00;0,0000
2026-03-30 07:00;0,1500
2026-03-30 08:00;0,1500
2026-03-30 09:00;0,2190
2026-03-30 10:00;0,3606
2026-03-30 11:00;0,4578
2026-03-30 12:00;0,6381
2026-03-30 13:00;0,5473
2026-03-30 14:00;0,7066
2026-03-30 15:00;0,7754
2026-03-30 16:00;0,5834
2026-03-30 17:00;0,3587
2026-03-30 18:00;0,2306
2026-03-30 19:00;0,1500
2026-03-30 20:00;0,1500
2026-03-30 21:00;0,0000
2026-03-30 22:00;0,0000
2026-03-30 23:00;0,0000
2026-03-31 00:00;0,0000
2026-03-31 01:00;0,0000
2026-03-31 02:00;0,0000
2026-03-31 03:00;0,0000
2026-03-31 04:00;0,0000
2026-03-31 05:00;0,0000
2026-03-31 06:00;0,0000
2026-03-31 07:00;0,1500
2026-03-31 08:00;0,1500
2026-03-31 09:00;0,1852
2026-03-31 10:00;0,4079
2026-03-31 11:00;0,5727
2026-03-31 12:00;0,6663
2026-03-31 13:00;0,6993
2026-03-31 14:00;0,7933
2026-03-31 15:00;0,6560
2026-03-31 16:00;0,4681
2026-03-31 17:00;0,4158
2026-03-31 18:00;0,2307
2026-03-31 19:00;0,1500
2026-03-31 20:00;0,1500
2026-03-31 21:00;0,0000
2026-03-31 22:00;0,0000
2026-03-31 23:00;0,0000
2026-04-01 00:00;0,0000
2026-04-01 01:00;0,0000
2026-04-01 02:00;0,0000
2026-04-01 03:00;0,0000
2026-04-01 04:00;0,0000
2026-04-01 05:00;0,0000
2026-04-01 06:00;0,1500
2026-04-01 07:00;0,1500
2026-04-01 08:00;0,1500
2026-04-01 09:00;0,2822
2026-04-01 10:00;0,5245
2026-04-01 11:00;0,6727
2026-04-01 12:00;0,7194
2026-04-01 13:00;0,8626
2026-04-01 14:00;0,9548
2026-04-01 15:00;0,8420
2026-04-01 16:00;0,6270
2026-04-01 17:00;0,5123
2026-04-01 18:00;0,3374
2026-04-01 19:00;0,1500
2026-04-01 20:00;0,1500
2026-04-01 21:00;0,0000
2026-04-01 22:00;0,0000
2026-04-01 23:00;0,0000
2026-04-02 00:00;0,0000
2026-04-02 01:00;0,0000
2026-04-02 02:00;0,0000
2026-04-02 03:00;0,0000
2026-04-02 04:00;0,0000
2026-04-02 05:00;0,0000
2026-04-02 06:00;0,1500
2026-04-02 07:00;0,1500
2026-04-02 08:00;0,1500
2026-04-02 09:00;0,3055
2026-04-02 10:00;0,5445
2026-04-02 11:00;0,7049
2026-04-02 12:00;0,8626
2026-04-02 13:00;0,9665
2026-04-02 14:00;0,9950
2026-04-02 15:00;0,7717
2026-04-02 16:00;0,5937
2026-04-02 17:00;0,4114
2026-04-02 18:00;0,2779
2026-04-02 19:00;0,1500
2026-04-02 20:00;0,1500
2026-04-02 21:00;0,0000
2026-04-02 22:00;0,0000
2026-04-02 23:00;0,0000
2026-04-03 00:00;0,0000
2026-04-03 01:00;0,0000
2026-04-03 02:00;0,0000
2026-04-03 03:00;0,0000
2026-04-03 04:00;0,0000
2026-04-03 05:00;0,0000
2026-04-03 06:00;0,1500
2026-04-03 07:00;0,1500
2026-04-03 08:00;0,1500
2026-04-03 09:00;0,3404
2026-04-03 10:00;0,3237
2026-04-03 11:00;0,6242
2026-04-03 12:00;0,6254
2026-04-03 13:00;0,8782
2026-04-03 14:00;0,8652
2026-04-03 15:00;0,7716
2026-04-03 16:00;0,6810
2026-04-03 17:00;0,5610
2026-04-03 18:00;0,2587
2026-04-03 19:00;0,1500
2026-04-03 20:00;0,1500
2026-04-03 21:00;0,0000
2026-04-03 22:00;0,0000
2026-04-03 23:00;0,0000
2026-04-04 00:00;0,0000
2026-04-04 01:00;0,0000
2026-04-04 02:00;0,0000
2026-04-04 03:00;0,0000
2026-04-04 04:00;0,0000
2026-04-04 05:00;0,0000
2026-04-04 06:00;0,1500
2026-04-04 07:00;0,1500
2026-04-04 08:00;0,1500
2026-04-04 09:00;0,2782
2026-04-04 10:00;0,5154
2026-04-04 11:00;0,7234
2026-04-04 12:00;0,8999
2026-04-04 13:00;0,9610
2026-04-04 14:00;0,9226
2026-04-04 15:00;0,8692
2026-04-04 16:00;0,7209
2026-04-04 17:00;0,5820
2026-04-04 18:00;0,3684
2026-04-04 19:00;0,1500
2026-04-04 20:00;0,1500
2026-04-04 21:00;0,0000
2026-04-04 22:00;0,0000
2026-04-04 23:00;0,0000
2026-04-05 00:00;0,0000
2026-04-05 01:00;0,0000
2026-04-05 02:00;0,0000
2026-04-05 03:00;0,0000
2026-04-05 04:00;0,0000
2026-04-05 05:00;0,0000
2026-04-05 06:00;0,1500
2026-04-05 07:00;0,1500
2026-04-05 08:00;0,1500
2026-04-05 09:00;0,2884
2026-04-05 10:00;0,4737
2026-04-05 11:00;0,5735
2026-04-05 12:00;0,7862
2026-04-05 13:00;0,9219
2026-04-05 14:00;0,9154
2026-04-05 15:00;0,7328
2026-04-05 16:00;0,6091
2026-04-05 17:00;0,3846
2026-04-05 18:00;0,1937
2026-04-05 19:00;0,1500
2026-04-05 20:00;0,1500
2026-04-05 21:00;0,0000
2026-04-05 22:00;0,0000
2026-04-05 23:00;0,0000
2026-04-06 00:00;0,0000
2026-04-06 01:00;0,0000
2026-04-06 02:00;0,0000
2026-04-06 03:00;0,0000
2026-04-06 04:00;0,0000
2026-04-06 05:00;0,0000
2026-04-06 06:00;0,1500
2026-04-06 07:00;0,1500
2026-04-06 08:00;0,1500
2026-04-06 09:00;0,3533
2026-04-06 10:00;0,5154
2026-04-06 11:00;0,7342
2026-04-06 12:00;0,9171
2026-04-06 13:00;1,0000
2026-04-06 14:00;1,0000
2026-04-06 15:00;0,8086
2026-04-06 16:00;0,6569
2026-04-06 17:00;0,4585
2026-04-06 18:00;0,2768
2026-04-06 19:00;0,1500
2026-04-06 20:00;0,1500
2026-04-06 21:00;0,0000
2026-04-06 22:00;0,0000
2026-04-06 23:00;0,0000
2026-04-07 00:00;0,0000
2026-04-07 01:00;0,0000
2026-04-07 02:00;0,0000
2026-04-07 03:00;0,0000
2026-04-07 04:00;0,0000
2026-04-07 05:00;0,0000
2026-04-07 06:00;0,1500
2026-04-07 07:00;0,1500
2026-04-07 08:00;0,3856
2026-04-07 09:00;0,5787
2026-04-07 10:00;0,6444
2026-04-07 11:00;0,6498
2026-04-07 12:00;0,6351
2026-04-07 13:00;0,7416
2026-04-07 14:00;0,9341
2026-04-07 15:00;0,7952
2026-04-07 16:00;0,5433
2026-04-07 17:00;0,3054
2026-04-07 18:00;0,1500
2026-04-07 19:00;0,1500
2026-04-07 20:00;0,1500
2026-04-07 21:00;0,0000
2026-04-07 22:00;0,0000
2026-04-07 23:00;0,0000
2026-04-08 00:00;0,0000
2026-04-08 01:00;0,0000
2026-04-08 02:00;0,0000
2026-04-08 03:00;0,0000
2026-04-08 04:00;0,0000
2026-04-08 05:00;0,0000
2026-04-08 06:00;0,1500
2026-04-08 07:00;0,1500
2026-04-08 08:00;0,1500
2026-04-08 09:00;0,3317
2026-04-08 10:00;0,5114
2026-04-08 11:00;0,7196
2026-04-08 12:00;0,7633
2026-04-08 13:00;0,8952
2026-04-08 14:00;0,7993
2026-04-08 15:00;0,7922
2026-04-08 16:00;0,6182
2026-04-08 17:00;0,5271
2026-04-08 18:00;0,3280
2026-04-08 19:00;0,1500
2026-04-08 20:00;0,1500
2026-04-08 21:00;0,0000
2026-04-08 22:00;0,0000
2026-04-08 23:00;0,0000
2026-04-09 00:00;0,0000
2026-04-09 01:00;0,0000
2026-04-09 02:00;0,0000
2026-04-09 03:00;0,0000
2026-04-09 04:00;0,0000
2026-04-09 05:00;0,0000
2026-04-09 06:00;0,1500
2026-04-09 07:00;0,1500
2026-04-09 08:00;0,1699
2026-04-09 09:00;0,3311
2026-04-09 10:00;0,5181
2026-04-09 11:00;0,6909
2026-04-09 12:00;0,9062
2026-04-09 13:00;0,8265
2026-04-09 14:00;0,7058
2026-04-09 15:00;0,6408
2026-04-09 16:00;0,5486
2026-04-09 17:00;0,4862
2026-04-09 18:00;0,3403
2026-04-09 19:00;0,1526
2026-04-09 20:00;0,1500
2026-04-09 21:00;0,0000
2026-04-09 22:00;0,0000
2026-04-09 23:00;0,0000
2026-04-10 00:00;0,0000
2026-04-10 01:00;0,0000
2026-04-10 02:00;0,0000
2026-04-10 03:00;0,0000
2026-04-10 04:00;0,0000
2026-04-10 05:00;0,0000
2026-04-10 06:00;0,1500
2026-04-10 07:00;0,1500
2026-04-10 08:00;0,1500
2026-04-10 09:00;0,3648
2026-04-10 10:00;0,5773
2026-04-10 11:00;0,7046
2026-04-10 12:00;0,8571
2026-04-10 13:00;0,8272
2026-04-10 14:00;0,7200
2026-04-10 15:00;0,6835
2026-04-10 16:00;0,5592
2026-04-10 17:00;0,3937
2026-04-10 18:00;0,2183
2026-04-10 19:00;0,1500
2026-04-10 20:00;0,1500
2026-04-10 21:00;0,0000
2026-04-10 22:00;0,0000
2026-04-10 23:00;0,0000
2026-04-11 00:00;0,0000
2026-04-11 01:00;0,0000
2026-04-11 02:00;0,0000
2026-04-11 03:00;0,0000
2026-04-11 04:00;0,0000
2026-04-11 05:00;0,0000
2026-04-11 06:00;0,1500
2026-04-11 07:00;0,1500
2026-04-11 08:00;0,1500
2026-04-11 09:00;0,2663
2026-04-11 10:00;0,4143
2026-04-11 11:00;0,5585
2026-04-11 12:00;0,7440
2026-04-11 13:00;0,7074
2026-04-11 14:00;0,8301
2026-04-11 15:00;0,8065
2026-04-11 16:00;0,6946
2026-04-11 17:00;0,4963
2026-04-11 18:00;0,2384
2026-04-11 19:00;0,1500
2026-04-11 20:00;0,1500
2026-04-11 21:00;0,0000
2026-04-11 22:00;0,0000
2026-04-11 23:00;0,0000
2026-04-12 00:00;0,0000
2026-04-12 01:00;0,0000
2026-04-12 02:00;0,0000
2026-04-12 03:00;0,0000
2026-04-12 04:00;0,0000
2026-04-12 05:00;0,0000
2026-04-12 06:00;0,1500
2026-04-12 07:00;0,1500
2026-04-12 08:00;0,1500
2026-04-12 09:00;0,2557
2026-04-12 10:00;0,3940
2026-04-12 11:00;0,5798
2026-04-12 12:00;0,8032
2026-04-12 13:00;0,8881
2026-04-12 14:00;0,9070
2026-04-12 15:00;0,7241
2026-04-12 16:00;0,5932
2026-04-12 17:00;0,4759
2026-04-12 18:00;0,2705
2026-04-12 19:00;0,1500
2026-04-12 20:00;0,1500
2026-04-12 21:00;0,0000
2026-04-12 22:00;0,0000
2026-04-12 23:00;0,0000
2026-04-13 00:00;0,0000
2026-04-13 01:00;0,0000
2026-04-13 02:00;0,0000
2026-04-13 03:00;0,0000
2026-04-13 04:00;0,0000
2026-04-13 05:00;0,0000
2026-04-13 06:00;0,1500
2026-04-13 07:00;0,1500
2026-04-13 08:00;0,3480
2026-04-13 09:00;0,5390
2026-04-13 10:00;0,7422
2026-04-13 11:00;0,8708
2026-04-13 12:00;0,9625
2026-04-13 13:00;0,8648
2026-04-13 14:00;0,7785
2026-04-13 15:00;0,6999
2026-04-13 16:00;0,2607
2026-04-13 17:00;0,1500
2026-04-13 18:00;0,1500
2026-04-13 19:00;0,1500
2026-04-13 20:00;0,1500
2026-04-13 21:00;0,0000
2026-04-13 22:00;0,0000
2026-04-13 23:00;0,0000
2026-04-14 00:00;0,0000
2026-04-14 01:00;0,0000
2026-04-14 02:00;0,0000
2026-04-14 03:00;0,0000
2026-04-14 04:00;0,0000
2026-04-14 05:00;0,0000
2026-04-14 06:00;0,1500
2026-04-14 07:00;0,1500
2026-04-14 08:00;0,1500
2026-04-14 09:00;0,2987
2026-04-14 10:00;0,4573
2026-04-14 11:00;0,6015
2026-04-14 12:00;0,8709
2026-04-14 13:00;0,8674
2026-04-14 14:00;1,0000
2026-04-14 15:00;0,9115
2026-04-14 16:00;0,6796
2026-04-14 17:00;0,4695
2026-04-14 18:00;0,2561
2026-04-14 19:00;0,1500
2026-04-14 20:00;0,1500
2026-04-14 21:00;0,0000
2026-04-14 22:00;0,0000
2026-04-14 23:00;0,0000
2026-04-15 00:00;0,0000
2026-04-15 01:00;0,0000
2026-04-15 02:00;0,0000
2026-04-15 03:00;0,0000
2026-04-15 04:00;0,0000
2026-04-15 05:00;0,0000
2026-04-15 06:00;0,1500
2026-04-15 07:00;0,1500
2026-04-15 08:00;0,1500
2026-04-15 09:00;0,2575
2026-04-15 10:00;0,4338
2026-04-15 11:00;0,6197
2026-04-15 12:00;0,6857
2026-04-15 13:00;0,7491
2026-04-15 14:00;0,7651
2026-04-15 15:00;0,7075
2026-04-15 16:00;0,5646
2026-04-15 17:00;0,3992
2026-04-15 18:00;0,2913
2026-04-15 19:00;0,1500
2026-04-15 20:00;0,1500
2026-04-15 21:00;0,0000
2026-04-15 22:00;0,0000
2026-04-15 23:00;0,0000
2026-04-16 00:00;0,0000
2026-04-16 01:00;0,0000
2026-04-16 02:00;0,0000
2026-04-16 03:00;0,0000
2026-04-16 04:00;0,0000
2026-04-16 05:00;0,0000
2026-04-16 06:00;0,1500
2026-04-16 07:00;0,1679
2026-04-16 08:00;0,3691
2026-04-16 09:00;0,5105
2026-04-16 10:00;0,6585
2026-04-16 11:00;0,7132
2026-04-16 12:00;0,7267
2026-04-16 13:00;0,6817
2026-04-16 14:00;0,5817
2026-04-16 15:00;0,5849
2026-04-16 16:00;0,3765
2026-04-16 17:00;0,1953
2026-04-16 18:00;0,1500
2026-04-16 19:00;0,1500
2026-04-16 20:00;0,1500
2026-04-16 21:00;0,0000
2026-04-16 22:00;0,0000
2026-04-16 23:00;0,0000
2026-04-17 00:00;0,0000
2026-04-17 01:00;0,0000
2026-04-17 02:00;0,0000
2026-04-17 03:00;0,0000
2026-04-17 04:00;0,0000
2026-04-17 05:00;0,0000
2026-04-17 06:00;0,1500
2026-04-17 07:00;0,1500
2026-04-17 08:00;0,1500
2026-04-17 09:00;0,3481
2026-04-17 10:00;0,4884
2026-04-17 11:00;0,6014
2026-04-17 12:00;0,6614
2026-04-17 13:00;0,7713
2026-04-17 14:00;0,8536
2026-04-17 15:00;0,8319
2026-04-17 16:00;0,5990
2026-04-17 17:00;0,3702
2026-04-17 18:00;0,2033
2026-04-17 19:00;0,1500
2026-04-17 20:00;0,1500
2026-04-17 21:00;0,0000
2026-04-17 22:00;0,0000
2026-04-17 23:00;0,0000
2026-04-18 00:00;0,0000
2026-04-18 01:00;0,0000
2026-04-18 02:00;0,0000
2026-04-18 03:00;0,0000
2026-04-18 04:00;0,0000
2026-04-18 05:00;0,0000
2026-04-18 06:00;0,1500
2026-04-18 07:00;0,1500
2026-04-18 08:00;0,1500
2026-04-18 09:00;0,2983
2026-04-18 10:00;0,4745
2026-04-18 11:00;0,5531
2026-04-18 12:00;0,6698
2026-04-18 13:00;0,7154
2026-04-18 14:00;0,6629
2026-04-18 15:00;0,7090
2026-04-18 16:00;0,6482
2026-04-18 17:00;0,5726
2026-04-18 18:00;0,3333
2026-04-18 19:00;0,1500
2026-04-18 20:00;0,1500
2026-04-18 21:00;0,0000
2026-04-18 22:00;0,0000
2026-04-18 23:00;0,0000
2026-04-19 00:00;0,0000
2026-04-19 01:00;0,0000
2026-04-19 02:00;0,0000
2026-04-19 03:00;0,0000
2026-04-19 04:00;0,0000
2026-04-19 05:00;0,0000
2026-04-19 06:00;0,1500
2026-04-19 07:00;0,1500
2026-04-19 08:00;0,1733
2026-04-19 09:00;0,2407
2026-04-19 10:00;0,3825
2026-04-19 11:00;0,6875
2026-04-19 12:00;0,8150
2026-04-19 13:00;0,7283
2026-04-19 14:00;0,8370
2026-04-19 15:00;0,6807
2026-04-19 16:00;0,6417
2026-04-19 17:00;0,4398
2026-04-19 18:00;0,3444
2026-04-19 19:00;0,1845
2026-04-19 20:00;0,1500
2026-04-19 21:00;0,0000
2026-04-19 22:00;0,0000
2026-04-19 23:00;0,0000
2026-04-20 00:00;0,0000
2026-04-20 01:00;0,0000
2026-04-20 02:00;0,0000
2026-04-20 03:00;0,0000
2026-04-20 04:00;0,0000
2026-04-20 05:00;0,0000
2026-04-20 06:00;0,1500
2026-04-20 07:00;0,1500
2026-04-20 08:00;0,1500
2026-04-20 09:00;0,3247
2026-04-20 10:00;0,4556
2026-04-20 11:00;0,5379
2026-04-20 12:00;0,7141
2026-04-20 13:00;0,7169
2026-04-20 14:00;0,7464
2026-04-20 15:00;0,6899
2026-04-20 16:00;0,4907
2026-04-20 17:00;0,2977
2026-04-20 18:00;0,1894
2026-04-20 19:00;0,1500
2026-04-20 20:00;0,1500
2026-04-20 21:00;0,0000
2026-04-20 22:00;0,0000
2026-04-20 23:00;0,0000
2026-04-21 00:00;0,0000
2026-04-21 01:00;0,0000
2026-04-21 02:00;0,0000
2026-04-21 03:00;0,0000
2026-04-21 04:00;0,0000
2026-04-21 05:00;0,0000
2026-04-21 06:00;0,1500
2026-04-21 07:00;0,1500
2026-04-21 08:00;0,1500
2026-04-21 09:00;0,2260
2026-04-21 10:00;0,4082
2026-04-21 11:00;0,4980
2026-04-21 12:00;0,6919
2026-04-21 13:00;0,8282
2026-04-21 14:00;0,8197
2026-04-21 15:00;0,9095
2026-04-21 16:00;0,7591
2026-04-21 17:00;0,4542
2026-04-21 18:00;0,3290
2026-04-21 19:00;0,1500
2026-04-21 20:00;0,1500
2026-04-21 21:00;0,0000
2026-04-21 22:00;0,0000
2026-04-21 23:00;0,0000
2026-04-22 00:00;0,0000
2026-04-22 01:00;0,0000
2026-04-22 02:00;0,0000
2026-04-22 03:00;0,0000
2026-04-22 04:00;0,0000
2026-04-22 05:00;0,0000
2026-04-22 06:00;0,1500
2026-04-22 07:00;0,2011
2026-04-22 08:00;0,3858
2026-04-22 09:00;0,6264
2026-04-22 10:00;0,8201
2026-04-22 11:00;0,8374
2026-04-22 12:00;0,7343
2026-04-22 13:00;0,6544
2026-04-22 14:00;0,6820
2026-04-22 15:00;0,5715
2026-04-22 16:00;0,4076
2026-04-22 17:00;0,3183
2026-04-22 18:00;0,1500
2026-04-22 19:00;0,1500
2026-04-22 20:00;0,1500
2026-04-22 21:00;0,0000
2026-04-22 22:00;0,0000
2026-04-22 23:00;0,0000
2026-04-23 00:00;0,0000
2026-04-23 01:00;0,0000
2026-04-23 02:00;0,0000
2026-04-23 03:00;0,0000
2026-04-23 04:00;0,0000
2026-04-23 05:00;0,0000
2026-04-23 06:00;0,1500
2026-04-23 07:00;0,1500
2026-04-23 08:00;0,2122
2026-04-23 09:00;0,3740
2026-04-23 10:00;0,5448
2026-04-23 11:00;0,7533
2026-04-23 12:00;0,8879
2026-04-23 13:00;0,9185
2026-04-23 14:00;0,8223
2026-04-23 15:00;0,6373
2026-04-23 16:00;0,4789
2026-04-23 17:00;0,3042
2026-04-23 18:00;0,1500
2026-04-23 19:00;0,1500
2026-04-23 20:00;0,1500
2026-04-23 21:00;0,0000
2026-04-23 22:00;0,0000
2026-04-23 23:00;0,0000
2026-04-24 00:00;0,0000
2026-04-24 01:00;0,0000
2026-04-24 02:00;0,0000
2026-04-24 03:00;0,0000
2026-04-24 04:00;0,0000
2026-04-24 05:00;0,0000
2026-04-24 06:00;0,1500
2026-04-24 07:00;0,1500
2026-04-24 08:00;0,1504
2026-04-24 09:00;0,3200
2026-04-24 10:00;0,5172
2026-04-24 11:00;0,6042
2026-04-24 12:00;0,7215
2026-04-24 13:00;0,7821
2026-04-24 14:00;0,6971
2026-04-24 15:00;0,6503
2026-04-24 16:00;0,6522
2026-04-24 17:00;0,4765
2026-04-24 18:00;0,2745
2026-04-24 19:00;0,1500
2026-04-24 20:00;0,1500
2026-04-24 21:00;0,0000
2026-04-24 22:00;0,0000
2026-04-24 23:00;0,0000
2026-04-25 00:00;0,0000
2026-04-25 01:00;0,0000
2026-04-25 02:00;0,0000
2026-04-25 03:00;0,0000
2026-04-25 04:00;0,0000
2026-04-25 05:00;0,0000
2026-04-25 06:00;0,1500
2026-04-25 07:00;0,1500
2026-04-25 08:00;0,1500
2026-04-25 09:00;0,2991
2026-04-25 10:00;0,4739
2026-04-25 11:00;0,7153
2026-04-25 12:00;0,8418
2026-04-25 13:00;0,8336
2026-04-25 14:00;0,8678
2026-04-25 15:00;0,7231
2026-04-25 16:00;0,6457
2026-04-25 17:00;0,5258
2026-04-25 18:00;0,3102
2026-04-25 19:00;0,1500
2026-04-25 20:00;0,1500
2026-04-25 21:00;0,0000
2026-04-25 22:00;0,0000
2026-04-25 23:00;0,0000
2026-04-26 00:00;0,0000
2026-04-26 01:00;0,0000
2026-04-26 02:00;0,0000
2026-04-26 03:00;0,0000
2026-04-26 04:00;0,0000
2026-04-26 05:00;0,0000
2026-04-26 06:00;0,1500
2026-04-26 07:00;0,1500
2026-04-26 08:00;0,1621
2026-04-26 09:00;0,3737
2026-04-26 10:00;0,6215
2026-04-26 11:00;0,8474
2026-04-26 12:00;0,9080
2026-04-26 13:00;0,6957
2026-04-26 14:00;0,7820
2026-04-26 15:00;0,7684
2026-04-26 16:00;0,6782
2026-04-26 17:00;0,6175
2026-04-26 18:00;0,3992
2026-04-26 19:00;0,1890
2026-04-26 20:00;0,1500
2026-04-26 21:00;0,0000
2026-04-26 22:00;0,0000
2026-04-26 23:00;0,0000
2026-04-27 00:00;0,0000
2026-04-27 01:00;0,0000
2026-04-27 02:00;0,0000
2026-04-27 03:00;0,0000
2026-04-27 04:00;0,0000
2026-04-27 05:00;0,0000
2026-04-27 06:00;0,1500
2026-04-27 07:00;0,1500
2026-04-27 08:00;0,1500
2026-04-27 09:00;0,3197
2026-04-27 10:00;0,5641
2026-04-27 11:00;0,7700
2026-04-27 12:00;0,8920
2026-04-27 13:00;1,0000
2026-04-27 14:00;0,9088
2026-04-27 15:00;0,8604
2026-04-27 16:00;0,6932
2026-04-27 17:00;0,5712
2026-04-27 18:00;0,3376
2026-04-27 19:00;0,1500
2026-04-27 20:00;0,1500
2026-04-27 21:00;0,0000
2026-04-27 22:00;0,0000
2026-04-27 23:00;0,0000
2026-04-28 00:00;0,0000
2026-04-28 01:00;0,0000
2026-04-28 02:00;0,0000
2026-04-28 03:00;0,0000
2026-04-28 04:00;0,0000
2026-04-28 05:00;0,0000
2026-04-28 06:00;0,1500
2026-04-28 07:00;0,2284
2026-04-28 08:00;0,4581
2026-04-28 09:00;0,6282
2026-04-28 10:00;0,6946
2026-04-28 11:00;0,8067
2026-04-28 12:00;0,6751
2026-04-28 13:00;0,5970
2026-04-28 14:00;0,5662
2026-04-28 15:00;0,5725
2026-04-28 16:00;0,4587
2026-04-28 17:00;0,2690
2026-04-28 18:00;0,1530
2026-04-28 19:00;0,1500
2026-04-28 20:00;0,1500
2026-04-28 21:00;0,0000
2026-04-28 22:00;0,0000
2026-04-28 23:00;0,0000
2026-04-29 00:00;0,0000
2026-04-29 01:00;0,0000
2026-04-29 02:00;0,0000
2026-04-29 03:00;0,0000
2026-04-29 04:00;0,0000
2026-04-29 05:00;0,0000
2026-04-29 06:00;0,1500
2026-04-29 07:00;0,1500
2026-04-29 08:00;0,1500
2026-04-29 09:00;0,3213
2026-04-29 10:00;0,5592
2026-04-29 11:00;0,7632
2026-04-29 12:00;0,8508
2026-04-29 13:00;0,9747
2026-04-29 14:00;0,8663
2026-04-29 15:00;0,8613
2026-04-29 16:00;0,6693
2026-04-29 17:00;0,4770
2026-04-29 18:00;0,3148
2026-04-29 19:00;0,1500
2026-04-29 20:00;0,1500
2026-04-29 21:00;0,0000
2026-04-29 22:00;0,0000
2026-04-29 23:00;0,0000
2026-04-30 00:00;0,0000
2026-04-30 01:00;0,0000
2026-04-30 02:00;0,0000
2026-04-30 03:00;0,0000
2026-04-30 04:00;0,0000
2026-04-30 05:00;0,0000
2026-04-30 06:00;0,1500
2026-04-30 07:00;0,1500
2026-04-30 08:00;0,1691
2026-04-30 09:00;0,3805
2026-04-30 10:00;0,5451
2026-04-30 11:00;0,7227
2026-04-30 12:00;0,7540
2026-04-30 13:00;0,7443
2026-04-30 14:00;0,8404
2026-04-30 15:00;0,6378
2026-04-30 16:00;0,4146
2026-04-30 17:00;0,3677
2026-04-30 18:00;0,2236
2026-04-30 19:00;0,1500
2026-04-30 20:00;0,1500
2026-04-30 21:00;0,0000
2026-04-30 22:00;0,0000
2026-04-30 23:00;0,0000
2026-05-01 00:00;0,0000
2026-05-01 01:00;0,0000
2026-05-01 02:00;0,0000
2026-05-01 03:00;0,0000
2026-05-01 04:00;0,0000
2026-05-01 05:00;0,0000
2026-05-01 06:00;0,1500
2026-05-01 07:00;0,1500
2026-05-01 08:00;0,2588
2026-05-01 09:00;0,4519
2026-05-01 10:00;0,6693
2026-05-01 11:00;0,8734
2026-05-01 12:00;1,0000
2026-05-01 13:00;0,9348
2026-05-01 14:00;0,9572
2026-05-01 15:00;0,7269
2026-05-01 16:00;0,5996
2026-05-01 17:00;0,3348
2026-05-01 18:00;0,1612
2026-05-01 19:00;0,1500
2026-05-01 20:00;0,1500
2026-05-01 21:00;0,0000
2026-05-01 22:00;0,0000
2026-05-01 23:00;0,0000
2026-05-02 00:00;0,0000
2026-05-02 01:00;0,0000
2026-05-02 02:00;0,0000
2026-05-02 03:00;0,0000
2026-05-02 04:00;0,0000
2026-05-02 05:00;0,0000
2026-05-02 06:00;0,1500
2026-05-02 07:00;0,1500
2026-05-02 08:00;0,2514
2026-05-02 09:00;0,4698
2026-05-02 10:00;0,6803
2026-05-02 11:00;0,8750
2026-05-02 12:00;0,8876
2026-05-02 13:00;0,8727
2026-05-02 14:00;0,8141
2026-05-02 15:00;0,8788
2026-05-02 16:00;0,7300
2026-05-02 17:00;0,4173
2026-05-02 18:00;0,2303
2026-05-02 19:00;0,1500
2026-05-02 20:00;0,1500
2026-05-02 21:00;0,0000
2026-05-02 22:00;0,0000
2026-05-02 23:00;0,0000
2026-05-03 00:00;0,0000
2026-05-03 01:00;0,0000
2026-05-03 02:00;0,0000
2026-05-03 03:00;0,0000
2026-05-03 04:00;0,0000
2026-05-03 05:00;0,0000
2026-05-03 06:00;0,1500
2026-05-03 07:00;0,1500
2026-05-03 08:00;0,2088
2026-05-03 09:00;0,4127
2026-05-03 10:00;0,6040
2026-05-03 11:00;0,8267
2026-05-03 12:00;0,9135
2026-05-03 13:00;0,9880
2026-05-03 14:00;0,9967
2026-05-03 15:00;0,8140
2026-05-03 16:00;0,6440
2026-05-03 17:00;0,5094
2026-05-03 18:00;0,2476
2026-05-03 19:00;0,1916
2026-05-03 20:00;0,1500
2026-05-03 21:00;0,0000
2026-05-03 22:00;0,0000
2026-05-03 23:00;0,0000
2026-05-04 00:00;0,0000
2026-05-04 01:00;0,0000
2026-05-04 02:00;0,0000
2026-05-04 03:00;0,0000
2026-05-04 04:00;0,0000
2026-05-04 05:00;0,0000
2026-05-04 06:00;0,1500
2026-05-04 07:00;0,2541
2026-05-04 08:00;0,3933
2026-05-04 09:00;0,5134
2026-05-04 10:00;0,7083
2026-05-04 11:00;0,7826
2026-05-04 12:00;0,8457
2026-05-04 13:00;0,8598
2026-05-04 14:00;0,6944
2026-05-04 15:00;0,5284
2026-05-04 16:00;0,4129
2026-05-04 17:00;0,2662
2026-05-04 18:00;0,1500
2026-05-04 19:00;0,1500
2026-05-04 20:00;0,1500
2026-05-04 21:00;0,0000
2026-05-04 22:00;0,0000
2026-05-04 23:00;0,0000
2026-05-05 00:00;0,0000
2026-05-05 01:00;0,0000
2026-05-05 02:00;0,0000
2026-05-05 03:00;0,0000
2026-05-05 04:00;0,0000
2026-05-05 05:00;0,0000
2026-05-05 06:00;0,1500
2026-05-05 07:00;0,2497
2026-05-05 08:00;0,4123
2026-05-05 09:00;0,6249
2026-05-05 10:00;0,7455
2026-05-05 11:00;0,8409
2026-05-05 12:00;0,8701
2026-05-05 13:00;0,9128
2026-05-05 14:00;0,8255
2026-05-05 15:00;0,6383
2026-05-05 16:00;0,3728
2026-05-05 17:00;0,2883
2026-05-05 18:00;0,2093
2026-05-05 19:00;0,1500
2026-05-05 20:00;0,1500
2026-05-05 21:00;0,0000
2026-05-05 22:00;0,0000
2026-05-05 23:00;0,0000
2026-05-06 00:00;0,0000
2026-05-06 01:00;0,0000
2026-05-06 02:00;0,0000
2026-05-06 03:00;0,0000
2026-05-06 04:00;0,0000
2026-05-06 05:00;0,0000
2026-05-06 06:00;0,1500
2026-05-06 07:00;0,1500
2026-05-06 08:00;0,2108
2026-05-06 09:00;0,3604
2026-05-06 10:00;0,5026
2026-05-06 11:00;0,5941
2026-05-06 12:00;0,6816
2026-05-06 13:00;0,7328
2026-05-06 14:00;0,8551
2026-05-06 15:00;0,8579
2026-05-06 16:00;0,7101
2026-05-06 17:00;0,4849
2026-05-06 18:00;0,3459
2026-05-06 19:00;0,1650
2026-05-06 20:00;0,1500
2026-05-06 21:00;0,0000
2026-05-06 22:00;0,0000
2026-05-06 23:00;0,0000
2026-05-07 00:00;0,0000
2026-05-07 01:00;0,0000
2026-05-07 02:00;0,0000
2026-05-07 03:00;0,0000
2026-05-07 04:00;0,0000
2026-05-07 05:00;0,0000
2026-05-07 06:00;0,1500
2026-05-07 07:00;0,1500
2026-05-07 08:00;0,2293
2026-05-07 09:00;0,4732
2026-05-07 10:00;0,7079
2026-05-07 11:00;0,7896
2026-05-07 12:00;0,9021
2026-05-07 13:00;0,8797
2026-05-07 14:00;0,7865
2026-05-07 15:00;0,8291
2026-05-07 16:00;0,5353
2026-05-07 17:00;0,3744
2026-05-07 18:00;0,2743
2026-05-07 19:00;0,1654
2026-05-07 20:00;0,1500
2026-05-07 21:00;0,0000
2026-05-07 22:00;0,0000
2026-05-07 23:00;0,0000
2026-05-08 00:00;0,0000
2026-05-08 01:00;0,0000
2026-05-08 02:00;0,0000
2026-05-08 03:00;0,0000
2026-05-08 04:00;0,0000
2026-05-08 05:00;0,0000
2026-05-08 06:00;0,1500
2026-05-08 07:00;0,1500
2026-05-08 08:00;0,2035
2026-05-08 09:00;0,3296
2026-05-08 10:00;0,4857
2026-05-08 11:00;0,7395
2026-05-08 12:00;0,9149
2026-05-08 13:00;0,9404
2026-05-08 14:00;0,9459
2026-05-08 15:00;0,7697
2026-05-08 16:00;0,6870
2026-05-08 17:00;0,3521
2026-05-08 18:00;0,1883
2026-05-08 19:00;0,1500
2026-05-08 20:00;0,1500
2026-05-08 21:00;0,0000
2026-05-08 22:00;0,0000
2026-05-08 23:00;0,0000
2026-05-09 00:00;0,0000
2026-05-09 01:00;0,0000
2026-05-09 02:00;0,0000
2026-05-09 03:00;0,0000
2026-05-09 04:00;0,0000
2026-05-09 05:00;0,0000
2026-05-09 06:00;0,1500
2026-05-09 07:00;0,1500
2026-05-09 08:00;0,2906
2026-05-09 09:00;0,4597
2026-05-09 10:00;0,5996
2026-05-09 11:00;0,6198
2026-05-09 12:00;0,8017
2026-05-09 13:00;0,9108
2026-05-09 14:00;0,9012
2026-05-09 15:00;0,8869
2026-05-09 16:00;0,7355
2026-05-09 17:00;0,6825
2026-05-09 18:00;0,4071
2026-05-09 19:00;0,2269
2026-05-09 20:00;0,1500
2026-05-09 21:00;0,0000
2026-05-09 22:00;0,0000
2026-05-09 23:00;0,0000
2026-05-10 00:00;0,0000
2026-05-10 01:00;0,0000
2026-05-10 02:00;0,0000
2026-05-10 03:00;0,0000
2026-05-10 04:00;0,0000
2026-05-10 05:00;0,0000
2026-05-10 06:00;0,1500
2026-05-10 07:00;0,1500
2026-05-10 08:00;0,2084
2026-05-10 09:00;0,3307
2026-05-10 10:00;0,4902
2026-05-10 11:00;0,6368
2026-05-10 12:00;0,8200
2026-05-10 13:00;1,0000
2026-05-10 14:00;1,0000
2026-05-10 15:00;0,8778
2026-05-10 16:00;0,7582
2026-05-10 17:00;0,5476
2026-05-10 18:00;0,3957
2026-05-10 19:00;0,1998
2026-05-10 20:00;0,1500
2026-05-10 21:00;0,0000
2026-05-10 22:00;0,0000
2026-05-10 23:00;0,0000
2026-05-11 00:00;0,0000
2026-05-11 01:00;0,0000
2026-05-11 02:00;0,0000
2026-05-11 03:00;0,0000
2026-05-11 04:00;0,0000
2026-05-11 05:00;0,0000
2026-05-11 06:00;0,1500
2026-05-11 07:00;0,1500
2026-05-11 08:00;0,1834
2026-05-11 09:00;0,3327
2026-05-11 10:00;0,4307
2026-05-11 11:00;0,6199
2026-05-11 12:00;0,7364
2026-05-11 13:00;0,7588
2026-05-11 14:00;0,8961
2026-05-11 15:00;1,0000
2026-05-11 16:00;0,8587
2026-05-11 17:00;0,7010
2026-05-11 18:00;0,4802
2026-05-11 19:00;0,2532
2026-05-11 20:00;0,1500
2026-05-11 21:00;0,0000
2026-05-11 22:00;0,0000
2026-05-11 23:00;0,0000
2026-05-12 00:00;0,0000
2026-05-12 01:00;0,0000
2026-05-12 02:00;0,0000
2026-05-12 03:00;0,0000
2026-05-12 04:00;0,0000
2026-05-12 05:00;0,0000
2026-05-12 06:00;0,1500
2026-05-12 07:00;0,1500
2026-05-12 08:00;0,1500
2026-05-12 09:00;0,3117
2026-05-12 10:00;0,4917
2026-05-12 11:00;0,7189
2026-05-12 12:00;0,8699
2026-05-12 13:00;1,0000
2026-05-12 14:00;1,0000
2026-05-12 15:00;0,8685
2026-05-12 16:00;0,8023
2026-05-12 17:00;0,5993
2026-05-12 18:00;0,4302
2026-05-12 19:00;0,2222
2026-05-12 20:00;0,1500
2026-05-12 21:00;0,0000
2026-05-12 22:00;0,0000
2026-05-12 23:00;0,0000
2026-05-13 00:00;0,0000
2026-05-13 01:00;0,0000
2026-05-13 02:00;0,0000
2026-05-13 03:00;0,0000
2026-05-13 04:00;0,0000
2026-05-13 05:00;0,0000
2026-05-13 06:00;0,1500
2026-05-13 07:00;0,1500
2026-05-13 08:00;0,2427
2026-05-13 09:00;0,4468
2026-05-13 10:00;0,6213
2026-05-13 11:00;0,7892
2026-05-13 12:00;0,7930
2026-05-13 13:00;0,7644
2026-05-13 14:00;0,8086
2026-05-13 15:00;0,7171
2026-05-13 16:00;0,6953
2026-05-13 17:00;0,5246
2026-05-13 18:00;0,2506
2026-05-13 19:00;0,1500
2026-05-13 20:00;0,1500
2026-05-13 21:00;0,0000
2026-05-13 22:00;0,0000
2026-05-13 23:00;0,0000
2026-05-14 00:00;0,0000
2026-05-14 01:00;0,0000
2026-05-14 02:00;0,0000
2026-05-14 03:00;0,0000
2026-05-14 04:00;0,0000
2026-05-14 05:00;0,0000
2026-05-14 06:00;0,1500
2026-05-14 07:00;0,2685
2026-05-14 08:00;0,5223
2026-05-14 09:00;0,6548
2026-05-14 10:00;0,7338
2026-05-14 11:00;0,7631
2026-05-14 12:00;0,7016
2026-05-14 13:00;0,6834
2026-05-14 14:00;0,6670
2026-05-14 15:00;0,5491
2026-05-14 16:00;0,3670
2026-05-14 17:00;0,2420
2026-05-14 18:00;0,1500
2026-05-14 19:00;0,1500
2026-05-14 20:00;0,1500
2026-05-14 21:00;0,0000
2026-05-14 22:00;0,0000
2026-05-14 23:00;0,0000
2026-05-15 00:00;0,0000
2026-05-15 01:00;0,0000
2026-05-15 02:00;0,0000
2026-05-15 03:00;0,0000
2026-05-15 04:00;0,0000
2026-05-15 05:00;0,0000
2026-05-15 06:00;0,1500
2026-05-15 07:00;0,2520
2026-05-15 08:00;0,4799
2026-05-15 09:00;0,6979
2026-05-15 10:00;0,8978
2026-05-15 11:00;0,8346
2026-05-15 12:00;0,8320
2026-05-15 13:00;0,7585
2026-05-15 14:00;0,6134
2026-05-15 15:00;0,4457
2026-05-15 16:00;0,3012
2026-05-15 17:00;0,1889
2026-05-15 18:00;0,1500
2026-05-15 19:00;0,1500
2026-05-15 20:00;0,1500
2026-05-15 21:00;0,0000
2026-05-15 22:00;0,0000
2026-05-15 23:00;0,0000
2026-05-16 00:00;0,0000
2026-05-16 01:00;0,0000
2026-05-16 02:00;0,0000
2026-05-16 03:00;0,0000
2026-05-16 04:00;0,0000
2026-05-16 05:00;0,0000
2026-05-16 06:00;0,1500
2026-05-16 07:00;0,1500
2026-05-16 08:00;0,1822
2026-05-16 09:00;0,3786
2026-05-16 10:00;0,6088
2026-05-16 11:00;0,8067
2026-05-16 12:00;0,9362
2026-05-16 13:00;0,9105
2026-05-16 14:00;0,8446
2026-05-16 15:00;0,7002
2026-05-16 16:00;0,7331
2026-05-16 17:00;0,5742
2026-05-16 18:00;0,3855
2026-05-16 19:00;0,1850
2026-05-16 20:00;0,1500
2026-05-16 21:00;0,0000
2026-05-16 22:00;0,0000
2026-05-16 23:00;0,0000
2026-05-17 00:00;0,0000
2026-05-17 01:00;0,0000
2026-05-17 02:00;0,0000
2026-05-17 03:00;0,0000
2026-05-17 04:00;0,0000
2026-05-17 05:00;0,0000
2026-05-17 06:00;0,1500
2026-05-17 07:00;0,1500
2026-05-17 08:00;0,3076
2026-05-17 09:00;0,4476
2026-05-17 10:00;0,5750
2026-05-17 11:00;0,6595
2026-05-17 12:00;0,6849
2026-05-17 13:00;0,8723
2026-05-17 14:00;0,7825
2026-05-17 15:00;0,5880
2026-05-17 16:00;0,4623
2026-05-17 17:00;0,4078
2026-05-17 18:00;0,2571
2026-05-17 19:00;0,1500
2026-05-17 20:00;0,1500
2026-05-17 21:00;0,0000
2026-05-17 22:00;0,0000
2026-05-17 23:00;0,0000
2026-05-18 00:00;0,0000
2026-05-18 01:00;0,0000
2026-05-18 02:00;0,0000
2026-05-18 03:00;0,0000
2026-05-18 04:00;0,0000
2026-05-18 05:00;0,0000
2026-05-18 06:00;0,1500
2026-05-18 07:00;0,1500
2026-05-18 08:00;0,2163
2026-05-18 09:00;0,4029
2026-05-18 10:00;0,5819
2026-05-18 11:00;0,7063
2026-05-18 12:00;0,8049
2026-05-18 13:00;0,9426
2026-05-18 14:00;0,9193
2026-05-18 15:00;0,8046
2026-05-18 16:00;0,7034
2026-05-18 17:00;0,5476
2026-05-18 18:00;0,3463
2026-05-18 19:00;0,1783
2026-05-18 20:00;0,1500
2026-05-18 21:00;0,0000
2026-05-18 22:00;0,0000
2026-05-18 23:00;0,0000
2026-05-19 00:00;0,0000
2026-05-19 01:00;0,0000
2026-05-19 02:00;0,0000
2026-05-19 03:00;0,0000
2026-05-19 04:00;0,0000
2026-05-19 05:00;0,0000
2026-05-19 06:00;0,1500
2026-05-19 07:00;0,1500
2026-05-19 08:00;0,2529
2026-05-19 09:00;0,3930
2026-05-19 10:00;0,5356
2026-05-19 11:00;0,5769
2026-05-19 12:00;0,6859
2026-05-19 13:00;0,8157
2026-05-19 14:00;0,8082
2026-05-19 15:00;0,8334
2026-05-19 16:00;0,7323
2026-05-19 17:00;0,5146
2026-05-19 18:00;0,3524
2026-05-19 19:00;0,1758
2026-05-19 20:00;0,1500
2026-05-19 21:00;0,0000
2026-05-19 22:00;0,0000
2026-05-19 23:00;0,0000
2026-05-20 00:00;0,0000
2026-05-20 01:00;0,0000
2026-05-20 02:00;0,0000
2026-05-20 03:00;0,0000
2026-05-20 04:00;0,0000
2026-05-20 05:00;0,0000
2026-05-20 06:00;0,1500
2026-05-20 07:00;0,1500
2026-05-20 08:00;0,2551
2026-05-20 09:00;0,4718
2026-05-20 10:00;0,7280
2026-05-20 11:00;0,8174
2026-05-20 12:00;0,9985
2026-05-20 13:00;1,0000
2026-05-20 14:00;1,0000
2026-05-20 15:00;0,9418
2026-05-20 16:00;0,6338
2026-05-20 17:00;0,5508
2026-05-20 18:00;0,3615
2026-05-20 19:00;0,2288
2026-05-20 20:00;0,1500
2026-05-20 21:00;0,0000
2026-05-20 22:00;0,0000
2026-05-20 23:00;0,0000
2026-05-21 00:00;0,0000
2026-05-21 01:00;0,0000
2026-05-21 02:00;0,0000
2026-05-21 03:00;0,0000
2026-05-21 04:00;0,0000
2026-05-21 05:00;0,0000
2026-05-21 06:00;0,1500
2026-05-21 07:00;0,1500
2026-05-21 08:00;0,2046
2026-05-21 09:00;0,4131
2026-05-21 10:00;0,6023
2026-05-21 11:00;0,8107
2026-05-21 12:00;0,8165
2026-05-21 13:00;0,8297
2026-05-21 14:00;0,7252
2026-05-21 15:00;0,7788
2026-05-21 16:00;0,6653
2026-05-21 17:00;0,4221
2026-05-21 18:00;0,2778
2026-05-21 19:00;0,1500
2026-05-21 20:00;0,1500
2026-05-21 21:00;0,0000
2026-05-21 22:00;0,0000
2026-05-21 23:00;0,0000
2026-05-22 00:00;0,0000
2026-05-22 01:00;0,0000
2026-05-22 02:00;0,0000
2026-05-22 03:00;0,0000
2026-05-22 04:00;0,0000
2026-05-22 05:00;0,0000
2026-05-22 06:00;0,1500
2026-05-22 07:00;0,1500
2026-05-22 08:00;0,2297
2026-05-22 09:00;0,4182
2026-05-22 10:00;0,6695
2026-05-22 11:00;0,7329
2026-05-22 12:00;0,8829
2026-05-22 13:00;0,9535
2026-05-22 14:00;0,8979
2026-05-22 15:00;0,8612
2026-05-22 16:00;0,7595
2026-05-22 17:00;0,5575
2026-05-22 18:00;0,3114
2026-05-22 19:00;0,1687
2026-05-22 20:00;0,1500
2026-05-22 21:00;0,0000
2026-05-22 22:00;0,0000
2026-05-22 23:00;0,0000
2026-05-23 00:00;0,0000
2026-05-23 01:00;0,0000
2026-05-23 02:00;0,0000
2026-05-23 03:00;0,0000
2026-05-23 04:00;0,0000
2026-05-23 05:00;0,0000
2026-05-23 06:00;0,1500
2026-05-23 07:00;0,1500
2026-05-23 08:00;0,2192
2026-05-23 09:00;0,4475
2026-05-23 10:00;0,6748
2026-05-23 11:00;0,7455
2026-05-23 12:00;0,7877
2026-05-23 13:00;0,8472
2026-05-23 14:00;0,8629
2026-05-23 15:00;0,7744
2026-05-23 16:00;0,5690
2026-05-23 17:00;0,4436
2026-05-23 18:00;0,2764
2026-05-23 19:00;0,1838
2026-05-23 20:00;0,1500
2026-05-23 21:00;0,0000
2026-05-23 22:00;0,0000
2026-05-23 23:00;0,0000
2026-05-24 00:00;0,0000
2026-05-24 01:00;0,0000
2026-05-24 02:00;0,0000
2026-05-24 03:00;0,0000
2026-05-24 04:00;0,0000
2026-05-24 05:00;0,0000
2026-05-24 06:00;0,1500
2026-05-24 07:00;0,1500
2026-05-24 08:00;0,2108
2026-05-24 09:00;0,3460
2026-05-24 10:00;0,5230
2026-05-24 11:00;0,6400
2026-05-24 12:00;0,6972
2026-05-24 13:00;0,7197
2026-05-24 14:00;0,6927
2026-05-24 15:00;0,7309
2026-05-24 16:00;0,6003
2026-05-24 17:00;0,5509
2026-05-24 18:00;0,3707
2026-05-24 19:00;0,2210
2026-05-24 20:00;0,1500
2026-05-24 21:00;0,0000
2026-05-24 22:00;0,0000
2026-05-24 23:00;0,0000
2026-05-25 00:00;0,0000
2026-05-25 01:00;0,0000
2026-05-25 02:00;0,0000
2026-05-25 03:00;0,0000
2026-05-25 04:00;0,0000
2026-05-25 05:00;0,0000
2026-05-25 06:00;0,1500
2026-05-25 07:00;0,1500
2026-05-25 08:00;0,1500
2026-05-25 09:00;0,2723
2026-05-25 10:00;0,4460
2026-05-25 11:00;0,6842
2026-05-25 12:00;0,7446
2026-05-25 13:00;0,7748
2026-05-25 14:00;0,7544
2026-05-25 15:00;0,8736
2026-05-25 16:00;0,7802
2026-05-25 17:00;0,6226
2026-05-25 18:00;0,3613
2026-05-25 19:00;0,1841
2026-05-25 20:00;0,1500
2026-05-25 21:00;0,0000
2026-05-25 22:00;0,0000
2026-05-25 23:00;0,0000
2026-05-26 00:00;0,0000
2026-05-26 01:00;0,0000
2026-05-26 02:00;0,0000
2026-05-26 03:00;0,0000
2026-05-26 04:00;0,0000
2026-05-26 05:00;0,0000
2026-05-26 06:00;0,1500
2026-05-26 07:00;0,1500
2026-05-26 08:00;0,2522
2026-05-26 09:00;0,3821
2026-05-26 10:00;0,6054
2026-05-26 11:00;0,7295
2026-05-26 12:00;0,8400
2026-05-26 13:00;0,9284
2026-05-26 14:00;0,9724
2026-05-26 15:00;0,7269
2026-05-26 16:00;0,5144
2026-05-26 17:00;0,4584
2026-05-26 18:00;0,3182
2026-05-26 19:00;0,1500
2026-05-26 20:00;0,1500
2026-05-26 21:00;0,0000
2026-05-26 22:00;0,0000
2026-05-26 23:00;0,0000
2026-05-27 00:00;0,0000
2026-05-27 01:00;0,0000
2026-05-27 02:00;0,0000
2026-05-27 03:00;0,0000
2026-05-27 04:00;0,0000
2026-05-27 05:00;0,0000
2026-05-27 06:00;0,1500
2026-05-27 07:00;0,1968
2026-05-27 08:00;0,4022
2026-05-27 09:00;0,6316
2026-05-27 10:00;0,7479
2026-05-27 11:00;0,8026
2026-05-27 12:00;0,9115
2026-05-27 13:00;0,7705
2026-05-27 14:00;0,7282
2026-05-27 15:00;0,6213
2026-05-27 16:00;0,3388
2026-05-27 17:00;0,1968
2026-05-27 18:00;0,1500
2026-05-27 19:00;0,1500
2026-05-27 20:00;0,1500
2026-05-27 21:00;0,0000
2026-05-27 22:00;0,0000
2026-05-27 23:00;0,0000
2026-05-28 00:00;0,0000
2026-05-28 01:00;0,0000
2026-05-28 02:00;0,0000
2026-05-28 03:00;0,0000
2026-05-28 04:00;0,0000
2026-05-28 05:00;0,0000
2026-05-28 06:00;0,1500
2026-05-28 07:00;0,1500
2026-05-28 08:00;0,2652
2026-05-28 09:00;0,4440
2026-05-28 10:00;0,6513
2026-05-28 11:00;0,7395
2026-05-28 12:00;0,8978
2026-05-28 13:00;0,9580
2026-05-28 14:00;0,8661
2026-05-28 15:00;0,8062
2026-05-28 16:00;0,6852
2026-05-28 17:00;0,5638
2026-05-28 18:00;0,3576
2026-05-28 19:00;0,1979
2026-05-28 20:00;0,1500
2026-05-28 21:00;0,0000
2026-05-28 22:00;0,0000
2026-05-28 23:00;0,0000
2026-05-29 00:00;0,0000
2026-05-29 01:00;0,0000
2026-05-29 02:00;0,0000
2026-05-29 03:00;0,0000
2026-05-29 04:00;0,0000
2026-05-29 05:00;0,0000
2026-05-29 06:00;0,1500
2026-05-29 07:00;0,1500
2026-05-29 08:00;0,1500
2026-05-29 09:00;0,3180
2026-05-29 10:00;0,4697
2026-05-29 11:00;0,6942
2026-05-29 12:00;0,8873
2026-05-29 13:00;1,0000
2026-05-29 14:00;0,9116
2026-05-29 15:00;0,8795
2026-05-29 16:00;0,7257
2026-05-29 17:00;0,5558
2026-05-29 18:00;0,3961
2026-05-29 19:00;0,1966
2026-05-29 20:00;0,1500
2026-05-29 21:00;0,0000
2026-05-29 22:00;0,0000
2026-05-29 23:00;0,0000
2026-05-30 00:00;0,0000
2026-05-30 01:00;0,0000
2026-05-30 02:00;0,0000
2026-05-30 03:00;0,0000
2026-05-30 04:00;0,0000
2026-05-30 05:00;0,0000
2026-05-30 06:00;0,1500
2026-05-30 07:00;0,1500
2026-05-30 08:00;0,1971
2026-05-30 09:00;0,3523
2026-05-30 10:00;0,5411
2026-05-30 11:00;0,6774
2026-05-30 12:00;0,8574
2026-05-30 13:00;0,9749
2026-05-30 14:00;0,9178
2026-05-30 15:00;0,9002
2026-05-30 16:00;0,6430
2026-05-30 17:00;0,4749
2026-05-30 18:00;0,2912
2026-05-30 19:00;0,1882
2026-05-30 20:00;0,1500
2026-05-30 21:00;0,0000
2026-05-30 22:00;0,0000
2026-05-30 23:00;0,0000
2026-05-31 00:00;0,0000
2026-05-31 01:00;0,0000
2026-05-31 02:00;0,0000
2026-05-31 03:00;0,0000
2026-05-31 04:00;0,0000
2026-05-31 05:00;0,0000
2026-05-31 06:00;0,1500
2026-05-31 07:00;0,1500
2026-05-31 08:00;0,1929
2026-05-31 09:00;0,3710
2026-05-31 10:00;0,4709
2026-05-31 11:00;0,5852
2026-05-31 12:00;0,7337
2026-05-31 13:00;0,7281
2026-05-31 14:00;0,8145
2026-05-31 15:00;0,8074
2026-05-31 16:00;0,7603
2026-05-31 17:00;0,5558
2026-05-31 18:00;0,3566
2026-05-31 19:00;0,1968
2026-05-31 20:00;0,1500
2026-05-31 21:00;0,0000
2026-05-31 22:00;0,0000
2026-05-31 23:00;0,0000
2026-06-01 00:00;0,0000
2026-06-01 01:00;0,0000
2026-06-01 02:00;0,0000
2026-06-01 03:00;0,0000
2026-06-01 04:00;0,0000
2026-06-01 05:00;0,0000
2026-06-01 06:00;0,1500
2026-06-01 07:00;0,1500
2026-06-01 08:00;0,3249
2026-06-01 09:00;0,5704
2026-06-01 10:00;0,7800
2026-06-01 11:00;0,9966
2026-06-01 12:00;1,0000
2026-06-01 13:00;0,9743
2026-06-01 14:00;0,9951
2026-06-01 15:00;0,9396
2026-06-01 16:00;0,7465
2026-06-01 17:00;0,6527
2026-06-01 18:00;0,4855
2026-06-01 19:00;0,2481
2026-06-01 20:00;0,1500
2026-06-01 21:00;0,0000
2026-06-01 22:00;0,0000
2026-06-01 23:00;0,0000
2026-06-02 00:00;0,0000
2026-06-02 01:00;0,0000
2026-06-02 02:00;0,0000
2026-06-02 03:00;0,0000
2026-06-02 04:00;0,0000
2026-06-02 05:00;0,0000
2026-06-02 06:00;0,1500
2026-06-02 07:00;0,1500
2026-06-02 08:00;0,2510
2026-06-02 09:00;0,4214
2026-06-02 10:00;0,6786
2026-06-02 11:00;0,8427
2026-06-02 12:00;0,9370
2026-06-02 13:00;0,9549
2026-06-02 14:00;0,8062
2026-06-02 15:00;0,7074
2026-06-02 16:00;0,7311
2026-06-02 17:00;0,5440
2026-06-02 18:00;0,3542
2026-06-02 19:00;0,2144
2026-06-02 20:00;0,1500
2026-06-02 21:00;0,0000
2026-06-02 22:00;0,0000
2026-06-02 23:00;0,0000
2026-06-03 00:00;0,0000
2026-06-03 01:00;0,0000
2026-06-03 02:00;0,0000
2026-06-03 03:00;0,0000
2026-06-03 04:00;0,0000
2026-06-03 05:00;0,0000
2026-06-03 06:00;0,1500
2026-06-03 07:00;0,1500
2026-06-03 08:00;0,2620
2026-06-03 09:00;0,4206
2026-06-03 10:00;0,6787
2026-06-03 11:00;0,7205
2026-06-03 12:00;0,9163
2026-06-03 13:00;0,9391
2026-06-03 14:00;0,9267
2026-06-03 15:00;0,8252
2026-06-03 16:00;0,7644
2026-06-03 17:00;0,4703
2026-06-03 18:00;0,3903
2026-06-03 19:00;0,2367
2026-06-03 20:00;0,1500
2026-06-03 21:00;0,0000
2026-06-03 22:00;0,0000
2026-06-03 23:00;0,0000
2026-06-04 00:00;0,0000
2026-06-04 01:00;0,0000
2026-06-04 02:00;0,0000
2026-06-04 03:00;0,0000
2026-06-04 04:00;0,0000
2026-06-04 05:00;0,0000
2026-06-04 06:00;0,1500
2026-06-04 07:00;0,2981
2026-06-04 08:00;0,5391
2026-06-04 09:00;0,7583
2026-06-04 10:00;0,8371
2026-06-04 11:00;0,8658
2026-06-04 12:00;0,8657
2026-06-04 13:00;0,9486
2026-06-04 14:00;0,7636
2026-06-04 15:00;0,5953
2026-06-04 16:00;0,5112
2026-06-04 17:00;0,3472
2026-06-04 18:00;0,2230
2026-06-04 19:00;0,1500
2026-06-04 20:00;0,1500
2026-06-04 21:00;0,0000
2026-06-04 22:00;0,0000
2026-06-04 23:00;0,0000
2026-06-05 00:00;0,0000
2026-06-05 01:00;0,0000
2026-06-05 02:00;0,0000
2026-06-05 03:00;0,0000
2026-06-05 04:00;0,0000
2026-06-05 05:00;0,0000
2026-06-05 06:00;0,1500
2026-06-05 07:00;0,1500
2026-06-05 08:00;0,2186
2026-06-05 09:00;0,3743
2026-06-05 10:00;0,5343
2026-06-05 11:00;0,6672
2026-06-05 12:00;0,7976
2026-06-05 13:00;0,8844
2026-06-05 14:00;0,9739
2026-06-05 15:00;0,8247
2026-06-05 16:00;0,7129
2026-06-05 17:00;0,5301
2026-06-05 18:00;0,3620
2026-06-05 19:00;0,2271
2026-06-05 20:00;0,1500
2026-06-05 21:00;0,0000
2026-06-05 22:00;0,0000
2026-06-05 23:00;0,0000
2026-06-06 00:00;0,0000
2026-06-06 01:00;0,0000
2026-06-06 02:00;0,0000
2026-06-06 03:00;0,0000
2026-06-06 04:00;0,0000
2026-06-06 05:00;0,0000
2026-06-06 06:00;0,1500
2026-06-06 07:00;0,2878
2026-06-06 08:00;0,5084
2026-06-06 09:00;0,6620
2026-06-06 10:00;0,8945
2026-06-06 11:00;1,0000
2026-06-06 12:00;1,0000
2026-06-06 13:00;0,9272
2026-06-06 14:00;0,8500
2026-06-06 15:00;0,7062
2026-06-06 16:00;0,4979
2026-06-06 17:00;0,2964
2026-06-06 18:00;0,1923
2026-06-06 19:00;0,1500
2026-06-06 20:00;0,1500
2026-06-06 21:00;0,0000
2026-06-06 22:00;0,0000
2026-06-06 23:00;0,0000
2026-06-07 00:00;0,0000
2026-06-07 01:00;0,0000
2026-06-07 02:00;0,0000
2026-06-07 03:00;0,0000
2026-06-07 04:00;0,0000
2026-06-07 05:00;0,0000
2026-06-07 06:00;0,1500
2026-06-07 07:00;0,1500
2026-06-07 08:00;0,2446
2026-06-07 09:00;0,4231
2026-06-07 10:00;0,5614
2026-06-07 11:00;0,6818
2026-06-07 12:00;0,8404
2026-06-07 13:00;0,9058
2026-06-07 14:00;1,0000
2026-06-07 15:00;0,8243
2026-06-07 16:00;0,7198
2026-06-07 17:00;0,4455
2026-06-07 18:00;0,3633
2026-06-07 19:00;0,2065
2026-06-07 20:00;0,1500
2026-06-07 21:00;0,0000
2026-06-07 22:00;0,0000
2026-06-07 23:00;0,0000
2026-06-08 00:00;0,0000
2026-06-08 01:00;0,0000
2026-06-08 02:00;0,0000
2026-06-08 03:00;0,0000
2026-06-08 04:00;0,0000
2026-06-08 05:00;0,0000
2026-06-08 06:00;0,1500
2026-06-08 07:00;0,1500
2026-06-08 08:00;0,2479
2026-06-08 09:00;0,4980
2026-06-08 10:00;0,6407
2026-06-08 11:00;0,7781
2026-06-08 12:00;0,8086
2026-06-08 13:00;0,8649
2026-06-08 14:00;0,9638
2026-06-08 15:00;0,8038
2026-06-08 16:00;0,6856
2026-06-08 17:00;0,5209
2026-06-08 18:00;0,3458
2026-06-08 19:00;0,1858
2026-06-08 20:00;0,1500
2026-06-08 21:00;0,0000
2026-06-08 22:00;0,0000
2026-06-08 23:00;0,0000
2026-06-09 00:00;0,0000
2026-06-09 01:00;0,0000
2026-06-09 02:00;0,0000
2026-06-09 03:00;0,0000
2026-06-09 04:00;0,0000
2026-06-09 05:00;0,0000
2026-06-09 06:00;0,1500
2026-06-09 07:00;0,1500
2026-06-09 08:00;0,2873
2026-06-09 09:00;0,4778
2026-06-09 10:00;0,5370
2026-06-09 11:00;0,7296
2026-06-09 12:00;0,8014
2026-06-09 13:00;0,8864
2026-06-09 14:00;0,9409
2026-06-09 15:00;0,8427
2026-06-09 16:00;0,8408
2026-06-09 17:00;0,6358
2026-06-09 18:00;0,4590
2026-06-09 19:00;0,2358
2026-06-09 20:00;0,1500
2026-06-09 21:00;0,0000
2026-06-09 22:00;0,0000
2026-06-09 23:00;0,0000
2026-06-10 00:00;0,0000
2026-06-10 01:00;0,0000
2026-06-10 02:00;0,0000
2026-06-10 03:00;0,0000
2026-06-10 04:00;0,0000
2026-06-10 05:00;0,0000
2026-06-10 06:00;0,1500
2026-06-10 07:00;0,1500
2026-06-10 08:00;0,2715
2026-06-10 09:00;0,4844
2026-06-10 10:00;0,6308
2026-06-10 11:00;0,7558
2026-06-10 12:00;0,8517
2026-06-10 13:00;0,8617
2026-06-10 14:00;0,9304
2026-06-10 15:00;0,8549
2026-06-10 16:00;0,6489
2026-06-10 17:00;0,4458
2026-06-10 18:00;0,3053
2026-06-10 19:00;0,2194
2026-06-10 20:00;0,1500
2026-06-10 21:00;0,0000
2026-06-10 22:00;0,0000
2026-06-10 23:00;0,0000
2026-06-11 00:00;0,0000
2026-06-11 01:00;0,0000
2026-06-11 02:00;0,0000
2026-06-11 03:00;0,0000
2026-06-11 04:00;0,0000
2026-06-11 05:00;0,0000
2026-06-11 06:00;0,1500
2026-06-11 07:00;0,1500
2026-06-11 08:00;0,2364
2026-06-11 09:00;0,3554
2026-06-11 10:00;0,6184
2026-06-11 11:00;0,7147
2026-06-11 12:00;0,8483
2026-06-11 13:00;0,8561
2026-06-11 14:00;0,9395
2026-06-11 15:00;0,9469
2026-06-11 16:00;0,7802
2026-06-11 17:00;0,6115
2026-06-11 18:00;0,5005
2026-06-11 19:00;0,2504
2026-06-11 20:00;0,1500
2026-06-11 21:00;0,0000
2026-06-11 22:00;0,0000
2026-06-11 23:00;0,0000
2026-06-12 00:00;0,0000
2026-06-12 01:00;0,0000
2026-06-12 02:00;0,0000
2026-06-12 03:00;0,0000
2026-06-12 04:00;0,0000
2026-06-12 05:00;0,0000
2026-06-12 06:00;0,1500
2026-06-12 07:00;0,1500
2026-06-12 08:00;0,1500
2026-06-12 09:00;0,4580
2026-06-12 10:00;0,6224
2026-06-12 11:00;0,7365
2026-06-12 12:00;0,8101
2026-06-12 13:00;0,9744
2026-06-12 14:00;0,9993
2026-06-12 15:00;0,8413
2026-06-12 16:00;0,6906
2026-06-12 17:00;0,3468
2026-06-12 18:00;0,2495
2026-06-12 19:00;0,1747
2026-06-12 20:00;0,1500
2026-06-12 21:00;0,0000
2026-06-12 22:00;0,0000
2026-06-12 23:00;0,0000
2026-06-13 00:00;0,0000
2026-06-13 01:00;0,0000
2026-06-13 02:00;0,0000
2026-06-13 03:00;0,0000
2026-06-13 04:00;0,0000
2026-06-13 05:00;0,0000
2026-06-13 06:00;0,1500
2026-06-13 07:00;0,2932
2026-06-13 08:00;0,5206
2026-06-13 09:00;0,7541
2026-06-13 10:00;0,9400
2026-06-13 11:00;1,0000
2026-06-13 12:00;1,0000
2026-06-13 13:00;1,0000
2026-06-13 14:00;0,8065
2026-06-13 15:00;0,7407
2026-06-13 16:00;0,5416
2026-06-13 17:00;0,3474
2026-06-13 18:00;0,1892
2026-06-13 19:00;0,1500
2026-06-13 20:00;0,1500
2026-06-13 21:00;0,0000
2026-06-13 22:00;0,0000
2026-06-13 23:00;0,0000
2026-06-14 00:00;0,0000
2026-06-14 01:00;0,0000
2026-06-14 02:00;0,0000
2026-06-14 03:00;0,0000
2026-06-14 04:00;0,0000
2026-06-14 05:00;0,0000
2026-06-14 06:00;0,1500
2026-06-14 07:00;0,1500
2026-06-14 08:00;0,2325
2026-06-14 09:00;0,4439
2026-06-14 10:00;0,6823
2026-06-14 11:00;0,8636
2026-06-14 12:00;1,0000
2026-06-14 13:00;1,0000
2026-06-14 14:00;0,9767
2026-06-14 15:00;0,9981
2026-06-14 16:00;0,9031
2026-06-14 17:00;0,6409
2026-06-14 18:00;0,4920
2026-06-14 19:00;0,2776
2026-06-14 20:00;0,1500
2026-06-14 21:00;0,0000
2026-06-14 22:00;0,0000
2026-06-14 23:00;0,0000
2026-06-15 00:00;0,0000
2026-06-15 01:00;0,0000
2026-06-15 02:00;0,0000
2026-06-15 03:00;0,0000
2026-06-15 04:00;0,0000
2026-06-15 05:00;0,0000
2026-06-15 06:00;0,1500
2026-06-15 07:00;0,1500
2026-06-15 08:00;0,2737
2026-06-15 09:00;0,4522
2026-06-15 10:00;0,6902
2026-06-15 11:00;0,7599
2026-06-15 12:00;0,8030
2026-06-15 13:00;0,8117
2026-06-15 14:00;0,8085
2026-06-15 15:00;0,8341
2026-06-15 16:00;0,6527
2026-06-15 17:00;0,4759
2026-06-15 18:00;0,3446
2026-06-15 19:00;0,1680
2026-06-15 20:00;0,1500
2026-06-15 21:00;0,0000
2026-06-15 22:00;0,0000
2026-06-15 23:00;0,0000
2026-06-16 00:00;0,0000
2026-06-16 01:00;0,0000
2026-06-16 02:00;0,0000
2026-06-16 03:00;0,0000
2026-06-16 04:00;0,0000
2026-06-16 05:00;0,0000
2026-06-16 06:00;0,1500
2026-06-16 07:00;0,1500
2026-06-16 08:00;0,2644
2026-06-16 09:00;0,4795
2026-06-16 10:00;0,6275
2026-06-16 11:00;0,8422
2026-06-16 12:00;0,9477
2026-06-16 13:00;1,0000
2026-06-16 14:00;1,0000
2026-06-16 15:00;0,8862
2026-06-16 16:00;0,7413
2026-06-16 17:00;0,5285
2026-06-16 18:00;0,2898
2026-06-16 19:00;0,2383
2026-06-16 20:00;0,1500
2026-06-16 21:00;0,0000
2026-06-16 22:00;0,0000
2026-06-16 23:00;0,0000
2026-06-17 00:00;0,0000
2026-06-17 01:00;0,0000
2026-06-17 02:00;0,0000
2026-06-17 03:00;0,0000
2026-06-17 04:00;0,0000
2026-06-17 05:00;0,0000
2026-06-17 06:00;0,1500
2026-06-17 07:00;0,1500
2026-06-17 08:00;0,2463
2026-06-17 09:00;0,3960
2026-06-17 10:00;0,5581
2026-06-17 11:00;0,6413
2026-06-17 12:00;0,8611
2026-06-17 13:00;0,9698
2026-06-17 14:00;0,9713
2026-06-17 15:00;0,9829
2026-06-17 16:00;0,8576
2026-06-17 17:00;0,6226
2026-06-17 18:00;0,4728
2026-06-17 19:00;0,2651
2026-06-17 20:00;0,1500
2026-06-17 21:00;0,0000
2026-06-17 22:00;0,0000
2026-06-17 23:00;0,0000
2026-06-18 00:00;0,0000
2026-06-18 01:00;0,0000
2026-06-18 02:00;0,0000
2026-06-18 03:00;0,0000
2026-06-18 04:00;0,0000
2026-06-18 05:00;0,0000
2026-06-18 06:00;0,1500
2026-06-18 07:00;0,1500
2026-06-18 08:00;0,2048
2026-06-18 09:00;0,4196
2026-06-18 10:00;0,6047
2026-06-18 11:00;0,8383
2026-06-18 12:00;0,8483
2026-06-18 13:00;0,9216
2026-06-18 14:00;0,9875
2026-06-18 15:00;0,8087
2026-06-18 16:00;0,7297
2026-06-18 17:00;0,5699
2026-06-18 18:00;0,2773
2026-06-18 19:00;0,1935
2026-06-18 20:00;0,1500
2026-06-18 21:00;0,0000
2026-06-18 22:00;0,0000
2026-06-18 23:00;0,0000
2026-06-19 00:00;0,0000
2026-06-19 01:00;0,0000
2026-06-19 02:00;0,0000
2026-06-19 03:00;0,0000
2026-06-19 04:00;0,0000
2026-06-19 05:00;0,0000
2026-06-19 06:00;0,1500
2026-06-19 07:00;0,1500
2026-06-19 08:00;0,2594
2026-06-19 09:00;0,5051
2026-06-19 10:00;0,6437
2026-06-19 11:00;0,7882
2026-06-19 12:00;0,8708
2026-06-19 13:00;1,0000
2026-06-19 14:00;0,8609
2026-06-19 15:00;0,9336
2026-06-19 16:00;0,7850
2026-06-19 17:00;0,6311
2026-06-19 18:00;0,4742
2026-06-19 19:00;0,2706
2026-06-19 20:00;0,1500
2026-06-19 21:00;0,0000
2026-06-19 22:00;0,0000
2026-06-19 23:00;0,0000
2026-06-20 00:00;0,0000
2026-06-20 01:00;0,0000
2026-06-20 02:00;0,0000
2026-06-20 03:00;0,0000
2026-06-20 04:00;0,0000
2026-06-20 05:00;0,0000
2026-06-20 06:00;0,1500
2026-06-20 07:00;0,1500
2026-06-20 08:00;0,2550
2026-06-20 09:00;0,4798
2026-06-20 10:00;0,6163
2026-06-20 11:00;0,7605
2026-06-20 12:00;0,8599
2026-06-20 13:00;0,8214
2026-06-20 14:00;0,8993
2026-06-20 15:00;0,8585
2026-06-20 16:00;0,6425
2026-06-20 17:00;0,4871
2026-06-20 18:00;0,3821
2026-06-20 19:00;0,1905
2026-06-20 20:00;0,1500
2026-06-20 21:00;0,0000
2026-06-20 22:00;0,0000
2026-06-20 23:00;0,0000
2026-06-21 00:00;0,0000
2026-06-21 01:00;0,0000
2026-06-21 02:00;0,0000
2026-06-21 03:00;0,0000
2026-06-21 04:00;0,0000
2026-06-21 05:00;0,0000
2026-06-21 06:00;0,1500
2026-06-21 07:00;0,1500
2026-06-21 08:00;0,2642
2026-06-21 09:00;0,4412
2026-06-21 10:00;0,6454
2026-06-21 11:00;0,8338
2026-06-21 12:00;0,8907
2026-06-21 13:00;0,9561
2026-06-21 14:00;0,9506
2026-06-21 15:00;0,8857
2026-06-21 16:00;0,7218
2026-06-21 17:00;0,5667
2026-06-21 18:00;0,3442
2026-06-21 19:00;0,1913
2026-06-21 20:00;0,1500
2026-06-21 21:00;0,0000
2026-06-21 22:00;0,0000
2026-06-21 23:00;0,0000
2026-06-22 00:00;0,0000
2026-06-22 01:00;0,0000
2026-06-22 02:00;0,0000
2026-06-22 03:00;0,0000
2026-06-22 04:00;0,0000
2026-06-22 05:00;0,0000
2026-06-22 06:00;0,1500
2026-06-22 07:00;0,2942
2026-06-22 08:00;0,4472
2026-06-22 09:00;0,6590
2026-06-22 10:00;0,7718
2026-06-22 11:00;0,8072
2026-06-22 12:00;0,8423
2026-06-22 13:00;0,7908
2026-06-22 14:00;0,7052
2026-06-22 15:00;0,6123
2026-06-22 16:00;0,5194
2026-06-22 17:00;0,3193
2026-06-22 18:00;0,1776
2026-06-22 19:00;0,1500
2026-06-22 20:00;0,1500
2026-06-22 21:00;0,0000
2026-06-22 22:00;0,0000
2026-06-22 23:00;0,0000
2026-06-23 00:00;0,0000
2026-06-23 01:00;0,0000
2026-06-23 02:00;0,0000
2026-06-23 03:00;0,0000
2026-06-23 04:00;0,0000
2026-06-23 05:00;0,0000
2026-06-23 06:00;0,1500
2026-06-23 07:00;0,1500
2026-06-23 08:00;0,2786
2026-06-23 09:00;0,5103
2026-06-23 10:00;0,6250
2026-06-23 11:00;0,7913
2026-06-23 12:00;0,9005
2026-06-23 13:00;0,9731
2026-06-23 14:00;1,0000
2026-06-23 15:00;0,8098
2026-06-23 16:00;0,7472
2026-06-23 17:00;0,5137
2026-06-23 18:00;0,3031
2026-06-23 19:00;0,2094
2026-06-23 20:00;0,1500
2026-06-23 21:00;0,0000
2026-06-23 22:00;0,0000
2026-06-23 23:00;0,0000
2026-06-24 00:00;0,0000
2026-06-24 01:00;0,0000
2026-06-24 02:00;0,0000
2026-06-24 03:00;0,0000
2026-06-24 04:00;0,0000
2026-06-24 05:00;0,0000
2026-06-24 06:00;0,1500
2026-06-24 07:00;0,1500
2026-06-24 08:00;0,2467
2026-06-24 09:00;0,4842
2026-06-24 10:00;0,6041
2026-06-24 11:00;0,6976
2026-06-24 12:00;0,7699
2026-06-24 13:00;0,8867
2026-06-24 14:00;0,7587
2026-06-24 15:00;0,8136
2026-06-24 16:00;0,6471
2026-06-24 17:00;0,5453
2026-06-24 18:00;0,3659
2026-06-24 19:00;0,2366
2026-06-24 20:00;0,1500
2026-06-24 21:00;0,0000
2026-06-24 22:00;0,0000
2026-06-24 23:00;0,0000
2026-06-25 00:00;0,0000
2026-06-25 01:00;0,0000
2026-06-25 02:00;0,0000
2026-06-25 03:00;0,0000
2026-06-25 04:00;0,0000
2026-06-25 05:00;0,0000
2026-06-25 06:00;0,1500
2026-06-25 07:00;0,1500
2026-06-25 08:00;0,1500
2026-06-25 09:00;0,5026
2026-06-25 10:00;0,7451
2026-06-25 11:00;0,9452
2026-06-25 12:00;0,9692
2026-06-25 13:00;0,9335
2026-06-25 14:00;1,0000
2026-06-25 15:00;0,9480
2026-06-25 16:00;0,8338
2026-06-25 17:00;0,4579
2026-06-25 18:00;0,2782
2026-06-25 19:00;0,2140
2026-06-25 20:00;0,1500
2026-06-25 21:00;0,0000
2026-06-25 22:00;0,0000
2026-06-25 23:00;0,0000
2026-06-26 00:00;0,0000
2026-06-26 01:00;0,0000
2026-06-26 02:00;0,0000
2026-06-26 03:00;0,0000
2026-06-26 04:00;0,0000
2026-06-26 05:00;0,0000
2026-06-26 06:00;0,1500
2026-06-26 07:00;0,1500
2026-06-26 08:00;0,2271
2026-06-26 09:00;0,4607
2026-06-26 10:00;0,5886
2026-06-26 11:00;0,6958
2026-06-26 12:00;0,7216
2026-06-26 13:00;0,8085
2026-06-26 14:00;0,7975
2026-06-26 15:00;0,8673
2026-06-26 16:00;0,8273
2026-06-26 17:00;0,6075
2026-06-26 18:00;0,4194
2026-06-26 19:00;0,2178
2026-06-26 20:00;0,1500
2026-06-26 21:00;0,0000
2026-06-26 22:00;0,0000
2026-06-26 23:00;0,0000
2026-06-27 00:00;0,0000
2026-06-27 01:00;0,0000
2026-06-27 02:00;0,0000
2026-06-27 03:00;0,0000
2026-06-27 04:00;0,0000
2026-06-27 05:00;0,0000
2026-06-27 06:00;0,1500
2026-06-27 07:00;0,1500
2026-06-27 08:00;0,2784
2026-06-27 09:00;0,4676
2026-06-27 10:00;0,6267
2026-06-27 11:00;0,7064
2026-06-27 12:00;0,8773
2026-06-27 13:00;0,8911
2026-06-27 14:00;0,9742
2026-06-27 15:00;0,9379
2026-06-27 16:00;0,8455
2026-06-27 17:00;0,6607
2026-06-27 18:00;0,4976
2026-06-27 19:00;0,2669
2026-06-27 20:00;0,1500
2026-06-27 21:00;0,0000
2026-06-27 22:00;0,0000
2026-06-27 23:00;0,0000
2026-06-28 00:00;0,0000
2026-06-28 01:00;0,0000
2026-06-28 02:00;0,0000
2026-06-28 03:00;0,0000
2026-06-28 04:00;0,0000
2026-06-28 05:00;0,0000
2026-06-28 06:00;0,1500
2026-06-28 07:00;0,2450
2026-06-28 08:00;0,4197
2026-06-28 09:00;0,5705
2026-06-28 10:00;0,7118
2026-06-28 11:00;0,8691
2026-06-28 12:00;0,8639
2026-06-28 13:00;0,7871
2026-06-28 14:00;0,7225
2026-06-28 15:00;0,7140
2026-06-28 16:00;0,5465
2026-06-28 17:00;0,4049
2026-06-28 18:00;0,2573
2026-06-28 19:00;0,1500
2026-06-28 20:00;0,1500
2026-06-28 21:00;0,0000
2026-06-28 22:00;0,0000
2026-06-28 23:00;0,0000
2026-06-29 00:00;0,0000
2026-06-29 01:00;0,0000
2026-06-29 02:00;0,0000
2026-06-29 03:00;0,0000
2026-06-29 04:00;0,0000
2026-06-29 05:00;0,0000
2026-06-29 06:00;0,1500
2026-06-29 07:00;0,1500
2026-06-29 08:00;0,2926
2026-06-29 09:00;0,4988
2026-06-29 10:00;0,6748
2026-06-29 11:00;0,9361
2026-06-29 12:00;1,0000
2026-06-29 13:00;1,0000
2026-06-29 14:00;1,0000
2026-06-29 15:00;1,0000
2026-06-29 16:00;0,8015
2026-06-29 17:00;0,6378
2026-06-29 18:00;0,4508
2026-06-29 19:00;0,2539
2026-06-29 20:00;0,1500
2026-06-29 21:00;0,0000
2026-06-29 22:00;0,0000
2026-06-29 23:00;0,0000
2026-06-30 00:00;0,0000
2026-06-30 01:00;0,0000
2026-06-30 02:00;0,0000
2026-06-30 03:00;0,0000
2026-06-30 04:00;0,0000
2026-06-30 05:00;0,0000
2026-06-30 06:00;0,1500
2026-06-30 07:00;0,1500
2026-06-30 08:00;0,2615
2026-06-30 09:00;0,4285
2026-06-30 10:00;0,6391
2026-06-30 11:00;0,8883
2026-06-30 12:00;0,7782
2026-06-30 13:00;0,9737
2026-06-30 14:00;0,9711
2026-06-30 15:00;0,8336
2026-06-30 16:00;0,8399
2026-06-30 17:00;0,6598
2026-06-30 18:00;0,4810
2026-06-30 19:00;0,2885
2026-06-30 20:00;0,1500
2026-06-30 21:00;0,0000
2026-06-30 22:00;0,0000
2026-06-30 23:00;0,0000
2026-07-01 00:00;0,0000
2026-07-01 01:00;0,0000
2026-07-01 02:00;0,0000
2026-07-01 03:00;0,0000
2026-07-01 04:00;0,0000
2026-07-01 05:00;0,0000
2026-07-01 06:00;0,1500
2026-07-01 07:00;0,2589
2026-07-01 08:00;0,4406
2026-07-01 09:00;0,6430
2026-07-01 10:00;0,8343
2026-07-01 11:00;0,9068
2026-07-01 12:00;0,8614
2026-07-01 13:00;0,8405
2026-07-01 14:00;0,6688
2026-07-01 15:00;0,5771
2026-07-01 16:00;0,4987
2026-07-01 17:00;0,3593
2026-07-01 18:00;0,2299
2026-07-01 19:00;0,1500
2026-07-01 20:00;0,1500
2026-07-01 21:00;0,0000
2026-07-01 22:00;0,0000
2026-07-01 23:00;0,0000
2026-07-02 00:00;0,0000
2026-07-02 01:00;0,0000
2026-07-02 02:00;0,0000
2026-07-02 03:00;0,0000
2026-07-02 04:00;0,0000
2026-07-02 05:00;0,0000
2026-07-02 06:00;0,1500
2026-07-02 07:00;0,2661
2026-07-02 08:00;0,5014
2026-07-02 09:00;0,7586
2026-07-02 10:00;0,8347
2026-07-02 11:00;0,9552
2026-07-02 12:00;1,0000
2026-07-02 13:00;0,9880
2026-07-02 14:00;0,8545
2026-07-02 15:00;0,8243
2026-07-02 16:00;0,7007
2026-07-02 17:00;0,5035
2026-07-02 18:00;0,2711
2026-07-02 19:00;0,1500
2026-07-02 20:00;0,1500
2026-07-02 21:00;0,0000
2026-07-02 22:00;0,0000
2026-07-02 23:00;0,0000
2026-07-03 00:00;0,0000
2026-07-03 01:00;0,0000
2026-07-03 02:00;0,0000
2026-07-03 03:00;0,0000
2026-07-03 04:00;0,0000
2026-07-03 05:00;0,0000
2026-07-03 06:00;0,1500
2026-07-03 07:00;0,1818
2026-07-03 08:00;0,4093
2026-07-03 09:00;0,6120
2026-07-03 10:00;0,7441
2026-07-03 11:00;0,8749
2026-07-03 12:00;0,9896
2026-07-03 13:00;1,0000
2026-07-03 14:00;1,0000
2026-07-03 15:00;0,8803
2026-07-03 16:00;0,6597
2026-07-03 17:00;0,5108
2026-07-03 18:00;0,2996
2026-07-03 19:00;0,1500
2026-07-03 20:00;0,1500
2026-07-03 21:00;0,0000
2026-07-03 22:00;0,0000
2026-07-03 23:00;0,0000
2026-07-04 00:00;0,0000
2026-07-04 01:00;0,0000
2026-07-04 02:00;0,0000
2026-07-04 03:00;0,0000
2026-07-04 04:00;0,0000
2026-07-04 05:00;0,0000
2026-07-04 06:00;0,1500
2026-07-04 07:00;0,1500
2026-07-04 08:00;0,2455
2026-07-04 09:00;0,3944
2026-07-04 10:00;0,6332
2026-07-04 11:00;0,8578
2026-07-04 12:00;0,9427
2026-07-04 13:00;0,9577
2026-07-04 14:00;0,9286
2026-07-04 15:00;0,8082
2026-07-04 16:00;0,7275
2026-07-04 17:00;0,4920
2026-07-04 18:00;0,3705
2026-07-04 19:00;0,2444
2026-07-04 20:00;0,1500
2026-07-04 21:00;0,0000
2026-07-04 22:00;0,0000
2026-07-04 23:00;0,0000
2026-07-05 00:00;0,0000
2026-07-05 01:00;0,0000
2026-07-05 02:00;0,0000
2026-07-05 03:00;0,0000
2026-07-05 04:00;0,0000
2026-07-05 05:00;0,0000
2026-07-05 06:00;0,1500
2026-07-05 07:00;0,1908
2026-07-05 08:00;0,3879
2026-07-05 09:00;0,6823
2026-07-05 10:00;0,9555
2026-07-05 11:00;1,0000
2026-07-05 12:00;0,9646
2026-07-05 13:00;0,8897
2026-07-05 14:00;0,7466
2026-07-05 15:00;0,6915
2026-07-05 16:00;0,5379
2026-07-05 17:00;0,3781
2026-07-05 18:00;0,2103
2026-07-05 19:00;0,1500
2026-07-05 20:00;0,1500
2026-07-05 21:00;0,0000
2026-07-05 22:00;0,0000
2026-07-05 23:00;0,0000
2026-07-06 00:00;0,0000
2026-07-06 01:00;0,0000
2026-07-06 02:00;0,0000
2026-07-06 03:00;0,0000
2026-07-06 04:00;0,0000
2026-07-06 05:00;0,0000
2026-07-06 06:00;0,1500
2026-07-06 07:00;0,1500
2026-07-06 08:00;0,2264
2026-07-06 09:00;0,4506
2026-07-06 10:00;0,6443
2026-07-06 11:00;0,7585
2026-07-06 12:00;0,9539
2026-07-06 13:00;0,9996
2026-07-06 14:00;1,0000
2026-07-06 15:00;0,9571
2026-07-06 16:00;0,8887
2026-07-06 17:00;0,7617
2026-07-06 18:00;0,4900
2026-07-06 19:00;0,2638
2026-07-06 20:00;0,1500
2026-07-06 21:00;0,0000
2026-07-06 22:00;0,0000
2026-07-06 23:00;0,0000
2026-07-07 00:00;0,0000
2026-07-07 01:00;0,0000
2026-07-07 02:00;0,0000
2026-07-07 03:00;0,0000
2026-07-07 04:00;0,0000
2026-07-07 05:00;0,0000
2026-07-07 06:00;0,1500
2026-07-07 07:00;0,1500
2026-07-07 08:00;0,2237
2026-07-07 09:00;0,4566
2026-07-07 10:00;0,5936
2026-07-07 11:00;0,8053
2026-07-07 12:00;0,8216
2026-07-07 13:00;0,8560
2026-07-07 14:00;0,9731
2026-07-07 15:00;0,9921
2026-07-07 16:00;0,7695
2026-07-07 17:00;0,5086
2026-07-07 18:00;0,3651
2026-07-07 19:00;0,2315
2026-07-07 20:00;0,1500
2026-07-07 21:00;0,0000
2026-07-07 22:00;0,0000
2026-07-07 23:00;0,0000
2026-07-08 00:00;0,0000
2026-07-08 01:00;0,0000
2026-07-08 02:00;0,0000
2026-07-08 03:00;0,0000
2026-07-08 04:00;0,0000
2026-07-08 05:00;0,0000
2026-07-08 06:00;0,1500
2026-07-08 07:00;0,1500
2026-07-08 08:00;0,2349
2026-07-08 09:00;0,3948
2026-07-08 10:00;0,5987
2026-07-08 11:00;0,7588
2026-07-08 12:00;0,8678
2026-07-08 13:00;0,8464
2026-07-08 14:00;0,8006
2026-07-08 15:00;0,7249
2026-07-08 16:00;0,7397
2026-07-08 17:00;0,5692
2026-07-08 18:00;0,4204
2026-07-08 19:00;0,2633
2026-07-08 20:00;0,1500
2026-07-08 21:00;0,0000
2026-07-08 22:00;0,0000
2026-07-08 23:00;0,0000
2026-07-09 00:00;0,0000
2026-07-09 01:00;0,0000
2026-07-09 02:00;0,0000
2026-07-09 03:00;0,0000
2026-07-09 04:00;0,0000
2026-07-09 05:00;0,0000
2026-07-09 06:00;0,1500
2026-07-09 07:00;0,1500
2026-07-09 08:00;0,2235
2026-07-09 09:00;0,4099
2026-07-09 10:00;0,5884
2026-07-09 11:00;0,7950
2026-07-09 12:00;0,9224
2026-07-09 13:00;1,0000
2026-07-09 14:00;0,8778
2026-07-09 15:00;0,8590
2026-07-09 16:00;0,6901
2026-07-09 17:00;0,5036
2026-07-09 18:00;0,4079
2026-07-09 19:00;0,2195
2026-07-09 20:00;0,1500
2026-07-09 21:00;0,0000
2026-07-09 22:00;0,0000
2026-07-09 23:00;0,0000
2026-07-10 00:00;0,0000
2026-07-10 01:00;0,0000
2026-07-10 02:00;0,0000
2026-07-10 03:00;0,0000
2026-07-10 04:00;0,0000
2026-07-10 05:00;0,0000
2026-07-10 06:00;0,1500
2026-07-10 07:00;0,1500
2026-07-10 08:00;0,1875
2026-07-10 09:00;0,4051
2026-07-10 10:00;0,5964
2026-07-10 11:00;0,8233
2026-07-10 12:00;0,9001
2026-07-10 13:00;1,0000
2026-07-10 14:00;0,9204
2026-07-10 15:00;0,8090
2026-07-10 16:00;0,7943
2026-07-10 17:00;0,6165
2026-07-10 18:00;0,4562
2026-07-10 19:00;0,2734
2026-07-10 20:00;0,1500
2026-07-10 21:00;0,0000
2026-07-10 22:00;0,0000
2026-07-10 23:00;0,0000
2026-07-11 00:00;0,0000
2026-07-11 01:00;0,0000
2026-07-11 02:00;0,0000
2026-07-11 03:00;0,0000
2026-07-11 04:00;0,0000
2026-07-11 05:00;0,0000
2026-07-11 06:00;0,1500
2026-07-11 07:00;0,2092
2026-07-11 08:00;0,4170
2026-07-11 09:00;0,7144
2026-07-11 10:00;0,9766
2026-07-11 11:00;0,9766
2026-07-11 12:00;0,9618
2026-07-11 13:00;0,8766
2026-07-11 14:00;0,8001
2026-07-11 15:00;0,6013
2026-07-11 16:00;0,5375
2026-07-11 17:00;0,3601
2026-07-11 18:00;0,2365
2026-07-11 19:00;0,1500
2026-07-11 20:00;0,1500
2026-07-11 21:00;0,0000
2026-07-11 22:00;0,0000
2026-07-11 23:00;0,0000
2026-07-12 00:00;0,0000
2026-07-12 01:00;0,0000
2026-07-12 02:00;0,0000
2026-07-12 03:00;0,0000
2026-07-12 04:00;0,0000
2026-07-12 05:00;0,0000
2026-07-12 06:00;0,1500
2026-07-12 07:00;0,1500
2026-07-12 08:00;0,2320
2026-07-12 09:00;0,4728
2026-07-12 10:00;0,5971
2026-07-12 11:00;0,7053
2026-07-12 12:00;0,8089
2026-07-12 13:00;0,9420
2026-07-12 14:00;0,8937
2026-07-12 15:00;0,9447
2026-07-12 16:00;0,7736
2026-07-12 17:00;0,5370
2026-07-12 18:00;0,4532
2026-07-12 19:00;0,2500
2026-07-12 20:00;0,1500
2026-07-12 21:00;0,0000
2026-07-12 22:00;0,0000
2026-07-12 23:00;0,0000
2026-07-13 00:00;0,0000
2026-07-13 01:00;0,0000
2026-07-13 02:00;0,0000
2026-07-13 03:00;0,0000
2026-07-13 04:00;0,0000
2026-07-13 05:00;0,0000
2026-07-13 06:00;0,1500
2026-07-13 07:00;0,1500
2026-07-13 08:00;0,2318
2026-07-13 09:00;0,4177
2026-07-13 10:00;0,6488
2026-07-13 11:00;0,8383
2026-07-13 12:00;1,0000
2026-07-13 13:00;1,0000
2026-07-13 14:00;1,0000
2026-07-13 15:00;0,9116
2026-07-13 16:00;0,8299
2026-07-13 17:00;0,6511
2026-07-13 18:00;0,4349
2026-07-13 19:00;0,2133
2026-07-13 20:00;0,1500
2026-07-13 21:00;0,0000
2026-07-13 22:00;0,0000
2026-07-13 23:00;0,0000
2026-07-14 00:00;0,0000
2026-07-14 01:00;0,0000
2026-07-14 02:00;0,0000
2026-07-14 03:00;0,0000
2026-07-14 04:00;0,0000
2026-07-14 05:00;0,0000
2026-07-14 06:00;0,1500
2026-07-14 07:00;0,1500
2026-07-14 08:00;0,1719
2026-07-14 09:00;0,3096
2026-07-14 10:00;0,5536
2026-07-14 11:00;0,8656
2026-07-14 12:00;0,9185
2026-07-14 13:00;1,0000
2026-07-14 14:00;0,9833
2026-07-14 15:00;1,0000
2026-07-14 16:00;0,8557
2026-07-14 17:00;0,7378
2026-07-14 18:00;0,5645
2026-07-14 19:00;0,3311
2026-07-14 20:00;0,1500
2026-07-14 21:00;0,0000
2026-07-14 22:00;0,0000
2026-07-14 23:00;0,0000
2026-07-15 00:00;0,0000
2026-07-15 01:00;0,0000
2026-07-15 02:00;0,0000
2026-07-15 03:00;0,0000
2026-07-15 04:00;0,0000
2026-07-15 05:00;0,0000
2026-07-15 06:00;0,1500
2026-07-15 07:00;0,2213
2026-07-15 08:00;0,3513
2026-07-15 09:00;0,5167
2026-07-15 10:00;0,6603
2026-07-15 11:00;0,7868
2026-07-15 12:00;0,9401
2026-07-15 13:00;0,8870
2026-07-15 14:00;0,8424
2026-07-15 15:00;0,8116
2026-07-15 16:00;0,5865
2026-07-15 17:00;0,4389
2026-07-15 18:00;0,2531
2026-07-15 19:00;0,1500
2026-07-15 20:00;0,1500
2026-07-15 21:00;0,0000
2026-07-15 22:00;0,0000
2026-07-15 23:00;0,0000
2026-07-16 00:00;0,0000
2026-07-16 01:00;0,0000
2026-07-16 02:00;0,0000
2026-07-16 03:00;0,0000
2026-07-16 04:00;0,0000
2026-07-16 05:00;0,0000
2026-07-16 06:00;0,1500
2026-07-16 07:00;0,2300
2026-07-16 08:00;0,4457
2026-07-16 09:00;0,5725
2026-07-16 10:00;0,7954
2026-07-16 11:00;0,9668
2026-07-16 12:00;0,9658
2026-07-16 13:00;1,0000
2026-07-16 14:00;0,8337
2026-07-16 15:00;0,7310
2026-07-16 16:00;0,5950
2026-07-16 17:00;0,4425
2026-07-16 18:00;0,2611
2026-07-16 19:00;0,1500
2026-07-16 20:00;0,1500
2026-07-16 21:00;0,0000
2026-07-16 22:00;0,0000
2026-07-16 23:00;0,0000
2026-07-17 00:00;0,0000
2026-07-17 01:00;0,0000
2026-07-17 02:00;0,0000
2026-07-17 03:00;0,0000
2026-07-17 04:00;0,0000
2026-07-17 05:00;0,0000
2026-07-17 06:00;0,1500
2026-07-17 07:00;0,1500
2026-07-17 08:00;0,2785
2026-07-17 09:00;0,4542
2026-07-17 10:00;0,6284
2026-07-17 11:00;0,7811
2026-07-17 12:00;0,7997
2026-07-17 13:00;0,8944
2026-07-17 14:00;0,8257
2026-07-17 15:00;0,7146
2026-07-17 16:00;0,7062
2026-07-17 17:00;0,6148
2026-07-17 18:00;0,4079
2026-07-17 19:00;0,2456
2026-07-17 20:00;0,1500
2026-07-17 21:00;0,0000
2026-07-17 22:00;0,0000
2026-07-17 23:00;0,0000
2026-07-18 00:00;0,0000
2026-07-18 01:00;0,0000
2026-07-18 02:00;0,0000
2026-07-18 03:00;0,0000
2026-07-18 04:00;0,0000
2026-07-18 05:00;0,0000
2026-07-18 06:00;0,1500
2026-07-18 07:00;0,1500
2026-07-18 08:00;0,2592
2026-07-18 09:00;0,4599
2026-07-18 10:00;0,6998
2026-07-18 11:00;0,8569
2026-07-18 12:00;0,8960
2026-07-18 13:00;0,8428
2026-07-18 14:00;0,8244
2026-07-18 15:00;0,7179
2026-07-18 16:00;0,5495
2026-07-18 17:00;0,4951
2026-07-18 18:00;0,3473
2026-07-18 19:00;0,2398
2026-07-18 20:00;0,1500
2026-07-18 21:00;0,0000
2026-07-18 22:00;0,0000
2026-07-18 23:00;0,0000
2026-07-19 00:00;0,0000
2026-07-19 01:00;0,0000
2026-07-19 02:00;0,0000
2026-07-19 03:00;0,0000
2026-07-19 04:00;0,0000
2026-07-19 05:00;0,0000
2026-07-19 06:00;0,1500
2026-07-19 07:00;0,2427
2026-07-19 08:00;0,4643
2026-07-19 09:00;0,6260
2026-07-19 10:00;0,7903
2026-07-19 11:00;0,8954
2026-07-19 12:00;1,0000
2026-07-19 13:00;1,0000
2026-07-19 14:00;0,9777
2026-07-19 15:00;0,9233
2026-07-19 16:00;0,5954
2026-07-19 17:00;0,4424
2026-07-19 18:00;0,2559
2026-07-19 19:00;0,1500
2026-07-19 20:00;0,1500
2026-07-19 21:00;0,0000
2026-07-19 22:00;0,0000
2026-07-19 23:00;0,0000
2026-07-20 00:00;0,0000
2026-07-20 01:00;0,0000
2026-07-20 02:00;0,0000
2026-07-20 03:00;0,0000
2026-07-20 04:00;0,0000
2026-07-20 05:00;0,0000
2026-07-20 06:00;0,1500
2026-07-20 07:00;0,1500
2026-07-20 08:00;0,1836
2026-07-20 09:00;0,3997
2026-07-20 10:00;0,6477
2026-07-20 11:00;0,8652
2026-07-20 12:00;0,9612
2026-07-20 13:00;1,0000
2026-07-20 14:00;1,0000
2026-07-20 15:00;0,9189
2026-07-20 16:00;0,8452
2026-07-20 17:00;0,6269
2026-07-20 18:00;0,4662
2026-07-20 19:00;0,1568
2026-07-20 20:00;0,1500
2026-07-20 21:00;0,0000
2026-07-20 22:00;0,0000
2026-07-20 23:00;0,0000
2026-07-21 00:00;0,0000
2026-07-21 01:00;0,0000
2026-07-21 02:00;0,0000
2026-07-21 03:00;0,0000
2026-07-21 04:00;0,0000
2026-07-21 05:00;0,0000
2026-07-21 06:00;0,1500
2026-07-21 07:00;0,1500
2026-07-21 08:00;0,2013
2026-07-21 09:00;0,3741
2026-07-21 10:00;0,5519
2026-07-21 11:00;0,6303
2026-07-21 12:00;0,6980
2026-07-21 13:00;0,7890
2026-07-21 14:00;0,7684
2026-07-21 15:00;0,7403
2026-07-21 16:00;0,6247
2026-07-21 17:00;0,5060
2026-07-21 18:00;0,3716
2026-07-21 19:00;0,2287
2026-07-21 20:00;0,1500
2026-07-21 21:00;0,0000
2026-07-21 22:00;0,0000
2026-07-21 23:00;0,0000
2026-07-22 00:00;0,0000
2026-07-22 01:00;0,0000
2026-07-22 02:00;0,0000
2026-07-22 03:00;0,0000
2026-07-22 04:00;0,0000
2026-07-22 05:00;0,0000
2026-07-22 06:00;0,1500
2026-07-22 07:00;0,1500
2026-07-22 08:00;0,2719
2026-07-22 09:00;0,4446
2026-07-22 10:00;0,5796
2026-07-22 11:00;0,7698
2026-07-22 12:00;0,8764
2026-07-22 13:00;0,9274
2026-07-22 14:00;0,8171
2026-07-22 15:00;0,7786
2026-07-22 16:00;0,7335
2026-07-22 17:00;0,4628
2026-07-22 18:00;0,3671
2026-07-22 19:00;0,2157
2026-07-22 20:00;0,1500
2026-07-22 21:00;0,0000
2026-07-22 22:00;0,0000
2026-07-22 23:00;0,0000
2026-07-23 00:00;0,0000
2026-07-23 01:00;0,0000
2026-07-23 02:00;0,0000
2026-07-23 03:00;0,0000
2026-07-23 04:00;0,0000
2026-07-23 05:00;0,0000
2026-07-23 06:00;0,1500
2026-07-23 07:00;0,1500
2026-07-23 08:00;0,2325
2026-07-23 09:00;0,4378
2026-07-23 10:00;0,6653
2026-07-23 11:00;0,7991
2026-07-23 12:00;0,9219
2026-07-23 13:00;0,8700
2026-07-23 14:00;0,8276
2026-07-23 15:00;0,7017
2026-07-23 16:00;0,6744
2026-07-23 17:00;0,4685
2026-07-23 18:00;0,3907
2026-07-23 19:00;0,2704
2026-07-23 20:00;0,1500
2026-07-23 21:00;0,0000
2026-07-23 22:00;0,0000
2026-07-23 23:00;0,0000
2026-07-24 00:00;0,0000
2026-07-24 01:00;0,0000
2026-07-24 02:00;0,0000
2026-07-24 03:00;0,0000
2026-07-24 04:00;0,0000
2026-07-24 05:00;0,0000
2026-07-24 06:00;0,1500
2026-07-24 07:00;0,1500
2026-07-24 08:00;0,2294
2026-07-24 09:00;0,4148
2026-07-24 10:00;0,5453
2026-07-24 11:00;0,7613
2026-07-24 12:00;0,7807
2026-07-24 13:00;0,9222
2026-07-24 14:00;0,9976
2026-07-24 15:00;0,9528
2026-07-24 16:00;0,7379
2026-07-24 17:00;0,6238
2026-07-24 18:00;0,4430
2026-07-24 19:00;0,2357
2026-07-24 20:00;0,1500
2026-07-24 21:00;0,0000
2026-07-24 22:00;0,0000
2026-07-24 23:00;0,0000
2026-07-25 00:00;0,0000
2026-07-25 01:00;0,0000
2026-07-25 02:00;0,0000
2026-07-25 03:00;0,0000
2026-07-25 04:00;0,0000
2026-07-25 05:00;0,0000
2026-07-25 06:00;0,1500
2026-07-25 07:00;0,1500
2026-07-25 08:00;0,2123
2026-07-25 09:00;0,4266
2026-07-25 10:00;0,5946
2026-07-25 11:00;0,6917
2026-07-25 12:00;0,7930
2026-07-25 13:00;0,8576
2026-07-25 14:00;0,8695
2026-07-25 15:00;0,8046
2026-07-25 16:00;0,8060
2026-07-25 17:00;0,6687
2026-07-25 18:00;0,4503
2026-07-25 19:00;0,2849
2026-07-25 20:00;0,1500
2026-07-25 21:00;0,0000
2026-07-25 22:00;0,0000
2026-07-25 23:00;0,0000
2026-07-26 00:00;0,0000
2026-07-26 01:00;0,0000
2026-07-26 02:00;0,0000
2026-07-26 03:00;0,0000
2026-07-26 04:00;0,0000
2026-07-26 05:00;0,0000
2026-07-26 06:00;0,1500
2026-07-26 07:00;0,2810
2026-07-26 08:00;0,4399
2026-07-26 09:00;0,5907
2026-07-26 10:00;0,7294
2026-07-26 11:00;0,9306
2026-07-26 12:00;1,0000
2026-07-26 13:00;1,0000
2026-07-26 14:00;0,9636
2026-07-26 15:00;0,8748
2026-07-26 16:00;0,6867
2026-07-26 17:00;0,4556
2026-07-26 18:00;0,2523
2026-07-26 19:00;0,1500
2026-07-26 20:00;0,1500
2026-07-26 21:00;0,0000
2026-07-26 22:00;0,0000
2026-07-26 23:00;0,0000
2026-07-27 00:00;0,0000
2026-07-27 01:00;0,0000
2026-07-27 02:00;0,0000
2026-07-27 03:00;0,0000
2026-07-27 04:00;0,0000
2026-07-27 05:00;0,0000
2026-07-27 06:00;0,1500
2026-07-27 07:00;0,2772
2026-07-27 08:00;0,4702
2026-07-27 09:00;0,6333
2026-07-27 10:00;0,7220
2026-07-27 11:00;0,8359
2026-07-27 12:00;0,8360
2026-07-27 13:00;0,8039
2026-07-27 14:00;0,8358
2026-07-27 15:00;0,7937
2026-07-27 16:00;0,6601
2026-07-27 17:00;0,4062
2026-07-27 18:00;0,2433
2026-07-27 19:00;0,1500
2026-07-27 20:00;0,1500
2026-07-27 21:00;0,0000
2026-07-27 22:00;0,0000
2026-07-27 23:00;0,0000
2026-07-28 00:00;0,0000
2026-07-28 01:00;0,0000
2026-07-28 02:00;0,0000
2026-07-28 03:00;0,0000
2026-07-28 04:00;0,0000
2026-07-28 05:00;0,0000
2026-07-28 06:00;0,1500
2026-07-28 07:00;0,1500
2026-07-28 08:00;0,2549
2026-07-28 09:00;0,4738
2026-07-28 10:00;0,6889
2026-07-28 11:00;0,8933
2026-07-28 12:00;0,9159
2026-07-28 13:00;0,9697
2026-07-28 14:00;1,0000
2026-07-28 15:00;0,9653
2026-07-28 16:00;0,8846
2026-07-28 17:00;0,5852
2026-07-28 18:00;0,4892
2026-07-28 19:00;0,2621
2026-07-28 20:00;0,1500
2026-07-28 21:00;0,0000
2026-07-28 22:00;0,0000
2026-07-28 23:00;0,0000
2026-07-29 00:00;0,0000
2026-07-29 01:00;0,0000
2026-07-29 02:00;0,0000
2026-07-29 03:00;0,0000
2026-07-29 04:00;0,0000
2026-07-29 05:00;0,0000
2026-07-29 06:00;0,1500
2026-07-29 07:00;0,3309
2026-07-29 08:00;0,5676
2026-07-29 09:00;0,7767
2026-07-29 10:00;0,8565
2026-07-29 11:00;0,9610
2026-07-29 12:00;0,9805
2026-07-29 13:00;0,9663
2026-07-29 14:00;0,9747
2026-07-29 15:00;0,7077
2026-07-29 16:00;0,5743
2026-07-29 17:00;0,4584
2026-07-29 18:00;0,2643
2026-07-29 19:00;0,1500
2026-07-29 20:00;0,1500
2026-07-29 21:00;0,0000
2026-07-29 22:00;0,0000
2026-07-29 23:00;0,0000
2026-07-30 00:00;0,0000
2026-07-30 01:00;0,0000
2026-07-30 02:00;0,0000
2026-07-30 03:00;0,0000
2026-07-30 04:00;0,0000
2026-07-30 05:00;0,0000
2026-07-30 06:00;0,1500
2026-07-30 07:00;0,1500
2026-07-30 08:00;0,2440
2026-07-30 09:00;0,4028
2026-07-30 10:00;0,5928
2026-07-30 11:00;0,7832
2026-07-30 12:00;0,9453
2026-07-30 13:00;1,0000
2026-07-30 14:00;1,0000
2026-07-30 15:00;1,0000
2026-07-30 16:00;0,8151
2026-07-30 17:00;0,5886
2026-07-30 18:00;0,4155
2026-07-30 19:00;0,2412
2026-07-30 20:00;0,1500
2026-07-30 21:00;0,0000
2026-07-30 22:00;0,0000
2026-07-30 23:00;0,0000
2026-07-31 00:00;0,0000
2026-07-31 01:00;0,0000
2026-07-31 02:00;0,0000
2026-07-31 03:00;0,0000
2026-07-31 04:00;0,0000
2026-07-31 05:00;0,0000
2026-07-31 06:00;0,1500
2026-07-31 07:00;0,1500
2026-07-31 08:00;0,2691
2026-07-31 09:00;0,4045
2026-07-31 10:00;0,5357
2026-07-31 11:00;0,7355
2026-07-31 12:00;0,8334
2026-07-31 13:00;0,9457
2026-07-31 14:00;0,8576
2026-07-31 15:00;0,8272
2026-07-31 16:00;0,6207
2026-07-31 17:00;0,4598
2026-07-31 18:00;0,3539
2026-07-31 19:00;0,2709
2026-07-31 20:00;0,1500
2026-07-31 21:00;0,0000
2026-07-31 22:00;0,0000
2026-07-31 23:00;0,0000
2026-08-01 00:00;0,0000
2026-08-01 01:00;0,0000
2026-08-01 02:00;0,0000
2026-08-01 03:00;0,0000
2026-08-01 04:00;0,0000
2026-08-01 05:00;0,0000
2026-08-01 06:00;0,1500
2026-08-01 07:00;0,1500
2026-08-01 08:00;0,1847
2026-08-01 09:00;0,3070
2026-08-01 10:00;0,4278
2026-08-01 11:00;0,6927
2026-08-01 12:00;0,7046
2026-08-01 13:00;0,7467
2026-08-01 14:00;0,8894
2026-08-01 15:00;0,8387
2026-08-01 16:00;0,8513
2026-08-01 17:00;0,5819
2026-08-01 18:00;0,4493
2026-08-01 19:00;0,2352
2026-08-01 20:00;0,1500
2026-08-01 21:00;0,0000
2026-08-01 22:00;0,0000
2026-08-01 23:00;0,0000
2026-08-02 00:00;0,0000
2026-08-02 01:00;0,0000
2026-08-02 02:00;0,0000
2026-08-02 03:00;0,0000
2026-08-02 04:00;0,0000
2026-08-02 05:00;0,0000
2026-08-02 06:00;0,1500
2026-08-02 07:00;0,1500
2026-08-02 08:00;0,1548
2026-08-02 09:00;0,3003
2026-08-02 10:00;0,5135
2026-08-02 11:00;0,6173
2026-08-02 12:00;0,7700
2026-08-02 13:00;0,7686
2026-08-02 14:00;0,8231
2026-08-02 15:00;0,7691
2026-08-02 16:00;0,6667
2026-08-02 17:00;0,5814
2026-08-02 18:00;0,4097
2026-08-02 19:00;0,2366
2026-08-02 20:00;0,1500
2026-08-02 21:00;0,0000
2026-08-02 22:00;0,0000
2026-08-02 23:00;0,0000
2026-08-03 00:00;0,0000
2026-08-03 01:00;0,0000
2026-08-03 02:00;0,0000
2026-08-03 03:00;0,0000
2026-08-03 04:00;0,0000
2026-08-03 05:00;0,0000
2026-08-03 06:00;0,1500
2026-08-03 07:00;0,1500
2026-08-03 08:00;0,2965
2026-08-03 09:00;0,4659
2026-08-03 10:00;0,7126
2026-08-03 11:00;0,9169
2026-08-03 12:00;0,8803
2026-08-03 13:00;0,8929
2026-08-03 14:00;0,7968
2026-08-03 15:00;0,6897
2026-08-03 16:00;0,4955
2026-08-03 17:00;0,3210
2026-08-03 18:00;0,1500
2026-08-03 19:00;0,1500
2026-08-03 20:00;0,1500
2026-08-03 21:00;0,0000
2026-08-03 22:00;0,0000
2026-08-03 23:00;0,0000
2026-08-04 00:00;0,0000
2026-08-04 01:00;0,0000
2026-08-04 02:00;0,0000
2026-08-04 03:00;0,0000
2026-08-04 04:00;0,0000
2026-08-04 05:00;0,0000
2026-08-04 06:00;0,1500
2026-08-04 07:00;0,1500
2026-08-04 08:00;0,1532
2026-08-04 09:00;0,3424
2026-08-04 10:00;0,5362
2026-08-04 11:00;0,6684
2026-08-04 12:00;0,7299
2026-08-04 13:00;0,9167
2026-08-04 14:00;0,9116
2026-08-04 15:00;0,8769
2026-08-04 16:00;0,7498
2026-08-04 17:00;0,5332
2026-08-04 18:00;0,3860
2026-08-04 19:00;0,1989
2026-08-04 20:00;0,1500
2026-08-04 21:00;0,0000
2026-08-04 22:00;0,0000
2026-08-04 23:00;0,0000
2026-08-05 00:00;0,0000
2026-08-05 01:00;0,0000
2026-08-05 02:00;0,0000
2026-08-05 03:00;0,0000
2026-08-05 04:00;0,0000
2026-08-05 05:00;0,0000
2026-08-05 06:00;0,1500
2026-08-05 07:00;0,1500
2026-08-05 08:00;0,1500
2026-08-05 09:00;0,1507
2026-08-05 10:00;0,4993
2026-08-05 11:00;0,7662
2026-08-05 12:00;0,8640
2026-08-05 13:00;0,9324
2026-08-05 14:00;0,9019
2026-08-05 15:00;0,8974
2026-08-05 16:00;0,8666
2026-08-05 17:00;0,7091
2026-08-05 18:00;0,5189
2026-08-05 19:00;0,3020
2026-08-05 20:00;0,1500
2026-08-05 21:00;0,0000
2026-08-05 22:00;0,0000
2026-08-05 23:00;0,0000
2026-08-06 00:00;0,0000
2026-08-06 01:00;0,0000
2026-08-06 02:00;0,0000
2026-08-06 03:00;0,0000
2026-08-06 04:00;0,0000
2026-08-06 05:00;0,0000
2026-08-06 06:00;0,1500
2026-08-06 07:00;0,2060
2026-08-06 08:00;0,4052
2026-08-06 09:00;0,5781
2026-08-06 10:00;0,7225
2026-08-06 11:00;0,7851
2026-08-06 12:00;0,8877
2026-08-06 13:00;0,8760
2026-08-06 14:00;0,6475
2026-08-06 15:00;0,7309
2026-08-06 16:00;0,5535
2026-08-06 17:00;0,3588
2026-08-06 18:00;0,1892
2026-08-06 19:00;0,1500
2026-08-06 20:00;0,1500
2026-08-06 21:00;0,0000
2026-08-06 22:00;0,0000
2026-08-06 23:00;0,0000
2026-08-07 00:00;0,0000
2026-08-07 01:00;0,0000
2026-08-07 02:00;0,0000
2026-08-07 03:00;0,0000
2026-08-07 04:00;0,0000
2026-08-07 05:00;0,0000
2026-08-07 06:00;0,1500
2026-08-07 07:00;0,1766
2026-08-07 08:00;0,3564
2026-08-07 09:00;0,4871
2026-08-07 10:00;0,5964
2026-08-07 11:00;0,7973
2026-08-07 12:00;0,9024
2026-08-07 13:00;0,9032
2026-08-07 14:00;0,7985
2026-08-07 15:00;0,7213
2026-08-07 16:00;0,6152
2026-08-07 17:00;0,4153
2026-08-07 18:00;0,1842
2026-08-07 19:00;0,1500
2026-08-07 20:00;0,1500
2026-08-07 21:00;0,0000
2026-08-07 22:00;0,0000
2026-08-07 23:00;0,0000
2026-08-08 00:00;0,0000
2026-08-08 01:00;0,0000
2026-08-08 02:00;0,0000
2026-08-08 03:00;0,0000
2026-08-08 04:00;0,0000
2026-08-08 05:00;0,0000
2026-08-08 06:00;0,1500
2026-08-08 07:00;0,1500
2026-08-08 08:00;0,1584
2026-08-08 09:00;0,3308
2026-08-08 10:00;0,4683
2026-08-08 11:00;0,7064
2026-08-08 12:00;0,7376
2026-08-08 13:00;0,8087
2026-08-08 14:00;0,9034
2026-08-08 15:00;0,8004
2026-08-08 16:00;0,6712
2026-08-08 17:00;0,5036
2026-08-08 18:00;0,3725
2026-08-08 19:00;0,2176
2026-08-08 20:00;0,1500
2026-08-08 21:00;0,0000
2026-08-08 22:00;0,0000
2026-08-08 23:00;0,0000
2026-08-09 00:00;0,0000
2026-08-09 01:00;0,0000
2026-08-09 02:00;0,0000
2026-08-09 03:00;0,0000
2026-08-09 04:00;0,0000
2026-08-09 05:00;0,0000
2026-08-09 06:00;0,1500
2026-08-09 07:00;0,1500
2026-08-09 08:00;0,1771
2026-08-09 09:00;0,3821
2026-08-09 10:00;0,5372
2026-08-09 11:00;0,7519
2026-08-09 12:00;0,9011
2026-08-09 13:00;0,9336
2026-08-09 14:00;1,0000
2026-08-09 15:00;0,9592
2026-08-09 16:00;0,7622
2026-08-09 17:00;0,6415
2026-08-09 18:00;0,4486
2026-08-09 19:00;0,1923
2026-08-09 20:00;0,1500
2026-08-09 21:00;0,0000
2026-08-09 22:00;0,0000
2026-08-09 23:00;0,0000
2026-08-10 00:00;0,0000
2026-08-10 01:00;0,0000
2026-08-10 02:00;0,0000
2026-08-10 03:00;0,0000
2026-08-10 04:00;0,0000
2026-08-10 05:00;0,0000
2026-08-10 06:00;0,1500
2026-08-10 07:00;0,1500
2026-08-10 08:00;0,3502
2026-08-10 09:00;0,5646
2026-08-10 10:00;0,6843
2026-08-10 11:00;0,7859
2026-08-10 12:00;0,8042
2026-08-10 13:00;0,8849
2026-08-10 14:00;0,7267
2026-08-10 15:00;0,6501
2026-08-10 16:00;0,5101
2026-08-10 17:00;0,3336
2026-08-10 18:00;0,1500
2026-08-10 19:00;0,1500
2026-08-10 20:00;0,1500
2026-08-10 21:00;0,0000
2026-08-10 22:00;0,0000
2026-08-10 23:00;0,0000
2026-08-11 00:00;0,0000
2026-08-11 01:00;0,0000
2026-08-11 02:00;0,0000
2026-08-11 03:00;0,0000
2026-08-11 04:00;0,0000
2026-08-11 05:00;0,0000
2026-08-11 06:00;0,1500
2026-08-11 07:00;0,1500
2026-08-11 08:00;0,1592
2026-08-11 09:00;0,3612
2026-08-11 10:00;0,5346
2026-08-11 11:00;0,6757
2026-08-11 12:00;0,7844
2026-08-11 13:00;0,8252
2026-08-11 14:00;0,8251
2026-08-11 15:00;0,8285
2026-08-11 16:00;0,6640
2026-08-11 17:00;0,5674
2026-08-11 18:00;0,3732
2026-08-11 19:00;0,1931
2026-08-11 20:00;0,1500
2026-08-11 21:00;0,0000
2026-08-11 22:00;0,0000
2026-08-11 23:00;0,0000
2026-08-12 00:00;0,0000
2026-08-12 01:00;0,0000
2026-08-12 02:00;0,0000
2026-08-12 03:00;0,0000
2026-08-12 04:00;0,0000
2026-08-12 05:00;0,0000
2026-08-12 06:00;0,1500
2026-08-12 07:00;0,1500
2026-08-12 08:00;0,1559
2026-08-12 09:00;0,3505
2026-08-12 10:00;0,6214
2026-08-12 11:00;0,7596
2026-08-12 12:00;0,8136
2026-08-12 13:00;0,8949
2026-08-12 14:00;0,8970
2026-08-12 15:00;0,8210
2026-08-12 16:00;0,6965
2026-08-12 17:00;0,5034
2026-08-12 18:00;0,3317
2026-08-12 19:00;0,1976
2026-08-12 20:00;0,1500
2026-08-12 21:00;0,0000
2026-08-12 22:00;0,0000
2026-08-12 23:00;0,0000
2026-08-13 00:00;0,0000
2026-08-13 01:00;0,0000
2026-08-13 02:00;0,0000
2026-08-13 03:00;0,0000
2026-08-13 04:00;0,0000
2026-08-13 05:00;0,0000
2026-08-13 06:00;0,1500
2026-08-13 07:00;0,1976
2026-08-13 08:00;0,4078
2026-08-13 09:00;0,6075
2026-08-13 10:00;0,6947
2026-08-13 11:00;0,7936
2026-08-13 12:00;0,8568
2026-08-13 13:00;0,9516
2026-08-13 14:00;0,8128
2026-08-13 15:00;0,7513
2026-08-13 16:00;0,5523
2026-08-13 17:00;0,3647
2026-08-13 18:00;0,1797
2026-08-13 19:00;0,1500
2026-08-13 20:00;0,1500
2026-08-13 21:00;0,0000
2026-08-13 22:00;0,0000
2026-08-13 23:00;0,0000
2026-08-14 00:00;0,0000
2026-08-14 01:00;0,0000
2026-08-14 02:00;0,0000
2026-08-14 03:00;0,0000
2026-08-14 04:00;0,0000
2026-08-14 05:00;0,0000
2026-08-14 06:00;0,1500
2026-08-14 07:00;0,1529
2026-08-14 08:00;0,3508
2026-08-14 09:00;0,4938
2026-08-14 10:00;0,5652
2026-08-14 11:00;0,6347
2026-08-14 12:00;0,8009
2026-08-14 13:00;0,8191
2026-08-14 14:00;0,7557
2026-08-14 15:00;0,6737
2026-08-14 16:00;0,4820
2026-08-14 17:00;0,3124
2026-08-14 18:00;0,1500
2026-08-14 19:00;0,1500
2026-08-14 20:00;0,1500
2026-08-14 21:00;0,0000
2026-08-14 22:00;0,0000
2026-08-14 23:00;0,0000
2026-08-15 00:00;0,0000
2026-08-15 01:00;0,0000
2026-08-15 02:00;0,0000
2026-08-15 03:00;0,0000
2026-08-15 04:00;0,0000
2026-08-15 05:00;0,0000
2026-08-15 06:00;0,1500
2026-08-15 07:00;0,1500
2026-08-15 08:00;0,1745
2026-08-15 09:00;0,3334
2026-08-15 10:00;0,4775
2026-08-15 11:00;0,5963
2026-08-15 12:00;0,6997
2026-08-15 13:00;0,7447
2026-08-15 14:00;0,8142
2026-08-15 15:00;0,8711
2026-08-15 16:00;0,7268
2026-08-15 17:00;0,6250
2026-08-15 18:00;0,4437
2026-08-15 19:00;0,2225
2026-08-15 20:00;0,1500
2026-08-15 21:00;0,0000
2026-08-15 22:00;0,0000
2026-08-15 23:00;0,0000
2026-08-16 00:00;0,0000
2026-08-16 01:00;0,0000
2026-08-16 02:00;0,0000
2026-08-16 03:00;0,0000
2026-08-16 04:00;0,0000
2026-08-16 05:00;0,0000
2026-08-16 06:00;0,1500
2026-08-16 07:00;0,1533
2026-08-16 08:00;0,3240
2026-08-16 09:00;0,4669
2026-08-16 10:00;0,6367
2026-08-16 11:00;0,8402
2026-08-16 12:00;0,8290
2026-08-16 13:00;0,7944
2026-08-16 14:00;0,8201
2026-08-16 15:00;0,6548
2026-08-16 16:00;0,4433
2026-08-16 17:00;0,3380
2026-08-16 18:00;0,1666
2026-08-16 19:00;0,1500
2026-08-16 20:00;0,1500
2026-08-16 21:00;0,0000
2026-08-16 22:00;0,0000
2026-08-16 23:00;0,0000
2026-08-17 00:00;0,0000
2026-08-17 01:00;0,0000
2026-08-17 02:00;0,0000
2026-08-17 03:00;0,0000
2026-08-17 04:00;0,0000
2026-08-17 05:00;0,0000
2026-08-17 06:00;0,1500
2026-08-17 07:00;0,1520
2026-08-17 08:00;0,3695
2026-08-17 09:00;0,5056
2026-08-17 10:00;0,6334
2026-08-17 11:00;0,8170
2026-08-17 12:00;0,9233
2026-08-17 13:00;0,8247
2026-08-17 14:00;0,7885
2026-08-17 15:00;0,6688
2026-08-17 16:00;0,5746
2026-08-17 17:00;0,3627
2026-08-17 18:00;0,1571
2026-08-17 19:00;0,1500
2026-08-17 20:00;0,1500
2026-08-17 21:00;0,0000
2026-08-17 22:00;0,0000
2026-08-17 23:00;0,0000
2026-08-18 00:00;0,0000
2026-08-18 01:00;0,0000
2026-08-18 02:00;0,0000
2026-08-18 03:00;0,0000
2026-08-18 04:00;0,0000
2026-08-18 05:00;0,0000
2026-08-18 06:00;0,1500
2026-08-18 07:00;0,1500
2026-08-18 08:00;0,1502
2026-08-18 09:00;0,3149
2026-08-18 10:00;0,4903
2026-08-18 11:00;0,7495
2026-08-18 12:00;0,8077
2026-08-18 13:00;0,8886
2026-08-18 14:00;1,0000
2026-08-18 15:00;0,8397
2026-08-18 16:00;0,6877
2026-08-18 17:00;0,5243
2026-08-18 18:00;0,3676
2026-08-18 19:00;0,2061
2026-08-18 20:00;0,1500
2026-08-18 21:00;0,0000
2026-08-18 22:00;0,0000
2026-08-18 23:00;0,0000
2026-08-19 00:00;0,0000
2026-08-19 01:00;0,0000
2026-08-19 02:00;0,0000
2026-08-19 03:00;0,0000
2026-08-19 04:00;0,0000
2026-08-19 05:00;0,0000
2026-08-19 06:00;0,1500
2026-08-19 07:00;0,1500
2026-08-19 08:00;0,1665
2026-08-19 09:00;0,3721
2026-08-19 10:00;0,5635
2026-08-19 11:00;0,7999
2026-08-19 12:00;0,8778
2026-08-19 13:00;0,8416
2026-08-19 14:00;0,9083
2026-08-19 15:00;0,7634
2026-08-19 16:00;0,7473
2026-08-19 17:00;0,5343
2026-08-19 18:00;0,3653
2026-08-19 19:00;0,1676
2026-08-19 20:00;0,1500
2026-08-19 21:00;0,0000
2026-08-19 22:00;0,0000
2026-08-19 23:00;0,0000
2026-08-20 00:00;0,0000
2026-08-20 01:00;0,0000
2026-08-20 02:00;0,0000
2026-08-20 03:00;0,0000
2026-08-20 04:00;0,0000
2026-08-20 05:00;0,0000
2026-08-20 06:00;0,1500
2026-08-20 07:00;0,1500
2026-08-20 08:00;0,1500
2026-08-20 09:00;0,3000
2026-08-20 10:00;0,5601
2026-08-20 11:00;0,6441
2026-08-20 12:00;0,7778
2026-08-20 13:00;0,8700
2026-08-20 14:00;0,8827
2026-08-20 15:00;0,8227
2026-08-20 16:00;0,7009
2026-08-20 17:00;0,5756
2026-08-20 18:00;0,3911
2026-08-20 19:00;0,1970
2026-08-20 20:00;0,1500
2026-08-20 21:00;0,0000
2026-08-20 22:00;0,0000
2026-08-20 23:00;0,0000
2026-08-21 00:00;0,0000
2026-08-21 01:00;0,0000
2026-08-21 02:00;0,0000
2026-08-21 03:00;0,0000
2026-08-21 04:00;0,0000
2026-08-21 05:00;0,0000
2026-08-21 06:00;0,1500
2026-08-21 07:00;0,1918
2026-08-21 08:00;0,3567
2026-08-21 09:00;0,5289
2026-08-21 10:00;0,6781
2026-08-21 11:00;0,8242
2026-08-21 12:00;0,8217
2026-08-21 13:00;0,8740
2026-08-21 14:00;0,8169
2026-08-21 15:00;0,6479
2026-08-21 16:00;0,5103
2026-08-21 17:00;0,3608
2026-08-21 18:00;0,1791
2026-08-21 19:00;0,1500
2026-08-21 20:00;0,1500
2026-08-21 21:00;0,0000
2026-08-21 22:00;0,0000
2026-08-21 23:00;0,0000
2026-08-22 00:00;0,0000
2026-08-22 01:00;0,0000
2026-08-22 02:00;0,0000
2026-08-22 03:00;0,0000
2026-08-22 04:00;0,0000
2026-08-22 05:00;0,0000
2026-08-22 06:00;0,1500
2026-08-22 07:00;0,1500
2026-08-22 08:00;0,1620
2026-08-22 09:00;0,3174
2026-08-22 10:00;0,4929
2026-08-22 11:00;0,6416
2026-08-22 12:00;0,8294
2026-08-22 13:00;0,8550
2026-08-22 14:00;0,9443
2026-08-22 15:00;0,8323
2026-08-22 16:00;0,7482
2026-08-22 17:00;0,6330
2026-08-22 18:00;0,3976
2026-08-22 19:00;0,2066
2026-08-22 20:00;0,1500
2026-08-22 21:00;0,0000
2026-08-22 22:00;0,0000
2026-08-22 23:00;0,0000
2026-08-23 00:00;0,0000
2026-08-23 01:00;0,0000
2026-08-23 02:00;0,0000
2026-08-23 03:00;0,0000
2026-08-23 04:00;0,0000
2026-08-23 05:00;0,0000
2026-08-23 06:00;0,1500
2026-08-23 07:00;0,1616
2026-08-23 08:00;0,3413
2026-08-23 09:00;0,5868
2026-08-23 10:00;0,7467
2026-08-23 11:00;0,9501
2026-08-23 12:00;0,8907
2026-08-23 13:00;0,9109
2026-08-23 14:00;0,7924
2026-08-23 15:00;0,6994
2026-08-23 16:00;0,5976
2026-08-23 17:00;0,3517
2026-08-23 18:00;0,1804
2026-08-23 19:00;0,1500
2026-08-23 20:00;0,1500
2026-08-23 21:00;0,0000
2026-08-23 22:00;0,0000
2026-08-23 23:00;0,0000
2026-08-24 00:00;0,0000
2026-08-24 01:00;0,0000
2026-08-24 02:00;0,0000
2026-08-24 03:00;0,0000
2026-08-24 04:00;0,0000
2026-08-24 05:00;0,0000
2026-08-24 06:00;0,1500
2026-08-24 07:00;0,1500
2026-08-24 08:00;0,1854
2026-08-24 09:00;0,3494
2026-08-24 10:00;0,4924
2026-08-24 11:00;0,7276
2026-08-24 12:00;0,7889
2026-08-24 13:00;0,9393
2026-08-24 14:00;0,9490
2026-08-24 15:00;0,8943
2026-08-24 16:00;0,6955
2026-08-24 17:00;0,5156
2026-08-24 18:00;0,3328
2026-08-24 19:00;0,1942
2026-08-24 20:00;0,1500
2026-08-24 21:00;0,0000
2026-08-24 22:00;0,0000
2026-08-24 23:00;0,0000
2026-08-25 00:00;0,0000
2026-08-25 01:00;0,0000
2026-08-25 02:00;0,0000
2026-08-25 03:00;0,0000
2026-08-25 04:00;0,0000
2026-08-25 05:00;0,0000
2026-08-25 06:00;0,1500
2026-08-25 07:00;0,1640
2026-08-25 08:00;0,3682
2026-08-25 09:00;0,5032
2026-08-25 10:00;0,6331
2026-08-25 11:00;0,7490
2026-08-25 12:00;0,8303
2026-08-25 13:00;0,9265
2026-08-25 14:00;0,8903
2026-08-25 15:00;0,7878
2026-08-25 16:00;0,5647
2026-08-25 17:00;0,3612
2026-08-25 18:00;0,1697
2026-08-25 19:00;0,1500
2026-08-25 20:00;0,1500
2026-08-25 21:00;0,0000
2026-08-25 22:00;0,0000
2026-08-25 23:00;0,0000
2026-08-26 00:00;0,0000
2026-08-26 01:00;0,0000
2026-08-26 02:00;0,0000
2026-08-26 03:00;0,0000
2026-08-26 04:00;0,0000
2026-08-26 05:00;0,0000
2026-08-26 06:00;0,1500
2026-08-26 07:00;0,1500
2026-08-26 08:00;0,1635
2026-08-26 09:00;0,3213
2026-08-26 10:00;0,4634
2026-08-26 11:00;0,6797
2026-08-26 12:00;0,8847
2026-08-26 13:00;0,8358
2026-08-26 14:00;0,7838
2026-08-26 15:00;0,7058
2026-08-26 16:00;0,7054
2026-08-26 17:00;0,5123
2026-08-26 18:00;0,3442
2026-08-26 19:00;0,1695
2026-08-26 20:00;0,1500
2026-08-26 21:00;0,0000
2026-08-26 22:00;0,0000
2026-08-26 23:00;0,0000
2026-08-27 00:00;0,0000
2026-08-27 01:00;0,0000
2026-08-27 02:00;0,0000
2026-08-27 03:00;0,0000
2026-08-27 04:00;0,0000
2026-08-27 05:00;0,0000
2026-08-27 06:00;0,1500
2026-08-27 07:00;0,1500
2026-08-27 08:00;0,1863
2026-08-27 09:00;0,3542
2026-08-27 10:00;0,5661
2026-08-27 11:00;0,7548
2026-08-27 12:00;0,9292
2026-08-27 13:00;0,9714
2026-08-27 14:00;1,0000
2026-08-27 15:00;0,8534
2026-08-27 16:00;0,7323
2026-08-27 17:00;0,5493
2026-08-27 18:00;0,3968
2026-08-27 19:00;0,1790
2026-08-27 20:00;0,1500
2026-08-27 21:00;0,0000
2026-08-27 22:00;0,0000
2026-08-27 23:00;0,0000
2026-08-28 00:00;0,0000
2026-08-28 01:00;0,0000
2026-08-28 02:00;0,0000
2026-08-28 03:00;0,0000
2026-08-28 04:00;0,0000
2026-08-28 05:00;0,0000
2026-08-28 06:00;0,1500
2026-08-28 07:00;0,1500
2026-08-28 08:00;0,1749
2026-08-28 09:00;0,3655
2026-08-28 10:00;0,5097
2026-08-28 11:00;0,7185
2026-08-28 12:00;0,7857
2026-08-28 13:00;0,8261
2026-08-28 14:00;0,7749
2026-08-28 15:00;0,8187
2026-08-28 16:00;0,7087
2026-08-28 17:00;0,4871
2026-08-28 18:00;0,3941
2026-08-28 19:00;0,2188
2026-08-28 20:00;0,1500
2026-08-28 21:00;0,0000
2026-08-28 22:00;0,0000
2026-08-28 23:00;0,0000
2026-08-29 00:00;0,0000
2026-08-29 01:00;0,0000
2026-08-29 02:00;0,0000
2026-08-29 03:00;0,0000
2026-08-29 04:00;0,0000
2026-08-29 05:00;0,0000
2026-08-29 06:00;0,1500
2026-08-29 07:00;0,1500
2026-08-29 08:00;0,1782
2026-08-29 09:00;0,4008
2026-08-29 10:00;0,6028
2026-08-29 11:00;0,8235
2026-08-29 12:00;0,8695
2026-08-29 13:00;0,8363
2026-08-29 14:00;0,9088
2026-08-29 15:00;0,8930
2026-08-29 16:00;0,8340
2026-08-29 17:00;0,6388
2026-08-29 18:00;0,3870
2026-08-29 19:00;0,1735
2026-08-29 20:00;0,1500
2026-08-29 21:00;0,0000
2026-08-29 22:00;0,0000
2026-08-29 23:00;0,0000
2026-08-30 00:00;0,0000
2026-08-30 01:00;0,0000
2026-08-30 02:00;0,0000
2026-08-30 03:00;0,0000
2026-08-30 04:00;0,0000
2026-08-30 05:00;0,0000
2026-08-30 06:00;0,1500
2026-08-30 07:00;0,1772
2026-08-30 08:00;0,3927
2026-08-30 09:00;0,6247
2026-08-30 10:00;0,7518
2026-08-30 11:00;0,9073
2026-08-30 12:00;0,9040
2026-08-30 13:00;0,9611
2026-08-30 14:00;0,9621
2026-08-30 15:00;0,8480
2026-08-30 16:00;0,5750
2026-08-30 17:00;0,4099
2026-08-30 18:00;0,1821
2026-08-30 19:00;0,1500
2026-08-30 20:00;0,1500
2026-08-30 21:00;0,0000
2026-08-30 22:00;0,0000
2026-08-30 23:00;0,0000
2026-08-31 00:00;0,0000
2026-08-31 01:00;0,0000
2026-08-31 02:00;0,0000
2026-08-31 03:00;0,0000
2026-08-31 04:00;0,0000
2026-08-31 05:00;0,0000
2026-08-31 06:00;0,1500
2026-08-31 07:00;0,1500
2026-08-31 08:00;0,2119
2026-08-31 09:00;0,3767
2026-08-31 10:00;0,6122
2026-08-31 11:00;0,7039
2026-08-31 12:00;0,8826
2026-08-31 13:00;1,0000
2026-08-31 14:00;1,0000
2026-08-31 15:00;0,9768
2026-08-31 16:00;0,8648
2026-08-31 17:00;0,6667
2026-08-31 18:00;0,4001
2026-08-31 19:00;0,1892
2026-08-31 20:00;0,1500
2026-08-31 21:00;0,0000
2026-08-31 22:00;0,0000
2026-08-31 23:00;0,0000
2026-09-01 00:00;0,0000
2026-09-01 01:00;0,0000
2026-09-01 02:00;0,0000
2026-09-01 03:00;0,0000
2026-09-01 04:00;0,0000
2026-09-01 05:00;0,0000
2026-09-01 06:00;0,0000
2026-09-01 07:00;0,1500
2026-09-01 08:00;0,1500
2026-09-01 09:00;0,3110
2026-09-01 10:00;0,4936
2026-09-01 11:00;0,7132
2026-09-01 12:00;0,7549
2026-09-01 13:00;0,8037
2026-09-01 14:00;0,7197
2026-09-01 15:00;0,6093
2026-09-01 16:00;0,5379
2026-09-01 17:00;0,3265
2026-09-01 18:00;0,1500
2026-09-01 19:00;0,1500
2026-09-01 20:00;0,0000
2026-09-01 21:00;0,0000
2026-09-01 22:00;0,0000
2026-09-01 23:00;0,0000
2026-09-02 00:00;0,0000
2026-09-02 01:00;0,0000
2026-09-02 02:00;0,0000
2026-09-02 03:00;0,0000
2026-09-02 04:00;0,0000
2026-09-02 05:00;0,0000
2026-09-02 06:00;0,0000
2026-09-02 07:00;0,1500
2026-09-02 08:00;0,1500
2026-09-02 09:00;0,2296
2026-09-02 10:00;0,3938
2026-09-02 11:00;0,5438
2026-09-02 12:00;0,7232
2026-09-02 13:00;0,6739
2026-09-02 14:00;0,7286
2026-09-02 15:00;0,7349
2026-09-02 16:00;0,5902
2026-09-02 17:00;0,4052
2026-09-02 18:00;0,1892
2026-09-02 19:00;0,1500
2026-09-02 20:00;0,0000
2026-09-02 21:00;0,0000
2026-09-02 22:00;0,0000
2026-09-02 23:00;0,0000
2026-09-03 00:00;0,0000
2026-09-03 01:00;0,0000
2026-09-03 02:00;0,0000
2026-09-03 03:00;0,0000
2026-09-03 04:00;0,0000
2026-09-03 05:00;0,0000
2026-09-03 06:00;0,0000
2026-09-03 07:00;0,1500
2026-09-03 08:00;0,1687
2026-09-03 09:00;0,4219
2026-09-03 10:00;0,5932
2026-09-03 11:00;0,7109
2026-09-03 12:00;0,7770
2026-09-03 13:00;0,8205
2026-09-03 14:00;0,7870
2026-09-03 15:00;0,6866
2026-09-03 16:00;0,4834
2026-09-03 17:00;0,2960
2026-09-03 18:00;0,1500
2026-09-03 19:00;0,1500
2026-09-03 20:00;0,0000
2026-09-03 21:00;0,0000
2026-09-03 22:00;0,0000
2026-09-03 23:00;0,0000
2026-09-04 00:00;0,0000
2026-09-04 01:00;0,0000
2026-09-04 02:00;0,0000
2026-09-04 03:00;0,0000
2026-09-04 04:00;0,0000
2026-09-04 05:00;0,0000
2026-09-04 06:00;0,0000
2026-09-04 07:00;0,1500
2026-09-04 08:00;0,3013
2026-09-04 09:00;0,4776
2026-09-04 10:00;0,6428
2026-09-04 11:00;0,7051
2026-09-04 12:00;0,7190
2026-09-04 13:00;0,6156
2026-09-04 14:00;0,5281
2026-09-04 15:00;0,4429
2026-09-04 16:00;0,4046
2026-09-04 17:00;0,2738
2026-09-04 18:00;0,1500
2026-09-04 19:00;0,1500
2026-09-04 20:00;0,0000
2026-09-04 21:00;0,0000
2026-09-04 22:00;0,0000
2026-09-04 23:00;0,0000
2026-09-05 00:00;0,0000
2026-09-05 01:00;0,0000
2026-09-05 02:00;0,0000
2026-09-05 03:00;0,0000
2026-09-05 04:00;0,0000
2026-09-05 05:00;0,0000
2026-09-05 06:00;0,0000
2026-09-05 07:00;0,1500
2026-09-05 08:00;0,1500
2026-09-05 09:00;0,2634
2026-09-05 10:00;0,4579
2026-09-05 11:00;0,6495
2026-09-05 12:00;0,7620
2026-09-05 13:00;0,7568
2026-09-05 14:00;0,8293
2026-09-05 15:00;0,6643
2026-09-05 16:00;0,5836
2026-09-05 17:00;0,4166
2026-09-05 18:00;0,2087
2026-09-05 19:00;0,1500
2026-09-05 20:00;0,0000
2026-09-05 21:00;0,0000
2026-09-05 22:00;0,0000
2026-09-05 23:00;0,0000
2026-09-06 00:00;0,0000
2026-09-06 01:00;0,0000
2026-09-06 02:00;0,0000
2026-09-06 03:00;0,0000
2026-09-06 04:00;0,0000
2026-09-06 05:00;0,0000
2026-09-06 06:00;0,0000
2026-09-06 07:00;0,1500
2026-09-06 08:00;0,2980
2026-09-06 09:00;0,5296
2026-09-06 10:00;0,7003
2026-09-06 11:00;0,6394
2026-09-06 12:00;0,5772
2026-09-06 13:00;0,6707
2026-09-06 14:00;0,6686
2026-09-06 15:00;0,6078
2026-09-06 16:00;0,3907
2026-09-06 17:00;0,2129
2026-09-06 18:00;0,1500
2026-09-06 19:00;0,1500
2026-09-06 20:00;0,0000
2026-09-06 21:00;0,0000
2026-09-06 22:00;0,0000
2026-09-06 23:00;0,0000
2026-09-07 00:00;0,0000
2026-09-07 01:00;0,0000
2026-09-07 02:00;0,0000
2026-09-07 03:00;0,0000
2026-09-07 04:00;0,0000
2026-09-07 05:00;0,0000
2026-09-07 06:00;0,0000
2026-09-07 07:00;0,1500
2026-09-07 08:00;0,1500
2026-09-07 09:00;0,2079
2026-09-07 10:00;0,3383
2026-09-07 11:00;0,5493
2026-09-07 12:00;0,6120
2026-09-07 13:00;0,6101
2026-09-07 14:00;0,5685
2026-09-07 15:00;0,5713
2026-09-07 16:00;0,5193
2026-09-07 17:00;0,3838
2026-09-07 18:00;0,1880
2026-09-07 19:00;0,1500
2026-09-07 20:00;0,0000
2026-09-07 21:00;0,0000
2026-09-07 22:00;0,0000
2026-09-07 23:00;0,0000
2026-09-08 00:00;0,0000
2026-09-08 01:00;0,0000
2026-09-08 02:00;0,0000
2026-09-08 03:00;0,0000
2026-09-08 04:00;0,0000
2026-09-08 05:00;0,0000
2026-09-08 06:00;0,0000
2026-09-08 07:00;0,1500
2026-09-08 08:00;0,2099
2026-09-08 09:00;0,3892
2026-09-08 10:00;0,4892
2026-09-08 11:00;0,6713
2026-09-08 12:00;0,7174
2026-09-08 13:00;0,6860
2026-09-08 14:00;0,6108
2026-09-08 15:00;0,4973
2026-09-08 16:00;0,3575
2026-09-08 17:00;0,1979
2026-09-08 18:00;0,1500
2026-09-08 19:00;0,1500
2026-09-08 20:00;0,0000
2026-09-08 21:00;0,0000
2026-09-08 22:00;0,0000
2026-09-08 23:00;0,0000
2026-09-09 00:00;0,0000
2026-09-09 01:00;0,0000
2026-09-09 02:00;0,0000
2026-09-09 03:00;0,0000
2026-09-09 04:00;0,0000
2026-09-09 05:00;0,0000
2026-09-09 06:00;0,0000
2026-09-09 07:00;0,1500
2026-09-09 08:00;0,2356
2026-09-09 09:00;0,4519
2026-09-09 10:00;0,6267
2026-09-09 11:00;0,6836
2026-09-09 12:00;0,7850
2026-09-09 13:00;0,7791
2026-09-09 14:00;0,6882
2026-09-09 15:00;0,5169
2026-09-09 16:00;0,4209
2026-09-09 17:00;0,2465
2026-09-09 18:00;0,1500
2026-09-09 19:00;0,1500
2026-09-09 20:00;0,0000
2026-09-09 21:00;0,0000
2026-09-09 22:00;0,0000
2026-09-09 23:00;0,0000
2026-09-10 00:00;0,0000
2026-09-10 01:00;0,0000
2026-09-10 02:00;0,0000
2026-09-10 03:00;0,0000
2026-09-10 04:00;0,0000
2026-09-10 05:00;0,0000
2026-09-10 06:00;0,0000
2026-09-10 07:00;0,1500
2026-09-10 08:00;0,1500
2026-09-10 09:00;0,2536
2026-09-10 10:00;0,4503
2026-09-10 11:00;0,6089
2026-09-10 12:00;0,7915
2026-09-10 13:00;0,8588
2026-09-10 14:00;0,8350
2026-09-10 15:00;0,7471
2026-09-10 16:00;0,5851
2026-09-10 17:00;0,4559
2026-09-10 18:00;0,2219
2026-09-10 19:00;0,1500
2026-09-10 20:00;0,0000
2026-09-10 21:00;0,0000
2026-09-10 22:00;0,0000
2026-09-10 23:00;0,0000
2026-09-11 00:00;0,0000
2026-09-11 01:00;0,0000
2026-09-11 02:00;0,0000
2026-09-11 03:00;0,0000
2026-09-11 04:00;0,0000
2026-09-11 05:00;0,0000
2026-09-11 06:00;0,0000
2026-09-11 07:00;0,1500
2026-09-11 08:00;0,1500
2026-09-11 09:00;0,2477
2026-09-11 10:00;0,4840
2026-09-11 11:00;0,6142
2026-09-11 12:00;0,6770
2026-09-11 13:00;0,6452
2026-09-11 14:00;0,5745
2026-09-11 15:00;0,5656
2026-09-11 16:00;0,4965
2026-09-11 17:00;0,3881
2026-09-11 18:00;0,2227
2026-09-11 19:00;0,1500
2026-09-11 20:00;0,0000
2026-09-11 21:00;0,0000
2026-09-11 22:00;0,0000
2026-09-11 23:00;0,0000
2026-09-12 00:00;0,0000
2026-09-12 01:00;0,0000
2026-09-12 02:00;0,0000
2026-09-12 03:00;0,0000
2026-09-12 04:00;0,0000
2026-09-12 05:00;0,0000
2026-09-12 06:00;0,0000
2026-09-12 07:00;0,1500
2026-09-12 08:00;0,1500
2026-09-12 09:00;0,2287
2026-09-12 10:00;0,3220
2026-09-12 11:00;0,5835
2026-09-12 12:00;0,6352
2026-09-12 13:00;0,7167
2026-09-12 14:00;0,7017
2026-09-12 15:00;0,6735
2026-09-12 16:00;0,5634
2026-09-12 17:00;0,3784
2026-09-12 18:00;0,2267
2026-09-12 19:00;0,1500
2026-09-12 20:00;0,0000
2026-09-12 21:00;0,0000
2026-09-12 22:00;0,0000
2026-09-12 23:00;0,0000
2026-09-13 00:00;0,0000
2026-09-13 01:00;0,0000
2026-09-13 02:00;0,0000
2026-09-13 03:00;0,0000
2026-09-13 04:00;0,0000
2026-09-13 05:00;0,0000
2026-09-13 06:00;0,0000
2026-09-13 07:00;0,1500
2026-09-13 08:00;0,1500
2026-09-13 09:00;0,2700
2026-09-13 10:00;0,4373
2026-09-13 11:00;0,5326
2026-09-13 12:00;0,5821
2026-09-13 13:00;0,7022
2026-09-13 14:00;0,6254
2026-09-13 15:00;0,5715
2026-09-13 16:00;0,5013
2026-09-13 17:00;0,3375
2026-09-13 18:00;0,1804
2026-09-13 19:00;0,1500
2026-09-13 20:00;0,0000
2026-09-13 21:00;0,0000
2026-09-13 22:00;0,0000
2026-09-13 23:00;0,0000
2026-09-14 00:00;0,0000
2026-09-14 01:00;0,0000
2026-09-14 02:00;0,0000
2026-09-14 03:00;0,0000
2026-09-14 04:00;0,0000
2026-09-14 05:00;0,0000
2026-09-14 06:00;0,0000
2026-09-14 07:00;0,1500
2026-09-14 08:00;0,1500
2026-09-14 09:00;0,2335
2026-09-14 10:00;0,4587
2026-09-14 11:00;0,5712
2026-09-14 12:00;0,6817
2026-09-14 13:00;0,8157
2026-09-14 14:00;0,7307
2026-09-14 15:00;0,6372
2026-09-14 16:00;0,5848
2026-09-14 17:00;0,4348
2026-09-14 18:00;0,2527
2026-09-14 19:00;0,1500
2026-09-14 20:00;0,0000
2026-09-14 21:00;0,0000
2026-09-14 22:00;0,0000
2026-09-14 23:00;0,0000
2026-09-15 00:00;0,0000
2026-09-15 01:00;0,0000
2026-09-15 02:00;0,0000
2026-09-15 03:00;0,0000
2026-09-15 04:00;0,0000
2026-09-15 05:00;0,0000
2026-09-15 06:00;0,0000
2026-09-15 07:00;0,1500
2026-09-15 08:00;0,2656
2026-09-15 09:00;0,4125
2026-09-15 10:00;0,5992
2026-09-15 11:00;0,6452
2026-09-15 12:00;0,6391
2026-09-15 13:00;0,7274
2026-09-15 14:00;0,7286
2026-09-15 15:00;0,5565
2026-09-15 16:00;0,4371
2026-09-15 17:00;0,2683
2026-09-15 18:00;0,1500
2026-09-15 19:00;0,1500
2026-09-15 20:00;0,0000
2026-09-15 21:00;0,0000
2026-09-15 22:00;0,0000
2026-09-15 23:00;0,0000
2026-09-16 00:00;0,0000
2026-09-16 01:00;0,0000
2026-09-16 02:00;0,0000
2026-09-16 03:00;0,0000
2026-09-16 04:00;0,0000
2026-09-16 05:00;0,0000
2026-09-16 06:00;0,0000
2026-09-16 07:00;0,1500
2026-09-16 08:00;0,1500
2026-09-16 09:00;0,2265
2026-09-16 10:00;0,3931
2026-09-16 11:00;0,5978
2026-09-16 12:00;0,6579
2026-09-16 13:00;0,7696
2026-09-16 14:00;0,7239
2026-09-16 15:00;0,6002
2026-09-16 16:00;0,5696
2026-09-16 17:00;0,4340
2026-09-16 18:00;0,2307
2026-09-16 19:00;0,1500
2026-09-16 20:00;0,0000
2026-09-16 21:00;0,0000
2026-09-16 22:00;0,0000
2026-09-16 23:00;0,0000
2026-09-17 00:00;0,0000
2026-09-17 01:00;0,0000
2026-09-17 02:00;0,0000
2026-09-17 03:00;0,0000
2026-09-17 04:00;0,0000
2026-09-17 05:00;0,0000
2026-09-17 06:00;0,0000
2026-09-17 07:00;0,1500
2026-09-17 08:00;0,2370
2026-09-17 09:00;0,3969
2026-09-17 10:00;0,5880
2026-09-17 11:00;0,7501
2026-09-17 12:00;0,8296
2026-09-17 13:00;0,7975
2026-09-17 14:00;0,6639
2026-09-17 15:00;0,6229
2026-09-17 16:00;0,4731
2026-09-17 17:00;0,3124
2026-09-17 18:00;0,1500
2026-09-17 19:00;0,1500
2026-09-17 20:00;0,0000
2026-09-17 21:00;0,0000
2026-09-17 22:00;0,0000
2026-09-17 23:00;0,0000
2026-09-18 00:00;0,0000
2026-09-18 01:00;0,0000
2026-09-18 02:00;0,0000
2026-09-18 03:00;0,0000
2026-09-18 04:00;0,0000
2026-09-18 05:00;0,0000
2026-09-18 06:00;0,0000
2026-09-18 07:00;0,1500
2026-09-18 08:00;0,1500
2026-09-18 09:00;0,2749
2026-09-18 10:00;0,3611
2026-09-18 11:00;0,4879
2026-09-18 12:00;0,6815
2026-09-18 13:00;0,7523
2026-09-18 14:00;0,6991
2026-09-18 15:00;0,6359
2026-09-18 16:00;0,5670
2026-09-18 17:00;0,4347
2026-09-18 18:00;0,2394
2026-09-18 19:00;0,1500
2026-09-18 20:00;0,0000
2026-09-18 21:00;0,0000
2026-09-18 22:00;0,0000
2026-09-18 23:00;0,0000
2026-09-19 00:00;0,0000
2026-09-19 01:00;0,0000
2026-09-19 02:00;0,0000
2026-09-19 03:00;0,0000
2026-09-19 04:00;0,0000
2026-09-19 05:00;0,0000
2026-09-19 06:00;0,0000
2026-09-19 07:00;0,1500
2026-09-19 08:00;0,1500
2026-09-19 09:00;0,2519
2026-09-19 10:00;0,4842
2026-09-19 11:00;0,5864
2026-09-19 12:00;0,6965
2026-09-19 13:00;0,7847
2026-09-19 14:00;0,8202
2026-09-19 15:00;0,7064
2026-09-19 16:00;0,5661
2026-09-19 17:00;0,3560
2026-09-19 18:00;0,1767
2026-09-19 19:00;0,1500
2026-09-19 20:00;0,0000
2026-09-19 21:00;0,0000
2026-09-19 22:00;0,0000
2026-09-19 23:00;0,0000
2026-09-20 00:00;0,0000
2026-09-20 01:00;0,0000
2026-09-20 02:00;0,0000
2026-09-20 03:00;0,0000
2026-09-20 04:00;0,0000
2026-09-20 05:00;0,0000
2026-09-20 06:00;0,0000
2026-09-20 07:00;0,1500
2026-09-20 08:00;0,1500
2026-09-20 09:00;0,3027
2026-09-20 10:00;0,4813
2026-09-20 11:00;0,5756
2026-09-20 12:00;0,5996
2026-09-20 13:00;0,7503
2026-09-20 14:00;0,7060
2026-09-20 15:00;0,5949
2026-09-20 16:00;0,4693
2026-09-20 17:00;0,3781
2026-09-20 18:00;0,2082
2026-09-20 19:00;0,1500
2026-09-20 20:00;0,0000
2026-09-20 21:00;0,0000
2026-09-20 22:00;0,0000
2026-09-20 23:00;0,0000
2026-09-21 00:00;0,0000
2026-09-21 01:00;0,0000
2026-09-21 02:00;0,0000
2026-09-21 03:00;0,0000
2026-09-21 04:00;0,0000
2026-09-21 05:00;0,0000
2026-09-21 06:00;0,0000
2026-09-21 07:00;0,1500
2026-09-21 08:00;0,2093
2026-09-21 09:00;0,4010
2026-09-21 10:00;0,5565
2026-09-21 11:00;0,6166
2026-09-21 12:00;0,6865
2026-09-21 13:00;0,7163
2026-09-21 14:00;0,6451
2026-09-21 15:00;0,5689
2026-09-21 16:00;0,4012
2026-09-21 17:00;0,2332
2026-09-21 18:00;0,1500
2026-09-21 19:00;0,1500
2026-09-21 20:00;0,0000
2026-09-21 21:00;0,0000
2026-09-21 22:00;0,0000
2026-09-21 23:00;0,0000
2026-09-22 00:00;0,0000
2026-09-22 01:00;0,0000
2026-09-22 02:00;0,0000
2026-09-22 03:00;0,0000
2026-09-22 04:00;0,0000
2026-09-22 05:00;0,0000
2026-09-22 06:00;0,0000
2026-09-22 07:00;0,1500
2026-09-22 08:00;0,1500
2026-09-22 09:00;0,2866
2026-09-22 10:00;0,4032
2026-09-22 11:00;0,5618
2026-09-22 12:00;0,7119
2026-09-22 13:00;0,7165
2026-09-22 14:00;0,7380
2026-09-22 15:00;0,6857
2026-09-22 16:00;0,5686
2026-09-22 17:00;0,3225
2026-09-22 18:00;0,1500
2026-09-22 19:00;0,1500
2026-09-22 20:00;0,0000
2026-09-22 21:00;0,0000
2026-09-22 22:00;0,0000
2026-09-22 23:00;0,0000
2026-09-23 00:00;0,0000
2026-09-23 01:00;0,0000
2026-09-23 02:00;0,0000
2026-09-23 03:00;0,0000
2026-09-23 04:00;0,0000
2026-09-23 05:00;0,0000
2026-09-23 06:00;0,0000
2026-09-23 07:00;0,1500
2026-09-23 08:00;0,1500
2026-09-23 09:00;0,2791
2026-09-23 10:00;0,4846
2026-09-23 11:00;0,6647
2026-09-23 12:00;0,8230
2026-09-23 13:00;0,8673
2026-09-23 14:00;0,7595
2026-09-23 15:00;0,6250
2026-09-23 16:00;0,4844
2026-09-23 17:00;0,3737
2026-09-23 18:00;0,2036
2026-09-23 19:00;0,1500
2026-09-23 20:00;0,0000
2026-09-23 21:00;0,0000
2026-09-23 22:00;0,0000
2026-09-23 23:00;0,0000
2026-09-24 00:00;0,0000
2026-09-24 01:00;0,0000
2026-09-24 02:00;0,0000
2026-09-24 03:00;0,0000
2026-09-24 04:00;0,0000
2026-09-24 05:00;0,0000
2026-09-24 06:00;0,0000
2026-09-24 07:00;0,1500
2026-09-24 08:00;0,1500
2026-09-24 09:00;0,2347
2026-09-24 10:00;0,4518
2026-09-24 11:00;0,6140
2026-09-24 12:00;0,7670
2026-09-24 13:00;0,8787
2026-09-24 14:00;0,7760
2026-09-24 15:00;0,6494
2026-09-24 16:00;0,4855
2026-09-24 17:00;0,3362
2026-09-24 18:00;0,2233
2026-09-24 19:00;0,1500
2026-09-24 20:00;0,0000
2026-09-24 21:00;0,0000
2026-09-24 22:00;0,0000
2026-09-24 23:00;0,0000
2026-09-25 00:00;0,0000
2026-09-25 01:00;0,0000
2026-09-25 02:00;0,0000
2026-09-25 03:00;0,0000
2026-09-25 04:00;0,0000
2026-09-25 05:00;0,0000
2026-09-25 06:00;0,0000
2026-09-25 07:00;0,1500
2026-09-25 08:00;0,1500
2026-09-25 09:00;0,2458
2026-09-25 10:00;0,4514
2026-09-25 11:00;0,6815
2026-09-25 12:00;0,7314
2026-09-25 13:00;0,7059
2026-09-25 14:00;0,6674
2026-09-25 15:00;0,6225
2026-09-25 16:00;0,5679
2026-09-25 17:00;0,4215
2026-09-25 18:00;0,2395
2026-09-25 19:00;0,1500
2026-09-25 20:00;0,0000
2026-09-25 21:00;0,0000
2026-09-25 22:00;0,0000
2026-09-25 23:00;0,0000
2026-09-26 00:00;0,0000
2026-09-26 01:00;0,0000
2026-09-26 02:00;0,0000
2026-09-26 03:00;0,0000
2026-09-26 04:00;0,0000
2026-09-26 05:00;0,0000
2026-09-26 06:00;0,0000
2026-09-26 07:00;0,1500
2026-09-26 08:00;0,1500
2026-09-26 09:00;0,2427
2026-09-26 10:00;0,4156
2026-09-26 11:00;0,6297
2026-09-26 12:00;0,7672
2026-09-26 13:00;0,7660
2026-09-26 14:00;0,7102
2026-09-26 15:00;0,5802
2026-09-26 16:00;0,4688
2026-09-26 17:00;0,4180
2026-09-26 18:00;0,2064
2026-09-26 19:00;0,1500
2026-09-26 20:00;0,0000
2026-09-26 21:00;0,0000
2026-09-26 22:00;0,0000
2026-09-26 23:00;0,0000
2026-09-27 00:00;0,0000
2026-09-27 01:00;0,0000
2026-09-27 02:00;0,0000
2026-09-27 03:00;0,0000
2026-09-27 04:00;0,0000
2026-09-27 05:00;0,0000
2026-09-27 06:00;0,0000
2026-09-27 07:00;0,1500
2026-09-27 08:00;0,1500
2026-09-27 09:00;0,2675
2026-09-27 10:00;0,4431
2026-09-27 11:00;0,6215
2026-09-27 12:00;0,7321
2026-09-27 13:00;0,8259
2026-09-27 14:00;0,8146
2026-09-27 15:00;0,7585
2026-09-27 16:00;0,5351
2026-09-27 17:00;0,4043
2026-09-27 18:00;0,2219
2026-09-27 19:00;0,1500
2026-09-27 20:00;0,0000
2026-09-27 21:00;0,0000
2026-09-27 22:00;0,0000
2026-09-27 23:00;0,0000
2026-09-28 00:00;0,0000
2026-09-28 01:00;0,0000
2026-09-28 02:00;0,0000
2026-09-28 03:00;0,0000
2026-09-28 04:00;0,0000
2026-09-28 05:00;0,0000
2026-09-28 06:00;0,0000
2026-09-28 07:00;0,1500
2026-09-28 08:00;0,2731
2026-09-28 09:00;0,4867
2026-09-28 10:00;0,6607
2026-09-28 11:00;0,7563
2026-09-28 12:00;0,7940
2026-09-28 13:00;0,8275
2026-09-28 14:00;0,7233
2026-09-28 15:00;0,6665
2026-09-28 16:00;0,4947
2026-09-28 17:00;0,3728
2026-09-28 18:00;0,1625
2026-09-28 19:00;0,1500
2026-09-28 20:00;0,0000
2026-09-28 21:00;0,0000
2026-09-28 22:00;0,0000
2026-09-28 23:00;0,0000
2026-09-29 00:00;0,0000
2026-09-29 01:00;0,0000
2026-09-29 02:00;0,0000
2026-09-29 03:00;0,0000
2026-09-29 04:00;0,0000
2026-09-29 05:00;0,0000
2026-09-29 06:00;0,0000
2026-09-29 07:00;0,1500
2026-09-29 08:00;0,1500
2026-09-29 09:00;0,1500
2026-09-29 10:00;0,1500
2026-09-29 11:00;0,7036
2026-09-29 12:00;0,8711
2026-09-29 13:00;0,8597
2026-09-29 14:00;0,9441
2026-09-29 15:00;0,8827
2026-09-29 16:00;0,7732
2026-09-29 17:00;0,5904
2026-09-29 18:00;0,3438
2026-09-29 19:00;0,1500
2026-09-29 20:00;0,0000
2026-09-29 21:00;0,0000
2026-09-29 22:00;0,0000
2026-09-29 23:00;0,0000
2026-09-30 00:00;0,0000
2026-09-30 01:00;0,0000
2026-09-30 02:00;0,0000
2026-09-30 03:00;0,0000
2026-09-30 04:00;0,0000
2026-09-30 05:00;0,0000
2026-09-30 06:00;0,0000
2026-09-30 07:00;0,1500
2026-09-30 08:00;0,1500
2026-09-30 09:00;0,2271
2026-09-30 10:00;0,3962
2026-09-30 11:00;0,5254
2026-09-30 12:00;0,6570
2026-09-30 13:00;0,6767
2026-09-30 14:00;0,6515
2026-09-30 15:00;0,6956
2026-09-30 16:00;0,6270
2026-09-30 17:00;0,4094
2026-09-30 18:00;0,2128
2026-09-30 19:00;0,1500
2026-09-30 20:00;0,0000
2026-09-30 21:00;0,0000
2026-09-30 22:00;0,0000
2026-09-30 23:00;0,0000
2026-10-01 00:00;0,0000
2026-10-01 01:00;0,0000
2026-10-01 02:00;0,0000
2026-10-01 03:00;0,0000
2026-10-01 04:00;0,0000
2026-10-01 05:00;0,0000
2026-10-01 06:00;0,0000
2026-10-01 07:00;0,0000
2026-10-01 08:00;0,1500
2026-10-01 09:00;0,1500
2026-10-01 10:00;0,3325
2026-10-01 11:00;0,4359
2026-10-01 12:00;0,4767
2026-10-01 13:00;0,4833
2026-10-01 14:00;0,4878
2026-10-01 15:00;0,4733
2026-10-01 16:00;0,3619
2026-10-01 17:00;0,2134
2026-10-01 18:00;0,1500
2026-10-01 19:00;0,0000
2026-10-01 20:00;0,0000
2026-10-01 21:00;0,0000
2026-10-01 22:00;0,0000
2026-10-01 23:00;0,0000
2026-10-02 00:00;0,0000
2026-10-02 01:00;0,0000
2026-10-02 02:00;0,0000
2026-10-02 03:00;0,0000
2026-10-02 04:00;0,0000
2026-10-02 05:00;0,0000
2026-10-02 06:00;0,0000
2026-10-02 07:00;0,0000
2026-10-02 08:00;0,1500
2026-10-02 09:00;0,2094
2026-10-02 10:00;0,4316
2026-10-02 11:00;0,6112
2026-10-02 12:00;0,7364
2026-10-02 13:00;0,7509
2026-10-02 14:00;0,6388
2026-10-02 15:00;0,4614
2026-10-02 16:00;0,2584
2026-10-02 17:00;0,1500
2026-10-02 18:00;0,1500
2026-10-02 19:00;0,0000
2026-10-02 20:00;0,0000
2026-10-02 21:00;0,0000
2026-10-02 22:00;0,0000
2026-10-02 23:00;0,0000
2026-10-03 00:00;0,0000
2026-10-03 01:00;0,0000
2026-10-03 02:00;0,0000
2026-10-03 03:00;0,0000
2026-10-03 04:00;0,0000
2026-10-03 05:00;0,0000
2026-10-03 06:00;0,0000
2026-10-03 07:00;0,0000
2026-10-03 08:00;0,1500
2026-10-03 09:00;0,1500
2026-10-03 10:00;0,2559
2026-10-03 11:00;0,4264
2026-10-03 12:00;0,5663
2026-10-03 13:00;0,5673
2026-10-03 14:00;0,5507
2026-10-03 15:00;0,4575
2026-10-03 16:00;0,3832
2026-10-03 17:00;0,2051
2026-10-03 18:00;0,1500
2026-10-03 19:00;0,0000
2026-10-03 20:00;0,0000
2026-10-03 21:00;0,0000
2026-10-03 22:00;0,0000
2026-10-03 23:00;0,0000
2026-10-04 00:00;0,0000
2026-10-04 01:00;0,0000
2026-10-04 02:00;0,0000
2026-10-04 03:00;0,0000
2026-10-04 04:00;0,0000
2026-10-04 05:00;0,0000
2026-10-04 06:00;0,0000
2026-10-04 07:00;0,0000
2026-10-04 08:00;0,1500
2026-10-04 09:00;0,1500
2026-10-04 10:00;0,2475
2026-10-04 11:00;0,4662
2026-10-04 12:00;0,5832
2026-10-04 13:00;0,6401
2026-10-04 14:00;0,5547
2026-10-04 15:00;0,5277
2026-10-04 16:00;0,3528
2026-10-04 17:00;0,1718
2026-10-04 18:00;0,1500
2026-10-04 19:00;0,0000
2026-10-04 20:00;0,0000
2026-10-04 21:00;0,0000
2026-10-04 22:00;0,0000
2026-10-04 23:00;0,0000
2026-10-05 00:00;0,0000
2026-10-05 01:00;0,0000
2026-10-05 02:00;0,0000
2026-10-05 03:00;0,0000
2026-10-05 04:00;0,0000
2026-10-05 05:00;0,0000
2026-10-05 06:00;0,0000
2026-10-05 07:00;0,0000
2026-10-05 08:00;0,1500
2026-10-05 09:00;0,3288
2026-10-05 10:00;0,5027
2026-10-05 11:00;0,5738
2026-10-05 12:00;0,6472
2026-10-05 13:00;0,6234
2026-10-05 14:00;0,5973
2026-10-05 15:00;0,4317
2026-10-05 16:00;0,2655
2026-10-05 17:00;0,1500
2026-10-05 18:00;0,1500
2026-10-05 19:00;0,0000
2026-10-05 20:00;0,0000
2026-10-05 21:00;0,0000
2026-10-05 22:00;0,0000
2026-10-05 23:00;0,0000
2026-10-06 00:00;0,0000
2026-10-06 01:00;0,0000
2026-10-06 02:00;0,0000
2026-10-06 03:00;0,0000
2026-10-06 04:00;0,0000
2026-10-06 05:00;0,0000
2026-10-06 06:00;0,0000
2026-10-06 07:00;0,0000
2026-10-06 08:00;0,1500
2026-10-06 09:00;0,1711
2026-10-06 10:00;0,3487
2026-10-06 11:00;0,4788
2026-10-06 12:00;0,6176
2026-10-06 13:00;0,6962
2026-10-06 14:00;0,6680
2026-10-06 15:00;0,5321
2026-10-06 16:00;0,4379
2026-10-06 17:00;0,2669
2026-10-06 18:00;0,1500
2026-10-06 19:00;0,0000
2026-10-06 20:00;0,0000
2026-10-06 21:00;0,0000
2026-10-06 22:00;0,0000
2026-10-06 23:00;0,0000
2026-10-07 00:00;0,0000
2026-10-07 01:00;0,0000
2026-10-07 02:00;0,0000
2026-10-07 03:00;0,0000
2026-10-07 04:00;0,0000
2026-10-07 05:00;0,0000
2026-10-07 06:00;0,0000
2026-10-07 07:00;0,0000
2026-10-07 08:00;0,1500
2026-10-07 09:00;0,1500
2026-10-07 10:00;0,3221
2026-10-07 11:00;0,4392
2026-10-07 12:00;0,5330
2026-10-07 13:00;0,5429
2026-10-07 14:00;0,5653
2026-10-07 15:00;0,4584
2026-10-07 16:00;0,3432
2026-10-07 17:00;0,2029
2026-10-07 18:00;0,1500
2026-10-07 19:00;0,0000
2026-10-07 20:00;0,0000
2026-10-07 21:00;0,0000
2026-10-07 22:00;0,0000
2026-10-07 23:00;0,0000
2026-10-08 00:00;0,0000
2026-10-08 01:00;0,0000
2026-10-08 02:00;0,0000
2026-10-08 03:00;0,0000
2026-10-08 04:00;0,0000
2026-10-08 05:00;0,0000
2026-10-08 06:00;0,0000
2026-10-08 07:00;0,0000
2026-10-08 08:00;0,1500
2026-10-08 09:00;0,1824
2026-10-08 10:00;0,3774
2026-10-08 11:00;0,5109
2026-10-08 12:00;0,5421
2026-10-08 13:00;0,5775
2026-10-08 14:00;0,5418
2026-10-08 15:00;0,4603
2026-10-08 16:00;0,4720
2026-10-08 17:00;0,2833
2026-10-08 18:00;0,1500
2026-10-08 19:00;0,0000
2026-10-08 20:00;0,0000
2026-10-08 21:00;0,0000
2026-10-08 22:00;0,0000
2026-10-08 23:00;0,0000
2026-10-09 00:00;0,0000
2026-10-09 01:00;0,0000
2026-10-09 02:00;0,0000
2026-10-09 03:00;0,0000
2026-10-09 04:00;0,0000
2026-10-09 05:00;0,0000
2026-10-09 06:00;0,0000
2026-10-09 07:00;0,0000
2026-10-09 08:00;0,1500
2026-10-09 09:00;0,2545
2026-10-09 10:00;0,4319
2026-10-09 11:00;0,5605
2026-10-09 12:00;0,6794
2026-10-09 13:00;0,6268
2026-10-09 14:00;0,5356
2026-10-09 15:00;0,4161
2026-10-09 16:00;0,2211
2026-10-09 17:00;0,1500
2026-10-09 18:00;0,1500
2026-10-09 19:00;0,0000
2026-10-09 20:00;0,0000
2026-10-09 21:00;0,0000
2026-10-09 22:00;0,0000
2026-10-09 23:00;0,0000
2026-10-10 00:00;0,0000
2026-10-10 01:00;0,0000
2026-10-10 02:00;0,0000
2026-10-10 03:00;0,0000
2026-10-10 04:00;0,0000
2026-10-10 05:00;0,0000
2026-10-10 06:00;0,0000
2026-10-10 07:00;0,0000
2026-10-10 08:00;0,1500
2026-10-10 09:00;0,1500
2026-10-10 10:00;0,3112
2026-10-10 11:00;0,4949
2026-10-10 12:00;0,5549
2026-10-10 13:00;0,5500
2026-10-10 14:00;0,5753
2026-10-10 15:00;0,5533
2026-10-10 16:00;0,3770
2026-10-10 17:00;0,2265
2026-10-10 18:00;0,1500
2026-10-10 19:00;0,0000
2026-10-10 20:00;0,0000
2026-10-10 21:00;0,0000
2026-10-10 22:00;0,0000
2026-10-10 23:00;0,0000
2026-10-11 00:00;0,0000
2026-10-11 01:00;0,0000
2026-10-11 02:00;0,0000
2026-10-11 03:00;0,0000
2026-10-11 04:00;0,0000
2026-10-11 05:00;0,0000
2026-10-11 06:00;0,0000
2026-10-11 07:00;0,0000
2026-10-11 08:00;0,1500
2026-10-11 09:00;0,1500
2026-10-11 10:00;0,2807
2026-10-11 11:00;0,4362
2026-10-11 12:00;0,5164
2026-10-11 13:00;0,5325
2026-10-11 14:00;0,5691
2026-10-11 15:00;0,5293
2026-10-11 16:00;0,4080
2026-10-11 17:00;0,2017
2026-10-11 18:00;0,1500
2026-10-11 19:00;0,0000
2026-10-11 20:00;0,0000
2026-10-11 21:00;0,0000
2026-10-11 22:00;0,0000
2026-10-11 23:00;0,0000
2026-10-12 00:00;0,0000
2026-10-12 01:00;0,0000
2026-10-12 02:00;0,0000
2026-10-12 03:00;0,0000
2026-10-12 04:00;0,0000
2026-10-12 05:00;0,0000
2026-10-12 06:00;0,0000
2026-10-12 07:00;0,0000
2026-10-12 08:00;0,1500
2026-10-12 09:00;0,1500
2026-10-12 10:00;0,2485
2026-10-12 11:00;0,4456
2026-10-12 12:00;0,5495
2026-10-12 13:00;0,5428
2026-10-12 14:00;0,5777
2026-10-12 15:00;0,5184
2026-10-12 16:00;0,3478
2026-10-12 17:00;0,1860
2026-10-12 18:00;0,1500
2026-10-12 19:00;0,0000
2026-10-12 20:00;0,0000
2026-10-12 21:00;0,0000
2026-10-12 22:00;0,0000
2026-10-12 23:00;0,0000
2026-10-13 00:00;0,0000
2026-10-13 01:00;0,0000
2026-10-13 02:00;0,0000
2026-10-13 03:00;0,0000
2026-10-13 04:00;0,0000
2026-10-13 05:00;0,0000
2026-10-13 06:00;0,0000
2026-10-13 07:00;0,0000
2026-10-13 08:00;0,1500
2026-10-13 09:00;0,1534
2026-10-13 10:00;0,3074
2026-10-13 11:00;0,4958
2026-10-13 12:00;0,5998
2026-10-13 13:00;0,6485
2026-10-13 14:00;0,6003
2026-10-13 15:00;0,5498
2026-10-13 16:00;0,4219
2026-10-13 17:00;0,2754
2026-10-13 18:00;0,1500
2026-10-13 19:00;0,0000
2026-10-13 20:00;0,0000
2026-10-13 21:00;0,0000
2026-10-13 22:00;0,0000
2026-10-13 23:00;0,0000
2026-10-14 00:00;0,0000
2026-10-14 01:00;0,0000
2026-10-14 02:00;0,0000
2026-10-14 03:00;0,0000
2026-10-14 04:00;0,0000
2026-10-14 05:00;0,0000
2026-10-14 06:00;0,0000
2026-10-14 07:00;0,0000
2026-10-14 08:00;0,1500
2026-10-14 09:00;0,1903
2026-10-14 10:00;0,4253
2026-10-14 11:00;0,5900
2026-10-14 12:00;0,6245
2026-10-14 13:00;0,6832
2026-10-14 14:00;0,6245
2026-10-14 15:00;0,4757
2026-10-14 16:00;0,3283
2026-10-14 17:00;0,1500
2026-10-14 18:00;0,1500
2026-10-14 19:00;0,0000
2026-10-14 20:00;0,0000
2026-10-14 21:00;0,0000
2026-10-14 22:00;0,0000
2026-10-14 23:00;0,0000
2026-10-15 00:00;0,0000
2026-10-15 01:00;0,0000
2026-10-15 02:00;0,0000
2026-10-15 03:00;0,0000
2026-10-15 04:00;0,0000
2026-10-15 05:00;0,0000
2026-10-15 06:00;0,0000
2026-10-15 07:00;0,0000
2026-10-15 08:00;0,1500
2026-10-15 09:00;0,1626
2026-10-15 10:00;0,3119
2026-10-15 11:00;0,5059
2026-10-15 12:00;0,6003
2026-10-15 13:00;0,5823
2026-10-15 14:00;0,5829
2026-10-15 15:00;0,4699
2026-10-15 16:00;0,3534
2026-10-15 17:00;0,2005
2026-10-15 18:00;0,1500
2026-10-15 19:00;0,0000
2026-10-15 20:00;0,0000
2026-10-15 21:00;0,0000
2026-10-15 22:00;0,0000
2026-10-15 23:00;0,0000
2026-10-16 00:00;0,0000
2026-10-16 01:00;0,0000
2026-10-16 02:00;0,0000
2026-10-16 03:00;0,0000
2026-10-16 04:00;0,0000
2026-10-16 05:00;0,0000
2026-10-16 06:00;0,0000
2026-10-16 07:00;0,0000
2026-10-16 08:00;0,1500
2026-10-16 09:00;0,1587
2026-10-16 10:00;0,3167
2026-10-16 11:00;0,4244
2026-10-16 12:00;0,5141
2026-10-16 13:00;0,5571
2026-10-16 14:00;0,4952
2026-10-16 15:00;0,4387
2026-10-16 16:00;0,3682
2026-10-16 17:00;0,2198
2026-10-16 18:00;0,1500
2026-10-16 19:00;0,0000
2026-10-16 20:00;0,0000
2026-10-16 21:00;0,0000
2026-10-16 22:00;0,0000
2026-10-16 23:00;0,0000
2026-10-17 00:00;0,0000
2026-10-17 01:00;0,0000
2026-10-17 02:00;0,0000
2026-10-17 03:00;0,0000
2026-10-17 04:00;0,0000
2026-10-17 05:00;0,0000
2026-10-17 06:00;0,0000
2026-10-17 07:00;0,0000
2026-10-17 08:00;0,1500
2026-10-17 09:00;0,1567
2026-10-17 10:00;0,3277
2026-10-17 11:00;0,4800
2026-10-17 12:00;0,5827
2026-10-17 13:00;0,6223
2026-10-17 14:00;0,5525
2026-10-17 15:00;0,5138
2026-10-17 16:00;0,3794
2026-10-17 17:00;0,2000
2026-10-17 18:00;0,1500
2026-10-17 19:00;0,0000
2026-10-17 20:00;0,0000
2026-10-17 21:00;0,0000
2026-10-17 22:00;0,0000
2026-10-17 23:00;0,0000
2026-10-18 00:00;0,0000
2026-10-18 01:00;0,0000
2026-10-18 02:00;0,0000
2026-10-18 03:00;0,0000
2026-10-18 04:00;0,0000
2026-10-18 05:00;0,0000
2026-10-18 06:00;0,0000
2026-10-18 07:00;0,0000
2026-10-18 08:00;0,1500
2026-10-18 09:00;0,1500
2026-10-18 10:00;0,1852
2026-10-18 11:00;0,3124
2026-10-18 12:00;0,4985
2026-10-18 13:00;0,5934
2026-10-18 14:00;0,6434
2026-10-18 15:00;0,5981
2026-10-18 16:00;0,4455
2026-10-18 17:00;0,2837
2026-10-18 18:00;0,1500
2026-10-18 19:00;0,0000
2026-10-18 20:00;0,0000
2026-10-18 21:00;0,0000
2026-10-18 22:00;0,0000
2026-10-18 23:00;0,0000
2026-10-19 00:00;0,0000
2026-10-19 01:00;0,0000
2026-10-19 02:00;0,0000
2026-10-19 03:00;0,0000
2026-10-19 04:00;0,0000
2026-10-19 05:00;0,0000
2026-10-19 06:00;0,0000
2026-10-19 07:00;0,0000
2026-10-19 08:00;0,1500
2026-10-19 09:00;0,1500
2026-10-19 10:00;0,2433
2026-10-19 11:00;0,3704
2026-10-19 12:00;0,5323
2026-10-19 13:00;0,5847
2026-10-19 14:00;0,5563
2026-10-19 15:00;0,4336
2026-10-19 16:00;0,2986
2026-10-19 17:00;0,1889
2026-10-19 18:00;0,1500
2026-10-19 19:00;0,0000
2026-10-19 20:00;0,0000
2026-10-19 21:00;0,0000
2026-10-19 22:00;0,0000
2026-10-19 23:00;0,0000
2026-10-20 00:00;0,0000
2026-10-20 01:00;0,0000
2026-10-20 02:00;0,0000
2026-10-20 03:00;0,0000
2026-10-20 04:00;0,0000
2026-10-20 05:00;0,0000
2026-10-20 06:00;0,0000
2026-10-20 07:00;0,0000
2026-10-20 08:00;0,1500
2026-10-20 09:00;0,2460
2026-10-20 10:00;0,3626
2026-10-20 11:00;0,4912
2026-10-20 12:00;0,5979
2026-10-20 13:00;0,6084
2026-10-20 14:00;0,4795
2026-10-20 15:00;0,3509
2026-10-20 16:00;0,2248
2026-10-20 17:00;0,1500
2026-10-20 18:00;0,1500
2026-10-20 19:00;0,0000
2026-10-20 20:00;0,0000
2026-10-20 21:00;0,0000
2026-10-20 22:00;0,0000
2026-10-20 23:00;0,0000
2026-10-21 00:00;0,0000
2026-10-21 01:00;0,0000
2026-10-21 02:00;0,0000
2026-10-21 03:00;0,0000
2026-10-21 04:00;0,0000
2026-10-21 05:00;0,0000
2026-10-21 06:00;0,0000
2026-10-21 07:00;0,0000
2026-10-21 08:00;0,1500
2026-10-21 09:00;0,1541
2026-10-21 10:00;0,3054
2026-10-21 11:00;0,4000
2026-10-21 12:00;0,5537
2026-10-21 13:00;0,5724
2026-10-21 14:00;0,6104
2026-10-21 15:00;0,5868
2026-10-21 16:00;0,3985
2026-10-21 17:00;0,2471
2026-10-21 18:00;0,1500
2026-10-21 19:00;0,0000
2026-10-21 20:00;0,0000
2026-10-21 21:00;0,0000
2026-10-21 22:00;0,0000
2026-10-21 23:00;0,0000
2026-10-22 00:00;0,0000
2026-10-22 01:00;0,0000
2026-10-22 02:00;0,0000
2026-10-22 03:00;0,0000
2026-10-22 04:00;0,0000
2026-10-22 05:00;0,0000
2026-10-22 06:00;0,0000
2026-10-22 07:00;0,0000
2026-10-22 08:00;0,1500
2026-10-22 09:00;0,1500
2026-10-22 10:00;0,3092
2026-10-22 11:00;0,4172
2026-10-22 12:00;0,4647
2026-10-22 13:00;0,5202
2026-10-22 14:00;0,5629
2026-10-22 15:00;0,4907
2026-10-22 16:00;0,3699
2026-10-22 17:00;0,2081
2026-10-22 18:00;0,1500
2026-10-22 19:00;0,0000
2026-10-22 20:00;0,0000
2026-10-22 21:00;0,0000
2026-10-22 22:00;0,0000
2026-10-22 23:00;0,0000
2026-10-23 00:00;0,0000
2026-10-23 01:00;0,0000
2026-10-23 02:00;0,0000
2026-10-23 03:00;0,0000
2026-10-23 04:00;0,0000
2026-10-23 05:00;0,0000
2026-10-23 06:00;0,0000
2026-10-23 07:00;0,0000
2026-10-23 08:00;0,1500
2026-10-23 09:00;0,1548
2026-10-23 10:00;0,3257
2026-10-23 11:00;0,4704
2026-10-23 12:00;0,6224
2026-10-23 13:00;0,6944
2026-10-23 14:00;0,6640
2026-10-23 15:00;0,5855
2026-10-23 16:00;0,4620
2026-10-23 17:00;0,2480
2026-10-23 18:00;0,1500
2026-10-23 19:00;0,0000
2026-10-23 20:00;0,0000
2026-10-23 21:00;0,0000
2026-10-23 22:00;0,0000
2026-10-23 23:00;0,0000
2026-10-24 00:00;0,0000
2026-10-24 01:00;0,0000
2026-10-24 02:00;0,0000
2026-10-24 03:00;0,0000
2026-10-24 04:00;0,0000
2026-10-24 05:00;0,0000
2026-10-24 06:00;0,0000
2026-10-24 07:00;0,0000
2026-10-24 08:00;0,1500
2026-10-24 09:00;0,1500
2026-10-24 10:00;0,3082
2026-10-24 11:00;0,4682
2026-10-24 12:00;0,5551
2026-10-24 13:00;0,5478
2026-10-24 14:00;0,5918
2026-10-24 15:00;0,5438
2026-10-24 16:00;0,3724
2026-10-24 17:00;0,2361
2026-10-24 18:00;0,1500
2026-10-24 19:00;0,0000
2026-10-24 20:00;0,0000
2026-10-24 21:00;0,0000
2026-10-24 22:00;0,0000
2026-10-24 23:00;0,0000
2026-10-25 00:00;0,0000
2026-10-25 01:00;0,0000
2026-10-25 02:00;0,0000
2026-10-25 03:00;0,0000
2026-10-25 04:00;0,0000
2026-10-25 05:00;0,0000
2026-10-25 06:00;0,0000
2026-10-25 07:00;0,0000
2026-10-25 08:00;0,1500
2026-10-25 09:00;0,3128
2026-10-25 10:00;0,4537
2026-10-25 11:00;0,5984
2026-10-25 12:00;0,6096
2026-10-25 13:00;0,6779
2026-10-25 14:00;0,5921
2026-10-25 15:00;0,3922
2026-10-25 16:00;0,2489
2026-10-25 17:00;0,1500
2026-10-25 18:00;0,1500
2026-10-25 19:00;0,0000
2026-10-25 20:00;0,0000
2026-10-25 21:00;0,0000
2026-10-25 22:00;0,0000
2026-10-25 23:00;0,0000
2026-10-26 00:00;0,0000
2026-10-26 01:00;0,0000
2026-10-26 02:00;0,0000
2026-10-26 03:00;0,0000
2026-10-26 04:00;0,0000
2026-10-26 05:00;0,0000
2026-10-26 06:00;0,0000
2026-10-26 07:00;0,0000
2026-10-26 08:00;0,1500
2026-10-26 09:00;0,3032
2026-10-26 10:00;0,4632
2026-10-26 11:00;0,6407
2026-10-26 12:00;0,6708
2026-10-26 13:00;0,6265
2026-10-26 14:00;0,5112
2026-10-26 15:00;0,3525
2026-10-26 16:00;0,2077
2026-10-26 17:00;0,1500
2026-10-26 18:00;0,1500
2026-10-26 19:00;0,0000
2026-10-26 20:00;0,0000
2026-10-26 21:00;0,0000
2026-10-26 22:00;0,0000
2026-10-26 23:00;0,0000
2026-10-27 00:00;0,0000
2026-10-27 01:00;0,0000
2026-10-27 02:00;0,0000
2026-10-27 03:00;0,0000
2026-10-27 04:00;0,0000
2026-10-27 05:00;0,0000
2026-10-27 06:00;0,0000
2026-10-27 07:00;0,0000
2026-10-27 08:00;0,1500
2026-10-27 09:00;0,1500
2026-10-27 10:00;0,2809
2026-10-27 11:00;0,4097
2026-10-27 12:00;0,4790
2026-10-27 13:00;0,6219
2026-10-27 14:00;0,6037
2026-10-27 15:00;0,5321
2026-10-27 16:00;0,3843
2026-10-27 17:00;0,2023
2026-10-27 18:00;0,1500
2026-10-27 19:00;0,0000
2026-10-27 20:00;0,0000
2026-10-27 21:00;0,0000
2026-10-27 22:00;0,0000
2026-10-27 23:00;0,0000
2026-10-28 00:00;0,0000
2026-10-28 01:00;0,0000
2026-10-28 02:00;0,0000
2026-10-28 03:00;0,0000
2026-10-28 04:00;0,0000
2026-10-28 05:00;0,0000
2026-10-28 06:00;0,0000
2026-10-28 07:00;0,0000
2026-10-28 08:00;0,1500
2026-10-28 09:00;0,2842
2026-10-28 10:00;0,4772
2026-10-28 11:00;0,5631
2026-10-28 12:00;0,6609
2026-10-28 13:00;0,7195
2026-10-28 14:00;0,6315
2026-10-28 15:00;0,4855
2026-10-28 16:00;0,2849
2026-10-28 17:00;0,1500
2026-10-28 18:00;0,1500
2026-10-28 19:00;0,0000
2026-10-28 20:00;0,0000
2026-10-28 21:00;0,0000
2026-10-28 22:00;0,0000
2026-10-28 23:00;0,0000
2026-10-29 00:00;0,0000
2026-10-29 01:00;0,0000
2026-10-29 02:00;0,0000
2026-10-29 03:00;0,0000
2026-10-29 04:00;0,0000
2026-10-29 05:00;0,0000
2026-10-29 06:00;0,0000
2026-10-29 07:00;0,0000
2026-10-29 08:00;0,1500
2026-10-29 09:00;0,1538
2026-10-29 10:00;0,3504
2026-10-29 11:00;0,5242
2026-10-29 12:00;0,5874
2026-10-29 13:00;0,6119
2026-10-29 14:00;0,6469
2026-10-29 15:00;0,5226
2026-10-29 16:00;0,3996
2026-10-29 17:00;0,1941
2026-10-29 18:00;0,1500
2026-10-29 19:00;0,0000
2026-10-29 20:00;0,0000
2026-10-29 21:00;0,0000
2026-10-29 22:00;0,0000
2026-10-29 23:00;0,0000
2026-10-30 00:00;0,0000
2026-10-30 01:00;0,0000
2026-10-30 02:00;0,0000
2026-10-30 03:00;0,0000
2026-10-30 04:00;0,0000
2026-10-30 05:00;0,0000
2026-10-30 06:00;0,0000
2026-10-30 07:00;0,0000
2026-10-30 08:00;0,1500
2026-10-30 09:00;0,2943
2026-10-30 10:00;0,4338
2026-10-30 11:00;0,5589
2026-10-30 12:00;0,5646
2026-10-30 13:00;0,5902
2026-10-30 14:00;0,5614
2026-10-30 15:00;0,3927
2026-10-30 16:00;0,2554
2026-10-30 17:00;0,1500
2026-10-30 18:00;0,1500
2026-10-30 19:00;0,0000
2026-10-30 20:00;0,0000
2026-10-30 21:00;0,0000
2026-10-30 22:00;0,0000
2026-10-30 23:00;0,0000
2026-10-31 00:00;0,0000
2026-10-31 01:00;0,0000
2026-10-31 02:00;0,0000
2026-10-31 03:00;0,0000
2026-10-31 04:00;0,0000
2026-10-31 05:00;0,0000
2026-10-31 06:00;0,0000
2026-10-31 07:00;0,0000
2026-10-31 08:00;0,1500
2026-10-31 09:00;0,1693
2026-10-31 10:00;0,3818
2026-10-31 11:00;0,5657
2026-10-31 12:00;0,6998
2026-10-31 13:00;0,6467
2026-10-31 14:00;0,6692
2026-10-31 15:00;0,5631
2026-10-31 16:00;0,4161
2026-10-31 17:00;0,2534
2026-10-31 18:00;0,1500
2026-10-31 19:00;0,0000
2026-10-31 20:00;0,0000
2026-10-31 21:00;0,0000
2026-10-31 22:00;0,0000
2026-10-31 23:00;0,0000
2026-11-01 00:00;0,0000
2026-11-01 01:00;0,0000
2026-11-01 02:00;0,0000
2026-11-01 03:00;0,0000
2026-11-01 04:00;0,0000
2026-11-01 05:00;0,0000
2026-11-01 06:00;0,0000
2026-11-01 07:00;0,0000
2026-11-01 08:00;0,1500
2026-11-01 09:00;0,1500
2026-11-01 10:00;0,1967
2026-11-01 11:00;0,3659
2026-11-01 12:00;0,4191
2026-11-01 13:00;0,4920
2026-11-01 14:00;0,4769
2026-11-01 15:00;0,4214
2026-11-01 16:00;0,2771
2026-11-01 17:00;0,1500
2026-11-01 18:00;0,1500
2026-11-01 19:00;0,0000
2026-11-01 20:00;0,0000
2026-11-01 21:00;0,0000
2026-11-01 22:00;0,0000
2026-11-01 23:00;0,0000
2026-11-02 00:00;0,0000
2026-11-02 01:00;0,0000
2026-11-02 02:00;0,0000
2026-11-02 03:00;0,0000
2026-11-02 04:00;0,0000
2026-11-02 05:00;0,0000
2026-11-02 06:00;0,0000
2026-11-02 07:00;0,0000
2026-11-02 08:00;0,1500
2026-11-02 09:00;0,1500
2026-11-02 10:00;0,1984
2026-11-02 11:00;0,3476
2026-11-02 12:00;0,4379
2026-11-02 13:00;0,4562
2026-11-02 14:00;0,4152
2026-11-02 15:00;0,3419
2026-11-02 16:00;0,2641
2026-11-02 17:00;0,1500
2026-11-02 18:00;0,1500
2026-11-02 19:00;0,0000
2026-11-02 20:00;0,0000
2026-11-02 21:00;0,0000
2026-11-02 22:00;0,0000
2026-11-02 23:00;0,0000
2026-11-03 00:00;0,0000
2026-11-03 01:00;0,0000
2026-11-03 02:00;0,0000
2026-11-03 03:00;0,0000
2026-11-03 04:00;0,0000
2026-11-03 05:00;0,0000
2026-11-03 06:00;0,0000
2026-11-03 07:00;0,0000
2026-11-03 08:00;0,1500
2026-11-03 09:00;0,1500
2026-11-03 10:00;0,1688
2026-11-03 11:00;0,2846
2026-11-03 12:00;0,3622
2026-11-03 13:00;0,4205
2026-11-03 14:00;0,4343
2026-11-03 15:00;0,3498
2026-11-03 16:00;0,2655
2026-11-03 17:00;0,1500
2026-11-03 18:00;0,1500
2026-11-03 19:00;0,0000
2026-11-03 20:00;0,0000
2026-11-03 21:00;0,0000
2026-11-03 22:00;0,0000
2026-11-03 23:00;0,0000
2026-11-04 00:00;0,0000
2026-11-04 01:00;0,0000
2026-11-04 02:00;0,0000
2026-11-04 03:00;0,0000
2026-11-04 04:00;0,0000
2026-11-04 05:00;0,0000
2026-11-04 06:00;0,0000
2026-11-04 07:00;0,0000
2026-11-04 08:00;0,1500
2026-11-04 09:00;0,1500
2026-11-04 10:00;0,2099
2026-11-04 11:00;0,3233
2026-11-04 12:00;0,4417
2026-11-04 13:00;0,5011
2026-11-04 14:00;0,4688
2026-11-04 15:00;0,4292
2026-11-04 16:00;0,3080
2026-11-04 17:00;0,1546
2026-11-04 18:00;0,1500
2026-11-04 19:00;0,0000
2026-11-04 20:00;0,0000
2026-11-04 21:00;0,0000
2026-11-04 22:00;0,0000
2026-11-04 23:00;0,0000
2026-11-05 00:00;0,0000
2026-11-05 01:00;0,0000
2026-11-05 02:00;0,0000
2026-11-05 03:00;0,0000
2026-11-05 04:00;0,0000
2026-11-05 05:00;0,0000
2026-11-05 06:00;0,0000
2026-11-05 07:00;0,0000
2026-11-05 08:00;0,1500
2026-11-05 09:00;0,1825
2026-11-05 10:00;0,2978
2026-11-05 11:00;0,4070
2026-11-05 12:00;0,4680
2026-11-05 13:00;0,4095
2026-11-05 14:00;0,3153
2026-11-05 15:00;0,2475
2026-11-05 16:00;0,1500
2026-11-05 17:00;0,1500
2026-11-05 18:00;0,1500
2026-11-05 19:00;0,0000
2026-11-05 20:00;0,0000
2026-11-05 21:00;0,0000
2026-11-05 22:00;0,0000
2026-11-05 23:00;0,0000
2026-11-06 00:00;0,0000
2026-11-06 01:00;0,0000
2026-11-06 02:00;0,0000
2026-11-06 03:00;0,0000
2026-11-06 04:00;0,0000
2026-11-06 05:00;0,0000
2026-11-06 06:00;0,0000
2026-11-06 07:00;0,0000
2026-11-06 08:00;0,1500
2026-11-06 09:00;0,1500
2026-11-06 10:00;0,1740
2026-11-06 11:00;0,3346
2026-11-06 12:00;0,4309
2026-11-06 13:00;0,4398
2026-11-06 14:00;0,3943
2026-11-06 15:00;0,3569
2026-11-06 16:00;0,2614
2026-11-06 17:00;0,1500
2026-11-06 18:00;0,1500
2026-11-06 19:00;0,0000
2026-11-06 20:00;0,0000
2026-11-06 21:00;0,0000
2026-11-06 22:00;0,0000
2026-11-06 23:00;0,0000
2026-11-07 00:00;0,0000
2026-11-07 01:00;0,0000
2026-11-07 02:00;0,0000
2026-11-07 03:00;0,0000
2026-11-07 04:00;0,0000
2026-11-07 05:00;0,0000
2026-11-07 06:00;0,0000
2026-11-07 07:00;0,0000
2026-11-07 08:00;0,1500
2026-11-07 09:00;0,1500
2026-11-07 10:00;0,2101
2026-11-07 11:00;0,3851
2026-11-07 12:00;0,4449
2026-11-07 13:00;0,5071
2026-11-07 14:00;0,4324
2026-11-07 15:00;0,3528
2026-11-07 16:00;0,2405
2026-11-07 17:00;0,1500
2026-11-07 18:00;0,1500
2026-11-07 19:00;0,0000
2026-11-07 20:00;0,0000
2026-11-07 21:00;0,0000
2026-11-07 22:00;0,0000
2026-11-07 23:00;0,0000
2026-11-08 00:00;0,0000
2026-11-08 01:00;0,0000
2026-11-08 02:00;0,0000
2026-11-08 03:00;0,0000
2026-11-08 04:00;0,0000
2026-11-08 05:00;0,0000
2026-11-08 06:00;0,0000
2026-11-08 07:00;0,0000
2026-11-08 08:00;0,1500
2026-11-08 09:00;0,1515
2026-11-08 10:00;0,2991
2026-11-08 11:00;0,4034
2026-11-08 12:00;0,4689
2026-11-08 13:00;0,4446
2026-11-08 14:00;0,4294
2026-11-08 15:00;0,2593
2026-11-08 16:00;0,1500
2026-11-08 17:00;0,1500
2026-11-08 18:00;0,1500
2026-11-08 19:00;0,0000
2026-11-08 20:00;0,0000
2026-11-08 21:00;0,0000
2026-11-08 22:00;0,0000
2026-11-08 23:00;0,0000
2026-11-09 00:00;0,0000
2026-11-09 01:00;0,0000
2026-11-09 02:00;0,0000
2026-11-09 03:00;0,0000
2026-11-09 04:00;0,0000
2026-11-09 05:00;0,0000
2026-11-09 06:00;0,0000
2026-11-09 07:00;0,0000
2026-11-09 08:00;0,1500
2026-11-09 09:00;0,1563
2026-11-09 10:00;0,2866
2026-11-09 11:00;0,3978
2026-11-09 12:00;0,4616
2026-11-09 13:00;0,4473
2026-11-09 14:00;0,3543
2026-11-09 15:00;0,2565
2026-11-09 16:00;0,1500
2026-11-09 17:00;0,1500
2026-11-09 18:00;0,1500
2026-11-09 19:00;0,0000
2026-11-09 20:00;0,0000
2026-11-09 21:00;0,0000
2026-11-09 22:00;0,0000
2026-11-09 23:00;0,0000
2026-11-10 00:00;0,0000
2026-11-10 01:00;0,0000
2026-11-10 02:00;0,0000
2026-11-10 03:00;0,0000
2026-11-10 04:00;0,0000
2026-11-10 05:00;0,0000
2026-11-10 06:00;0,0000
2026-11-10 07:00;0,0000
2026-11-10 08:00;0,1500
2026-11-10 09:00;0,1500
2026-11-10 10:00;0,2013
2026-11-10 11:00;0,3749
2026-11-10 12:00;0,4424
2026-11-10 13:00;0,4738
2026-11-10 14:00;0,4638
2026-11-10 15:00;0,3780
2026-11-10 16:00;0,2556
2026-11-10 17:00;0,1500
2026-11-10 18:00;0,1500
2026-11-10 19:00;0,0000
2026-11-10 20:00;0,0000
2026-11-10 21:00;0,0000
2026-11-10 22:00;0,0000
2026-11-10 23:00;0,0000
2026-11-11 00:00;0,0000
2026-11-11 01:00;0,0000
2026-11-11 02:00;0,0000
2026-11-11 03:00;0,0000
2026-11-11 04:00;0,0000
2026-11-11 05:00;0,0000
2026-11-11 06:00;0,0000
2026-11-11 07:00;0,0000
2026-11-11 08:00;0,1500
2026-11-11 09:00;0,1500
2026-11-11 10:00;0,1500
2026-11-11 11:00;0,3564
2026-11-11 12:00;0,4816
2026-11-11 13:00;0,4596
2026-11-11 14:00;0,5007
2026-11-11 15:00;0,4504
2026-11-11 16:00;0,2891
2026-11-11 17:00;0,1500
2026-11-11 18:00;0,1500
2026-11-11 19:00;0,0000
2026-11-11 20:00;0,0000
2026-11-11 21:00;0,0000
2026-11-11 22:00;0,0000
2026-11-11 23:00;0,0000
2026-11-12 00:00;0,0000
2026-11-12 01:00;0,0000
2026-11-12 02:00;0,0000
2026-11-12 03:00;0,0000
2026-11-12 04:00;0,0000
2026-11-12 05:00;0,0000
2026-11-12 06:00;0,0000
2026-11-12 07:00;0,0000
2026-11-12 08:00;0,1500
2026-11-12 09:00;0,1500
2026-11-12 10:00;0,2067
2026-11-12 11:00;0,3533
2026-11-12 12:00;0,4397
2026-11-12 13:00;0,5067
2026-11-12 14:00;0,5014
2026-11-12 15:00;0,3813
2026-11-12 16:00;0,2682
2026-11-12 17:00;0,1500
2026-11-12 18:00;0,1500
2026-11-12 19:00;0,0000
2026-11-12 20:00;0,0000
2026-11-12 21:00;0,0000
2026-11-12 22:00;0,0000
2026-11-12 23:00;0,0000
2026-11-13 00:00;0,0000
2026-11-13 01:00;0,0000
2026-11-13 02:00;0,0000
2026-11-13 03:00;0,0000
2026-11-13 04:00;0,0000
2026-11-13 05:00;0,0000
2026-11-13 06:00;0,0000
2026-11-13 07:00;0,0000
2026-11-13 08:00;0,1500
2026-11-13 09:00;0,1500
2026-11-13 10:00;0,2672
2026-11-13 11:00;0,4174
2026-11-13 12:00;0,4217
2026-11-13 13:00;0,4498
2026-11-13 14:00;0,4230
2026-11-13 15:00;0,3299
2026-11-13 16:00;0,1609
2026-11-13 17:00;0,1500
2026-11-13 18:00;0,1500
2026-11-13 19:00;0,0000
2026-11-13 20:00;0,0000
2026-11-13 21:00;0,0000
2026-11-13 22:00;0,0000
2026-11-13 23:00;0,0000
2026-11-14 00:00;0,0000
2026-11-14 01:00;0,0000
2026-11-14 02:00;0,0000
2026-11-14 03:00;0,0000
2026-11-14 04:00;0,0000
2026-11-14 05:00;0,0000
2026-11-14 06:00;0,0000
2026-11-14 07:00;0,0000
2026-11-14 08:00;0,1500
2026-11-14 09:00;0,1500
2026-11-14 10:00;0,1926
2026-11-14 11:00;0,3578
2026-11-14 12:00;0,4288
2026-11-14 13:00;0,5269
2026-11-14 14:00;0,4708
2026-11-14 15:00;0,3522
2026-11-14 16:00;0,2409
2026-11-14 17:00;0,1500
2026-11-14 18:00;0,1500
2026-11-14 19:00;0,0000
2026-11-14 20:00;0,0000
2026-11-14 21:00;0,0000
2026-11-14 22:00;0,0000
2026-11-14 23:00;0,0000
2026-11-15 00:00;0,0000
2026-11-15 01:00;0,0000
2026-11-15 02:00;0,0000
2026-11-15 03:00;0,0000
2026-11-15 04:00;0,0000
2026-11-15 05:00;0,0000
2026-11-15 06:00;0,0000
2026-11-15 07:00;0,0000
2026-11-15 08:00;0,1500
2026-11-15 09:00;0,1500
2026-11-15 10:00;0,1987
2026-11-15 11:00;0,3030
2026-11-15 12:00;0,4209
2026-11-15 13:00;0,4255
2026-11-15 14:00;0,4567
2026-11-15 15:00;0,4103
2026-11-15 16:00;0,2588
2026-11-15 17:00;0,1500
2026-11-15 18:00;0,1500
2026-11-15 19:00;0,0000
2026-11-15 20:00;0,0000
2026-11-15 21:00;0,0000
2026-11-15 22:00;0,0000
2026-11-15 23:00;0,0000
2026-11-16 00:00;0,0000
2026-11-16 01:00;0,0000
2026-11-16 02:00;0,0000
2026-11-16 03:00;0,0000
2026-11-16 04:00;0,0000
2026-11-16 05:00;0,0000
2026-11-16 06:00;0,0000
2026-11-16 07:00;0,0000
2026-11-16 08:00;0,1500
2026-11-16 09:00;0,1663
2026-11-16 10:00;0,3117
2026-11-16 11:00;0,3952
2026-11-16 12:00;0,4328
2026-11-16 13:00;0,4854
2026-11-16 14:00;0,4532
2026-11-16 15:00;0,3133
2026-11-16 16:00;0,1716
2026-11-16 17:00;0,1500
2026-11-16 18:00;0,1500
2026-11-16 19:00;0,0000
2026-11-16 20:00;0,0000
2026-11-16 21:00;0,0000
2026-11-16 22:00;0,0000
2026-11-16 23:00;0,0000
2026-11-17 00:00;0,0000
2026-11-17 01:00;0,0000
2026-11-17 02:00;0,0000
2026-11-17 03:00;0,0000
2026-11-17 04:00;0,0000
2026-11-17 05:00;0,0000
2026-11-17 06:00;0,0000
2026-11-17 07:00;0,0000
2026-11-17 08:00;0,1500
2026-11-17 09:00;0,1737
2026-11-17 10:00;0,3066
2026-11-17 11:00;0,3442
2026-11-17 12:00;0,4733
2026-11-17 13:00;0,4774
2026-11-17 14:00;0,4198
2026-11-17 15:00;0,3189
2026-11-17 16:00;0,1909
2026-11-17 17:00;0,1500
2026-11-17 18:00;0,1500
2026-11-17 19:00;0,0000
2026-11-17 20:00;0,0000
2026-11-17 21:00;0,0000
2026-11-17 22:00;0,0000
2026-11-17 23:00;0,0000
2026-11-18 00:00;0,0000
2026-11-18 01:00;0,0000
2026-11-18 02:00;0,0000
2026-11-18 03:00;0,0000
2026-11-18 04:00;0,0000
2026-11-18 05:00;0,0000
2026-11-18 06:00;0,0000
2026-11-18 07:00;0,0000
2026-11-18 08:00;0,1500
2026-11-18 09:00;0,1500
2026-11-18 10:00;0,1913
2026-11-18 11:00;0,3395
2026-11-18 12:00;0,4665
2026-11-18 13:00;0,4506
2026-11-18 14:00;0,4281
2026-11-18 15:00;0,3429
2026-11-18 16:00;0,2346
2026-11-18 17:00;0,1500
2026-11-18 18:00;0,1500
2026-11-18 19:00;0,0000
2026-11-18 20:00;0,0000
2026-11-18 21:00;0,0000
2026-11-18 22:00;0,0000
2026-11-18 23:00;0,0000
2026-11-19 00:00;0,0000
2026-11-19 01:00;0,0000
2026-11-19 02:00;0,0000
2026-11-19 03:00;0,0000
2026-11-19 04:00;0,0000
2026-11-19 05:00;0,0000
2026-11-19 06:00;0,0000
2026-11-19 07:00;0,0000
2026-11-19 08:00;0,1500
2026-11-19 09:00;0,1500
2026-11-19 10:00;0,2437
2026-11-19 11:00;0,3460
2026-11-19 12:00;0,4042
2026-11-19 13:00;0,4430
2026-11-19 14:00;0,4631
2026-11-19 15:00;0,4339
2026-11-19 16:00;0,3149
2026-11-19 17:00;0,1500
2026-11-19 18:00;0,1500
2026-11-19 19:00;0,0000
2026-11-19 20:00;0,0000
2026-11-19 21:00;0,0000
2026-11-19 22:00;0,0000
2026-11-19 23:00;0,0000
2026-11-20 00:00;0,0000
2026-11-20 01:00;0,0000
2026-11-20 02:00;0,0000
2026-11-20 03:00;0,0000
2026-11-20 04:00;0,0000
2026-11-20 05:00;0,0000
2026-11-20 06:00;0,0000
2026-11-20 07:00;0,0000
2026-11-20 08:00;0,1500
2026-11-20 09:00;0,1500
2026-11-20 10:00;0,1537
2026-11-20 11:00;0,2984
2026-11-20 12:00;0,3922
2026-11-20 13:00;0,4156
2026-11-20 14:00;0,4477
2026-11-20 15:00;0,4005
2026-11-20 16:00;0,2875
2026-11-20 17:00;0,1500
2026-11-20 18:00;0,1500
2026-11-20 19:00;0,0000
2026-11-20 20:00;0,0000
2026-11-20 21:00;0,0000
2026-11-20 22:00;0,0000
2026-11-20 23:00;0,0000
2026-11-21 00:00;0,0000
2026-11-21 01:00;0,0000
2026-11-21 02:00;0,0000
2026-11-21 03:00;0,0000
2026-11-21 04:00;0,0000
2026-11-21 05:00;0,0000
2026-11-21 06:00;0,0000
2026-11-21 07:00;0,0000
2026-11-21 08:00;0,1500
2026-11-21 09:00;0,1627
2026-11-21 10:00;0,3089
2026-11-21 11:00;0,4005
2026-11-21 12:00;0,4796
2026-11-21 13:00;0,4283
2026-11-21 14:00;0,3512
2026-11-21 15:00;0,2683
2026-11-21 16:00;0,1500
2026-11-21 17:00;0,1500
2026-11-21 18:00;0,1500
2026-11-21 19:00;0,0000
2026-11-21 20:00;0,0000
2026-11-21 21:00;0,0000
2026-11-21 22:00;0,0000
2026-11-21 23:00;0,0000
2026-11-22 00:00;0,0000
2026-11-22 01:00;0,0000
2026-11-22 02:00;0,0000
2026-11-22 03:00;0,0000
2026-11-22 04:00;0,0000
2026-11-22 05:00;0,0000
2026-11-22 06:00;0,0000
2026-11-22 07:00;0,0000
2026-11-22 08:00;0,1500
2026-11-22 09:00;0,1500
2026-11-22 10:00;0,2254
2026-11-22 11:00;0,3882
2026-11-22 12:00;0,4764
2026-11-22 13:00;0,5611
2026-11-22 14:00;0,5093
2026-11-22 15:00;0,3967
2026-11-22 16:00;0,2946
2026-11-22 17:00;0,1500
2026-11-22 18:00;0,1500
2026-11-22 19:00;0,0000
2026-11-22 20:00;0,0000
2026-11-22 21:00;0,0000
2026-11-22 22:00;0,0000
2026-11-22 23:00;0,0000
2026-11-23 00:00;0,0000
2026-11-23 01:00;0,0000
2026-11-23 02:00;0,0000
2026-11-23 03:00;0,0000
2026-11-23 04:00;0,0000
2026-11-23 05:00;0,0000
2026-11-23 06:00;0,0000
2026-11-23 07:00;0,0000
2026-11-23 08:00;0,1500
2026-11-23 09:00;0,1659
2026-11-23 10:00;0,3479
2026-11-23 11:00;0,4573
2026-11-23 12:00;0,4332
2026-11-23 13:00;0,4381
2026-11-23 14:00;0,3256
2026-11-23 15:00;0,2446
2026-11-23 16:00;0,1500
2026-11-23 17:00;0,1500
2026-11-23 18:00;0,1500
2026-11-23 19:00;0,0000
2026-11-23 20:00;0,0000
2026-11-23 21:00;0,0000
2026-11-23 22:00;0,0000
2026-11-23 23:00;0,0000
2026-11-24 00:00;0,0000
2026-11-24 01:00;0,0000
2026-11-24 02:00;0,0000
2026-11-24 03:00;0,0000
2026-11-24 04:00;0,0000
2026-11-24 05:00;0,0000
2026-11-24 06:00;0,0000
2026-11-24 07:00;0,0000
2026-11-24 08:00;0,1500
2026-11-24 09:00;0,1500
2026-11-24 10:00;0,1833
2026-11-24 11:00;0,3606
2026-11-24 12:00;0,4551
2026-11-24 13:00;0,5181
2026-11-24 14:00;0,4484
2026-11-24 15:00;0,3976
2026-11-24 16:00;0,2686
2026-11-24 17:00;0,1500
2026-11-24 18:00;0,1500
2026-11-24 19:00;0,0000
2026-11-24 20:00;0,0000
2026-11-24 21:00;0,0000
2026-11-24 22:00;0,0000
2026-11-24 23:00;0,0000
2026-11-25 00:00;0,0000
2026-11-25 01:00;0,0000
2026-11-25 02:00;0,0000
2026-11-25 03:00;0,0000
2026-11-25 04:00;0,0000
2026-11-25 05:00;0,0000
2026-11-25 06:00;0,0000
2026-11-25 07:00;0,0000
2026-11-25 08:00;0,1500
2026-11-25 09:00;0,1500
2026-11-25 10:00;0,2121
2026-11-25 11:00;0,3751
2026-11-25 12:00;0,4443
2026-11-25 13:00;0,4318
2026-11-25 14:00;0,4223
2026-11-25 15:00;0,3578
2026-11-25 16:00;0,2782
2026-11-25 17:00;0,1500
2026-11-25 18:00;0,1500
2026-11-25 19:00;0,0000
2026-11-25 20:00;0,0000
2026-11-25 21:00;0,0000
2026-11-25 22:00;0,0000
2026-11-25 23:00;0,0000
2026-11-26 00:00;0,0000
2026-11-26 01:00;0,0000
2026-11-26 02:00;0,0000
2026-11-26 03:00;0,0000
2026-11-26 04:00;0,0000
2026-11-26 05:00;0,0000
2026-11-26 06:00;0,0000
2026-11-26 07:00;0,0000
2026-11-26 08:00;0,1500
2026-11-26 09:00;0,1500
2026-11-26 10:00;0,2088
2026-11-26 11:00;0,3566
2026-11-26 12:00;0,4910
2026-11-26 13:00;0,4812
2026-11-26 14:00;0,4693
2026-11-26 15:00;0,3285
2026-11-26 16:00;0,2304
2026-11-26 17:00;0,1500
2026-11-26 18:00;0,1500
2026-11-26 19:00;0,0000
2026-11-26 20:00;0,0000
2026-11-26 21:00;0,0000
2026-11-26 22:00;0,0000
2026-11-26 23:00;0,0000
2026-11-27 00:00;0,0000
2026-11-27 01:00;0,0000
2026-11-27 02:00;0,0000
2026-11-27 03:00;0,0000
2026-11-27 04:00;0,0000
2026-11-27 05:00;0,0000
2026-11-27 06:00;0,0000
2026-11-27 07:00;0,0000
2026-11-27 08:00;0,1500
2026-11-27 09:00;0,1500
2026-11-27 10:00;0,2018
2026-11-27 11:00;0,3177
2026-11-27 12:00;0,4002
2026-11-27 13:00;0,4078
2026-11-27 14:00;0,4348
2026-11-27 15:00;0,3330
2026-11-27 16:00;0,2189
2026-11-27 17:00;0,1500
2026-11-27 18:00;0,1500
2026-11-27 19:00;0,0000
2026-11-27 20:00;0,0000
2026-11-27 21:00;0,0000
2026-11-27 22:00;0,0000
2026-11-27 23:00;0,0000
2026-11-28 00:00;0,0000
2026-11-28 01:00;0,0000
2026-11-28 02:00;0,0000
2026-11-28 03:00;0,0000
2026-11-28 04:00;0,0000
2026-11-28 05:00;0,0000
2026-11-28 06:00;0,0000
2026-11-28 07:00;0,0000
2026-11-28 08:00;0,1500
2026-11-28 09:00;0,1500
2026-11-28 10:00;0,2565
2026-11-28 11:00;0,4251
2026-11-28 12:00;0,5536
2026-11-28 13:00;0,5901
2026-11-28 14:00;0,5887
2026-11-28 15:00;0,4121
2026-11-28 16:00;0,2800
2026-11-28 17:00;0,1500
2026-11-28 18:00;0,1500
2026-11-28 19:00;0,0000
2026-11-28 20:00;0,0000
2026-11-28 21:00;0,0000
2026-11-28 22:00;0,0000
2026-11-28 23:00;0,0000
2026-11-29 00:00;0,0000
2026-11-29 01:00;0,0000
2026-11-29 02:00;0,0000
2026-11-29 03:00;0,0000
2026-11-29 04:00;0,0000
2026-11-29 05:00;0,0000
2026-11-29 06:00;0,0000
2026-11-29 07:00;0,0000
2026-11-29 08:00;0,1500
2026-11-29 09:00;0,1500
2026-11-29 10:00;0,1712
2026-11-29 11:00;0,2736
2026-11-29 12:00;0,3304
2026-11-29 13:00;0,4006
2026-11-29 14:00;0,3946
2026-11-29 15:00;0,3898
2026-11-29 16:00;0,2446
2026-11-29 17:00;0,1500
2026-11-29 18:00;0,1500
2026-11-29 19:00;0,0000
2026-11-29 20:00;0,0000
2026-11-29 21:00;0,0000
2026-11-29 22:00;0,0000
2026-11-29 23:00;0,0000
2026-11-30 00:00;0,0000
2026-11-30 01:00;0,0000
2026-11-30 02:00;0,0000
2026-11-30 03:00;0,0000
2026-11-30 04:00;0,0000
2026-11-30 05:00;0,0000
2026-11-30 06:00;0,0000
2026-11-30 07:00;0,0000
2026-11-30 08:00;0,1500
2026-11-30 09:00;0,1717
2026-11-30 10:00;0,3281
2026-11-30 11:00;0,4270
2026-11-30 12:00;0,4995
2026-11-30 13:00;0,4619
2026-11-30 14:00;0,3737
2026-11-30 15:00;0,2638
2026-11-30 16:00;0,1500
2026-11-30 17:00;0,1500
2026-11-30 18:00;0,1500
2026-11-30 19:00;0,0000
2026-11-30 20:00;0,0000
2026-11-30 21:00;0,0000
2026-11-30 22:00;0,0000
2026-11-30 23:00;0,0000
2026-12-01 00:00;0,0000
2026-12-01 01:00;0,0000
2026-12-01 02:00;0,0000
2026-12-01 03:00;0,0000
2026-12-01 04:00;0,0000
2026-12-01 05:00;0,0000
2026-12-01 06:00;0,0000
2026-12-01 07:00;0,0000
2026-12-01 08:00;0,1500
2026-12-01 09:00;0,1500
2026-12-01 10:00;0,1500
2026-12-01 11:00;0,2743
2026-12-01 12:00;0,3497
2026-12-01 13:00;0,3820
2026-12-01 14:00;0,4111
2026-12-01 15:00;0,3624
2026-12-01 16:00;0,2788
2026-12-01 17:00;0,1500
2026-12-01 18:00;0,0000
2026-12-01 19:00;0,0000
2026-12-01 20:00;0,0000
2026-12-01 21:00;0,0000
2026-12-01 22:00;0,0000
2026-12-01 23:00;0,0000
2026-12-02 00:00;0,0000
2026-12-02 01:00;0,0000
2026-12-02 02:00;0,0000
2026-12-02 03:00;0,0000
2026-12-02 04:00;0,0000
2026-12-02 05:00;0,0000
2026-12-02 06:00;0,0000
2026-12-02 07:00;0,0000
2026-12-02 08:00;0,1500
2026-12-02 09:00;0,1500
2026-12-02 10:00;0,1500
2026-12-02 11:00;0,2790
2026-12-02 12:00;0,4069
2026-12-02 13:00;0,4813
2026-12-02 14:00;0,4562
2026-12-02 15:00;0,4055
2026-12-02 16:00;0,2700
2026-12-02 17:00;0,1500
2026-12-02 18:00;0,0000
2026-12-02 19:00;0,0000
2026-12-02 20:00;0,0000
2026-12-02 21:00;0,0000
2026-12-02 22:00;0,0000
2026-12-02 23:00;0,0000
2026-12-03 00:00;0,0000
2026-12-03 01:00;0,0000
2026-12-03 02:00;0,0000
2026-12-03 03:00;0,0000
2026-12-03 04:00;0,0000
2026-12-03 05:00;0,0000
2026-12-03 06:00;0,0000
2026-12-03 07:00;0,0000
2026-12-03 08:00;0,1500
2026-12-03 09:00;0,1500
2026-12-03 10:00;0,1500
2026-12-03 11:00;0,2745
2026-12-03 12:00;0,3614
2026-12-03 13:00;0,4014
2026-12-03 14:00;0,4164
2026-12-03 15:00;0,3561
2026-12-03 16:00;0,2666
2026-12-03 17:00;0,1500
2026-12-03 18:00;0,0000
2026-12-03 19:00;0,0000
2026-12-03 20:00;0,0000
2026-12-03 21:00;0,0000
2026-12-03 22:00;0,0000
2026-12-03 23:00;0,0000
2026-12-04 00:00;0,0000
2026-12-04 01:00;0,0000
2026-12-04 02:00;0,0000
2026-12-04 03:00;0,0000
2026-12-04 04:00;0,0000
2026-12-04 05:00;0,0000
2026-12-04 06:00;0,0000
2026-12-04 07:00;0,0000
2026-12-04 08:00;0,1500
2026-12-04 09:00;0,1500
2026-12-04 10:00;0,1500
2026-12-04 11:00;0,2688
2026-12-04 12:00;0,3763
2026-12-04 13:00;0,4092
2026-12-04 14:00;0,3821
2026-12-04 15:00;0,3740
2026-12-04 16:00;0,2525
2026-12-04 17:00;0,1500
2026-12-04 18:00;0,0000
2026-12-04 19:00;0,0000
2026-12-04 20:00;0,0000
2026-12-04 21:00;0,0000
2026-12-04 22:00;0,0000
2026-12-04 23:00;0,0000
2026-12-05 00:00;0,0000
2026-12-05 01:00;0,0000
2026-12-05 02:00;0,0000
2026-12-05 03:00;0,0000
2026-12-05 04:00;0,0000
2026-12-05 05:00;0,0000
2026-12-05 06:00;0,0000
2026-12-05 07:00;0,0000
2026-12-05 08:00;0,1500
2026-12-05 09:00;0,1500
2026-12-05 10:00;0,1500
2026-12-05 11:00;0,2748
2026-12-05 12:00;0,3522
2026-12-05 13:00;0,4307
2026-12-05 14:00;0,4150
2026-12-05 15:00;0,3232
2026-12-05 16:00;0,2486
2026-12-05 17:00;0,1500
2026-12-05 18:00;0,0000
2026-12-05 19:00;0,0000
2026-12-05 20:00;0,0000
2026-12-05 21:00;0,0000
2026-12-05 22:00;0,0000
2026-12-05 23:00;0,0000
2026-12-06 00:00;0,0000
2026-12-06 01:00;0,0000
2026-12-06 02:00;0,0000
2026-12-06 03:00;0,0000
2026-12-06 04:00;0,0000
2026-12-06 05:00;0,0000
2026-12-06 06:00;0,0000
2026-12-06 07:00;0,0000
2026-12-06 08:00;0,1500
2026-12-06 09:00;0,1500
2026-12-06 10:00;0,1500
2026-12-06 11:00;0,2561
2026-12-06 12:00;0,3616
2026-12-06 13:00;0,4427
2026-12-06 14:00;0,4645
2026-12-06 15:00;0,3959
2026-12-06 16:00;0,2955
2026-12-06 17:00;0,1500
2026-12-06 18:00;0,0000
2026-12-06 19:00;0,0000
2026-12-06 20:00;0,0000
2026-12-06 21:00;0,0000
2026-12-06 22:00;0,0000
2026-12-06 23:00;0,0000
2026-12-07 00:00;0,0000
2026-12-07 01:00;0,0000
2026-12-07 02:00;0,0000
2026-12-07 03:00;0,0000
2026-12-07 04:00;0,0000
2026-12-07 05:00;0,0000
2026-12-07 06:00;0,0000
2026-12-07 07:00;0,0000
2026-12-07 08:00;0,1500
2026-12-07 09:00;0,1500
2026-12-07 10:00;0,1500
2026-12-07 11:00;0,2488
2026-12-07 12:00;0,3365
2026-12-07 13:00;0,4155
2026-12-07 14:00;0,3820
2026-12-07 15:00;0,3109
2026-12-07 16:00;0,2240
2026-12-07 17:00;0,1500
2026-12-07 18:00;0,0000
2026-12-07 19:00;0,0000
2026-12-07 20:00;0,0000
2026-12-07 21:00;0,0000
2026-12-07 22:00;0,0000
2026-12-07 23:00;0,0000
2026-12-08 00:00;0,0000
2026-12-08 01:00;0,0000
2026-12-08 02:00;0,0000
2026-12-08 03:00;0,0000
2026-12-08 04:00;0,0000
2026-12-08 05:00;0,0000
2026-12-08 06:00;0,0000
2026-12-08 07:00;0,0000
2026-12-08 08:00;0,1500
2026-12-08 09:00;0,1500
2026-12-08 10:00;0,1500
2026-12-08 11:00;0,2105
2026-12-08 12:00;0,3122
2026-12-08 13:00;0,3409
2026-12-08 14:00;0,3983
2026-12-08 15:00;0,3345
2026-12-08 16:00;0,2468
2026-12-08 17:00;0,1500
2026-12-08 18:00;0,0000
2026-12-08 19:00;0,0000
2026-12-08 20:00;0,0000
2026-12-08 21:00;0,0000
2026-12-08 22:00;0,0000
2026-12-08 23:00;0,0000
2026-12-09 00:00;0,0000
2026-12-09 01:00;0,0000
2026-12-09 02:00;0,0000
2026-12-09 03:00;0,0000
2026-12-09 04:00;0,0000
2026-12-09 05:00;0,0000
2026-12-09 06:00;0,0000
2026-12-09 07:00;0,0000
2026-12-09 08:00;0,1500
2026-12-09 09:00;0,1500
2026-12-09 10:00;0,1500
2026-12-09 11:00;0,2503
2026-12-09 12:00;0,3407
2026-12-09 13:00;0,4175
2026-12-09 14:00;0,4334
2026-12-09 15:00;0,3967
2026-12-09 16:00;0,2623
2026-12-09 17:00;0,1500
2026-12-09 18:00;0,0000
2026-12-09 19:00;0,0000
2026-12-09 20:00;0,0000
2026-12-09 21:00;0,0000
2026-12-09 22:00;0,0000
2026-12-09 23:00;0,0000
2026-12-10 00:00;0,0000
2026-12-10 01:00;0,0000
2026-12-10 02:00;0,0000
2026-12-10 03:00;0,0000
2026-12-10 04:00;0,0000
2026-12-10 05:00;0,0000
2026-12-10 06:00;0,0000
2026-12-10 07:00;0,0000
2026-12-10 08:00;0,1500
2026-12-10 09:00;0,1500
2026-12-10 10:00;0,1500
2026-12-10 11:00;0,2348
2026-12-10 12:00;0,3192
2026-12-10 13:00;0,4109
2026-12-10 14:00;0,4495
2026-12-10 15:00;0,3860
2026-12-10 16:00;0,2670
2026-12-10 17:00;0,1500
2026-12-10 18:00;0,0000
2026-12-10 19:00;0,0000
2026-12-10 20:00;0,0000
2026-12-10 21:00;0,0000
2026-12-10 22:00;0,0000
2026-12-10 23:00;0,0000
2026-12-11 00:00;0,0000
2026-12-11 01:00;0,0000
2026-12-11 02:00;0,0000
2026-12-11 03:00;0,0000
2026-12-11 04:00;0,0000
2026-12-11 05:00;0,0000
2026-12-11 06:00;0,0000
2026-12-11 07:00;0,0000
2026-12-11 08:00;0,1500
2026-12-11 09:00;0,1500
2026-12-11 10:00;0,1500
2026-12-11 11:00;0,2132
2026-12-11 12:00;0,3130
2026-12-11 13:00;0,3895
2026-12-11 14:00;0,4020
2026-12-11 15:00;0,3195
2026-12-11 16:00;0,2059
2026-12-11 17:00;0,1500
2026-12-11 18:00;0,0000
2026-12-11 19:00;0,0000
2026-12-11 20:00;0,0000
2026-12-11 21:00;0,0000
2026-12-11 22:00;0,0000
2026-12-11 23:00;0,0000
2026-12-12 00:00;0,0000
2026-12-12 01:00;0,0000
2026-12-12 02:00;0,0000
2026-12-12 03:00;0,0000
2026-12-12 04:00;0,0000
2026-12-12 05:00;0,0000
2026-12-12 06:00;0,0000
2026-12-12 07:00;0,0000
2026-12-12 08:00;0,1500
2026-12-12 09:00;0,1500
2026-12-12 10:00;0,1500
2026-12-12 11:00;0,2688
2026-12-12 12:00;0,4063
2026-12-12 13:00;0,4321
2026-12-12 14:00;0,4074
2026-12-12 15:00;0,3423
2026-12-12 16:00;0,2199
2026-12-12 17:00;0,1500
2026-12-12 18:00;0,0000
2026-12-12 19:00;0,0000
2026-12-12 20:00;0,0000
2026-12-12 21:00;0,0000
2026-12-12 22:00;0,0000
2026-12-12 23:00;0,0000
2026-12-13 00:00;0,0000
2026-12-13 01:00;0,0000
2026-12-13 02:00;0,0000
2026-12-13 03:00;0,0000
2026-12-13 04:00;0,0000
2026-12-13 05:00;0,0000
2026-12-13 06:00;0,0000
2026-12-13 07:00;0,0000
2026-12-13 08:00;0,1500
2026-12-13 09:00;0,1500
2026-12-13 10:00;0,1500
2026-12-13 11:00;0,2194
2026-12-13 12:00;0,3332
2026-12-13 13:00;0,4094
2026-12-13 14:00;0,4653
2026-12-13 15:00;0,3925
2026-12-13 16:00;0,2886
2026-12-13 17:00;0,1500
2026-12-13 18:00;0,0000
2026-12-13 19:00;0,0000
2026-12-13 20:00;0,0000
2026-12-13 21:00;0,0000
2026-12-13 22:00;0,0000
2026-12-13 23:00;0,0000
2026-12-14 00:00;0,0000
2026-12-14 01:00;0,0000
2026-12-14 02:00;0,0000
2026-12-14 03:00;0,0000
2026-12-14 04:00;0,0000
2026-12-14 05:00;0,0000
2026-12-14 06:00;0,0000
2026-12-14 07:00;0,0000
2026-12-14 08:00;0,1500
2026-12-14 09:00;0,1500
2026-12-14 10:00;0,1500
2026-12-14 11:00;0,2569
2026-12-14 12:00;0,3483
2026-12-14 13:00;0,3761
2026-12-14 14:00;0,4037
2026-12-14 15:00;0,3627
2026-12-14 16:00;0,2511
2026-12-14 17:00;0,1500
2026-12-14 18:00;0,0000
2026-12-14 19:00;0,0000
2026-12-14 20:00;0,0000
2026-12-14 21:00;0,0000
2026-12-14 22:00;0,0000
2026-12-14 23:00;0,0000
2026-12-15 00:00;0,0000
2026-12-15 01:00;0,0000
2026-12-15 02:00;0,0000
2026-12-15 03:00;0,0000
2026-12-15 04:00;0,0000
2026-12-15 05:00;0,0000
2026-12-15 06:00;0,0000
2026-12-15 07:00;0,0000
2026-12-15 08:00;0,1500
2026-12-15 09:00;0,1500
2026-12-15 10:00;0,1553
2026-12-15 11:00;0,2835
2026-12-15 12:00;0,3819
2026-12-15 13:00;0,4687
2026-12-15 14:00;0,4172
2026-12-15 15:00;0,3646
2026-12-15 16:00;0,2482
2026-12-15 17:00;0,1500
2026-12-15 18:00;0,0000
2026-12-15 19:00;0,0000
2026-12-15 20:00;0,0000
2026-12-15 21:00;0,0000
2026-12-15 22:00;0,0000
2026-12-15 23:00;0,0000
2026-12-16 00:00;0,0000
2026-12-16 01:00;0,0000
2026-12-16 02:00;0,0000
2026-12-16 03:00;0,0000
2026-12-16 04:00;0,0000
2026-12-16 05:00;0,0000
2026-12-16 06:00;0,0000
2026-12-16 07:00;0,0000
2026-12-16 08:00;0,1500
2026-12-16 09:00;0,1500
2026-12-16 10:00;0,1500
2026-12-16 11:00;0,2447
2026-12-16 12:00;0,3447
2026-12-16 13:00;0,3925
2026-12-16 14:00;0,4442
2026-12-16 15:00;0,4054
2026-12-16 16:00;0,2831
2026-12-16 17:00;0,1500
2026-12-16 18:00;0,0000
2026-12-16 19:00;0,0000
2026-12-16 20:00;0,0000
2026-12-16 21:00;0,0000
2026-12-16 22:00;0,0000
2026-12-16 23:00;0,0000
2026-12-17 00:00;0,0000
2026-12-17 01:00;0,0000
2026-12-17 02:00;0,0000
2026-12-17 03:00;0,0000
2026-12-17 04:00;0,0000
2026-12-17 05:00;0,0000
2026-12-17 06:00;0,0000
2026-12-17 07:00;0,0000
2026-12-17 08:00;0,1500
2026-12-17 09:00;0,1500
2026-12-17 10:00;0,1500
2026-12-17 11:00;0,2330
2026-12-17 12:00;0,3554
2026-12-17 13:00;0,3837
2026-12-17 14:00;0,3812
2026-12-17 15:00;0,3333
2026-12-17 16:00;0,2316
2026-12-17 17:00;0,1500
2026-12-17 18:00;0,0000
2026-12-17 19:00;0,0000
2026-12-17 20:00;0,0000
2026-12-17 21:00;0,0000
2026-12-17 22:00;0,0000
2026-12-17 23:00;0,0000
2026-12-18 00:00;0,0000
2026-12-18 01:00;0,0000
2026-12-18 02:00;0,0000
2026-12-18 03:00;0,0000
2026-12-18 04:00;0,0000
2026-12-18 05:00;0,0000
2026-12-18 06:00;0,0000
2026-12-18 07:00;0,0000
2026-12-18 08:00;0,1500
2026-12-18 09:00;0,1500
2026-12-18 10:00;0,1500
2026-12-18 11:00;0,2597
2026-12-18 12:00;0,3969
2026-12-18 13:00;0,4217
2026-12-18 14:00;0,4226
2026-12-18 15:00;0,3327
2026-12-18 16:00;0,2201
2026-12-18 17:00;0,1500
2026-12-18 18:00;0,0000
2026-12-18 19:00;0,0000
2026-12-18 20:00;0,0000
2026-12-18 21:00;0,0000
2026-12-18 22:00;0,0000
2026-12-18 23:00;0,0000
2026-12-19 00:00;0,0000
2026-12-19 01:00;0,0000
2026-12-19 02:00;0,0000
2026-12-19 03:00;0,0000
2026-12-19 04:00;0,0000
2026-12-19 05:00;0,0000
2026-12-19 06:00;0,0000
2026-12-19 07:00;0,0000
2026-12-19 08:00;0,1500
2026-12-19 09:00;0,1500
2026-12-19 10:00;0,1613
2026-12-19 11:00;0,3319
2026-12-19 12:00;0,4109
2026-12-19 13:00;0,4925
2026-12-19 14:00;0,4198
2026-12-19 15:00;0,3213
2026-12-19 16:00;0,2130
2026-12-19 17:00;0,1500
2026-12-19 18:00;0,0000
2026-12-19 19:00;0,0000
2026-12-19 20:00;0,0000
2026-12-19 21:00;0,0000
2026-12-19 22:00;0,0000
2026-12-19 23:00;0,0000
2026-12-20 00:00;0,0000
2026-12-20 01:00;0,0000
2026-12-20 02:00;0,0000
2026-12-20 03:00;0,0000
2026-12-20 04:00;0,0000
2026-12-20 05:00;0,0000
2026-12-20 06:00;0,0000
2026-12-20 07:00;0,0000
2026-12-20 08:00;0,1500
2026-12-20 09:00;0,1500
2026-12-20 10:00;0,1500
2026-12-20 11:00;0,2901
2026-12-20 12:00;0,4136
2026-12-20 13:00;0,4339
2026-12-20 14:00;0,4519
2026-12-20 15:00;0,3579
2026-12-20 16:00;0,2537
2026-12-20 17:00;0,1500
2026-12-20 18:00;0,0000
2026-12-20 19:00;0,0000
2026-12-20 20:00;0,0000
2026-12-20 21:00;0,0000
2026-12-20 22:00;0,0000
2026-12-20 23:00;0,0000
2026-12-21 00:00;0,0000
2026-12-21 01:00;0,0000
2026-12-21 02:00;0,0000
2026-12-21 03:00;0,0000
2026-12-21 04:00;0,0000
2026-12-21 05:00;0,0000
2026-12-21 06:00;0,0000
2026-12-21 07:00;0,0000
2026-12-21 08:00;0,1500
2026-12-21 09:00;0,1500
2026-12-21 10:00;0,1500
2026-12-21 11:00;0,2297
2026-12-21 12:00;0,3571
2026-12-21 13:00;0,3949
2026-12-21 14:00;0,3774
2026-12-21 15:00;0,3582
2026-12-21 16:00;0,2444
2026-12-21 17:00;0,1500
2026-12-21 18:00;0,0000
2026-12-21 19:00;0,0000
2026-12-21 20:00;0,0000
2026-12-21 21:00;0,0000
2026-12-21 22:00;0,0000
2026-12-21 23:00;0,0000
2026-12-22 00:00;0,0000
2026-12-22 01:00;0,0000
2026-12-22 02:00;0,0000
2026-12-22 03:00;0,0000
2026-12-22 04:00;0,0000
2026-12-22 05:00;0,0000
2026-12-22 06:00;0,0000
2026-12-22 07:00;0,0000
2026-12-22 08:00;0,1500
2026-12-22 09:00;0,1500
2026-12-22 10:00;0,1500
2026-12-22 11:00;0,2416
2026-12-22 12:00;0,3294
2026-12-22 13:00;0,3569
2026-12-22 14:00;0,3634
2026-12-22 15:00;0,3579
2026-12-22 16:00;0,2188
2026-12-22 17:00;0,1500
2026-12-22 18:00;0,0000
2026-12-22 19:00;0,0000
2026-12-22 20:00;0,0000
2026-12-22 21:00;0,0000
2026-12-22 22:00;0,0000
2026-12-22 23:00;0,0000
2026-12-23 00:00;0,0000
2026-12-23 01:00;0,0000
2026-12-23 02:00;0,0000
2026-12-23 03:00;0,0000
2026-12-23 04:00;0,0000
2026-12-23 05:00;0,0000
2026-12-23 06:00;0,0000
2026-12-23 07:00;0,0000
2026-12-23 08:00;0,1500
2026-12-23 09:00;0,1500
2026-12-23 10:00;0,1500
2026-12-23 11:00;0,2589
2026-12-23 12:00;0,3437
2026-12-23 13:00;0,4171
2026-12-23 14:00;0,4234
2026-12-23 15:00;0,3914
2026-12-23 16:00;0,2443
2026-12-23 17:00;0,1500
2026-12-23 18:00;0,0000
2026-12-23 19:00;0,0000
2026-12-23 20:00;0,0000
2026-12-23 21:00;0,0000
2026-12-23 22:00;0,0000
2026-12-23 23:00;0,0000
2026-12-24 00:00;0,0000
2026-12-24 01:00;0,0000
2026-12-24 02:00;0,0000
2026-12-24 03:00;0,0000
2026-12-24 04:00;0,0000
2026-12-24 05:00;0,0000
2026-12-24 06:00;0,0000
2026-12-24 07:00;0,0000
2026-12-24 08:00;0,1500
2026-12-24 09:00;0,1500
2026-12-24 10:00;0,2660
2026-12-24 11:00;0,3551
2026-12-24 12:00;0,4211
2026-12-24 13:00;0,4327
2026-12-24 14:00;0,3646
2026-12-24 15:00;0,2254
2026-12-24 16:00;0,1500
2026-12-24 17:00;0,1500
2026-12-24 18:00;0,0000
2026-12-24 19:00;0,0000
2026-12-24 20:00;0,0000
2026-12-24 21:00;0,0000
2026-12-24 22:00;0,0000
2026-12-24 23:00;0,0000
2026-12-25 00:00;0,0000
2026-12-25 01:00;0,0000
2026-12-25 02:00;0,0000
2026-12-25 03:00;0,0000
2026-12-25 04:00;0,0000
2026-12-25 05:00;0,0000
2026-12-25 06:00;0,0000
2026-12-25 07:00;0,0000
2026-12-25 08:00;0,1500
2026-12-25 09:00;0,1500
2026-12-25 10:00;0,1500
2026-12-25 11:00;0,2543
2026-12-25 12:00;0,3298
2026-12-25 13:00;0,3685
2026-12-25 14:00;0,4104
2026-12-25 15:00;0,3892
2026-12-25 16:00;0,2588
2026-12-25 17:00;0,1500
2026-12-25 18:00;0,0000
2026-12-25 19:00;0,0000
2026-12-25 20:00;0,0000
2026-12-25 21:00;0,0000
2026-12-25 22:00;0,0000
2026-12-25 23:00;0,0000
2026-12-26 00:00;0,0000
2026-12-26 01:00;0,0000
2026-12-26 02:00;0,0000
2026-12-26 03:00;0,0000
2026-12-26 04:00;0,0000
2026-12-26 05:00;0,0000
2026-12-26 06:00;0,0000
2026-12-26 07:00;0,0000
2026-12-26 08:00;0,1500
2026-12-26 09:00;0,1500
2026-12-26 10:00;0,1500
2026-12-26 11:00;0,2813
2026-12-26 12:00;0,4049
2026-12-26 13:00;0,4200
2026-12-26 14:00;0,4461
2026-12-26 15:00;0,3696
2026-12-26 16:00;0,2794
2026-12-26 17:00;0,1500
2026-12-26 18:00;0,0000
2026-12-26 19:00;0,0000
2026-12-26 20:00;0,0000
2026-12-26 21:00;0,0000
2026-12-26 22:00;0,0000
2026-12-26 23:00;0,0000
2026-12-27 00:00;0,0000
2026-12-27 01:00;0,0000
2026-12-27 02:00;0,0000
2026-12-27 03:00;0,0000
2026-12-27 04:00;0,0000
2026-12-27 05:00;0,0000
2026-12-27 06:00;0,0000
2026-12-27 07:00;0,0000
2026-12-27 08:00;0,1500
2026-12-27 09:00;0,1500
2026-12-27 10:00;0,1500
2026-12-27 11:00;0,2639
2026-12-27 12:00;0,3587
2026-12-27 13:00;0,4400
2026-12-27 14:00;0,4754
2026-12-27 15:00;0,3693
2026-12-27 16:00;0,2719
2026-12-27 17:00;0,1500
2026-12-27 18:00;0,0000
2026-12-27 19:00;0,0000
2026-12-27 20:00;0,0000
2026-12-27 21:00;0,0000
2026-12-27 22:00;0,0000
2026-12-27 23:00;0,0000
2026-12-28 00:00;0,0000
2026-12-28 01:00;0,0000
2026-12-28 02:00;0,0000
2026-12-28 03:00;0,0000
2026-12-28 04:00;0,0000
2026-12-28 05:00;0,0000
2026-12-28 06:00;0,0000
2026-12-28 07:00;0,0000
2026-12-28 08:00;0,1500
2026-12-28 09:00;0,1500
2026-12-28 10:00;0,1500
2026-12-28 11:00;0,2575
2026-12-28 12:00;0,3682
2026-12-28 13:00;0,3875
2026-12-28 14:00;0,3589
2026-12-28 15:00;0,3096
2026-12-28 16:00;0,2289
2026-12-28 17:00;0,1500
2026-12-28 18:00;0,0000
2026-12-28 19:00;0,0000
2026-12-28 20:00;0,0000
2026-12-28 21:00;0,0000
2026-12-28 22:00;0,0000
2026-12-28 23:00;0,0000
2026-12-29 00:00;0,0000
2026-12-29 01:00;0,0000
2026-12-29 02:00;0,0000
2026-12-29 03:00;0,0000
2026-12-29 04:00;0,0000
2026-12-29 05:00;0,0000
2026-12-29 06:00;0,0000
2026-12-29 07:00;0,0000
2026-12-29 08:00;0,1500
2026-12-29 09:00;0,1500
2026-12-29 10:00;0,1500
2026-12-29 11:00;0,2620
2026-12-29 12:00;0,4075
2026-12-29 13:00;0,4926
2026-12-29 14:00;0,4323
2026-12-29 15:00;0,3698
2026-12-29 16:00;0,2647
2026-12-29 17:00;0,1500
2026-12-29 18:00;0,0000
2026-12-29 19:00;0,0000
2026-12-29 20:00;0,0000
2026-12-29 21:00;0,0000
2026-12-29 22:00;0,0000
2026-12-29 23:00;0,0000
2026-12-30 00:00;0,0000
2026-12-30 01:00;0,0000
2026-12-30 02:00;0,0000
2026-12-30 03:00;0,0000
2026-12-30 04:00;0,0000
2026-12-30 05:00;0,0000
2026-12-30 06:00;0,0000
2026-12-30 07:00;0,0000
2026-12-30 08:00;0,1500
2026-12-30 09:00;0,1500
2026-12-30 10:00;0,1500
2026-12-30 11:00;0,2394
2026-12-30 12:00;0,3399
2026-12-30 13:00;0,3804
2026-12-30 14:00;0,4063
2026-12-30 15:00;0,3513
2026-12-30 16:00;0,2729
2026-12-30 17:00;0,1500
2026-12-30 18:00;0,0000
2026-12-30 19:00;0,0000
2026-12-30 20:00;0,0000
2026-12-30 21:00;0,0000
2026-12-30 22:00;0,0000
2026-12-30 23:00;0,0000
2026-12-31 00:00;0,0000
2026-12-31 01:00;0,0000
2026-12-31 02:00;0,0000
2026-12-31 03:00;0,0000
2026-12-31 04:00;0,0000
2026-12-31 05:00;0,0000
2026-12-31 06:00;0,0000
2026-12-31 07:00;0,0000
2026-12-31 08:00;0,1500
2026-12-31 09:00;0,1500
2026-12-31 10:00;0,2451
2026-12-31 11:00;0,3256
2026-12-31 12:00;0,3620
2026-12-31 13:00;0,3954
2026-12-31 14:00;0,3626
2026-12-31 15:00;0,2336
2026-12-31 16:00;0,1500
2026-12-31 17:00;0,1500
2026-12-31 18:00;0,0000
2026-12-31 19:00;0,0000
2026-12-31 20:00;0,0000
2026-12-31 21:00;0,0000
2026-12-31 22:00;0,0000
2026-12-31 23:00;0,0000
