Datetime;CF
2026-01-01 00:00;0,0000
2026-01-01 01:00;0,0000
2026-01-01 02:00;0,0000
2026-01-01 03:00;0,0000
2026-01-01 04:00;0,0000
2026-01-01 05:00;0,0000
2026-01-01 06:00;0,0000
2026-01-01 07:00;0,0000
2026-01-01 08:00;0,0000
2026-01-01 09:00;0,1500
2026-01-01 10:00;0,2831
2026-01-01 11:00;0,3472
2026-01-01 12:00;0,3367
2026-01-01 13:00;0,2829
2026-01-01 14:00;0,1861
2026-01-01 15:00;0,1500
2026-01-01 16:00;0,1500
2026-01-01 17:00;0,1500
2026-01-01 18:00;0,1500
2026-01-01 19:00;0,0000
2026-01-01 20:00;0,0000
2026-01-01 21:00;0,0000
2026-01-01 22:00;0,0000
2026-01-01 23:00;0,0000
2026-01-02 00:00;0,0000
2026-01-02 01:00;0,0000
2026-01-02 02:00;0,0000
2026-01-02 03:00;0,0000
2026-01-02 04:00;0,0000
2026-01-02 05:00;0,0000
2026-01-02 06:00;0,0000
2026-01-02 07:00;0,0000
2026-01-02 08:00;0,0000
2026-01-02 09:00;0,1500
2026-01-02 10:00;0,1883
2026-01-02 11:00;0,3334
2026-01-02 12:00;0,4137
2026-01-02 13:00;0,4177
2026-01-02 14:00;0,3055
2026-01-02 15:00;0,2069
2026-01-02 16:00;0,1500
2026-01-02 17:00;0,1500
2026-01-02 18:00;0,1500
2026-01-02 19:00;0,0000
2026-01-02 20:00;0,0000
2026-01-02 21:00;0,0000
2026-01-02 22:00;0,0000
2026-01-02 23:00;0,0000
2026-01-03 00:00;0,0000
2026-01-03 01:00;0,0000
2026-01-03 02:00;0,0000
2026-01-03 03:00;0,0000
2026-01-03 04:00;0,0000
2026-01-03 05:00;0,0000
2026-01-03 06:00;0,0000
2026-01-03 07:00;0,0000
2026-01-03 08:00;0,0000
2026-01-03 09:00;0,1500
2026-01-03 10:00;0,1500
2026-01-03 11:00;0,1537
2026-01-03 12:00;0,2428
2026-01-03 13:00;0,3099
2026-01-03 14:00;0,3013
2026-01-03 15:00;0,2812
2026-01-03 16:00;0,2285
2026-01-03 17:00;0,1500
2026-01-03 18:00;0,1500
2026-01-03 19:00;0,0000
2026-01-03 20:00;0,0000
2026-01-03 21:00;0,0000
2026-01-03 22:00;0,0000
2026-01-03 23:00;0,0000
2026-01-04 00:00;0,0000
2026-01-04 01:00;0,0000
2026-01-04 02:00;0,0000
2026-01-04 03:00;0,0000
2026-01-04 04:00;0,0000
2026-01-04 05:00;0,0000
2026-01-04 06:00;0,0000
2026-01-04 07:00;0,0000
2026-01-04 08:00;0,0000
2026-01-04 09:00;0,1500
2026-01-04 10:00;0,1500
2026-01-04 11:00;0,1500
2026-01-04 12:00;0,2537
2026-01-04 13:00;0,2951
2026-01-04 14:00;0,3469
2026-01-04 15:00;0,3071
2026-01-04 16:00;0,2089
2026-01-04 17:00;0,1500
2026-01-04 18:00;0,1500
2026-01-04 19:00;0,0000
2026-01-04 20:00;0,0000
2026-01-04 21:00;0,0000
2026-01-04 22:00;0,0000
2026-01-04 23:00;0,0000
2026-01-05 00:00;0,0000
2026-01-05 01:00;0,0000
2026-01-05 02:00;0,0000
2026-01-05 03:00;0,0000
2026-01-05 04:00;0,0000
2026-01-05 05:00;0,0000
2026-01-05 06:00;0,0000
2026-01-05 07:00;0,0000
2026-01-05 08:00;0,0000
2026-01-05 09:00;0,1500
2026-01-05 10:00;0,1500
2026-01-05 11:00;0,2070
2026-01-05 12:00;0,2750
2026-01-05 13:00;0,2797
2026-01-05 14:00;0,2922
2026-01-05 15:00;0,2505
2026-01-05 16:00;0,1500
2026-01-05 17:00;0,1500
2026-01-05 18:00;0,1500
2026-01-05 19:00;0,0000
2026-01-05 20:00;0,0000
2026-01-05 21:00;0,0000
2026-01-05 22:00;0,0000
2026-01-05 23:00;0,0000
2026-01-06 00:00;0,0000
2026-01-06 01:00;0,0000
2026-01-06 02:00;0,0000
2026-01-06 03:00;0,0000
2026-01-06 04:00;0,0000
2026-01-06 05:00;0,0000
2026-01-06 06:00;0,0000
2026-01-06 07:00;0,0000
2026-01-06 08:00;0,0000
2026-01-06 09:00;0,1500
2026-01-06 10:00;0,1500
2026-01-06 11:00;0,1629
2026-01-06 12:00;0,2570
2026-01-06 13:00;0,2717
2026-01-06 14:00;0,3051
2026-01-06 15:00;0,2439
2026-01-06 16:00;0,1679
2026-01-06 17:00;0,1500
2026-01-06 18:00;0,1500
2026-01-06 19:00;0,0000
2026-01-06 20:00;0,0000
2026-01-06 21:00;0,0000
2026-01-06 22:00;0,0000
2026-01-06 23:00;0,0000
2026-01-07 00:00;0,0000
2026-01-07 01:00;0,0000
2026-01-07 02:00;0,0000
2026-01-07 03:00;0,0000
2026-01-07 04:00;0,0000
2026-01-07 05:00;0,0000
2026-01-07 06:00;0,0000
2026-01-07 07:00;0,0000
2026-01-07 08:00;0,0000
2026-01-07 09:00;0,1500
2026-01-07 10:00;0,1691
2026-01-07 11:00;0,2519
2026-01-07 12:00;0,3281
2026-01-07 13:00;0,3635
2026-01-07 14:00;0,3885
2026-01-07 15:00;0,2900
2026-01-07 16:00;0,1597
2026-01-07 17:00;0,1500
2026-01-07 18:00;0,1500
2026-01-07 19:00;0,0000
2026-01-07 20:00;0,0000
2026-01-07 21:00;0,0000
2026-01-07 22:00;0,0000
2026-01-07 23:00;0,0000
2026-01-08 00:00;0,0000
2026-01-08 01:00;0,0000
2026-01-08 02:00;0,0000
2026-01-08 03:00;0,0000
2026-01-08 04:00;0,0000
2026-01-08 05:00;0,0000
2026-01-08 06:00;0,0000
2026-01-08 07:00;0,0000
2026-01-08 08:00;0,0000
2026-01-08 09:00;0,1500
2026-01-08 10:00;0,1500
2026-01-08 11:00;0,1500
2026-01-08 12:00;0,2176
2026-01-08 13:00;0,3283
2026-01-08 14:00;0,3856
2026-01-08 15:00;0,3043
2026-01-08 16:00;0,2497
2026-01-08 17:00;0,1936
2026-01-08 18:00;0,1500
2026-01-08 19:00;0,0000
2026-01-08 20:00;0,0000
2026-01-08 21:00;0,0000
2026-01-08 22:00;0,0000
2026-01-08 23:00;0,0000
2026-01-09 00:00;0,0000
2026-01-09 01:00;0,0000
2026-01-09 02:00;0,0000
2026-01-09 03:00;0,0000
2026-01-09 04:00;0,0000
2026-01-09 05:00;0,0000
2026-01-09 06:00;0,0000
2026-01-09 07:00;0,0000
2026-01-09 08:00;0,0000
2026-01-09 09:00;0,1500
2026-01-09 10:00;0,1500
2026-01-09 11:00;0,2061
2026-01-09 12:00;0,3150
2026-01-09 13:00;0,2955
2026-01-09 14:00;0,2503
2026-01-09 15:00;0,2112
2026-01-09 16:00;0,1500
2026-01-09 17:00;0,1500
2026-01-09 18:00;0,1500
2026-01-09 19:00;0,0000
2026-01-09 20:00;0,0000
2026-01-09 21:00;0,0000
2026-01-09 22:00;0,0000
2026-01-09 23:00;0,0000
2026-01-10 00:00;0,0000
2026-01-10 01:00;0,0000
2026-01-10 02:00;0,0000
2026-01-10 03:00;0,0000
2026-01-10 04:00;0,0000
2026-01-10 05:00;0,0000
2026-01-10 06:00;0,0000
2026-01-10 07:00;0,0000
2026-01-10 08:00;0,0000
2026-01-10 09:00;0,1500
2026-01-10 10:00;0,1500
2026-01-10 11:00;0,1514
2026-01-10 12:00;0,2199
2026-01-10 13:00;0,2793
2026-01-10 14:00;0,3083
2026-01-10 15:00;0,2745
2026-01-10 16:00;0,2435
2026-01-10 17:00;0,1500
2026-01-10 18:00;0,1500
2026-01-10 19:00;0,0000
2026-01-10 20:00;0,0000
2026-01-10 21:00;0,0000
2026-01-10 22:00;0,0000
2026-01-10 23:00;0,0000
2026-01-11 00:00;0,0000
2026-01-11 01:00;0,0000
2026-01-11 02:00;0,0000
2026-01-11 03:00;0,0000
2026-01-11 04:00;0,0000
2026-01-11 05:00;0,0000
2026-01-11 06:00;0,0000
2026-01-11 07:00;0,0000
2026-01-11 08:00;0,0000
2026-01-11 09:00;0,1500
2026-01-11 10:00;0,1500
2026-01-11 11:00;0,1847
2026-01-11 12:00;0,3146
2026-01-11 13:00;0,3523
2026-01-11 14:00;0,3728
2026-01-11 15:00;0,2564
2026-01-11 16:00;0,1856
2026-01-11 17:00;0,1500
2026-01-11 18:00;0,1500
2026-01-11 19:00;0,0000
2026-01-11 20:00;0,0000
2026-01-11 21:00;0,0000
2026-01-11 22:00;0,0000
2026-01-11 23:00;0,0000
2026-01-12 00:00;0,0000
2026-01-12 01:00;0,0000
2026-01-12 02:00;0,0000
2026-01-12 03:00;0,0000
2026-01-12 04:00;0,0000
2026-01-12 05:00;0,0000
2026-01-12 06:00;0,0000
2026-01-12 07:00;0,0000
2026-01-12 08:00;0,0000
2026-01-12 09:00;0,1500
2026-01-12 10:00;0,1500
2026-01-12 11:00;0,1500
2026-01-12 12:00;0,2172
2026-01-12 13:00;0,2526
2026-01-12 14:00;0,3450
2026-01-12 15:00;0,3351
2026-01-12 16:00;0,2168
2026-01-12 17:00;0,1500
2026-01-12 18:00;0,1500
2026-01-12 19:00;0,0000
2026-01-12 20:00;0,0000
2026-01-12 21:00;0,0000
2026-01-12 22:00;0,0000
2026-01-12 23:00;0,0000
2026-01-13 00:00;0,0000
2026-01-13 01:00;0,0000
2026-01-13 02:00;0,0000
2026-01-13 03:00;0,0000
2026-01-13 04:00;0,0000
2026-01-13 05:00;0,0000
2026-01-13 06:00;0,0000
2026-01-13 07:00;0,0000
2026-01-13 08:00;0,0000
2026-01-13 09:00;0,1500
2026-01-13 10:00;0,2425
2026-01-13 11:00;0,2786
2026-01-13 12:00;0,2572
2026-01-13 13:00;0,2657
2026-01-13 14:00;0,2224
2026-01-13 15:00;0,1608
2026-01-13 16:00;0,1500
2026-01-13 17:00;0,1500
2026-01-13 18:00;0,1500
2026-01-13 19:00;0,0000
2026-01-13 20:00;0,0000
2026-01-13 21:00;0,0000
2026-01-13 22:00;0,0000
2026-01-13 23:00;0,0000
2026-01-14 00:00;0,0000
2026-01-14 01:00;0,0000
2026-01-14 02:00;0,0000
2026-01-14 03:00;0,0000
2026-01-14 04:00;0,0000
2026-01-14 05:00;0,0000
2026-01-14 06:00;0,0000
2026-01-14 07:00;0,0000
2026-01-14 08:00;0,0000
2026-01-14 09:00;0,1500
2026-01-14 10:00;0,1500
2026-01-14 11:00;0,1945
2026-01-14 12:00;0,3093
2026-01-14 13:00;0,4017
2026-01-14 14:00;0,4610
2026-01-14 15:00;0,3732
2026-01-14 16:00;0,2854
2026-01-14 17:00;0,1557
2026-01-14 18:00;0,1500
2026-01-14 19:00;0,0000
2026-01-14 20:00;0,0000
2026-01-14 21:00;0,0000
2026-01-14 22:00;0,0000
2026-01-14 23:00;0,0000
2026-01-15 00:00;0,0000
2026-01-15 01:00;0,0000
2026-01-15 02:00;0,0000
2026-01-15 03:00;0,0000
2026-01-15 04:00;0,0000
2026-01-15 05:00;0,0000
2026-01-15 06:00;0,0000
2026-01-15 07:00;0,0000
2026-01-15 08:00;0,0000
2026-01-15 09:00;0,1500
2026-01-15 10:00;0,1500
2026-01-15 11:00;0,2052
2026-01-15 12:00;0,2866
2026-01-15 13:00;0,3821
2026-01-15 14:00;0,4152
2026-01-15 15:00;0,3835
2026-01-15 16:00;0,2529
2026-01-15 17:00;0,1500
2026-01-15 18:00;0,1500
2026-01-15 19:00;0,0000
2026-01-15 20:00;0,0000
2026-01-15 21:00;0,0000
2026-01-15 22:00;0,0000
2026-01-15 23:00;0,0000
2026-01-16 00:00;0,0000
2026-01-16 01:00;0,0000
2026-01-16 02:00;0,0000
2026-01-16 03:00;0,0000
2026-01-16 04:00;0,0000
2026-01-16 05:00;0,0000
2026-01-16 06:00;0,0000
2026-01-16 07:00;0,0000
2026-01-16 08:00;0,0000
2026-01-16 09:00;0,1500
2026-01-16 10:00;0,1500
2026-01-16 11:00;0,1500
2026-01-16 12:00;0,1924
2026-01-16 13:00;0,2839
2026-01-16 14:00;0,3332
2026-01-16 15:00;0,3119
2026-01-16 16:00;0,2571
2026-01-16 17:00;0,1701
2026-01-16 18:00;0,1500
2026-01-16 19:00;0,0000
2026-01-16 20:00;0,0000
2026-01-16 21:00;0,0000
2026-01-16 22:00;0,0000
2026-01-16 23:00;0,0000
2026-01-17 00:00;0,0000
2026-01-17 01:00;0,0000
2026-01-17 02:00;0,0000
2026-01-17 03:00;0,0000
2026-01-17 04:00;0,0000
2026-01-17 05:00;0,0000
2026-01-17 06:00;0,0000
2026-01-17 07:00;0,0000
2026-01-17 08:00;0,0000
2026-01-17 09:00;0,1500
2026-01-17 10:00;0,1500
2026-01-17 11:00;0,1904
2026-01-17 12:00;0,2375
2026-01-17 13:00;0,2705
2026-01-17 14:00;0,2972
2026-01-17 15:00;0,2233
2026-01-17 16:00;0,1500
2026-01-17 17:00;0,1500
2026-01-17 18:00;0,1500
2026-01-17 19:00;0,0000
2026-01-17 20:00;0,0000
2026-01-17 21:00;0,0000
2026-01-17 22:00;0,0000
2026-01-17 23:00;0,0000
2026-01-18 00:00;0,0000
2026-01-18 01:00;0,0000
2026-01-18 02:00;0,0000
2026-01-18 03:00;0,0000
2026-01-18 04:00;0,0000
2026-01-18 05:00;0,0000
2026-01-18 06:00;0,0000
2026-01-18 07:00;0,0000
2026-01-18 08:00;0,0000
2026-01-18 09:00;0,1500
2026-01-18 10:00;0,1500
2026-01-18 11:00;0,1759
2026-01-18 12:00;0,2629
2026-01-18 13:00;0,3384
2026-01-18 14:00;0,3451
2026-01-18 15:00;0,2393
2026-01-18 16:00;0,1500
2026-01-18 17:00;0,1500
2026-01-18 18:00;0,1500
2026-01-18 19:00;0,0000
2026-01-18 20:00;0,0000
2026-01-18 21:00;0,0000
2026-01-18 22:00;0,0000
2026-01-18 23:00;0,0000
2026-01-19 00:00;0,0000
2026-01-19 01:00;0,0000
2026-01-19 02:00;0,0000
2026-01-19 03:00;0,0000
2026-01-19 04:00;0,0000
2026-01-19 05:00;0,0000
2026-01-19 06:00;0,0000
2026-01-19 07:00;0,0000
2026-01-19 08:00;0,0000
2026-01-19 09:00;0,1500
2026-01-19 10:00;0,1500
2026-01-19 11:00;0,1796
2026-01-19 12:00;0,2507
2026-01-19 13:00;0,3010
2026-01-19 14:00;0,3021
2026-01-19 15:00;0,2916
2026-01-19 16:00;0,2156
2026-01-19 17:00;0,1500
2026-01-19 18:00;0,1500
2026-01-19 19:00;0,0000
2026-01-19 20:00;0,0000
2026-01-19 21:00;0,0000
2026-01-19 22:00;0,0000
2026-01-19 23:00;0,0000
2026-01-20 00:00;0,0000
2026-01-20 01:00;0,0000
2026-01-20 02:00;0,0000
2026-01-20 03:00;0,0000
2026-01-20 04:00;0,0000
2026-01-20 05:00;0,0000
2026-01-20 06:00;0,0000
2026-01-20 07:00;0,0000
2026-01-20 08:00;0,0000
2026-01-20 09:00;0,1500
2026-01-20 10:00;0,1500
2026-01-20 11:00;0,1513
2026-01-20 12:00;0,2912
2026-01-20 13:00;0,3457
2026-01-20 14:00;0,4286
2026-01-20 15:00;0,3219
2026-01-20 16:00;0,2810
2026-01-20 17:00;0,1500
2026-01-20 18:00;0,1500
2026-01-20 19:00;0,0000
2026-01-20 20:00;0,0000
2026-01-20 21:00;0,0000
2026-01-20 22:00;0,0000
2026-01-20 23:00;0,0000
2026-01-21 00:00;0,0000
2026-01-21 01:00;0,0000
2026-01-21 02:00;0,0000
2026-01-21 03:00;0,0000
2026-01-21 04:00;0,0000
2026-01-21 05:00;0,0000
2026-01-21 06:00;0,0000
2026-01-21 07:00;0,0000
2026-01-21 08:00;0,0000
2026-01-21 09:00;0,1500
2026-01-21 10:00;0,1659
2026-01-21 11:00;0,2928
2026-01-21 12:00;0,3320
2026-01-21 13:00;0,4047
2026-01-21 14:00;0,3815
2026-01-21 15:00;0,2888
2026-01-21 16:00;0,1592
2026-01-21 17:00;0,1500
2026-01-21 18:00;0,1500
2026-01-21 19:00;0,0000
2026-01-21 20:00;0,0000
2026-01-21 21:00;0,0000
2026-01-21 22:00;0,0000
2026-01-21 23:00;0,0000
2026-01-22 00:00;0,0000
2026-01-22 01:00;0,0000
2026-01-22 02:00;0,0000
2026-01-22 03:00;0,0000
2026-01-22 04:00;0,0000
2026-01-22 05:00;0,0000
2026-01-22 06:00;0,0000
2026-01-22 07:00;0,0000
2026-01-22 08:00;0,0000
2026-01-22 09:00;0,1500
2026-01-22 10:00;0,1500
2026-01-22 11:00;0,1907
2026-01-22 12:00;0,2548
2026-01-22 13:00;0,2949
2026-01-22 14:00;0,3552
2026-01-22 15:00;0,3331
2026-01-22 16:00;0,2372
2026-01-22 17:00;0,1767
2026-01-22 18:00;0,1500
2026-01-22 19:00;0,0000
2026-01-22 20:00;0,0000
2026-01-22 21:00;0,0000
2026-01-22 22:00;0,0000
2026-01-22 23:00;0,0000
2026-01-23 00:00;0,0000
2026-01-23 01:00;0,0000
2026-01-23 02:00;0,0000
2026-01-23 03:00;0,0000
2026-01-23 04:00;0,0000
2026-01-23 05:00;0,0000
2026-01-23 06:00;0,0000
2026-01-23 07:00;0,0000
2026-01-23 08:00;0,0000
2026-01-23 09:00;0,1500
2026-01-23 10:00;0,1648
2026-01-23 11:00;0,2372
2026-01-23 12:00;0,3135
2026-01-23 13:00;0,2574
2026-01-23 14:00;0,1807
2026-01-23 15:00;0,1500
2026-01-23 16:00;0,1500
2026-01-23 17:00;0,1500
2026-01-23 18:00;0,1500
2026-01-23 19:00;0,0000
2026-01-23 20:00;0,0000
2026-01-23 21:00;0,0000
2026-01-23 22:00;0,0000
2026-01-23 23:00;0,0000
2026-01-24 00:00;0,0000
2026-01-24 01:00;0,0000
2026-01-24 02:00;0,0000
2026-01-24 03:00;0,0000
2026-01-24 04:00;0,0000
2026-01-24 05:00;0,0000
2026-01-24 06:00;0,0000
2026-01-24 07:00;0,0000
2026-01-24 08:00;0,0000
2026-01-24 09:00;0,1500
2026-01-24 10:00;0,1500
2026-01-24 11:00;0,1836
2026-01-24 12:00;0,2439
2026-01-24 13:00;0,2954
2026-01-24 14:00;0,3088
2026-01-24 15:00;0,3279
2026-01-24 16:00;0,2724
2026-01-24 17:00;0,2152
2026-01-24 18:00;0,1500
2026-01-24 19:00;0,0000
2026-01-24 20:00;0,0000
2026-01-24 21:00;0,0000
2026-01-24 22:00;0,0000
2026-01-24 23:00;0,0000
2026-01-25 00:00;0,0000
2026-01-25 01:00;0,0000
2026-01-25 02:00;0,0000
2026-01-25 03:00;0,0000
2026-01-25 04:00;0,0000
2026-01-25 05:00;0,0000
2026-01-25 06:00;0,0000
2026-01-25 07:00;0,0000
2026-01-25 08:00;0,0000
2026-01-25 09:00;0,1500
2026-01-25 10:00;0,1817
2026-01-25 11:00;0,2240
2026-01-25 12:00;0,2788
2026-01-25 13:00;0,3692
2026-01-25 14:00;0,3280
2026-01-25 15:00;0,2623
2026-01-25 16:00;0,1596
2026-01-25 17:00;0,1500
2026-01-25 18:00;0,1500
2026-01-25 19:00;0,0000
2026-01-25 20:00;0,0000
2026-01-25 21:00;0,0000
2026-01-25 22:00;0,0000
2026-01-25 23:00;0,0000
2026-01-26 00:00;0,0000
2026-01-26 01:00;0,0000
2026-01-26 02:00;0,0000
2026-01-26 03:00;0,0000
2026-01-26 04:00;0,0000
2026-01-26 05:00;0,0000
2026-01-26 06:00;0,0000
2026-01-26 07:00;0,0000
2026-01-26 08:00;0,0000
2026-01-26 09:00;0,1500
2026-01-26 10:00;0,1500
2026-01-26 11:00;0,1500
2026-01-26 12:00;0,1784
2026-01-26 13:00;0,2640
2026-01-26 14:00;0,3269
2026-01-26 15:00;0,3796
2026-01-26 16:00;0,2922
2026-01-26 17:00;0,2247
2026-01-26 18:00;0,1500
2026-01-26 19:00;0,0000
2026-01-26 20:00;0,0000
2026-01-26 21:00;0,0000
2026-01-26 22:00;0,0000
2026-01-26 23:00;0,0000
2026-01-27 00:00;0,0000
2026-01-27 01:00;0,0000
2026-01-27 02:00;0,0000
2026-01-27 03:00;0,0000
2026-01-27 04:00;0,0000
2026-01-27 05:00;0,0000
2026-01-27 06:00;0,0000
2026-01-27 07:00;0,0000
2026-01-27 08:00;0,0000
2026-01-27 09:00;0,1500
2026-01-27 10:00;0,1500
2026-01-27 11:00;0,2216
2026-01-27 12:00;0,2958
2026-01-27 13:00;0,3049
2026-01-27 14:00;0,3113
2026-01-27 15:00;0,2309
2026-01-27 16:00;0,1646
2026-01-27 17:00;0,1500
2026-01-27 18:00;0,1500
2026-01-27 19:00;0,0000
2026-01-27 20:00;0,0000
2026-01-27 21:00;0,0000
2026-01-27 22:00;0,0000
2026-01-27 23:00;0,0000
2026-01-28 00:00;0,0000
2026-01-28 01:00;0,0000
2026-01-28 02:00;0,0000
2026-01-28 03:00;0,0000
2026-01-28 04:00;0,0000
2026-01-28 05:00;0,0000
2026-01-28 06:00;0,0000
2026-01-28 07:00;0,0000
2026-01-28 08:00;0,0000
2026-01-28 09:00;0,1500
2026-01-28 10:00;0,1576
2026-01-28 11:00;0,3093
2026-01-28 12:00;0,3259
2026-01-28 13:00;0,3535
2026-01-28 14:00;0,2842
2026-01-28 15:00;0,2248
2026-01-28 16:00;0,1500
2026-01-28 17:00;0,1500
2026-01-28 18:00;0,1500
2026-01-28 19:00;0,0000
2026-01-28 20:00;0,0000
2026-01-28 21:00;0,0000
2026-01-28 22:00;0,0000
2026-01-28 23:00;0,0000
2026-01-29 00:00;0,0000
2026-01-29 01:00;0,0000
2026-01-29 02:00;0,0000
2026-01-29 03:00;0,0000
2026-01-29 04:00;0,0000
2026-01-29 05:00;0,0000
2026-01-29 06:00;0,0000
2026-01-29 07:00;0,0000
2026-01-29 08:00;0,0000
2026-01-29 09:00;0,1500
2026-01-29 10:00;0,1500
2026-01-29 11:00;0,2068
2026-01-29 12:00;0,2692
2026-01-29 13:00;0,3038
2026-01-29 14:00;0,3066
2026-01-29 15:00;0,3110
2026-01-29 16:00;0,2367
2026-01-29 17:00;0,1647
2026-01-29 18:00;0,1500
2026-01-29 19:00;0,0000
2026-01-29 20:00;0,0000
2026-01-29 21:00;0,0000
2026-01-29 22:00;0,0000
2026-01-29 23:00;0,0000
2026-01-30 00:00;0,0000
2026-01-30 01:00;0,0000
2026-01-30 02:00;0,0000
2026-01-30 03:00;0,0000
2026-01-30 04:00;0,0000
2026-01-30 05:00;0,0000
2026-01-30 06:00;0,0000
2026-01-30 07:00;0,0000
2026-01-30 08:00;0,0000
2026-01-30 09:00;0,1500
2026-01-30 10:00;0,1500
2026-01-30 11:00;0,1900
2026-01-30 12:00;0,2357
2026-01-30 13:00;0,3032
2026-01-30 14:00;0,3330
2026-01-30 15:00;0,3418
2026-01-30 16:00;0,2402
2026-01-30 17:00;0,2010
2026-01-30 18:00;0,1500
2026-01-30 19:00;0,0000
2026-01-30 20:00;0,0000
2026-01-30 21:00;0,0000
2026-01-30 22:00;0,0000
2026-01-30 23:00;0,0000
2026-01-31 00:00;0,0000
2026-01-31 01:00;0,0000
2026-01-31 02:00;0,0000
2026-01-31 03:00;0,0000
2026-01-31 04:00;0,0000
2026-01-31 05:00;0,0000
2026-01-31 06:00;0,0000
2026-01-31 07:00;0,0000
2026-01-31 08:00;0,0000
2026-01-31 09:00;0,1500
2026-01-31 10:00;0,1500
2026-01-31 11:00;0,1500
2026-01-31 12:00;0,2327
2026-01-31 13:00;0,3128
2026-01-31 14:00;0,3838
2026-01-31 15:00;0,3096
2026-01-31 16:00;0,2470
2026-01-31 17:00;0,1785
2026-01-31 18:00;0,1500
2026-01-31 19:00;0,0000
2026-01-31 20:00;0,0000
2026-01-31 21:00;0,0000
2026-01-31 22:00;0,0000
2026-01-31 23:00;0,0000
2026-02-01 00:00;0,0000
2026-02-01 01:00;0,0000
2026-02-01 02:00;0,0000
2026-02-01 03:00;0,0000
2026-02-01 04:00;0,0000
2026-02-01 05:00;0,0000
2026-02-01 06:00;0,0000
2026-02-01 07:00;0,0000
2026-02-01 08:00;0,1500
2026-02-01 09:00;0,1500
2026-02-01 10:00;0,2885
2026-02-01 11:00;0,4257
2026-02-01 12:00;0,4544
2026-02-01 13:00;0,5300
2026-02-01 14:00;0,4632
2026-02-01 15:00;0,3974
2026-02-01 16:00;0,2332
2026-02-01 17:00;0,1500
2026-02-01 18:00;0,1500
2026-02-01 19:00;0,1500
2026-02-01 20:00;0,1500
2026-02-01 21:00;0,1500
2026-02-01 22:00;0,0000
2026-02-01 23:00;0,0000
2026-02-02 00:00;0,0000
2026-02-02 01:00;0,0000
2026-02-02 02:00;0,0000
2026-02-02 03:00;0,0000
2026-02-02 04:00;0,0000
2026-02-02 05:00;0,0000
2026-02-02 06:00;0,0000
2026-02-02 07:00;0,0000
2026-02-02 08:00;0,1500
2026-02-02 09:00;0,1500
2026-02-02 10:00;0,1911
2026-02-02 11:00;0,3271
2026-02-02 12:00;0,4519
2026-02-02 13:00;0,5432
2026-02-02 14:00;0,5426
2026-02-02 15:00;0,3996
2026-02-02 16:00;0,2557
2026-02-02 17:00;0,1500
2026-02-02 18:00;0,1500
2026-02-02 19:00;0,1500
2026-02-02 20:00;0,1500
2026-02-02 21:00;0,1500
2026-02-02 22:00;0,0000
2026-02-02 23:00;0,0000
2026-02-03 00:00;0,0000
2026-02-03 01:00;0,0000
2026-02-03 02:00;0,0000
2026-02-03 03:00;0,0000
2026-02-03 04:00;0,0000
2026-02-03 05:00;0,0000
2026-02-03 06:00;0,0000
2026-02-03 07:00;0,0000
2026-02-03 08:00;0,1500
2026-02-03 09:00;0,1500
2026-02-03 10:00;0,2570
2026-02-03 11:00;0,3537
2026-02-03 12:00;0,4005
2026-02-03 13:00;0,3655
2026-02-03 14:00;0,3462
2026-02-03 15:00;0,2883
2026-02-03 16:00;0,2121
2026-02-03 17:00;0,1500
2026-02-03 18:00;0,1500
2026-02-03 19:00;0,1500
2026-02-03 20:00;0,1500
2026-02-03 21:00;0,1500
2026-02-03 22:00;0,0000
2026-02-03 23:00;0,0000
2026-02-04 00:00;0,0000
2026-02-04 01:00;0,0000
2026-02-04 02:00;0,0000
2026-02-04 03:00;0,0000
2026-02-04 04:00;0,0000
2026-02-04 05:00;0,0000
2026-02-04 06:00;0,0000
2026-02-04 07:00;0,0000
2026-02-04 08:00;0,1500
2026-02-04 09:00;0,1500
2026-02-04 10:00;0,1500
2026-02-04 11:00;0,3173
2026-02-04 12:00;0,4567
2026-02-04 13:00;0,4807
2026-02-04 14:00;0,5242
2026-02-04 15:00;0,4996
2026-02-04 16:00;0,4499
2026-02-04 17:00;0,2464
2026-02-04 18:00;0,1500
2026-02-04 19:00;0,1500
2026-02-04 20:00;0,1500
2026-02-04 21:00;0,1500
2026-02-04 22:00;0,0000
2026-02-04 23:00;0,0000
2026-02-05 00:00;0,0000
2026-02-05 01:00;0,0000
2026-02-05 02:00;0,0000
2026-02-05 03:00;0,0000
2026-02-05 04:00;0,0000
2026-02-05 05:00;0,0000
2026-02-05 06:00;0,0000
2026-02-05 07:00;0,0000
2026-02-05 08:00;0,1500
2026-02-05 09:00;0,1622
2026-02-05 10:00;0,3163
2026-02-05 11:00;0,3676
2026-02-05 12:00;0,3675
2026-02-05 13:00;0,4058
2026-02-05 14:00;0,3604
2026-02-05 15:00;0,3194
2026-02-05 16:00;0,2170
2026-02-05 17:00;0,1500
2026-02-05 18:00;0,1500
2026-02-05 19:00;0,1500
2026-02-05 20:00;0,1500
2026-02-05 21:00;0,1500
2026-02-05 22:00;0,0000
2026-02-05 23:00;0,0000
2026-02-06 00:00;0,0000
2026-02-06 01:00;0,0000
2026-02-06 02:00;0,0000
2026-02-06 03:00;0,0000
2026-02-06 04:00;0,0000
2026-02-06 05:00;0,0000
2026-02-06 06:00;0,0000
2026-02-06 07:00;0,0000
2026-02-06 08:00;0,1500
2026-02-06 09:00;0,1566
2026-02-06 10:00;0,2898
2026-02-06 11:00;0,3836
2026-02-06 12:00;0,4569
2026-02-06 13:00;0,4167
2026-02-06 14:00;0,4657
2026-02-06 15:00;0,4129
2026-02-06 16:00;0,2582
2026-02-06 17:00;0,1500
2026-02-06 18:00;0,1500
2026-02-06 19:00;0,1500
2026-02-06 20:00;0,1500
2026-02-06 21:00;0,1500
2026-02-06 22:00;0,0000
2026-02-06 23:00;0,0000
2026-02-07 00:00;0,0000
2026-02-07 01:00;0,0000
2026-02-07 02:00;0,0000
2026-02-07 03:00;0,0000
2026-02-07 04:00;0,0000
2026-02-07 05:00;0,0000
2026-02-07 06:00;0,0000
2026-02-07 07:00;0,0000
2026-02-07 08:00;0,1500
2026-02-07 09:00;0,1500
2026-02-07 10:00;0,1500
2026-02-07 11:00;0,2678
2026-02-07 12:00;0,4116
2026-02-07 13:00;0,4424
2026-02-07 14:00;0,4772
2026-02-07 15:00;0,4310
2026-02-07 16:00;0,3860
2026-02-07 17:00;0,2844
2026-02-07 18:00;0,1639
2026-02-07 19:00;0,1500
2026-02-07 20:00;0,1500
2026-02-07 21:00;0,1500
2026-02-07 22:00;0,0000
2026-02-07 23:00;0,0000
2026-02-08 00:00;0,0000
2026-02-08 01:00;0,0000
2026-02-08 02:00;0,0000
2026-02-08 03:00;0,0000
2026-02-08 04:00;0,0000
2026-02-08 05:00;0,0000
2026-02-08 06:00;0,0000
2026-02-08 07:00;0,0000
2026-02-08 08:00;0,1500
2026-02-08 09:00;0,1500
2026-02-08 10:00;0,1922
2026-02-08 11:00;0,3102
2026-02-08 12:00;0,3540
2026-02-08 13:00;0,3861
2026-02-08 14:00;0,3544
2026-02-08 15:00;0,3162
2026-02-08 16:00;0,2263
2026-02-08 17:00;0,1500
2026-02-08 18:00;0,1500
2026-02-08 19:00;0,1500
2026-02-08 20:00;0,1500
2026-02-08 21:00;0,1500
2026-02-08 22:00;0,0000
2026-02-08 23:00;0,0000
2026-02-09 00:00;0,0000
2026-02-09 01:00;0,0000
2026-02-09 02:00;0,0000
2026-02-09 03:00;0,0000
2026-02-09 04:00;0,0000
2026-02-09 05:00;0,0000
2026-02-09 06:00;0,0000
2026-02-09 07:00;0,0000
2026-02-09 08:00;0,1500
2026-02-09 09:00;0,1500
2026-02-09 10:00;0,1500
2026-02-09 11:00;0,1596
2026-02-09 12:00;0,2747
2026-02-09 13:00;0,3524
2026-02-09 14:00;0,3904
2026-02-09 15:00;0,3569
2026-02-09 16:00;0,3184
2026-02-09 17:00;0,2607
2026-02-09 18:00;0,1500
2026-02-09 19:00;0,1500
2026-02-09 20:00;0,1500
2026-02-09 21:00;0,1500
2026-02-09 22:00;0,0000
2026-02-09 23:00;0,0000
2026-02-10 00:00;0,0000
2026-02-10 01:00;0,0000
2026-02-10 02:00;0,0000
2026-02-10 03:00;0,0000
2026-02-10 04:00;0,0000
2026-02-10 05:00;0,0000
2026-02-10 06:00;0,0000
2026-02-10 07:00;0,0000
2026-02-10 08:00;0,1500
2026-02-10 09:00;0,1500
2026-02-10 10:00;0,1500
2026-02-10 11:00;0,1614
2026-02-10 12:00;0,2330
2026-02-10 13:00;0,3207
2026-02-10 14:00;0,3749
2026-02-10 15:00;0,3563
2026-02-10 16:00;0,3785
2026-02-10 17:00;0,2900
2026-02-10 18:00;0,1856
2026-02-10 19:00;0,1500
2026-02-10 20:00;0,1500
2026-02-10 21:00;0,1500
2026-02-10 22:00;0,0000
2026-02-10 23:00;0,0000
2026-02-11 00:00;0,0000
2026-02-11 01:00;0,0000
2026-02-11 02:00;0,0000
2026-02-11 03:00;0,0000
2026-02-11 04:00;0,0000
2026-02-11 05:00;0,0000
2026-02-11 06:00;0,0000
2026-02-11 07:00;0,0000
2026-02-11 08:00;0,1500
2026-02-11 09:00;0,1500
2026-02-11 10:00;0,1500
2026-02-11 11:00;0,1903
2026-02-11 12:00;0,3329
2026-02-11 13:00;0,4116
2026-02-11 14:00;0,4709
2026-02-11 15:00;0,4053
2026-02-11 16:00;0,3340
2026-02-11 17:00;0,2808
2026-02-11 18:00;0,1532
2026-02-11 19:00;0,1500
2026-02-11 20:00;0,1500
2026-02-11 21:00;0,1500
2026-02-11 22:00;0,0000
2026-02-11 23:00;0,0000
2026-02-12 00:00;0,0000
2026-02-12 01:00;0,0000
2026-02-12 02:00;0,0000
2026-02-12 03:00;0,0000
2026-02-12 04:00;0,0000
2026-02-12 05:00;0,0000
2026-02-12 06:00;0,0000
2026-02-12 07:00;0,0000
2026-02-12 08:00;0,1500
2026-02-12 09:00;0,1500
2026-02-12 10:00;0,1500
2026-02-12 11:00;0,1500
2026-02-12 12:00;0,1546
2026-02-12 13:00;0,2773
2026-02-12 14:00;0,4434
2026-02-12 15:00;0,4709
2026-02-12 16:00;0,4777
2026-02-12 17:00;0,3280
2026-02-12 18:00;0,1767
2026-02-12 19:00;0,1500
2026-02-12 20:00;0,1500
2026-02-12 21:00;0,1500
2026-02-12 22:00;0,0000
2026-02-12 23:00;0,0000
2026-02-13 00:00;0,0000
2026-02-13 01:00;0,0000
2026-02-13 02:00;0,0000
2026-02-13 03:00;0,0000
2026-02-13 04:00;0,0000
2026-02-13 05:00;0,0000
2026-02-13 06:00;0,0000
2026-02-13 07:00;0,0000
2026-02-13 08:00;0,1500
2026-02-13 09:00;0,1500
2026-02-13 10:00;0,1500
2026-02-13 11:00;0,1500
2026-02-13 12:00;0,2383
2026-02-13 13:00;0,3333
2026-02-13 14:00;0,3257
2026-02-13 15:00;0,3816
2026-02-13 16:00;0,4150
2026-02-13 17:00;0,2804
2026-02-13 18:00;0,1595
2026-02-13 19:00;0,1500
2026-02-13 20:00;0,1500
2026-02-13 21:00;0,1500
2026-02-13 22:00;0,0000
2026-02-13 23:00;0,0000
2026-02-14 00:00;0,0000
2026-02-14 01:00;0,0000
2026-02-14 02:00;0,0000
2026-02-14 03:00;0,0000
2026-02-14 04:00;0,0000
2026-02-14 05:00;0,0000
2026-02-14 06:00;0,0000
2026-02-14 07:00;0,0000
2026-02-14 08:00;0,1500
2026-02-14 09:00;0,1500
2026-02-14 10:00;0,1500
2026-02-14 11:00;0,2433
2026-02-14 12:00;0,3014
2026-02-14 13:00;0,3539
2026-02-14 14:00;0,4045
2026-02-14 15:00;0,4154
2026-02-14 16:00;0,2815
2026-02-14 17:00;0,2174
2026-02-14 18:00;0,1500
2026-02-14 19:00;0,1500
2026-02-14 20:00;0,1500
2026-02-14 21:00;0,1500
2026-02-14 22:00;0,0000
2026-02-14 23:00;0,0000
2026-02-15 00:00;0,0000
2026-02-15 01:00;0,0000
2026-02-15 02:00;0,0000
2026-02-15 03:00;0,0000
2026-02-15 04:00;0,0000
2026-02-15 05:00;0,0000
2026-02-15 06:00;0,0000
2026-02-15 07:00;0,0000
2026-02-15 08:00;0,1500
2026-02-15 09:00;0,1500
2026-02-15 10:00;0,1500
2026-02-15 11:00;0,1500
2026-02-15 12:00;0,1622
2026-02-15 13:00;0,3126
2026-02-15 14:00;0,4380
2026-02-15 15:00;0,4228
2026-02-15 16:00;0,4288
2026-02-15 17:00;0,2999
2026-02-15 18:00;0,1501
2026-02-15 19:00;0,1500
2026-02-15 20:00;0,1500
2026-02-15 21:00;0,1500
2026-02-15 22:00;0,0000
2026-02-15 23:00;0,0000
2026-02-16 00:00;0,0000
2026-02-16 01:00;0,0000
2026-02-16 02:00;0,0000
2026-02-16 03:00;0,0000
2026-02-16 04:00;0,0000
2026-02-16 05:00;0,0000
2026-02-16 06:00;0,0000
2026-02-16 07:00;0,0000
2026-02-16 08:00;0,1500
2026-02-16 09:00;0,1500
2026-02-16 10:00;0,1500
2026-02-16 11:00;0,2485
2026-02-16 12:00;0,2774
2026-02-16 13:00;0,3337
2026-02-16 14:00;0,3966
2026-02-16 15:00;0,4296
2026-02-16 16:00;0,3954
2026-02-16 17:00;0,2392
2026-02-16 18:00;0,1571
2026-02-16 19:00;0,1500
2026-02-16 20:00;0,1500
2026-02-16 21:00;0,1500
2026-02-16 22:00;0,0000
2026-02-16 23:00;0,0000
2026-02-17 00:00;0,0000
2026-02-17 01:00;0,0000
2026-02-17 02:00;0,0000
2026-02-17 03:00;0,0000
2026-02-17 04:00;0,0000
2026-02-17 05:00;0,0000
2026-02-17 06:00;0,0000
2026-02-17 07:00;0,0000
2026-02-17 08:00;0,1500
2026-02-17 09:00;0,2451
2026-02-17 10:00;0,3876
2026-02-17 11:00;0,4689
2026-02-17 12:00;0,4860
2026-02-17 13:00;0,3993
2026-02-17 14:00;0,3360
2026-02-17 15:00;0,2827
2026-02-17 16:00;0,1835
2026-02-17 17:00;0,1500
2026-02-17 18:00;0,1500
2026-02-17 19:00;0,1500
2026-02-17 20:00;0,1500
2026-02-17 21:00;0,1500
2026-02-17 22:00;0,0000
2026-02-17 23:00;0,0000
2026-02-18 00:00;0,0000
2026-02-18 01:00;0,0000
2026-02-18 02:00;0,0000
2026-02-18 03:00;0,0000
2026-02-18 04:00;0,0000
2026-02-18 05:00;0,0000
2026-02-18 06:00;0,0000
2026-02-18 07:00;0,0000
2026-02-18 08:00;0,1500
2026-02-18 09:00;0,1843
2026-02-18 10:00;0,2820
2026-02-18 11:00;0,3567
2026-02-18 12:00;0,4290
2026-02-18 13:00;0,4295
2026-02-18 14:00;0,4059
2026-02-18 15:00;0,3770
2026-02-18 16:00;0,3187
2026-02-18 17:00;0,1500
2026-02-18 18:00;0,1500
2026-02-18 19:00;0,1500
2026-02-18 20:00;0,1500
2026-02-18 21:00;0,1500
2026-02-18 22:00;0,0000
2026-02-18 23:00;0,0000
2026-02-19 00:00;0,0000
2026-02-19 01:00;0,0000
2026-02-19 02:00;0,0000
2026-02-19 03:00;0,0000
2026-02-19 04:00;0,0000
2026-02-19 05:00;0,0000
2026-02-19 06:00;0,0000
2026-02-19 07:00;0,0000
2026-02-19 08:00;0,1500
2026-02-19 09:00;0,1623
2026-02-19 10:00;0,2885
2026-02-19 11:00;0,3858
2026-02-19 12:00;0,3956
2026-02-19 13:00;0,3541
2026-02-19 14:00;0,3512
2026-02-19 15:00;0,3122
2026-02-19 16:00;0,1759
2026-02-19 17:00;0,1500
2026-02-19 18:00;0,1500
2026-02-19 19:00;0,1500
2026-02-19 20:00;0,1500
2026-02-19 21:00;0,1500
2026-02-19 22:00;0,0000
2026-02-19 23:00;0,0000
2026-02-20 00:00;0,0000
2026-02-20 01:00;0,0000
2026-02-20 02:00;0,0000
2026-02-20 03:00;0,0000
2026-02-20 04:00;0,0000
2026-02-20 05:00;0,0000
2026-02-20 06:00;0,0000
2026-02-20 07:00;0,0000
2026-02-20 08:00;0,1500
2026-02-20 09:00;0,1500
2026-02-20 10:00;0,2985
2026-02-20 11:00;0,4076
2026-02-20 12:00;0,4667
2026-02-20 13:00;0,4142
2026-02-20 14:00;0,3701
2026-02-20 15:00;0,2700
2026-02-20 16:00;0,1938
2026-02-20 17:00;0,1500
2026-02-20 18:00;0,1500
2026-02-20 19:00;0,1500
2026-02-20 20:00;0,1500
2026-02-20 21:00;0,1500
2026-02-20 22:00;0,0000
2026-02-20 23:00;0,0000
2026-02-21 00:00;0,0000
2026-02-21 01:00;0,0000
2026-02-21 02:00;0,0000
2026-02-21 03:00;0,0000
2026-02-21 04:00;0,0000
2026-02-21 05:00;0,0000
2026-02-21 06:00;0,0000
2026-02-21 07:00;0,0000
2026-02-21 08:00;0,1500
2026-02-21 09:00;0,1500
2026-02-21 10:00;0,1528
2026-02-21 11:00;0,1500
2026-02-21 12:00;0,2014
2026-02-21 13:00;0,3381
2026-02-21 14:00;0,4215
2026-02-21 15:00;0,4452
2026-02-21 16:00;0,4820
2026-02-21 17:00;0,3585
2026-02-21 18:00;0,2388
2026-02-21 19:00;0,1820
2026-02-21 20:00;0,1500
2026-02-21 21:00;0,1500
2026-02-21 22:00;0,0000
2026-02-21 23:00;0,0000
2026-02-22 00:00;0,0000
2026-02-22 01:00;0,0000
2026-02-22 02:00;0,0000
2026-02-22 03:00;0,0000
2026-02-22 04:00;0,0000
2026-02-22 05:00;0,0000
2026-02-22 06:00;0,0000
2026-02-22 07:00;0,0000
2026-02-22 08:00;0,1500
2026-02-22 09:00;0,1500
2026-02-22 10:00;0,1500
2026-02-22 11:00;0,2342
2026-02-22 12:00;0,3594
2026-02-22 13:00;0,4397
2026-02-22 14:00;0,4217
2026-02-22 15:00;0,4089
2026-02-22 16:00;0,2707
2026-02-22 17:00;0,1727
2026-02-22 18:00;0,1500
2026-02-22 19:00;0,1500
2026-02-22 20:00;0,1500
2026-02-22 21:00;0,1500
2026-02-22 22:00;0,0000
2026-02-22 23:00;0,0000
2026-02-23 00:00;0,0000
2026-02-23 01:00;0,0000
2026-02-23 02:00;0,0000
2026-02-23 03:00;0,0000
2026-02-23 04:00;0,0000
2026-02-23 05:00;0,0000
2026-02-23 06:00;0,0000
2026-02-23 07:00;0,0000
2026-02-23 08:00;0,1500
2026-02-23 09:00;0,1500
2026-02-23 10:00;0,1500
2026-02-23 11:00;0,2478
2026-02-23 12:00;0,3192
2026-02-23 13:00;0,2996
2026-02-23 14:00;0,3463
2026-02-23 15:00;0,3564
2026-02-23 16:00;0,2891
2026-02-23 17:00;0,1627
2026-02-23 18:00;0,1500
2026-02-23 19:00;0,1500
2026-02-23 20:00;0,1500
2026-02-23 21:00;0,1500
2026-02-23 22:00;0,0000
2026-02-23 23:00;0,0000
2026-02-24 00:00;0,0000
2026-02-24 01:00;0,0000
2026-02-24 02:00;0,0000
2026-02-24 03:00;0,0000
2026-02-24 04:00;0,0000
2026-02-24 05:00;0,0000
2026-02-24 06:00;0,0000
2026-02-24 07:00;0,0000
2026-02-24 08:00;0,1500
2026-02-24 09:00;0,1500
2026-02-24 10:00;0,1500
2026-02-24 11:00;0,2357
2026-02-24 12:00;0,3188
2026-02-24 13:00;0,3290
2026-02-24 14:00;0,3369
2026-02-24 15:00;0,3750
2026-02-24 16:00;0,3446
2026-02-24 17:00;0,2484
2026-02-24 18:00;0,1500
2026-02-24 19:00;0,1500
2026-02-24 20:00;0,1500
2026-02-24 21:00;0,1500
2026-02-24 22:00;0,0000
2026-02-24 23:00;0,0000
2026-02-25 00:00;0,0000
2026-02-25 01:00;0,0000
2026-02-25 02:00;0,0000
2026-02-25 03:00;0,0000
2026-02-25 04:00;0,0000
2026-02-25 05:00;0,0000
2026-02-25 06:00;0,0000
2026-02-25 07:00;0,0000
2026-02-25 08:00;0,1500
2026-02-25 09:00;0,1500
2026-02-25 10:00;0,1500
2026-02-25 11:00;0,2324
2026-02-25 12:00;0,3977
2026-02-25 13:00;0,5358
2026-02-25 14:00;0,4779
2026-02-25 15:00;0,4651
2026-02-25 16:00;0,2635
2026-02-25 17:00;0,2042
2026-02-25 18:00;0,1500
2026-02-25 19:00;0,1500
2026-02-25 20:00;0,1500
2026-02-25 21:00;0,1500
2026-02-25 22:00;0,0000
2026-02-25 23:00;0,0000
2026-02-26 00:00;0,0000
2026-02-26 01:00;0,0000
2026-02-26 02:00;0,0000
2026-02-26 03:00;0,0000
2026-02-26 04:00;0,0000
2026-02-26 05:00;0,0000
2026-02-26 06:00;0,0000
2026-02-26 07:00;0,0000
2026-02-26 08:00;0,1500
2026-02-26 09:00;0,1500
2026-02-26 10:00;0,2569
2026-02-26 11:00;0,3414
2026-02-26 12:00;0,3694
2026-02-26 13:00;0,4390
2026-02-26 14:00;0,4450
2026-02-26 15:00;0,3767
2026-02-26 16:00;0,2958
2026-02-26 17:00;0,1675
2026-02-26 18:00;0,1500
2026-02-26 19:00;0,1500
2026-02-26 20:00;0,1500
2026-02-26 21:00;0,1500
2026-02-26 22:00;0,0000
2026-02-26 23:00;0,0000
2026-02-27 00:00;0,0000
2026-02-27 01:00;0,0000
2026-02-27 02:00;0,0000
2026-02-27 03:00;0,0000
2026-02-27 04:00;0,0000
2026-02-27 05:00;0,0000
2026-02-27 06:00;0,0000
2026-02-27 07:00;0,0000
2026-02-27 08:00;0,1500
2026-02-27 09:00;0,1723
2026-02-27 10:00;0,3156
2026-02-27 11:00;0,3820
2026-02-27 12:00;0,3860
2026-02-27 13:00;0,3172
2026-02-27 14:00;0,2420
2026-02-27 15:00;0,1614
2026-02-27 16:00;0,1500
2026-02-27 17:00;0,1500
2026-02-27 18:00;0,1500
2026-02-27 19:00;0,1500
2026-02-27 20:00;0,1500
2026-02-27 21:00;0,1500
2026-02-27 22:00;0,0000
2026-02-27 23:00;0,0000
2026-02-28 00:00;0,0000
2026-02-28 01:00;0,0000
2026-02-28 02:00;0,0000
2026-02-28 03:00;0,0000
2026-02-28 04:00;0,0000
2026-02-28 05:00;0,0000
2026-02-28 06:00;0,0000
2026-02-28 07:00;0,0000
2026-02-28 08:00;0,1500
2026-02-28 09:00;0,1500
2026-02-28 10:00;0,1500
2026-02-28 11:00;0,1855
2026-02-28 12:00;0,3057
2026-02-28 13:00;0,4435
2026-02-28 14:00;0,4596
2026-02-28 15:00;0,4059
2026-02-28 16:00;0,3815
2026-02-28 17:00;0,2976
2026-02-28 18:00;0,1500
2026-02-28 19:00;0,1500
2026-02-28 20:00;0,1500
2026-02-28 21:00;0,1500
2026-02-28 22:00;0,0000
2026-02-28 23:00;0,0000
2026-03-01 00:00;0,0000
2026-03-01 01:00;0,0000
2026-03-01 02:00;0,0000
2026-03-01 03:00;0,0000
2026-03-01 04:00;0,0000
2026-03-01 05:00;0,0000
2026-03-01 06:00;0,0000
2026-03-01 07:00;0,1500
2026-03-01 08:00;0,1500
2026-03-01 09:00;0,1500
2026-03-01 10:00;0,3363
2026-03-01 11:00;0,4769
2026-03-01 12:00;0,5199
2026-03-01 13:00;0,6406
2026-03-01 14:00;0,3032
2026-03-01 15:00;0,2388
2026-03-01 16:00;0,2521
2026-03-01 17:00;0,2504
2026-03-01 18:00;0,1598
2026-03-01 19:00;0,1500
2026-03-01 20:00;0,1500
2026-03-01 21:00;0,0000
2026-03-01 22:00;0,0000
2026-03-01 23:00;0,0000
2026-03-02 00:00;0,0000
2026-03-02 01:00;0,0000
2026-03-02 02:00;0,0000
2026-03-02 03:00;0,0000
2026-03-02 04:00;0,0000
2026-03-02 05:00;0,0000
2026-03-02 06:00;0,0000
2026-03-02 07:00;0,1500
2026-03-02 08:00;0,1500
2026-03-02 09:00;0,1887
2026-03-02 10:00;0,3223
2026-03-02 11:00;0,4331
2026-03-02 12:00;0,5473
2026-03-02 13:00;0,5463
2026-03-02 14:00;0,5608
2026-03-02 15:00;0,4935
2026-03-02 16:00;0,3722
2026-03-02 17:00;0,2360
2026-03-02 18:00;0,1500
2026-03-02 19:00;0,1500
2026-03-02 20:00;0,1500
2026-03-02 21:00;0,0000
2026-03-02 22:00;0,0000
2026-03-02 23:00;0,0000
2026-03-03 00:00;0,0000
2026-03-03 01:00;0,0000
2026-03-03 02:00;0,0000
2026-03-03 03:00;0,0000
2026-03-03 04:00;0,0000
2026-03-03 05:00;0,0000
2026-03-03 06:00;0,0000
2026-03-03 07:00;0,1500
2026-03-03 08:00;0,1500
2026-03-03 09:00;0,1500
2026-03-03 10:00;0,3494
2026-03-03 11:00;0,5226
2026-03-03 12:00;0,6829
2026-03-03 13:00;0,5800
2026-03-03 14:00;0,5861
2026-03-03 15:00;0,4648
2026-03-03 16:00;0,4038
2026-03-03 17:00;0,2898
2026-03-03 18:00;0,1514
2026-03-03 19:00;0,1500
2026-03-03 20:00;0,1500
2026-03-03 21:00;0,0000
2026-03-03 22:00;0,0000
2026-03-03 23:00;0,0000
2026-03-04 00:00;0,0000
2026-03-04 01:00;0,0000
2026-03-04 02:00;0,0000
2026-03-04 03:00;0,0000
2026-03-04 04:00;0,0000
2026-03-04 05:00;0,0000
2026-03-04 06:00;0,0000
2026-03-04 07:00;0,1500
2026-03-04 08:00;0,1500
2026-03-04 09:00;0,1500
2026-03-04 10:00;0,1500
2026-03-04 11:00;0,1500
2026-03-04 12:00;0,3816
2026-03-04 13:00;0,6547
2026-03-04 14:00;0,7954
2026-03-04 15:00;0,8053
2026-03-04 16:00;0,6682
2026-03-04 17:00;0,4691
2026-03-04 18:00;0,2905
2026-03-04 19:00;0,1500
2026-03-04 20:00;0,1500
2026-03-04 21:00;0,0000
2026-03-04 22:00;0,0000
2026-03-04 23:00;0,0000
2026-03-05 00:00;0,0000
2026-03-05 01:00;0,0000
2026-03-05 02:00;0,0000
2026-03-05 03:00;0,0000
2026-03-05 04:00;0,0000
2026-03-05 05:00;0,0000
2026-03-05 06:00;0,0000
2026-03-05 07:00;0,1500
2026-03-05 08:00;0,1500
2026-03-05 09:00;0,1500
2026-03-05 10:00;0,2207
2026-03-05 11:00;0,4009
2026-03-05 12:00;0,3971
2026-03-05 13:00;0,5046
2026-03-05 14:00;0,6587
2026-03-05 15:00;0,6887
2026-03-05 16:00;0,4620
2026-03-05 17:00;0,2632
2026-03-05 18:00;0,1500
2026-03-05 19:00;0,1500
2026-03-05 20:00;0,1500
2026-03-05 21:00;0,0000
2026-03-05 22:00;0,0000
2026-03-05 23:00;0,0000
2026-03-06 00:00;0,0000
2026-03-06 01:00;0,0000
2026-03-06 02:00;0,0000
2026-03-06 03:00;0,0000
2026-03-06 04:00;0,0000
2026-03-06 05:00;0,0000
2026-03-06 06:00;0,0000
2026-03-06 07:00;0,1500
2026-03-06 08:00;0,1624
2026-03-06 09:00;0,3985
2026-03-06 10:00;0,6337
2026-03-06 11:00;0,7620
2026-03-06 12:00;0,8724
2026-03-06 13:00;0,7262
2026-03-06 14:00;0,6312
2026-03-06 15:00;0,4647
2026-03-06 16:00;0,2748
2026-03-06 17:00;0,1500
2026-03-06 18:00;0,1500
2026-03-06 19:00;0,1500
2026-03-06 20:00;0,1500
2026-03-06 21:00;0,0000
2026-03-06 22:00;0,0000
2026-03-06 23:00;0,0000
2026-03-07 00:00;0,0000
2026-03-07 01:00;0,0000
2026-03-07 02:00;0,0000
2026-03-07 03:00;0,0000
2026-03-07 04:00;0,0000
2026-03-07 05:00;0,0000
2026-03-07 06:00;0,0000
2026-03-07 07:00;0,1500
2026-03-07 08:00;0,1500
2026-03-07 09:00;0,1500
2026-03-07 10:00;0,2015
2026-03-07 11:00;0,4180
2026-03-07 12:00;0,4870
2026-03-07 13:00;0,5201
2026-03-07 14:00;0,5859
2026-03-07 15:00;0,5613
2026-03-07 16:00;0,4356
2026-03-07 17:00;0,3758
2026-03-07 18:00;0,2418
2026-03-07 19:00;0,1500
2026-03-07 20:00;0,1500
2026-03-07 21:00;0,0000
2026-03-07 22:00;0,0000
2026-03-07 23:00;0,0000
2026-03-08 00:00;0,0000
2026-03-08 01:00;0,0000
2026-03-08 02:00;0,0000
2026-03-08 03:00;0,0000
2026-03-08 04:00;0,0000
2026-03-08 05:00;0,0000
2026-03-08 06:00;0,0000
2026-03-08 07:00;0,1500
2026-03-08 08:00;0,1500
2026-03-08 09:00;0,1500
2026-03-08 10:00;0,3569
2026-03-08 11:00;0,5940
2026-03-08 12:00;0,6531
2026-03-08 13:00;0,6331
2026-03-08 14:00;0,6497
2026-03-08 15:00;0,5622
2026-03-08 16:00;0,3681
2026-03-08 17:00;0,3016
2026-03-08 18:00;0,1500
2026-03-08 19:00;0,1500
2026-03-08 20:00;0,1500
2026-03-08 21:00;0,0000
2026-03-08 22:00;0,0000
2026-03-08 23:00;0,0000
2026-03-09 00:00;0,0000
2026-03-09 01:00;0,0000
2026-03-09 02:00;0,0000
2026-03-09 03:00;0,0000
2026-03-09 04:00;0,0000
2026-03-09 05:00;0,0000
2026-03-09 06:00;0,0000
2026-03-09 07:00;0,1500
2026-03-09 08:00;0,1500
2026-03-09 09:00;0,1500
2026-03-09 10:00;0,1969
2026-03-09 11:00;0,4066
2026-03-09 12:00;0,6717
2026-03-09 13:00;0,6512
2026-03-09 14:00;0,6607
2026-03-09 15:00;0,6433
2026-03-09 16:00;0,5605
2026-03-09 17:00;0,3524
2026-03-09 18:00;0,2130
2026-03-09 19:00;0,1500
2026-03-09 20:00;0,1500
2026-03-09 21:00;0,0000
2026-03-09 22:00;0,0000
2026-03-09 23:00;0,0000
2026-03-10 00:00;0,0000
2026-03-10 01:00;0,0000
2026-03-10 02:00;0,0000
2026-03-10 03:00;0,0000
2026-03-10 04:00;0,0000
2026-03-10 05:00;0,0000
2026-03-10 06:00;0,0000
2026-03-10 07:00;0,1500
2026-03-10 08:00;0,1500
2026-03-10 09:00;0,1500
2026-03-10 10:00;0,1516
2026-03-10 11:00;0,3003
2026-03-10 12:00;0,5437
2026-03-10 13:00;0,5813
2026-03-10 14:00;0,6354
2026-03-10 15:00;0,6217
2026-03-10 16:00;0,5903
2026-03-10 17:00;0,4313
2026-03-10 18:00;0,1884
2026-03-10 19:00;0,1500
2026-03-10 20:00;0,1500
2026-03-10 21:00;0,0000
2026-03-10 22:00;0,0000
2026-03-10 23:00;0,0000
2026-03-11 00:00;0,0000
2026-03-11 01:00;0,0000
2026-03-11 02:00;0,0000
2026-03-11 03:00;0,0000
2026-03-11 04:00;0,0000
2026-03-11 05:00;0,0000
2026-03-11 06:00;0,0000
2026-03-11 07:00;0,1500
2026-03-11 08:00;0,1500
2026-03-11 09:00;0,2394
2026-03-11 10:00;0,4435
2026-03-11 11:00;0,5682
2026-03-11 12:00;0,7027
2026-03-11 13:00;0,7360
2026-03-11 14:00;0,6141
2026-03-11 15:00;0,5057
2026-03-11 16:00;0,3465
2026-03-11 17:00;0,1661
2026-03-11 18:00;0,1500
2026-03-11 19:00;0,1500
2026-03-11 20:00;0,1500
2026-03-11 21:00;0,0000
2026-03-11 22:00;0,0000
2026-03-11 23:00;0,0000
2026-03-12 00:00;0,0000
2026-03-12 01:00;0,0000
2026-03-12 02:00;0,0000
2026-03-12 03:00;0,0000
2026-03-12 04:00;0,0000
2026-03-12 05:00;0,0000
2026-03-12 06:00;0,0000
2026-03-12 07:00;0,1500
2026-03-12 08:00;0,1500
2026-03-12 09:00;0,1752
2026-03-12 10:00;0,3216
2026-03-12 11:00;0,4622
2026-03-12 12:00;0,5207
2026-03-12 13:00;0,4731
2026-03-12 14:00;0,4720
2026-03-12 15:00;0,4774
2026-03-12 16:00;0,3679
2026-03-12 17:00;0,1939
2026-03-12 18:00;0,1500
2026-03-12 19:00;0,1500
2026-03-12 20:00;0,1500
2026-03-12 21:00;0,0000
2026-03-12 22:00;0,0000
2026-03-12 23:00;0,0000
2026-03-13 00:00;0,0000
2026-03-13 01:00;0,0000
2026-03-13 02:00;0,0000
2026-03-13 03:00;0,0000
2026-03-13 04:00;0,0000
2026-03-13 05:00;0,0000
2026-03-13 06:00;0,0000
2026-03-13 07:00;0,1500
2026-03-13 08:00;0,1500
2026-03-13 09:00;0,1500
2026-03-13 10:00;0,1810
2026-03-13 11:00;0,3990
2026-03-13 12:00;0,6411
2026-03-13 13:00;0,6478
2026-03-13 14:00;0,6370
2026-03-13 15:00;0,6079
2026-03-13 16:00;0,6121
2026-03-13 17:00;0,4401
2026-03-13 18:00;0,2517
2026-03-13 19:00;0,1500
2026-03-13 20:00;0,1500
2026-03-13 21:00;0,0000
2026-03-13 22:00;0,0000
2026-03-13 23:00;0,0000
2026-03-14 00:00;0,0000
2026-03-14 01:00;0,0000
2026-03-14 02:00;0,0000
2026-03-14 03:00;0,0000
2026-03-14 04:00;0,0000
2026-03-14 05:00;0,0000
2026-03-14 06:00;0,0000
2026-03-14 07:00;0,1500
2026-03-14 08:00;0,1500
2026-03-14 09:00;0,1500
2026-03-14 10:00;0,2620
2026-03-14 11:00;0,3436
2026-03-14 12:00;0,4830
2026-03-14 13:00;0,5972
2026-03-14 14:00;0,6211
2026-03-14 15:00;0,6311
2026-03-14 16:00;0,5607
2026-03-14 17:00;0,4565
2026-03-14 18:00;0,2064
2026-03-14 19:00;0,1500
2026-03-14 20:00;0,1500
2026-03-14 21:00;0,0000
2026-03-14 22:00;0,0000
2026-03-14 23:00;0,0000
2026-03-15 00:00;0,0000
2026-03-15 01:00;0,0000
2026-03-15 02:00;0,0000
2026-03-15 03:00;0,0000
2026-03-15 04:00;0,0000
2026-03-15 05:00;0,0000
2026-03-15 06:00;0,0000
2026-03-15 07:00;0,1500
2026-03-15 08:00;0,1802
2026-03-15 09:00;0,3202
2026-03-15 10:00;0,4900
2026-03-15 11:00;0,5089
2026-03-15 12:00;0,4849
2026-03-15 13:00;0,4323
2026-03-15 14:00;0,3102
2026-03-15 15:00;0,1831
2026-03-15 16:00;0,1500
2026-03-15 17:00;0,1500
2026-03-15 18:00;0,1500
2026-03-15 19:00;0,1500
2026-03-15 20:00;0,1500
2026-03-15 21:00;0,0000
2026-03-15 22:00;0,0000
2026-03-15 23:00;0,0000
2026-03-16 00:00;0,0000
2026-03-16 01:00;0,0000
2026-03-16 02:00;0,0000
2026-03-16 03:00;0,0000
2026-03-16 04:00;0,0000
2026-03-16 05:00;0,0000
2026-03-16 06:00;0,0000
2026-03-16 07:00;0,1500
2026-03-16 08:00;0,1500
2026-03-16 09:00;0,1500
2026-03-16 10:00;0,1798
2026-03-16 11:00;0,3744
2026-03-16 12:00;0,4611
2026-03-16 13:00;0,5272
2026-03-16 14:00;0,6486
2026-03-16 15:00;0,6220
2026-03-16 16:00;0,5010
2026-03-16 17:00;0,3566
2026-03-16 18:00;0,2092
2026-03-16 19:00;0,1500
2026-03-16 20:00;0,1500
2026-03-16 21:00;0,0000
2026-03-16 22:00;0,0000
2026-03-16 23:00;0,0000
2026-03-17 00:00;0,0000
2026-03-17 01:00;0,0000
2026-03-17 02:00;0,0000
2026-03-17 03:00;0,0000
2026-03-17 04:00;0,0000
2026-03-17 05:00;0,0000
2026-03-17 06:00;0,0000
2026-03-17 07:00;0,1500
2026-03-17 08:00;0,1500
2026-03-17 09:00;0,1500
2026-03-17 10:00;0,2045
2026-03-17 11:00;0,5176
2026-03-17 12:00;0,5621
2026-03-17 13:00;0,5548
2026-03-17 14:00;0,6110
2026-03-17 15:00;0,5368
2026-03-17 16:00;0,4464
2026-03-17 17:00;0,2844
2026-03-17 18:00;0,1500
2026-03-17 19:00;0,1500
2026-03-17 20:00;0,1500
2026-03-17 21:00;0,0000
2026-03-17 22:00;0,0000
2026-03-17 23:00;0,0000
2026-03-18 00:00;0,0000
2026-03-18 01:00;0,0000
2026-03-18 02:00;0,0000
2026-03-18 03:00;0,0000
2026-03-18 04:00;0,0000
2026-03-18 05:00;0,0000
2026-03-18 06:00;0,0000
2026-03-18 07:00;0,1500
2026-03-18 08:00;0,1500
2026-03-18 09:00;0,1500
2026-03-18 10:00;0,2336
2026-03-18 11:00;0,3743
2026-03-18 12:00;0,5619
2026-03-18 13:00;0,5309
2026-03-18 14:00;0,5976
2026-03-18 15:00;0,5464
2026-03-18 16:00;0,5658
2026-03-18 17:00;0,4160
2026-03-18 18:00;0,2393
2026-03-18 19:00;0,1500
2026-03-18 20:00;0,1500
2026-03-18 21:00;0,0000
2026-03-18 22:00;0,0000
2026-03-18 23:00;0,0000
2026-03-19 00:00;0,0000
2026-03-19 01:00;0,0000
2026-03-19 02:00;0,0000
2026-03-19 03:00;0,0000
2026-03-19 04:00;0,0000
2026-03-19 05:00;0,0000
2026-03-19 06:00;0,0000
2026-03-19 07:00;0,1500
2026-03-19 08:00;0,1500
2026-03-19 09:00;0,1500
2026-03-19 10:00;0,2163
2026-03-19 11:00;0,2471
2026-03-19 12:00;0,4543
2026-03-19 13:00;0,4707
2026-03-19 14:00;0,4740
2026-03-19 15:00;0,3725
2026-03-19 16:00;0,4476
2026-03-19 17:00;0,3097
2026-03-19 18:00;0,1500
2026-03-19 19:00;0,1500
2026-03-19 20:00;0,1500
2026-03-19 21:00;0,0000
2026-03-19 22:00;0,0000
2026-03-19 23:00;0,0000
2026-03-20 00:00;0,0000
2026-03-20 01:00;0,0000
2026-03-20 02:00;0,0000
2026-03-20 03:00;0,0000
2026-03-20 04:00;0,0000
2026-03-20 05:00;0,0000
2026-03-20 06:00;0,0000
2026-03-20 07:00;0,1500
2026-03-20 08:00;0,1500
2026-03-20 09:00;0,1500
2026-03-20 10:00;0,1500
2026-03-20 11:00;0,2927
2026-03-20 12:00;0,4413
2026-03-20 13:00;0,5285
2026-03-20 14:00;0,5743
2026-03-20 15:00;0,6388
2026-03-20 16:00;0,5764
2026-03-20 17:00;0,3764
2026-03-20 18:00;0,1500
2026-03-20 19:00;0,1500
2026-03-20 20:00;0,1500
2026-03-20 21:00;0,0000
2026-03-20 22:00;0,0000
2026-03-20 23:00;0,0000
2026-03-21 00:00;0,0000
2026-03-21 01:00;0,0000
2026-03-21 02:00;0,0000
2026-03-21 03:00;0,0000
2026-03-21 04:00;0,0000
2026-03-21 05:00;0,0000
2026-03-21 06:00;0,0000
2026-03-21 07:00;0,1500
2026-03-21 08:00;0,1500
2026-03-21 09:00;0,1500
2026-03-21 10:00;0,1830
2026-03-21 11:00;0,2462
2026-03-21 12:00;0,3584
2026-03-21 13:00;0,4583
2026-03-21 14:00;0,5850
2026-03-21 15:00;0,5842
2026-03-21 16:00;0,4380
2026-03-21 17:00;0,3018
2026-03-21 18:00;0,1577
2026-03-21 19:00;0,1500
2026-03-21 20:00;0,1500
2026-03-21 21:00;0,0000
2026-03-21 22:00;0,0000
2026-03-21 23:00;0,0000
2026-03-22 00:00;0,0000
2026-03-22 01:00;0,0000
2026-03-22 02:00;0,0000
2026-03-22 03:00;0,0000
2026-03-22 04:00;0,0000
2026-03-22 05:00;0,0000
2026-03-22 06:00;0,0000
2026-03-22 07:00;0,1500
2026-03-22 08:00;0,1500
2026-03-22 09:00;0,1500
2026-03-22 10:00;0,1850
2026-03-22 11:00;0,3140
2026-03-22 12:00;0,4101
2026-03-22 13:00;0,5034
2026-03-22 14:00;0,5322
2026-03-22 15:00;0,5563
2026-03-22 16:00;0,4844
2026-03-22 17:00;0,4233
2026-03-22 18:00;0,2822
2026-03-22 19:00;0,1500
2026-03-22 20:00;0,1500
2026-03-22 21:00;0,0000
2026-03-22 22:00;0,0000
2026-03-22 23:00;0,0000
2026-03-23 00:00;0,0000
2026-03-23 01:00;0,0000
2026-03-23 02:00;0,0000
2026-03-23 03:00;0,0000
2026-03-23 04:00;0,0000
2026-03-23 05:00;0,0000
2026-03-23 06:00;0,0000
2026-03-23 07:00;0,1500
2026-03-23 08:00;0,1500
2026-03-23 09:00;0,1743
2026-03-23 10:00;0,3532
2026-03-23 11:00;0,5234
2026-03-23 12:00;0,5635
2026-03-23 13:00;0,5311
2026-03-23 14:00;0,4679
2026-03-23 15:00;0,3494
2026-03-23 16:00;0,3103
2026-03-23 17:00;0,1647
2026-03-23 18:00;0,1500
2026-03-23 19:00;0,1500
2026-03-23 20:00;0,1500
2026-03-23 21:00;0,0000
2026-03-23 22:00;0,0000
2026-03-23 23:00;0,0000
2026-03-24 00:00;0,0000
2026-03-24 01:00;0,0000
2026-03-24 02:00;0,0000
2026-03-24 03:00;0,0000
2026-03-24 04:00;0,0000
2026-03-24 05:00;0,0000
2026-03-24 06:00;0,0000
2026-03-24 07:00;0,1500
2026-03-24 08:00;0,1500
2026-03-24 09:00;0,1500
2026-03-24 10:00;0,1730
2026-03-24 11:00;0,2642
2026-03-24 12:00;0,3462
2026-03-24 13:00;0,5468
2026-03-24 14:00;0,5776
2026-03-24 15:00;0,5423
2026-03-24 16:00;0,4641
2026-03-24 17:00;0,3636
2026-03-24 18:00;0,2624
2026-03-24 19:00;0,1500
2026-03-24 20:00;0,1500
2026-03-24 21:00;0,0000
2026-03-24 22:00;0,0000
2026-03-24 23:00;0,0000
2026-03-25 00:00;0,0000
2026-03-25 01:00;0,0000
2026-03-25 02:00;0,0000
2026-03-25 03:00;0,0000
2026-03-25 04:00;0,0000
2026-03-25 05:00;0,0000
2026-03-25 06:00;0,0000
2026-03-25 07:00;0,1500
2026-03-25 08:00;0,1500
2026-03-25 09:00;0,2708
2026-03-25 10:00;0,4842
2026-03-25 11:00;0,5844
2026-03-25 12:00;0,6584
2026-03-25 13:00;0,7063
2026-03-25 14:00;0,7035
2026-03-25 15:00;0,6064
2026-03-25 16:00;0,3403
2026-03-25 17:00;0,1500
2026-03-25 18:00;0,1500
2026-03-25 19:00;0,1500
2026-03-25 20:00;0,1500
2026-03-25 21:00;0,0000
2026-03-25 22:00;0,0000
2026-03-25 23:00;0,0000
2026-03-26 00:00;0,0000
2026-03-26 01:00;0,0000
2026-03-26 02:00;0,0000
2026-03-26 03:00;0,0000
2026-03-26 04:00;0,0000
2026-03-26 05:00;0,0000
2026-03-26 06:00;0,0000
2026-03-26 07:00;0,1500
2026-03-26 08:00;0,1500
2026-03-26 09:00;0,2907
2026-03-26 10:00;0,4152
2026-03-26 11:00;0,6405
2026-03-26 12:00;0,6474
2026-03-26 13:00;0,7471
2026-03-26 14:00;0,6352
2026-03-26 15:00;0,4139
2026-03-26 16:00;0,3116
2026-03-26 17:00;0,1509
2026-03-26 18:00;0,1500
2026-03-26 19:00;0,1500
2026-03-26 20:00;0,1500
2026-03-26 21:00;0,0000
2026-03-26 22:00;0,0000
2026-03-26 23:00;0,0000
2026-03-27 00:00;0,0000
2026-03-27 01:00;0,0000
2026-03-27 02:00;0,0000
2026-03-27 03:00;0,0000
2026-03-27 04:00;0,0000
2026-03-27 05:00;0,0000
2026-03-27 06:00;0,0000
2026-03-27 07:00;0,1500
2026-03-27 08:00;0,1500
2026-03-27 09:00;0,1616
2026-03-27 10:00;0,2502
2026-03-27 11:00;0,4289
2026-03-27 12:00;0,5742
2026-03-27 13:00;0,6450
2026-03-27 14:00;0,7291
2026-03-27 15:00;0,6581
2026-03-27 16:00;0,4652
2026-03-27 17:00;0,2519
2026-03-27 18:00;0,1500
2026-03-27 19:00;0,1500
2026-03-27 20:00;0,1500
2026-03-27 21:00;0,0000
2026-03-27 22:00;0,0000
2026-03-27 23:00;0,0000
2026-03-28 00:00;0,0000
2026-03-28 01:00;0,0000
2026-03-28 02:00;0,0000
2026-03-28 03:00;0,0000
2026-03-28 04:00;0,0000
2026-03-28 05:00;0,0000
2026-03-28 06:00;0,0000
2026-03-28 07:00;0,1500
2026-03-28 08:00;0,1500
2026-03-28 09:00;0,1500
2026-03-28 10:00;0,2190
2026-03-28 11:00;0,3655
2026-03-28 12:00;0,4622
2026-03-28 13:00;0,5095
2026-03-28 14:00;0,5628
2026-03-28 15:00;0,5107
2026-03-28 16:00;0,4113
2026-03-28 17:00;0,3439
2026-03-28 18:00;0,2239
2026-03-28 19:00;0,1500
2026-03-28 20:00;0,1500
2026-03-28 21:00;0,0000
2026-03-28 22:00;0,0000
2026-03-28 23:00;0,0000
2026-03-29 00:00;0,0000
2026-03-29 01:00;0,0000
2026-03-29 02:00;0,0000
2026-03-29 03:00;0,0000
2026-03-29 04:00;0,0000
2026-03-29 05:00;0,0000
2026-03-29 06:00;0,0000
2026-03-29 07:00;0,1500
2026-03-29 08:00;0,1500
2026-03-29 09:00;0,1500
2026-03-29 10:00;0,2990
2026-03-29 11:00;0,5146
2026-03-29 12:00;0,6809
2026-03-29 13:00;0,6391
2026-03-29 14:00;0,5982
2026-03-29 15:00;0,4749
2026-03-29 16:00;0,3685
2026-03-29 17:00;0,2970
2026-03-29 18:00;0,1550
2026-03-29 19:00;0,1500
2026-03-29 20:00;0,1500
2026-03-29 21:00;0,0000
2026-03-29 22:00;0,0000
2026-03-29 23:00;0,0000
2026-03-30 00:00;0,0000
2026-03-30 01:00;0,0000
2026-03-30 02:00;0,0000
2026-03-30 03:00;0,0000
2026-03-30 04:00;0,0000
2026-03-30 05:00;0,0000
2026-03-30 06:00;0,0000
2026-03-30 07:00;0,1500
2026-03-30 08:00;0,1500
2026-03-30 09:00;0,1500
2026-03-30 10:00;0,1500
2026-03-30 11:00;0,3264
2026-03-30 12:00;0,2918
2026-03-30 13:00;0,2872
2026-03-30 14:00;0,3553
2026-03-30 15:00;0,3722
2026-03-30 16:00;0,4007
2026-03-30 17:00;0,4057
2026-03-30 18:00;0,3324
2026-03-30 19:00;0,2685
2026-03-30 20:00;0,2044
2026-03-30 21:00;0,0000
2026-03-30 22:00;0,0000
2026-03-30 23:00;0,0000
2026-03-31 00:00;0,0000
2026-03-31 01:00;0,0000
2026-03-31 02:00;0,0000
2026-03-31 03:00;0,0000
2026-03-31 04:00;0,0000
2026-03-31 05:00;0,0000
2026-03-31 06:00;0,0000
2026-03-31 07:00;0,1500
2026-03-31 08:00;0,1500
2026-03-31 09:00;0,1500
2026-03-31 10:00;0,1500
2026-03-31 11:00;0,3811
2026-03-31 12:00;0,3027
2026-03-31 13:00;0,4547
2026-03-31 14:00;0,6441
2026-03-31 15:00;0,6054
2026-03-31 16:00;0,6156
2026-03-31 17:00;0,5000
2026-03-31 18:00;0,3351
2026-03-31 19:00;0,1500
2026-03-31 20:00;0,1500
2026-03-31 21:00;0,0000
2026-03-31 22:00;0,0000
2026-03-31 23:00;0,0000
2026-04-01 00:00;0,0000
2026-04-01 01:00;0,0000
2026-04-01 02:00;0,0000
2026-04-01 03:00;0,0000
2026-04-01 04:00;0,0000
2026-04-01 05:00;0,0000
2026-04-01 06:00;0,0000
2026-04-01 07:00;0,1500
2026-04-01 08:00;0,1500
2026-04-01 09:00;0,2735
2026-04-01 10:00;0,3903
2026-04-01 11:00;0,4235
2026-04-01 12:00;0,5254
2026-04-01 13:00;0,5867
2026-04-01 14:00;0,5960
2026-04-01 15:00;0,5857
2026-04-01 16:00;0,4735
2026-04-01 17:00;0,3037
2026-04-01 18:00;0,1504
2026-04-01 19:00;0,1500
2026-04-01 20:00;0,1500
2026-04-01 21:00;0,0000
2026-04-01 22:00;0,0000
2026-04-01 23:00;0,0000
2026-04-02 00:00;0,0000
2026-04-02 01:00;0,0000
2026-04-02 02:00;0,0000
2026-04-02 03:00;0,0000
2026-04-02 04:00;0,0000
2026-04-02 05:00;0,0000
2026-04-02 06:00;0,0000
2026-04-02 07:00;0,1500
2026-04-02 08:00;0,2184
2026-04-02 09:00;0,4166
2026-04-02 10:00;0,4921
2026-04-02 11:00;0,6627
2026-04-02 12:00;0,7863
2026-04-02 13:00;0,7670
2026-04-02 14:00;0,6773
2026-04-02 15:00;0,6089
2026-04-02 16:00;0,3978
2026-04-02 17:00;0,1695
2026-04-02 18:00;0,1500
2026-04-02 19:00;0,1500
2026-04-02 20:00;0,1500
2026-04-02 21:00;0,0000
2026-04-02 22:00;0,0000
2026-04-02 23:00;0,0000
2026-04-03 00:00;0,0000
2026-04-03 01:00;0,0000
2026-04-03 02:00;0,0000
2026-04-03 03:00;0,0000
2026-04-03 04:00;0,0000
2026-04-03 05:00;0,0000
2026-04-03 06:00;0,0000
2026-04-03 07:00;0,1500
2026-04-03 08:00;0,1500
2026-04-03 09:00;0,3023
2026-04-03 10:00;0,5085
2026-04-03 11:00;0,5303
2026-04-03 12:00;0,7534
2026-04-03 13:00;0,7964
2026-04-03 14:00;0,8813
2026-04-03 15:00;0,7193
2026-04-03 16:00;0,6512
2026-04-03 17:00;0,5577
2026-04-03 18:00;0,3908
2026-04-03 19:00;0,2131
2026-04-03 20:00;0,1500
2026-04-03 21:00;0,0000
2026-04-03 22:00;0,0000
2026-04-03 23:00;0,0000
2026-04-04 00:00;0,0000
2026-04-04 01:00;0,0000
2026-04-04 02:00;0,0000
2026-04-04 03:00;0,0000
2026-04-04 04:00;0,0000
2026-04-04 05:00;0,0000
2026-04-04 06:00;0,0000
2026-04-04 07:00;0,1500
2026-04-04 08:00;0,1508
2026-04-04 09:00;0,2457
2026-04-04 10:00;0,4241
2026-04-04 11:00;0,5635
2026-04-04 12:00;0,6836
2026-04-04 13:00;0,6448
2026-04-04 14:00;0,6855
2026-04-04 15:00;0,5374
2026-04-04 16:00;0,4032
2026-04-04 17:00;0,2480
2026-04-04 18:00;0,1500
2026-04-04 19:00;0,1500
2026-04-04 20:00;0,1500
2026-04-04 21:00;0,0000
2026-04-04 22:00;0,0000
2026-04-04 23:00;0,0000
2026-04-05 00:00;0,0000
2026-04-05 01:00;0,0000
2026-04-05 02:00;0,0000
2026-04-05 03:00;0,0000
2026-04-05 04:00;0,0000
2026-04-05 05:00;0,0000
2026-04-05 06:00;0,0000
2026-04-05 07:00;0,1500
2026-04-05 08:00;0,1500
2026-04-05 09:00;0,2153
2026-04-05 10:00;0,4640
2026-04-05 11:00;0,6727
2026-04-05 12:00;0,7329
2026-04-05 13:00;0,7873
2026-04-05 14:00;0,6169
2026-04-05 15:00;0,4174
2026-04-05 16:00;0,5005
2026-04-05 17:00;0,3598
2026-04-05 18:00;0,2400
2026-04-05 19:00;0,1500
2026-04-05 20:00;0,1500
2026-04-05 21:00;0,0000
2026-04-05 22:00;0,0000
2026-04-05 23:00;0,0000
2026-04-06 00:00;0,0000
2026-04-06 01:00;0,0000
2026-04-06 02:00;0,0000
2026-04-06 03:00;0,0000
2026-04-06 04:00;0,0000
2026-04-06 05:00;0,0000
2026-04-06 06:00;0,0000
2026-04-06 07:00;0,1500
2026-04-06 08:00;0,1500
2026-04-06 09:00;0,3048
2026-04-06 10:00;0,4292
2026-04-06 11:00;0,5644
2026-04-06 12:00;0,7164
2026-04-06 13:00;0,9007
2026-04-06 14:00;0,7422
2026-04-06 15:00;0,6794
2026-04-06 16:00;0,1500
2026-04-06 17:00;0,1858
2026-04-06 18:00;0,1504
2026-04-06 19:00;0,1674
2026-04-06 20:00;0,1500
2026-04-06 21:00;0,0000
2026-04-06 22:00;0,0000
2026-04-06 23:00;0,0000
2026-04-07 00:00;0,0000
2026-04-07 01:00;0,0000
2026-04-07 02:00;0,0000
2026-04-07 03:00;0,0000
2026-04-07 04:00;0,0000
2026-04-07 05:00;0,0000
2026-04-07 06:00;0,0000
2026-04-07 07:00;0,1500
2026-04-07 08:00;0,1500
2026-04-07 09:00;0,2856
2026-04-07 10:00;0,4322
2026-04-07 11:00;0,6546
2026-04-07 12:00;0,7735
2026-04-07 13:00;0,7619
2026-04-07 14:00;0,7369
2026-04-07 15:00;0,6179
2026-04-07 16:00;0,5626
2026-04-07 17:00;0,4287
2026-04-07 18:00;0,2054
2026-04-07 19:00;0,1500
2026-04-07 20:00;0,1500
2026-04-07 21:00;0,0000
2026-04-07 22:00;0,0000
2026-04-07 23:00;0,0000
2026-04-08 00:00;0,0000
2026-04-08 01:00;0,0000
2026-04-08 02:00;0,0000
2026-04-08 03:00;0,0000
2026-04-08 04:00;0,0000
2026-04-08 05:00;0,0000
2026-04-08 06:00;0,0000
2026-04-08 07:00;0,1500
2026-04-08 08:00;0,1500
2026-04-08 09:00;0,2211
2026-04-08 10:00;0,4295
2026-04-08 11:00;0,6154
2026-04-08 12:00;0,6722
2026-04-08 13:00;0,8604
2026-04-08 14:00;0,7893
2026-04-08 15:00;0,7727
2026-04-08 16:00;0,5718
2026-04-08 17:00;0,3586
2026-04-08 18:00;0,2928
2026-04-08 19:00;0,1500
2026-04-08 20:00;0,1500
2026-04-08 21:00;0,0000
2026-04-08 22:00;0,0000
2026-04-08 23:00;0,0000
2026-04-09 00:00;0,0000
2026-04-09 01:00;0,0000
2026-04-09 02:00;0,0000
2026-04-09 03:00;0,0000
2026-04-09 04:00;0,0000
2026-04-09 05:00;0,0000
2026-04-09 06:00;0,0000
2026-04-09 07:00;0,1500
2026-04-09 08:00;0,1500
2026-04-09 09:00;0,2741
2026-04-09 10:00;0,4318
2026-04-09 11:00;0,5376
2026-04-09 12:00;0,6995
2026-04-09 13:00;0,7415
2026-04-09 14:00;0,7742
2026-04-09 15:00;0,7048
2026-04-09 16:00;0,6527
2026-04-09 17:00;0,4211
2026-04-09 18:00;0,2990
2026-04-09 19:00;0,1500
2026-04-09 20:00;0,1500
2026-04-09 21:00;0,0000
2026-04-09 22:00;0,0000
2026-04-09 23:00;0,0000
2026-04-10 00:00;0,0000
2026-04-10 01:00;0,0000
2026-04-10 02:00;0,0000
2026-04-10 03:00;0,0000
2026-04-10 04:00;0,0000
2026-04-10 05:00;0,0000
2026-04-10 06:00;0,0000
2026-04-10 07:00;0,1500
2026-04-10 08:00;0,1500
2026-04-10 09:00;0,2893
2026-04-10 10:00;0,4839
2026-04-10 11:00;0,6456
2026-04-10 12:00;0,6760
2026-04-10 13:00;0,7312
2026-04-10 14:00;0,6470
2026-04-10 15:00;0,5623
2026-04-10 16:00;0,5450
2026-04-10 17:00;0,3778
2026-04-10 18:00;0,1897
2026-04-10 19:00;0,1500
2026-04-10 20:00;0,1500
2026-04-10 21:00;0,0000
2026-04-10 22:00;0,0000
2026-04-10 23:00;0,0000
2026-04-11 00:00;0,0000
2026-04-11 01:00;0,0000
2026-04-11 02:00;0,0000
2026-04-11 03:00;0,0000
2026-04-11 04:00;0,0000
2026-04-11 05:00;0,0000
2026-04-11 06:00;0,0000
2026-04-11 07:00;0,1500
2026-04-11 08:00;0,2509
2026-04-11 09:00;0,4563
2026-04-11 10:00;0,5618
2026-04-11 11:00;0,6151
2026-04-11 12:00;0,6814
2026-04-11 13:00;0,6265
2026-04-11 14:00;0,5261
2026-04-11 15:00;0,4228
2026-04-11 16:00;0,2568
2026-04-11 17:00;0,1500
2026-04-11 18:00;0,1500
2026-04-11 19:00;0,1500
2026-04-11 20:00;0,1500
2026-04-11 21:00;0,0000
2026-04-11 22:00;0,0000
2026-04-11 23:00;0,0000
2026-04-12 00:00;0,0000
2026-04-12 01:00;0,0000
2026-04-12 02:00;0,0000
2026-04-12 03:00;0,0000
2026-04-12 04:00;0,0000
2026-04-12 05:00;0,0000
2026-04-12 06:00;0,0000
2026-04-12 07:00;0,1500
2026-04-12 08:00;0,2795
2026-04-12 09:00;0,4180
2026-04-12 10:00;0,6113
2026-04-12 11:00;0,7702
2026-04-12 12:00;0,8706
2026-04-12 13:00;0,8232
2026-04-12 14:00;0,8411
2026-04-12 15:00;0,6279
2026-04-12 16:00;0,5286
2026-04-12 17:00;0,3636
2026-04-12 18:00;0,1990
2026-04-12 19:00;0,1500
2026-04-12 20:00;0,1500
2026-04-12 21:00;0,0000
2026-04-12 22:00;0,0000
2026-04-12 23:00;0,0000
2026-04-13 00:00;0,0000
2026-04-13 01:00;0,0000
2026-04-13 02:00;0,0000
2026-04-13 03:00;0,0000
2026-04-13 04:00;0,0000
2026-04-13 05:00;0,0000
2026-04-13 06:00;0,0000
2026-04-13 07:00;0,1500
2026-04-13 08:00;0,2569
2026-04-13 09:00;0,4589
2026-04-13 10:00;0,6485
2026-04-13 11:00;0,7150
2026-04-13 12:00;0,7582
2026-04-13 13:00;0,8529
2026-04-13 14:00;0,8534
2026-04-13 15:00;0,8022
2026-04-13 16:00;0,4963
2026-04-13 17:00;0,2648
2026-04-13 18:00;0,1500
2026-04-13 19:00;0,1500
2026-04-13 20:00;0,1500
2026-04-13 21:00;0,0000
2026-04-13 22:00;0,0000
2026-04-13 23:00;0,0000
2026-04-14 00:00;0,0000
2026-04-14 01:00;0,0000
2026-04-14 02:00;0,0000
2026-04-14 03:00;0,0000
2026-04-14 04:00;0,0000
2026-04-14 05:00;0,0000
2026-04-14 06:00;0,0000
2026-04-14 07:00;0,1500
2026-04-14 08:00;0,1695
2026-04-14 09:00;0,3018
2026-04-14 10:00;0,4337
2026-04-14 11:00;0,5883
2026-04-14 12:00;0,7239
2026-04-14 13:00;0,6390
2026-04-14 14:00;0,6905
2026-04-14 15:00;0,6055
2026-04-14 16:00;0,4658
2026-04-14 17:00;0,2478
2026-04-14 18:00;0,1500
2026-04-14 19:00;0,1500
2026-04-14 20:00;0,1500
2026-04-14 21:00;0,0000
2026-04-14 22:00;0,0000
2026-04-14 23:00;0,0000
2026-04-15 00:00;0,0000
2026-04-15 01:00;0,0000
2026-04-15 02:00;0,0000
2026-04-15 03:00;0,0000
2026-04-15 04:00;0,0000
2026-04-15 05:00;0,0000
2026-04-15 06:00;0,0000
2026-04-15 07:00;0,1500
2026-04-15 08:00;0,1500
2026-04-15 09:00;0,2125
2026-04-15 10:00;0,3927
2026-04-15 11:00;0,5439
2026-04-15 12:00;0,6514
2026-04-15 13:00;0,6067
2026-04-15 14:00;0,4928
2026-04-15 15:00;0,5282
2026-04-15 16:00;0,4903
2026-04-15 17:00;0,4370
2026-04-15 18:00;0,2732
2026-04-15 19:00;0,1500
2026-04-15 20:00;0,1500
2026-04-15 21:00;0,0000
2026-04-15 22:00;0,0000
2026-04-15 23:00;0,0000
2026-04-16 00:00;0,0000
2026-04-16 01:00;0,0000
2026-04-16 02:00;0,0000
2026-04-16 03:00;0,0000
2026-04-16 04:00;0,0000
2026-04-16 05:00;0,0000
2026-04-16 06:00;0,0000
2026-04-16 07:00;0,1610
2026-04-16 08:00;0,3319
2026-04-16 09:00;0,5237
2026-04-16 10:00;0,7351
2026-04-16 11:00;0,8941
2026-04-16 12:00;0,8439
2026-04-16 13:00;0,7842
2026-04-16 14:00;0,6814
2026-04-16 15:00;0,4384
2026-04-16 16:00;0,3191
2026-04-16 17:00;0,2523
2026-04-16 18:00;0,1500
2026-04-16 19:00;0,1500
2026-04-16 20:00;0,1500
2026-04-16 21:00;0,0000
2026-04-16 22:00;0,0000
2026-04-16 23:00;0,0000
2026-04-17 00:00;0,0000
2026-04-17 01:00;0,0000
2026-04-17 02:00;0,0000
2026-04-17 03:00;0,0000
2026-04-17 04:00;0,0000
2026-04-17 05:00;0,0000
2026-04-17 06:00;0,0000
2026-04-17 07:00;0,1500
2026-04-17 08:00;0,2638
2026-04-17 09:00;0,4273
2026-04-17 10:00;0,6124
2026-04-17 11:00;0,8428
2026-04-17 12:00;0,8398
2026-04-17 13:00;0,8425
2026-04-17 14:00;0,6780
2026-04-17 15:00;0,5574
2026-04-17 16:00;0,4835
2026-04-17 17:00;0,3031
2026-04-17 18:00;0,1579
2026-04-17 19:00;0,1500
2026-04-17 20:00;0,1500
2026-04-17 21:00;0,0000
2026-04-17 22:00;0,0000
2026-04-17 23:00;0,0000
2026-04-18 00:00;0,0000
2026-04-18 01:00;0,0000
2026-04-18 02:00;0,0000
2026-04-18 03:00;0,0000
2026-04-18 04:00;0,0000
2026-04-18 05:00;0,0000
2026-04-18 06:00;0,0000
2026-04-18 07:00;0,1500
2026-04-18 08:00;0,1500
2026-04-18 09:00;0,1500
2026-04-18 10:00;0,3860
2026-04-18 11:00;0,5436
2026-04-18 12:00;0,6428
2026-04-18 13:00;0,6667
2026-04-18 14:00;0,6253
2026-04-18 15:00;0,5332
2026-04-18 16:00;0,3556
2026-04-18 17:00;0,2549
2026-04-18 18:00;0,1500
2026-04-18 19:00;0,1500
2026-04-18 20:00;0,1500
2026-04-18 21:00;0,0000
2026-04-18 22:00;0,0000
2026-04-18 23:00;0,0000
2026-04-19 00:00;0,0000
2026-04-19 01:00;0,0000
2026-04-19 02:00;0,0000
2026-04-19 03:00;0,0000
2026-04-19 04:00;0,0000
2026-04-19 05:00;0,0000
2026-04-19 06:00;0,0000
2026-04-19 07:00;0,1500
2026-04-19 08:00;0,1668
2026-04-19 09:00;0,3213
2026-04-19 10:00;0,4651
2026-04-19 11:00;0,6911
2026-04-19 12:00;0,6678
2026-04-19 13:00;0,6956
2026-04-19 14:00;0,6431
2026-04-19 15:00;0,6565
2026-04-19 16:00;0,5154
2026-04-19 17:00;0,3527
2026-04-19 18:00;0,1500
2026-04-19 19:00;0,1500
2026-04-19 20:00;0,1500
2026-04-19 21:00;0,0000
2026-04-19 22:00;0,0000
2026-04-19 23:00;0,0000
2026-04-20 00:00;0,0000
2026-04-20 01:00;0,0000
2026-04-20 02:00;0,0000
2026-04-20 03:00;0,0000
2026-04-20 04:00;0,0000
2026-04-20 05:00;0,0000
2026-04-20 06:00;0,0000
2026-04-20 07:00;0,1500
2026-04-20 08:00;0,2223
2026-04-20 09:00;0,3873
2026-04-20 10:00;0,6035
2026-04-20 11:00;0,7938
2026-04-20 12:00;0,7300
2026-04-20 13:00;0,6641
2026-04-20 14:00;0,6400
2026-04-20 15:00;0,5910
2026-04-20 16:00;0,5496
2026-04-20 17:00;0,4323
2026-04-20 18:00;0,2244
2026-04-20 19:00;0,1500
2026-04-20 20:00;0,1500
2026-04-20 21:00;0,0000
2026-04-20 22:00;0,0000
2026-04-20 23:00;0,0000
2026-04-21 00:00;0,0000
2026-04-21 01:00;0,0000
2026-04-21 02:00;0,0000
2026-04-21 03:00;0,0000
2026-04-21 04:00;0,0000
2026-04-21 05:00;0,0000
2026-04-21 06:00;0,0000
2026-04-21 07:00;0,1500
2026-04-21 08:00;0,1500
2026-04-21 09:00;0,2153
2026-04-21 10:00;0,4044
2026-04-21 11:00;0,5036
2026-04-21 12:00;0,7398
2026-04-21 13:00;0,6553
2026-04-21 14:00;0,8467
2026-04-21 15:00;0,7730
2026-04-21 16:00;0,7336
2026-04-21 17:00;0,5850
2026-04-21 18:00;0,3621
2026-04-21 19:00;0,1635
2026-04-21 20:00;0,1500
2026-04-21 21:00;0,0000
2026-04-21 22:00;0,0000
2026-04-21 23:00;0,0000
2026-04-22 00:00;0,0000
2026-04-22 01:00;0,0000
2026-04-22 02:00;0,0000
2026-04-22 03:00;0,0000
2026-04-22 04:00;0,0000
2026-04-22 05:00;0,0000
2026-04-22 06:00;0,0000
2026-04-22 07:00;0,1500
2026-04-22 08:00;0,3300
2026-04-22 09:00;0,3948
2026-04-22 10:00;0,3790
2026-04-22 11:00;0,5295
2026-04-22 12:00;0,4805
2026-04-22 13:00;0,4046
2026-04-22 14:00;0,6102
2026-04-22 15:00;0,6951
2026-04-22 16:00;0,6119
2026-04-22 17:00;0,3985
2026-04-22 18:00;0,1804
2026-04-22 19:00;0,1500
2026-04-22 20:00;0,1500
2026-04-22 21:00;0,0000
2026-04-22 22:00;0,0000
2026-04-22 23:00;0,0000
2026-04-23 00:00;0,0000
2026-04-23 01:00;0,0000
2026-04-23 02:00;0,0000
2026-04-23 03:00;0,0000
2026-04-23 04:00;0,0000
2026-04-23 05:00;0,0000
2026-04-23 06:00;0,0000
2026-04-23 07:00;0,1500
2026-04-23 08:00;0,1500
2026-04-23 09:00;0,2098
2026-04-23 10:00;0,4526
2026-04-23 11:00;0,6126
2026-04-23 12:00;0,7127
2026-04-23 13:00;0,8138
2026-04-23 14:00;0,9140
2026-04-23 15:00;0,7562
2026-04-23 16:00;0,5315
2026-04-23 17:00;0,2705
2026-04-23 18:00;0,1500
2026-04-23 19:00;0,1500
2026-04-23 20:00;0,1500
2026-04-23 21:00;0,0000
2026-04-23 22:00;0,0000
2026-04-23 23:00;0,0000
2026-04-24 00:00;0,0000
2026-04-24 01:00;0,0000
2026-04-24 02:00;0,0000
2026-04-24 03:00;0,0000
2026-04-24 04:00;0,0000
2026-04-24 05:00;0,0000
2026-04-24 06:00;0,0000
2026-04-24 07:00;0,1500
2026-04-24 08:00;0,1500
2026-04-24 09:00;0,1824
2026-04-24 10:00;0,3950
2026-04-24 11:00;0,5860
2026-04-24 12:00;0,6375
2026-04-24 13:00;0,7431
2026-04-24 14:00;0,6811
2026-04-24 15:00;0,4195
2026-04-24 16:00;0,5707
2026-04-24 17:00;0,4322
2026-04-24 18:00;0,3361
2026-04-24 19:00;0,1543
2026-04-24 20:00;0,1500
2026-04-24 21:00;0,0000
2026-04-24 22:00;0,0000
2026-04-24 23:00;0,0000
2026-04-25 00:00;0,0000
2026-04-25 01:00;0,0000
2026-04-25 02:00;0,0000
2026-04-25 03:00;0,0000
2026-04-25 04:00;0,0000
2026-04-25 05:00;0,0000
2026-04-25 06:00;0,0000
2026-04-25 07:00;0,1500
2026-04-25 08:00;0,3150
2026-04-25 09:00;0,4711
2026-04-25 10:00;0,6316
2026-04-25 11:00;0,8218
2026-04-25 12:00;0,7900
2026-04-25 13:00;0,7590
2026-04-25 14:00;0,7614
2026-04-25 15:00;0,6225
2026-04-25 16:00;0,3553
2026-04-25 17:00;0,1839
2026-04-25 18:00;0,1500
2026-04-25 19:00;0,1500
2026-04-25 20:00;0,1500
2026-04-25 21:00;0,0000
2026-04-25 22:00;0,0000
2026-04-25 23:00;0,0000
2026-04-26 00:00;0,0000
2026-04-26 01:00;0,0000
2026-04-26 02:00;0,0000
2026-04-26 03:00;0,0000
2026-04-26 04:00;0,0000
2026-04-26 05:00;0,0000
2026-04-26 06:00;0,0000
2026-04-26 07:00;0,1500
2026-04-26 08:00;0,1879
2026-04-26 09:00;0,3832
2026-04-26 10:00;0,4799
2026-04-26 11:00;0,6103
2026-04-26 12:00;0,7318
2026-04-26 13:00;0,5825
2026-04-26 14:00;0,5606
2026-04-26 15:00;0,4673
2026-04-26 16:00;0,3704
2026-04-26 17:00;0,1800
2026-04-26 18:00;0,1500
2026-04-26 19:00;0,1500
2026-04-26 20:00;0,1500
2026-04-26 21:00;0,0000
2026-04-26 22:00;0,0000
2026-04-26 23:00;0,0000
2026-04-27 00:00;0,0000
2026-04-27 01:00;0,0000
2026-04-27 02:00;0,0000
2026-04-27 03:00;0,0000
2026-04-27 04:00;0,0000
2026-04-27 05:00;0,0000
2026-04-27 06:00;0,0000
2026-04-27 07:00;0,1500
2026-04-27 08:00;0,1592
2026-04-27 09:00;0,2876
2026-04-27 10:00;0,4289
2026-04-27 11:00;0,5704
2026-04-27 12:00;0,7069
2026-04-27 13:00;0,8039
2026-04-27 14:00;0,7130
2026-04-27 15:00;0,6504
2026-04-27 16:00;0,5243
2026-04-27 17:00;0,2640
2026-04-27 18:00;0,1500
2026-04-27 19:00;0,1500
2026-04-27 20:00;0,1500
2026-04-27 21:00;0,0000
2026-04-27 22:00;0,0000
2026-04-27 23:00;0,0000
2026-04-28 00:00;0,0000
2026-04-28 01:00;0,0000
2026-04-28 02:00;0,0000
2026-04-28 03:00;0,0000
2026-04-28 04:00;0,0000
2026-04-28 05:00;0,0000
2026-04-28 06:00;0,0000
2026-04-28 07:00;0,1500
2026-04-28 08:00;0,3075
2026-04-28 09:00;0,4407
2026-04-28 10:00;0,6034
2026-04-28 11:00;0,8225
2026-04-28 12:00;0,9415
2026-04-28 13:00;0,9521
2026-04-28 14:00;0,7338
2026-04-28 15:00;0,6286
2026-04-28 16:00;0,4086
2026-04-28 17:00;0,2072
2026-04-28 18:00;0,1500
2026-04-28 19:00;0,1500
2026-04-28 20:00;0,1500
2026-04-28 21:00;0,0000
2026-04-28 22:00;0,0000
2026-04-28 23:00;0,0000
2026-04-29 00:00;0,0000
2026-04-29 01:00;0,0000
2026-04-29 02:00;0,0000
2026-04-29 03:00;0,0000
2026-04-29 04:00;0,0000
2026-04-29 05:00;0,0000
2026-04-29 06:00;0,0000
2026-04-29 07:00;0,1500
2026-04-29 08:00;0,1500
2026-04-29 09:00;0,2070
2026-04-29 10:00;0,3920
2026-04-29 11:00;0,5668
2026-04-29 12:00;0,5494
2026-04-29 13:00;0,7039
2026-04-29 14:00;0,7238
2026-04-29 15:00;0,6343
2026-04-29 16:00;0,4807
2026-04-29 17:00;0,3501
2026-04-29 18:00;0,2245
2026-04-29 19:00;0,1500
2026-04-29 20:00;0,1500
2026-04-29 21:00;0,0000
2026-04-29 22:00;0,0000
2026-04-29 23:00;0,0000
2026-04-30 00:00;0,0000
2026-04-30 01:00;0,0000
2026-04-30 02:00;0,0000
2026-04-30 03:00;0,0000
2026-04-30 04:00;0,0000
2026-04-30 05:00;0,0000
2026-04-30 06:00;0,0000
2026-04-30 07:00;0,1500
2026-04-30 08:00;0,2439
2026-04-30 09:00;0,4429
2026-04-30 10:00;0,6737
2026-04-30 11:00;0,8011
2026-04-30 12:00;0,8701
2026-04-30 13:00;0,8424
2026-04-30 14:00;0,8201
2026-04-30 15:00;0,7189
2026-04-30 16:00;0,6523
2026-04-30 17:00;0,4402
2026-04-30 18:00;0,2217
2026-04-30 19:00;0,1500
2026-04-30 20:00;0,1500
2026-04-30 21:00;0,0000
2026-04-30 22:00;0,0000
2026-04-30 23:00;0,0000
2026-05-01 00:00;0,0000
2026-05-01 01:00;0,0000
2026-05-01 02:00;0,0000
2026-05-01 03:00;0,0000
2026-05-01 04:00;0,0000
2026-05-01 05:00;0,0000
2026-05-01 06:00;0,1500
2026-05-01 07:00;0,1500
2026-05-01 08:00;0,1500
2026-05-01 09:00;0,2169
2026-05-01 10:00;0,4266
2026-05-01 11:00;0,6158
2026-05-01 12:00;0,6769
2026-05-01 13:00;0,7578
2026-05-01 14:00;0,9343
2026-05-01 15:00;0,8137
2026-05-01 16:00;0,6424
2026-05-01 17:00;0,5926
2026-05-01 18:00;0,4197
2026-05-01 19:00;0,2499
2026-05-01 20:00;0,1500
2026-05-01 21:00;0,0000
2026-05-01 22:00;0,0000
2026-05-01 23:00;0,0000
2026-05-02 00:00;0,0000
2026-05-02 01:00;0,0000
2026-05-02 02:00;0,0000
2026-05-02 03:00;0,0000
2026-05-02 04:00;0,0000
2026-05-02 05:00;0,0000
2026-05-02 06:00;0,1500
2026-05-02 07:00;0,1500
2026-05-02 08:00;0,2877
2026-05-02 09:00;0,4057
2026-05-02 10:00;0,6295
2026-05-02 11:00;0,7163
2026-05-02 12:00;0,8572
2026-05-02 13:00;0,9423
2026-05-02 14:00;0,8096
2026-05-02 15:00;0,6574
2026-05-02 16:00;0,5462
2026-05-02 17:00;0,4605
2026-05-02 18:00;0,2888
2026-05-02 19:00;0,1500
2026-05-02 20:00;0,1500
2026-05-02 21:00;0,0000
2026-05-02 22:00;0,0000
2026-05-02 23:00;0,0000
2026-05-03 00:00;0,0000
2026-05-03 01:00;0,0000
2026-05-03 02:00;0,0000
2026-05-03 03:00;0,0000
2026-05-03 04:00;0,0000
2026-05-03 05:00;0,0000
2026-05-03 06:00;0,1500
2026-05-03 07:00;0,2118
2026-05-03 08:00;0,3514
2026-05-03 09:00;0,4845
2026-05-03 10:00;0,6895
2026-05-03 11:00;0,8678
2026-05-03 12:00;0,9192
2026-05-03 13:00;0,8935
2026-05-03 14:00;0,5767
2026-05-03 15:00;0,3857
2026-05-03 16:00;0,4034
2026-05-03 17:00;0,3151
2026-05-03 18:00;0,1699
2026-05-03 19:00;0,1500
2026-05-03 20:00;0,1500
2026-05-03 21:00;0,0000
2026-05-03 22:00;0,0000
2026-05-03 23:00;0,0000
2026-05-04 00:00;0,0000
2026-05-04 01:00;0,0000
2026-05-04 02:00;0,0000
2026-05-04 03:00;0,0000
2026-05-04 04:00;0,0000
2026-05-04 05:00;0,0000
2026-05-04 06:00;0,1500
2026-05-04 07:00;0,1500
2026-05-04 08:00;0,1919
2026-05-04 09:00;0,3764
2026-05-04 10:00;0,5682
2026-05-04 11:00;0,6898
2026-05-04 12:00;0,6617
2026-05-04 13:00;0,7941
2026-05-04 14:00;0,6159
2026-05-04 15:00;0,5774
2026-05-04 16:00;0,5522
2026-05-04 17:00;0,4159
2026-05-04 18:00;0,2706
2026-05-04 19:00;0,1500
2026-05-04 20:00;0,1500
2026-05-04 21:00;0,0000
2026-05-04 22:00;0,0000
2026-05-04 23:00;0,0000
2026-05-05 00:00;0,0000
2026-05-05 01:00;0,0000
2026-05-05 02:00;0,0000
2026-05-05 03:00;0,0000
2026-05-05 04:00;0,0000
2026-05-05 05:00;0,0000
2026-05-05 06:00;0,1500
2026-05-05 07:00;0,1500
2026-05-05 08:00;0,1500
2026-05-05 09:00;0,2440
2026-05-05 10:00;0,4559
2026-05-05 11:00;0,7125
2026-05-05 12:00;0,9583
2026-05-05 13:00;0,9108
2026-05-05 14:00;0,8918
2026-05-05 15:00;0,7656
2026-05-05 16:00;0,6828
2026-05-05 17:00;0,4883
2026-05-05 18:00;0,3048
2026-05-05 19:00;0,1779
2026-05-05 20:00;0,1500
2026-05-05 21:00;0,0000
2026-05-05 22:00;0,0000
2026-05-05 23:00;0,0000
2026-05-06 00:00;0,0000
2026-05-06 01:00;0,0000
2026-05-06 02:00;0,0000
2026-05-06 03:00;0,0000
2026-05-06 04:00;0,0000
2026-05-06 05:00;0,0000
2026-05-06 06:00;0,1500
2026-05-06 07:00;0,1500
2026-05-06 08:00;0,1552
2026-05-06 09:00;0,2432
2026-05-06 10:00;0,3325
2026-05-06 11:00;0,5272
2026-05-06 12:00;0,6344
2026-05-06 13:00;0,8494
2026-05-06 14:00;0,7153
2026-05-06 15:00;0,6092
2026-05-06 16:00;0,6751
2026-05-06 17:00;0,5437
2026-05-06 18:00;0,3327
2026-05-06 19:00;0,1897
2026-05-06 20:00;0,1500
2026-05-06 21:00;0,0000
2026-05-06 22:00;0,0000
2026-05-06 23:00;0,0000
2026-05-07 00:00;0,0000
2026-05-07 01:00;0,0000
2026-05-07 02:00;0,0000
2026-05-07 03:00;0,0000
2026-05-07 04:00;0,0000
2026-05-07 05:00;0,0000
2026-05-07 06:00;0,1500
2026-05-07 07:00;0,1500
2026-05-07 08:00;0,2603
2026-05-07 09:00;0,4468
2026-05-07 10:00;0,5818
2026-05-07 11:00;0,7787
2026-05-07 12:00;0,8221
2026-05-07 13:00;0,9289
2026-05-07 14:00;0,9215
2026-05-07 15:00;0,7723
2026-05-07 16:00;0,5852
2026-05-07 17:00;0,4327
2026-05-07 18:00;0,3034
2026-05-07 19:00;0,1500
2026-05-07 20:00;0,1500
2026-05-07 21:00;0,0000
2026-05-07 22:00;0,0000
2026-05-07 23:00;0,0000
2026-05-08 00:00;0,0000
2026-05-08 01:00;0,0000
2026-05-08 02:00;0,0000
2026-05-08 03:00;0,0000
2026-05-08 04:00;0,0000
2026-05-08 05:00;0,0000
2026-05-08 06:00;0,1500
2026-05-08 07:00;0,1500
2026-05-08 08:00;0,2354
2026-05-08 09:00;0,4043
2026-05-08 10:00;0,6188
2026-05-08 11:00;0,7245
2026-05-08 12:00;0,7989
2026-05-08 13:00;0,8436
2026-05-08 14:00;0,7184
2026-05-08 15:00;0,5413
2026-05-08 16:00;0,4538
2026-05-08 17:00;0,3510
2026-05-08 18:00;0,2494
2026-05-08 19:00;0,1500
2026-05-08 20:00;0,1500
2026-05-08 21:00;0,0000
2026-05-08 22:00;0,0000
2026-05-08 23:00;0,0000
2026-05-09 00:00;0,0000
2026-05-09 01:00;0,0000
2026-05-09 02:00;0,0000
2026-05-09 03:00;0,0000
2026-05-09 04:00;0,0000
2026-05-09 05:00;0,0000
2026-05-09 06:00;0,1500
2026-05-09 07:00;0,1500
2026-05-09 08:00;0,1728
2026-05-09 09:00;0,3878
2026-05-09 10:00;0,5980
2026-05-09 11:00;0,7327
2026-05-09 12:00;0,9126
2026-05-09 13:00;0,8898
2026-05-09 14:00;0,8223
2026-05-09 15:00;0,7150
2026-05-09 16:00;0,5783
2026-05-09 17:00;0,3983
2026-05-09 18:00;0,3247
2026-05-09 19:00;0,1759
2026-05-09 20:00;0,1500
2026-05-09 21:00;0,0000
2026-05-09 22:00;0,0000
2026-05-09 23:00;0,0000
2026-05-10 00:00;0,0000
2026-05-10 01:00;0,0000
2026-05-10 02:00;0,0000
2026-05-10 03:00;0,0000
2026-05-10 04:00;0,0000
2026-05-10 05:00;0,0000
2026-05-10 06:00;0,1500
2026-05-10 07:00;0,1870
2026-05-10 08:00;0,3422
2026-05-10 09:00;0,5391
2026-05-10 10:00;0,6920
2026-05-10 11:00;0,8940
2026-05-10 12:00;0,8275
2026-05-10 13:00;0,8090
2026-05-10 14:00;0,7919
2026-05-10 15:00;0,6728
2026-05-10 16:00;0,5607
2026-05-10 17:00;0,4640
2026-05-10 18:00;0,3285
2026-05-10 19:00;0,1500
2026-05-10 20:00;0,1500
2026-05-10 21:00;0,0000
2026-05-10 22:00;0,0000
2026-05-10 23:00;0,0000
2026-05-11 00:00;0,0000
2026-05-11 01:00;0,0000
2026-05-11 02:00;0,0000
2026-05-11 03:00;0,0000
2026-05-11 04:00;0,0000
2026-05-11 05:00;0,0000
2026-05-11 06:00;0,1500
2026-05-11 07:00;0,1500
2026-05-11 08:00;0,1500
2026-05-11 09:00;0,2746
2026-05-11 10:00;0,4159
2026-05-11 11:00;0,5269
2026-05-11 12:00;0,7776
2026-05-11 13:00;0,7432
2026-05-11 14:00;0,7569
2026-05-11 15:00;0,7007
2026-05-11 16:00;0,6592
2026-05-11 17:00;0,5950
2026-05-11 18:00;0,3455
2026-05-11 19:00;0,2470
2026-05-11 20:00;0,1500
2026-05-11 21:00;0,0000
2026-05-11 22:00;0,0000
2026-05-11 23:00;0,0000
2026-05-12 00:00;0,0000
2026-05-12 01:00;0,0000
2026-05-12 02:00;0,0000
2026-05-12 03:00;0,0000
2026-05-12 04:00;0,0000
2026-05-12 05:00;0,0000
2026-05-12 06:00;0,1500
2026-05-12 07:00;0,1500
2026-05-12 08:00;0,2052
2026-05-12 09:00;0,3346
2026-05-12 10:00;0,4280
2026-05-12 11:00;0,4883
2026-05-12 12:00;0,7183
2026-05-12 13:00;0,7935
2026-05-12 14:00;0,8903
2026-05-12 15:00;0,9031
2026-05-12 16:00;0,6216
2026-05-12 17:00;0,5779
2026-05-12 18:00;0,4111
2026-05-12 19:00;0,2176
2026-05-12 20:00;0,1500
2026-05-12 21:00;0,0000
2026-05-12 22:00;0,0000
2026-05-12 23:00;0,0000
2026-05-13 00:00;0,0000
2026-05-13 01:00;0,0000
2026-05-13 02:00;0,0000
2026-05-13 03:00;0,0000
2026-05-13 04:00;0,0000
2026-05-13 05:00;0,0000
2026-05-13 06:00;0,1500
2026-05-13 07:00;0,1500
2026-05-13 08:00;0,1500
2026-05-13 09:00;0,1500
2026-05-13 10:00;0,2812
2026-05-13 11:00;0,3740
2026-05-13 12:00;0,7099
2026-05-13 13:00;0,7230
2026-05-13 14:00;0,9093
2026-05-13 15:00;0,8583
2026-05-13 16:00;0,8373
2026-05-13 17:00;0,7291
2026-05-13 18:00;0,5233
2026-05-13 19:00;0,3065
2026-05-13 20:00;0,1500
2026-05-13 21:00;0,0000
2026-05-13 22:00;0,0000
2026-05-13 23:00;0,0000
2026-05-14 00:00;0,0000
2026-05-14 01:00;0,0000
2026-05-14 02:00;0,0000
2026-05-14 03:00;0,0000
2026-05-14 04:00;0,0000
2026-05-14 05:00;0,0000
2026-05-14 06:00;0,1500
2026-05-14 07:00;0,1500
2026-05-14 08:00;0,1678
2026-05-14 09:00;0,3586
2026-05-14 10:00;0,5355
2026-05-14 11:00;0,6785
2026-05-14 12:00;0,7586
2026-05-14 13:00;0,8309
2026-05-14 14:00;0,9759
2026-05-14 15:00;0,9174
2026-05-14 16:00;0,6688
2026-05-14 17:00;0,4812
2026-05-14 18:00;0,3550
2026-05-14 19:00;0,2197
2026-05-14 20:00;0,1500
2026-05-14 21:00;0,0000
2026-05-14 22:00;0,0000
2026-05-14 23:00;0,0000
2026-05-15 00:00;0,0000
2026-05-15 01:00;0,0000
2026-05-15 02:00;0,0000
2026-05-15 03:00;0,0000
2026-05-15 04:00;0,0000
2026-05-15 05:00;0,0000
2026-05-15 06:00;0,1500
2026-05-15 07:00;0,1948
2026-05-15 08:00;0,3520
2026-05-15 09:00;0,4888
2026-05-15 10:00;0,6590
2026-05-15 11:00;0,6965
2026-05-15 12:00;0,7368
2026-05-15 13:00;0,7685
2026-05-15 14:00;0,6843
2026-05-15 15:00;0,5468
2026-05-15 16:00;0,3998
2026-05-15 17:00;0,2100
2026-05-15 18:00;0,1500
2026-05-15 19:00;0,1500
2026-05-15 20:00;0,1500
2026-05-15 21:00;0,0000
2026-05-15 22:00;0,0000
2026-05-15 23:00;0,0000
2026-05-16 00:00;0,0000
2026-05-16 01:00;0,0000
2026-05-16 02:00;0,0000
2026-05-16 03:00;0,0000
2026-05-16 04:00;0,0000
2026-05-16 05:00;0,0000
2026-05-16 06:00;0,1500
2026-05-16 07:00;0,1500
2026-05-16 08:00;0,1903
2026-05-16 09:00;0,4088
2026-05-16 10:00;0,5620
2026-05-16 11:00;0,7449
2026-05-16 12:00;0,9152
2026-05-16 13:00;1,0000
2026-05-16 14:00;0,9195
2026-05-16 15:00;0,8196
2026-05-16 16:00;0,7144
2026-05-16 17:00;0,5232
2026-05-16 18:00;0,2824
2026-05-16 19:00;0,1500
2026-05-16 20:00;0,1500
2026-05-16 21:00;0,0000
2026-05-16 22:00;0,0000
2026-05-16 23:00;0,0000
2026-05-17 00:00;0,0000
2026-05-17 01:00;0,0000
2026-05-17 02:00;0,0000
2026-05-17 03:00;0,0000
2026-05-17 04:00;0,0000
2026-05-17 05:00;0,0000
2026-05-17 06:00;0,1500
2026-05-17 07:00;0,1500
2026-05-17 08:00;0,2253
2026-05-17 09:00;0,4435
2026-05-17 10:00;0,6251
2026-05-17 11:00;0,6321
2026-05-17 12:00;0,7129
2026-05-17 13:00;0,5808
2026-05-17 14:00;0,7844
2026-05-17 15:00;0,7893
2026-05-17 16:00;0,6492
2026-05-17 17:00;0,5035
2026-05-17 18:00;0,3648
2026-05-17 19:00;0,2092
2026-05-17 20:00;0,1500
2026-05-17 21:00;0,0000
2026-05-17 22:00;0,0000
2026-05-17 23:00;0,0000
2026-05-18 00:00;0,0000
2026-05-18 01:00;0,0000
2026-05-18 02:00;0,0000
2026-05-18 03:00;0,0000
2026-05-18 04:00;0,0000
2026-05-18 05:00;0,0000
2026-05-18 06:00;0,1500
2026-05-18 07:00;0,1500
2026-05-18 08:00;0,1737
2026-05-18 09:00;0,3428
2026-05-18 10:00;0,4768
2026-05-18 11:00;0,6615
2026-05-18 12:00;0,8078
2026-05-18 13:00;0,9512
2026-05-18 14:00;0,9053
2026-05-18 15:00;0,7756
2026-05-18 16:00;0,7419
2026-05-18 17:00;0,5958
2026-05-18 18:00;0,3875
2026-05-18 19:00;0,1852
2026-05-18 20:00;0,1500
2026-05-18 21:00;0,0000
2026-05-18 22:00;0,0000
2026-05-18 23:00;0,0000
2026-05-19 00:00;0,0000
2026-05-19 01:00;0,0000
2026-05-19 02:00;0,0000
2026-05-19 03:00;0,0000
2026-05-19 04:00;0,0000
2026-05-19 05:00;0,0000
2026-05-19 06:00;0,1500
2026-05-19 07:00;0,2045
2026-05-19 08:00;0,4297
2026-05-19 09:00;0,6551
2026-05-19 10:00;0,8626
2026-05-19 11:00;0,9611
2026-05-19 12:00;0,8422
2026-05-19 13:00;0,6430
2026-05-19 14:00;0,6661
2026-05-19 15:00;0,5368
2026-05-19 16:00;0,3238
2026-05-19 17:00;0,1680
2026-05-19 18:00;0,1500
2026-05-19 19:00;0,1500
2026-05-19 20:00;0,1500
2026-05-19 21:00;0,0000
2026-05-19 22:00;0,0000
2026-05-19 23:00;0,0000
2026-05-20 00:00;0,0000
2026-05-20 01:00;0,0000
2026-05-20 02:00;0,0000
2026-05-20 03:00;0,0000
2026-05-20 04:00;0,0000
2026-05-20 05:00;0,0000
2026-05-20 06:00;0,1500
2026-05-20 07:00;0,1500
2026-05-20 08:00;0,1982
2026-05-20 09:00;0,3972
2026-05-20 10:00;0,5189
2026-05-20 11:00;0,7126
2026-05-20 12:00;0,9304
2026-05-20 13:00;0,7987
2026-05-20 14:00;0,6406
2026-05-20 15:00;0,6423
2026-05-20 16:00;0,5353
2026-05-20 17:00;0,4438
2026-05-20 18:00;0,3198
2026-05-20 19:00;0,1874
2026-05-20 20:00;0,1500
2026-05-20 21:00;0,0000
2026-05-20 22:00;0,0000
2026-05-20 23:00;0,0000
2026-05-21 00:00;0,0000
2026-05-21 01:00;0,0000
2026-05-21 02:00;0,0000
2026-05-21 03:00;0,0000
2026-05-21 04:00;0,0000
2026-05-21 05:00;0,0000
2026-05-21 06:00;0,1500
2026-05-21 07:00;0,1500
2026-05-21 08:00;0,1500
2026-05-21 09:00;0,2225
2026-05-21 10:00;0,3730
2026-05-21 11:00;0,5742
2026-05-21 12:00;0,7621
2026-05-21 13:00;0,8338
2026-05-21 14:00;0,8044
2026-05-21 15:00;0,7537
2026-05-21 16:00;0,7050
2026-05-21 17:00;0,5792
2026-05-21 18:00;0,4364
2026-05-21 19:00;0,2275
2026-05-21 20:00;0,1500
2026-05-21 21:00;0,0000
2026-05-21 22:00;0,0000
2026-05-21 23:00;0,0000
2026-05-22 00:00;0,0000
2026-05-22 01:00;0,0000
2026-05-22 02:00;0,0000
2026-05-22 03:00;0,0000
2026-05-22 04:00;0,0000
2026-05-22 05:00;0,0000
2026-05-22 06:00;0,1500
2026-05-22 07:00;0,1500
2026-05-22 08:00;0,1500
2026-05-22 09:00;0,2278
2026-05-22 10:00;0,3654
2026-05-22 11:00;0,5737
2026-05-22 12:00;0,7874
2026-05-22 13:00;0,8372
2026-05-22 14:00;0,8589
2026-05-22 15:00;0,8941
2026-05-22 16:00;0,6660
2026-05-22 17:00;0,4963
2026-05-22 18:00;0,3745
2026-05-22 19:00;0,2034
2026-05-22 20:00;0,1500
2026-05-22 21:00;0,0000
2026-05-22 22:00;0,0000
2026-05-22 23:00;0,0000
2026-05-23 00:00;0,0000
2026-05-23 01:00;0,0000
2026-05-23 02:00;0,0000
2026-05-23 03:00;0,0000
2026-05-23 04:00;0,0000
2026-05-23 05:00;0,0000
2026-05-23 06:00;0,1500
2026-05-23 07:00;0,1500
2026-05-23 08:00;0,1500
2026-05-23 09:00;0,2312
2026-05-23 10:00;0,4532
2026-05-23 11:00;0,6579
2026-05-23 12:00;0,8746
2026-05-23 13:00;0,7356
2026-05-23 14:00;0,8356
2026-05-23 15:00;0,8205
2026-05-23 16:00;0,6466
2026-05-23 17:00;0,5570
2026-05-23 18:00;0,4054
2026-05-23 19:00;0,2334
2026-05-23 20:00;0,1500
2026-05-23 21:00;0,0000
2026-05-23 22:00;0,0000
2026-05-23 23:00;0,0000
2026-05-24 00:00;0,0000
2026-05-24 01:00;0,0000
2026-05-24 02:00;0,0000
2026-05-24 03:00;0,0000
2026-05-24 04:00;0,0000
2026-05-24 05:00;0,0000
2026-05-24 06:00;0,1500
2026-05-24 07:00;0,1798
2026-05-24 08:00;0,3744
2026-05-24 09:00;0,5774
2026-05-24 10:00;0,7244
2026-05-24 11:00;0,8487
2026-05-24 12:00;0,8274
2026-05-24 13:00;0,8196
2026-05-24 14:00;0,4766
2026-05-24 15:00;0,3080
2026-05-24 16:00;0,3905
2026-05-24 17:00;0,2929
2026-05-24 18:00;0,1618
2026-05-24 19:00;0,1500
2026-05-24 20:00;0,1500
2026-05-24 21:00;0,0000
2026-05-24 22:00;0,0000
2026-05-24 23:00;0,0000
2026-05-25 00:00;0,0000
2026-05-25 01:00;0,0000
2026-05-25 02:00;0,0000
2026-05-25 03:00;0,0000
2026-05-25 04:00;0,0000
2026-05-25 05:00;0,0000
2026-05-25 06:00;0,1500
2026-05-25 07:00;0,1945
2026-05-25 08:00;0,3606
2026-05-25 09:00;0,5812
2026-05-25 10:00;0,7813
2026-05-25 11:00;0,8783
2026-05-25 12:00;0,9100
2026-05-25 13:00;0,7977
2026-05-25 14:00;0,5477
2026-05-25 15:00;0,3950
2026-05-25 16:00;0,4952
2026-05-25 17:00;0,3374
2026-05-25 18:00;0,1911
2026-05-25 19:00;0,1500
2026-05-25 20:00;0,1500
2026-05-25 21:00;0,0000
2026-05-25 22:00;0,0000
2026-05-25 23:00;0,0000
2026-05-26 00:00;0,0000
2026-05-26 01:00;0,0000
2026-05-26 02:00;0,0000
2026-05-26 03:00;0,0000
2026-05-26 04:00;0,0000
2026-05-26 05:00;0,0000
2026-05-26 06:00;0,1500
2026-05-26 07:00;0,1648
2026-05-26 08:00;0,3231
2026-05-26 09:00;0,5052
2026-05-26 10:00;0,5967
2026-05-26 11:00;0,6412
2026-05-26 12:00;0,7398
2026-05-26 13:00;0,8035
2026-05-26 14:00;0,7185
2026-05-26 15:00;0,6497
2026-05-26 16:00;0,5027
2026-05-26 17:00;0,3651
2026-05-26 18:00;0,2037
2026-05-26 19:00;0,1500
2026-05-26 20:00;0,1500
2026-05-26 21:00;0,0000
2026-05-26 22:00;0,0000
2026-05-26 23:00;0,0000
2026-05-27 00:00;0,0000
2026-05-27 01:00;0,0000
2026-05-27 02:00;0,0000
2026-05-27 03:00;0,0000
2026-05-27 04:00;0,0000
2026-05-27 05:00;0,0000
2026-05-27 06:00;0,1500
2026-05-27 07:00;0,1500
2026-05-27 08:00;0,1635
2026-05-27 09:00;0,2783
2026-05-27 10:00;0,4078
2026-05-27 11:00;0,7973
2026-05-27 12:00;0,8674
2026-05-27 13:00;0,8361
2026-05-27 14:00;0,7872
2026-05-27 15:00;0,7854
2026-05-27 16:00;0,6189
2026-05-27 17:00;0,5563
2026-05-27 18:00;0,3459
2026-05-27 19:00;0,1828
2026-05-27 20:00;0,1500
2026-05-27 21:00;0,0000
2026-05-27 22:00;0,0000
2026-05-27 23:00;0,0000
2026-05-28 00:00;0,0000
2026-05-28 01:00;0,0000
2026-05-28 02:00;0,0000
2026-05-28 03:00;0,0000
2026-05-28 04:00;0,0000
2026-05-28 05:00;0,0000
2026-05-28 06:00;0,1500
2026-05-28 07:00;0,1500
2026-05-28 08:00;0,1500
2026-05-28 09:00;0,1500
2026-05-28 10:00;0,2334
2026-05-28 11:00;0,6510
2026-05-28 12:00;0,7885
2026-05-28 13:00;0,8456
2026-05-28 14:00;0,8081
2026-05-28 15:00;0,8552
2026-05-28 16:00;0,8587
2026-05-28 17:00;0,6564
2026-05-28 18:00;0,4080
2026-05-28 19:00;0,1799
2026-05-28 20:00;0,1500
2026-05-28 21:00;0,0000
2026-05-28 22:00;0,0000
2026-05-28 23:00;0,0000
2026-05-29 00:00;0,0000
2026-05-29 01:00;0,0000
2026-05-29 02:00;0,0000
2026-05-29 03:00;0,0000
2026-05-29 04:00;0,0000
2026-05-29 05:00;0,0000
2026-05-29 06:00;0,1500
2026-05-29 07:00;0,1500
2026-05-29 08:00;0,1500
2026-05-29 09:00;0,2696
2026-05-29 10:00;0,4173
2026-05-29 11:00;0,5300
2026-05-29 12:00;0,6771
2026-05-29 13:00;0,7944
2026-05-29 14:00;0,8587
2026-05-29 15:00;0,7531
2026-05-29 16:00;0,7104
2026-05-29 17:00;0,5960
2026-05-29 18:00;0,4619
2026-05-29 19:00;0,2424
2026-05-29 20:00;0,1500
2026-05-29 21:00;0,0000
2026-05-29 22:00;0,0000
2026-05-29 23:00;0,0000
2026-05-30 00:00;0,0000
2026-05-30 01:00;0,0000
2026-05-30 02:00;0,0000
2026-05-30 03:00;0,0000
2026-05-30 04:00;0,0000
2026-05-30 05:00;0,0000
2026-05-30 06:00;0,1500
2026-05-30 07:00;0,1500
2026-05-30 08:00;0,1500
2026-05-30 09:00;0,3149
2026-05-30 10:00;0,4296
2026-05-30 11:00;0,5325
2026-05-30 12:00;0,6658
2026-05-30 13:00;0,7733
2026-05-30 14:00;0,9307
2026-05-30 15:00;0,9937
2026-05-30 16:00;0,6682
2026-05-30 17:00;0,4317
2026-05-30 18:00;0,3215
2026-05-30 19:00;0,1994
2026-05-30 20:00;0,1500
2026-05-30 21:00;0,0000
2026-05-30 22:00;0,0000
2026-05-30 23:00;0,0000
2026-05-31 00:00;0,0000
2026-05-31 01:00;0,0000
2026-05-31 02:00;0,0000
2026-05-31 03:00;0,0000
2026-05-31 04:00;0,0000
2026-05-31 05:00;0,0000
2026-05-31 06:00;0,1500
2026-05-31 07:00;0,1500
2026-05-31 08:00;0,1500
2026-05-31 09:00;0,1539
2026-05-31 10:00;0,3181
2026-05-31 11:00;0,5406
2026-05-31 12:00;0,7445
2026-05-31 13:00;0,8382
2026-05-31 14:00;0,8597
2026-05-31 15:00;0,9221
2026-05-31 16:00;0,7566
2026-05-31 17:00;0,5311
2026-05-31 18:00;0,3849
2026-05-31 19:00;0,1983
2026-05-31 20:00;0,1500
2026-05-31 21:00;0,0000
2026-05-31 22:00;0,0000
2026-05-31 23:00;0,0000
2026-06-01 00:00;0,0000
2026-06-01 01:00;0,0000
2026-06-01 02:00;0,0000
2026-06-01 03:00;0,0000
2026-06-01 04:00;0,0000
2026-06-01 05:00;0,0000
2026-06-01 06:00;0,1500
2026-06-01 07:00;0,1500
2026-06-01 08:00;0,1862
2026-06-01 09:00;0,3279
2026-06-01 10:00;0,5617
2026-06-01 11:00;0,6492
2026-06-01 12:00;0,8573
2026-06-01 13:00;0,8367
2026-06-01 14:00;0,9259
2026-06-01 15:00;0,8395
2026-06-01 16:00;0,7045
2026-06-01 17:00;0,4873
2026-06-01 18:00;0,3469
2026-06-01 19:00;0,1804
2026-06-01 20:00;0,1500
2026-06-01 21:00;0,1500
2026-06-01 22:00;0,0000
2026-06-01 23:00;0,0000
2026-06-02 00:00;0,0000
2026-06-02 01:00;0,0000
2026-06-02 02:00;0,0000
2026-06-02 03:00;0,0000
2026-06-02 04:00;0,0000
2026-06-02 05:00;0,0000
2026-06-02 06:00;0,1500
2026-06-02 07:00;0,1500
2026-06-02 08:00;0,2652
2026-06-02 09:00;0,5276
2026-06-02 10:00;0,6489
2026-06-02 11:00;0,8134
2026-06-02 12:00;0,9459
2026-06-02 13:00;1,0000
2026-06-02 14:00;0,9587
2026-06-02 15:00;0,8466
2026-06-02 16:00;0,6120
2026-06-02 17:00;0,5102
2026-06-02 18:00;0,2980
2026-06-02 19:00;0,1500
2026-06-02 20:00;0,1500
2026-06-02 21:00;0,1500
2026-06-02 22:00;0,0000
2026-06-02 23:00;0,0000
2026-06-03 00:00;0,0000
2026-06-03 01:00;0,0000
2026-06-03 02:00;0,0000
2026-06-03 03:00;0,0000
2026-06-03 04:00;0,0000
2026-06-03 05:00;0,0000
2026-06-03 06:00;0,1500
2026-06-03 07:00;0,1500
2026-06-03 08:00;0,1930
2026-06-03 09:00;0,2884
2026-06-03 10:00;0,4308
2026-06-03 11:00;0,6058
2026-06-03 12:00;0,6613
2026-06-03 13:00;0,7344
2026-06-03 14:00;0,6863
2026-06-03 15:00;0,7936
2026-06-03 16:00;0,7348
2026-06-03 17:00;0,5356
2026-06-03 18:00;0,3937
2026-06-03 19:00;0,2882
2026-06-03 20:00;0,1500
2026-06-03 21:00;0,1500
2026-06-03 22:00;0,0000
2026-06-03 23:00;0,0000
2026-06-04 00:00;0,0000
2026-06-04 01:00;0,0000
2026-06-04 02:00;0,0000
2026-06-04 03:00;0,0000
2026-06-04 04:00;0,0000
2026-06-04 05:00;0,0000
2026-06-04 06:00;0,1500
2026-06-04 07:00;0,1969
2026-06-04 08:00;0,3282
2026-06-04 09:00;0,5224
2026-06-04 10:00;0,7186
2026-06-04 11:00;0,7986
2026-06-04 12:00;0,8480
2026-06-04 13:00;0,7875
2026-06-04 14:00;0,8468
2026-06-04 15:00;0,6489
2026-06-04 16:00;0,4935
2026-06-04 17:00;0,4108
2026-06-04 18:00;0,2567
2026-06-04 19:00;0,1500
2026-06-04 20:00;0,1500
2026-06-04 21:00;0,1500
2026-06-04 22:00;0,0000
2026-06-04 23:00;0,0000
2026-06-05 00:00;0,0000
2026-06-05 01:00;0,0000
2026-06-05 02:00;0,0000
2026-06-05 03:00;0,0000
2026-06-05 04:00;0,0000
2026-06-05 05:00;0,0000
2026-06-05 06:00;0,1500
2026-06-05 07:00;0,1500
2026-06-05 08:00;0,2196
2026-06-05 09:00;0,4024
2026-06-05 10:00;0,5973
2026-06-05 11:00;0,6663
2026-06-05 12:00;0,9089
2026-06-05 13:00;0,9360
2026-06-05 14:00;0,8791
2026-06-05 15:00;0,7339
2026-06-05 16:00;0,7728
2026-06-05 17:00;0,5735
2026-06-05 18:00;0,4008
2026-06-05 19:00;0,2761
2026-06-05 20:00;0,1500
2026-06-05 21:00;0,1500
2026-06-05 22:00;0,0000
2026-06-05 23:00;0,0000
2026-06-06 00:00;0,0000
2026-06-06 01:00;0,0000
2026-06-06 02:00;0,0000
2026-06-06 03:00;0,0000
2026-06-06 04:00;0,0000
2026-06-06 05:00;0,0000
2026-06-06 06:00;0,1500
2026-06-06 07:00;0,1500
2026-06-06 08:00;0,1922
2026-06-06 09:00;0,3255
2026-06-06 10:00;0,3664
2026-06-06 11:00;0,6598
2026-06-06 12:00;0,7767
2026-06-06 13:00;0,8315
2026-06-06 14:00;0,8664
2026-06-06 15:00;0,8476
2026-06-06 16:00;0,6970
2026-06-06 17:00;0,5564
2026-06-06 18:00;0,3638
2026-06-06 19:00;0,2224
2026-06-06 20:00;0,1500
2026-06-06 21:00;0,1500
2026-06-06 22:00;0,0000
2026-06-06 23:00;0,0000
2026-06-07 00:00;0,0000
2026-06-07 01:00;0,0000
2026-06-07 02:00;0,0000
2026-06-07 03:00;0,0000
2026-06-07 04:00;0,0000
2026-06-07 05:00;0,0000
2026-06-07 06:00;0,1500
2026-06-07 07:00;0,1500
2026-06-07 08:00;0,2207
2026-06-07 09:00;0,3197
2026-06-07 10:00;0,4267
2026-06-07 11:00;0,6011
2026-06-07 12:00;0,6096
2026-06-07 13:00;0,7121
2026-06-07 14:00;0,7253
2026-06-07 15:00;0,7889
2026-06-07 16:00;0,6786
2026-06-07 17:00;0,5256
2026-06-07 18:00;0,3911
2026-06-07 19:00;0,3154
2026-06-07 20:00;0,1500
2026-06-07 21:00;0,1500
2026-06-07 22:00;0,0000
2026-06-07 23:00;0,0000
2026-06-08 00:00;0,0000
2026-06-08 01:00;0,0000
2026-06-08 02:00;0,0000
2026-06-08 03:00;0,0000
2026-06-08 04:00;0,0000
2026-06-08 05:00;0,0000
2026-06-08 06:00;0,1500
2026-06-08 07:00;0,1500
2026-06-08 08:00;0,1695
2026-06-08 09:00;0,3509
2026-06-08 10:00;0,4958
2026-06-08 11:00;0,7202
2026-06-08 12:00;0,8997
2026-06-08 13:00;0,9602
2026-06-08 14:00;0,9481
2026-06-08 15:00;0,9516
2026-06-08 16:00;0,8260
2026-06-08 17:00;0,7522
2026-06-08 18:00;0,5637
2026-06-08 19:00;0,2524
2026-06-08 20:00;0,1500
2026-06-08 21:00;0,1500
2026-06-08 22:00;0,0000
2026-06-08 23:00;0,0000
2026-06-09 00:00;0,0000
2026-06-09 01:00;0,0000
2026-06-09 02:00;0,0000
2026-06-09 03:00;0,0000
2026-06-09 04:00;0,0000
2026-06-09 05:00;0,0000
2026-06-09 06:00;0,1500
2026-06-09 07:00;0,1500
2026-06-09 08:00;0,1734
2026-06-09 09:00;0,2751
2026-06-09 10:00;0,5106
2026-06-09 11:00;0,6736
2026-06-09 12:00;0,8062
2026-06-09 13:00;1,0000
2026-06-09 14:00;1,0000
2026-06-09 15:00;1,0000
2026-06-09 16:00;0,8821
2026-06-09 17:00;0,7115
2026-06-09 18:00;0,5066
2026-06-09 19:00;0,2993
2026-06-09 20:00;0,1540
2026-06-09 21:00;0,1500
2026-06-09 22:00;0,0000
2026-06-09 23:00;0,0000
2026-06-10 00:00;0,0000
2026-06-10 01:00;0,0000
2026-06-10 02:00;0,0000
2026-06-10 03:00;0,0000
2026-06-10 04:00;0,0000
2026-06-10 05:00;0,0000
2026-06-10 06:00;0,1500
2026-06-10 07:00;0,1500
2026-06-10 08:00;0,1623
2026-06-10 09:00;0,3406
2026-06-10 10:00;0,5850
2026-06-10 11:00;0,8297
2026-06-10 12:00;0,9233
2026-06-10 13:00;1,0000
2026-06-10 14:00;0,9411
2026-06-10 15:00;0,8254
2026-06-10 16:00;0,7010
2026-06-10 17:00;0,5741
2026-06-10 18:00;0,4866
2026-06-10 19:00;0,3179
2026-06-10 20:00;0,1500
2026-06-10 21:00;0,1500
2026-06-10 22:00;0,0000
2026-06-10 23:00;0,0000
2026-06-11 00:00;0,0000
2026-06-11 01:00;0,0000
2026-06-11 02:00;0,0000
2026-06-11 03:00;0,0000
2026-06-11 04:00;0,0000
2026-06-11 05:00;0,0000
2026-06-11 06:00;0,1500
2026-06-11 07:00;0,1753
2026-06-11 08:00;0,3397
2026-06-11 09:00;0,5376
2026-06-11 10:00;0,7561
2026-06-11 11:00;0,9411
2026-06-11 12:00;0,9644
2026-06-11 13:00;1,0000
2026-06-11 14:00;0,8524
2026-06-11 15:00;0,6112
2026-06-11 16:00;0,4788
2026-06-11 17:00;0,3584
2026-06-11 18:00;0,2295
2026-06-11 19:00;0,1500
2026-06-11 20:00;0,1500
2026-06-11 21:00;0,1500
2026-06-11 22:00;0,0000
2026-06-11 23:00;0,0000
2026-06-12 00:00;0,0000
2026-06-12 01:00;0,0000
2026-06-12 02:00;0,0000
2026-06-12 03:00;0,0000
2026-06-12 04:00;0,0000
2026-06-12 05:00;0,0000
2026-06-12 06:00;0,1500
2026-06-12 07:00;0,1500
2026-06-12 08:00;0,1810
2026-06-12 09:00;0,3709
2026-06-12 10:00;0,5525
2026-06-12 11:00;0,8230
2026-06-12 12:00;0,9786
2026-06-12 13:00;0,8166
2026-06-12 14:00;0,6618
2026-06-12 15:00;0,5955
2026-06-12 16:00;0,6322
2026-06-12 17:00;0,4646
2026-06-12 18:00;0,3960
2026-06-12 19:00;0,2617
2026-06-12 20:00;0,1500
2026-06-12 21:00;0,1500
2026-06-12 22:00;0,0000
2026-06-12 23:00;0,0000
2026-06-13 00:00;0,0000
2026-06-13 01:00;0,0000
2026-06-13 02:00;0,0000
2026-06-13 03:00;0,0000
2026-06-13 04:00;0,0000
2026-06-13 05:00;0,0000
2026-06-13 06:00;0,1500
2026-06-13 07:00;0,2396
2026-06-13 08:00;0,3992
2026-06-13 09:00;0,6429
2026-06-13 10:00;0,7029
2026-06-13 11:00;0,7102
2026-06-13 12:00;0,8342
2026-06-13 13:00;0,8784
2026-06-13 14:00;0,7938
2026-06-13 15:00;0,7824
2026-06-13 16:00;0,5567
2026-06-13 17:00;0,3746
2026-06-13 18:00;0,2499
2026-06-13 19:00;0,1500
2026-06-13 20:00;0,1500
2026-06-13 21:00;0,1500
2026-06-13 22:00;0,0000
2026-06-13 23:00;0,0000
2026-06-14 00:00;0,0000
2026-06-14 01:00;0,0000
2026-06-14 02:00;0,0000
2026-06-14 03:00;0,0000
2026-06-14 04:00;0,0000
2026-06-14 05:00;0,0000
2026-06-14 06:00;0,1500
2026-06-14 07:00;0,2418
2026-06-14 08:00;0,4005
2026-06-14 09:00;0,6249
2026-06-14 10:00;0,8284
2026-06-14 11:00;0,8665
2026-06-14 12:00;0,8255
2026-06-14 13:00;0,8105
2026-06-14 14:00;0,7615
2026-06-14 15:00;0,6227
2026-06-14 16:00;0,4553
2026-06-14 17:00;0,4079
2026-06-14 18:00;0,2205
2026-06-14 19:00;0,1500
2026-06-14 20:00;0,1500
2026-06-14 21:00;0,1500
2026-06-14 22:00;0,0000
2026-06-14 23:00;0,0000
2026-06-15 00:00;0,0000
2026-06-15 01:00;0,0000
2026-06-15 02:00;0,0000
2026-06-15 03:00;0,0000
2026-06-15 04:00;0,0000
2026-06-15 05:00;0,0000
2026-06-15 06:00;0,1500
2026-06-15 07:00;0,1500
2026-06-15 08:00;0,2119
2026-06-15 09:00;0,4665
2026-06-15 10:00;0,6465
2026-06-15 11:00;0,7878
2026-06-15 12:00;0,9422
2026-06-15 13:00;0,8585
2026-06-15 14:00;0,8270
2026-06-15 15:00;0,6679
2026-06-15 16:00;0,5302
2026-06-15 17:00;0,4099
2026-06-15 18:00;0,2355
2026-06-15 19:00;0,1500
2026-06-15 20:00;0,1500
2026-06-15 21:00;0,1500
2026-06-15 22:00;0,0000
2026-06-15 23:00;0,0000
2026-06-16 00:00;0,0000
2026-06-16 01:00;0,0000
2026-06-16 02:00;0,0000
2026-06-16 03:00;0,0000
2026-06-16 04:00;0,0000
2026-06-16 05:00;0,0000
2026-06-16 06:00;0,1500
2026-06-16 07:00;0,1500
2026-06-16 08:00;0,1734
2026-06-16 09:00;0,3322
2026-06-16 10:00;0,5033
2026-06-16 11:00;0,5881
2026-06-16 12:00;0,7909
2026-06-16 13:00;0,8119
2026-06-16 14:00;0,9472
2026-06-16 15:00;0,8245
2026-06-16 16:00;0,7390
2026-06-16 17:00;0,5553
2026-06-16 18:00;0,4294
2026-06-16 19:00;0,2719
2026-06-16 20:00;0,1500
2026-06-16 21:00;0,1500
2026-06-16 22:00;0,0000
2026-06-16 23:00;0,0000
2026-06-17 00:00;0,0000
2026-06-17 01:00;0,0000
2026-06-17 02:00;0,0000
2026-06-17 03:00;0,0000
2026-06-17 04:00;0,0000
2026-06-17 05:00;0,0000
2026-06-17 06:00;0,1500
2026-06-17 07:00;0,3072
2026-06-17 08:00;0,5263
2026-06-17 09:00;0,7198
2026-06-17 10:00;0,8041
2026-06-17 11:00;0,9969
2026-06-17 12:00;1,0000
2026-06-17 13:00;0,9954
2026-06-17 14:00;0,8551
2026-06-17 15:00;0,5505
2026-06-17 16:00;0,4191
2026-06-17 17:00;0,3653
2026-06-17 18:00;0,1761
2026-06-17 19:00;0,1500
2026-06-17 20:00;0,1500
2026-06-17 21:00;0,1500
2026-06-17 22:00;0,0000
2026-06-17 23:00;0,0000
2026-06-18 00:00;0,0000
2026-06-18 01:00;0,0000
2026-06-18 02:00;0,0000
2026-06-18 03:00;0,0000
2026-06-18 04:00;0,0000
2026-06-18 05:00;0,0000
2026-06-18 06:00;0,1500
2026-06-18 07:00;0,1500
2026-06-18 08:00;0,1729
2026-06-18 09:00;0,3070
2026-06-18 10:00;0,4461
2026-06-18 11:00;0,6372
2026-06-18 12:00;0,8150
2026-06-18 13:00;0,8286
2026-06-18 14:00;0,9162
2026-06-18 15:00;0,8599
2026-06-18 16:00;0,7928
2026-06-18 17:00;0,5620
2026-06-18 18:00;0,4815
2026-06-18 19:00;0,2552
2026-06-18 20:00;0,1500
2026-06-18 21:00;0,1500
2026-06-18 22:00;0,0000
2026-06-18 23:00;0,0000
2026-06-19 00:00;0,0000
2026-06-19 01:00;0,0000
2026-06-19 02:00;0,0000
2026-06-19 03:00;0,0000
2026-06-19 04:00;0,0000
2026-06-19 05:00;0,0000
2026-06-19 06:00;0,1500
2026-06-19 07:00;0,1500
2026-06-19 08:00;0,1567
2026-06-19 09:00;0,2920
2026-06-19 10:00;0,3103
2026-06-19 11:00;0,5781
2026-06-19 12:00;0,7481
2026-06-19 13:00;0,9211
2026-06-19 14:00;0,9519
2026-06-19 15:00;0,8756
2026-06-19 16:00;0,6860
2026-06-19 17:00;0,6322
2026-06-19 18:00;0,4092
2026-06-19 19:00;0,2430
2026-06-19 20:00;0,1500
2026-06-19 21:00;0,1500
2026-06-19 22:00;0,0000
2026-06-19 23:00;0,0000
2026-06-20 00:00;0,0000
2026-06-20 01:00;0,0000
2026-06-20 02:00;0,0000
2026-06-20 03:00;0,0000
2026-06-20 04:00;0,0000
2026-06-20 05:00;0,0000
2026-06-20 06:00;0,1500
2026-06-20 07:00;0,1500
2026-06-20 08:00;0,1557
2026-06-20 09:00;0,3255
2026-06-20 10:00;0,4793
2026-06-20 11:00;0,7430
2026-06-20 12:00;0,9197
2026-06-20 13:00;1,0000
2026-06-20 14:00;0,9146
2026-06-20 15:00;0,7485
2026-06-20 16:00;0,5807
2026-06-20 17:00;0,5493
2026-06-20 18:00;0,3799
2026-06-20 19:00;0,2829
2026-06-20 20:00;0,1500
2026-06-20 21:00;0,1500
2026-06-20 22:00;0,0000
2026-06-20 23:00;0,0000
2026-06-21 00:00;0,0000
2026-06-21 01:00;0,0000
2026-06-21 02:00;0,0000
2026-06-21 03:00;0,0000
2026-06-21 04:00;0,0000
2026-06-21 05:00;0,0000
2026-06-21 06:00;0,1500
2026-06-21 07:00;0,1500
2026-06-21 08:00;0,2088
2026-06-21 09:00;0,3697
2026-06-21 10:00;0,4654
2026-06-21 11:00;0,6658
2026-06-21 12:00;0,6871
2026-06-21 13:00;0,6878
2026-06-21 14:00;0,8019
2026-06-21 15:00;0,7925
2026-06-21 16:00;0,5792
2026-06-21 17:00;0,4552
2026-06-21 18:00;0,3876
2026-06-21 19:00;0,2440
2026-06-21 20:00;0,1500
2026-06-21 21:00;0,1500
2026-06-21 22:00;0,0000
2026-06-21 23:00;0,0000
2026-06-22 00:00;0,0000
2026-06-22 01:00;0,0000
2026-06-22 02:00;0,0000
2026-06-22 03:00;0,0000
2026-06-22 04:00;0,0000
2026-06-22 05:00;0,0000
2026-06-22 06:00;0,1500
2026-06-22 07:00;0,1500
2026-06-22 08:00;0,2167
2026-06-22 09:00;0,4151
2026-06-22 10:00;0,6125
2026-06-22 11:00;0,7812
2026-06-22 12:00;0,8397
2026-06-22 13:00;0,9329
2026-06-22 14:00;0,9150
2026-06-22 15:00;0,7651
2026-06-22 16:00;0,7474
2026-06-22 17:00;0,4474
2026-06-22 18:00;0,3361
2026-06-22 19:00;0,2343
2026-06-22 20:00;0,1500
2026-06-22 21:00;0,1500
2026-06-22 22:00;0,0000
2026-06-22 23:00;0,0000
2026-06-23 00:00;0,0000
2026-06-23 01:00;0,0000
2026-06-23 02:00;0,0000
2026-06-23 03:00;0,0000
2026-06-23 04:00;0,0000
2026-06-23 05:00;0,0000
2026-06-23 06:00;0,1500
2026-06-23 07:00;0,1500
2026-06-23 08:00;0,2411
2026-06-23 09:00;0,4155
2026-06-23 10:00;0,4423
2026-06-23 11:00;0,5207
2026-06-23 12:00;0,7372
2026-06-23 13:00;0,9569
2026-06-23 14:00;1,0000
2026-06-23 15:00;0,8453
2026-06-23 16:00;0,8154
2026-06-23 17:00;0,5559
2026-06-23 18:00;0,4090
2026-06-23 19:00;0,2336
2026-06-23 20:00;0,1500
2026-06-23 21:00;0,1500
2026-06-23 22:00;0,0000
2026-06-23 23:00;0,0000
2026-06-24 00:00;0,0000
2026-06-24 01:00;0,0000
2026-06-24 02:00;0,0000
2026-06-24 03:00;0,0000
2026-06-24 04:00;0,0000
2026-06-24 05:00;0,0000
2026-06-24 06:00;0,1500
2026-06-24 07:00;0,1500
2026-06-24 08:00;0,2718
2026-06-24 09:00;0,4927
2026-06-24 10:00;0,6631
2026-06-24 11:00;0,8863
2026-06-24 12:00;0,8960
2026-06-24 13:00;1,0000
2026-06-24 14:00;0,8763
2026-06-24 15:00;0,8555
2026-06-24 16:00;0,7148
2026-06-24 17:00;0,5590
2026-06-24 18:00;0,4088
2026-06-24 19:00;0,2207
2026-06-24 20:00;0,1500
2026-06-24 21:00;0,1500
2026-06-24 22:00;0,0000
2026-06-24 23:00;0,0000
2026-06-25 00:00;0,0000
2026-06-25 01:00;0,0000
2026-06-25 02:00;0,0000
2026-06-25 03:00;0,0000
2026-06-25 04:00;0,0000
2026-06-25 05:00;0,0000
2026-06-25 06:00;0,1500
2026-06-25 07:00;0,1983
2026-06-25 08:00;0,3989
2026-06-25 09:00;0,5772
2026-06-25 10:00;0,7525
2026-06-25 11:00;0,9508
2026-06-25 12:00;0,9994
2026-06-25 13:00;0,9513
2026-06-25 14:00;0,7724
2026-06-25 15:00;0,8115
2026-06-25 16:00;0,6985
2026-06-25 17:00;0,5100
2026-06-25 18:00;0,3234
2026-06-25 19:00;0,1651
2026-06-25 20:00;0,1500
2026-06-25 21:00;0,1500
2026-06-25 22:00;0,0000
2026-06-25 23:00;0,0000
2026-06-26 00:00;0,0000
2026-06-26 01:00;0,0000
2026-06-26 02:00;0,0000
2026-06-26 03:00;0,0000
2026-06-26 04:00;0,0000
2026-06-26 05:00;0,0000
2026-06-26 06:00;0,1500
2026-06-26 07:00;0,1500
2026-06-26 08:00;0,2283
2026-06-26 09:00;0,3791
2026-06-26 10:00;0,4888
2026-06-26 11:00;0,6104
2026-06-26 12:00;0,8246
2026-06-26 13:00;0,8737
2026-06-26 14:00;0,7317
2026-06-26 15:00;0,6290
2026-06-26 16:00;0,7172
2026-06-26 17:00;0,5376
2026-06-26 18:00;0,4538
2026-06-26 19:00;0,2556
2026-06-26 20:00;0,1500
2026-06-26 21:00;0,1500
2026-06-26 22:00;0,0000
2026-06-26 23:00;0,0000
2026-06-27 00:00;0,0000
2026-06-27 01:00;0,0000
2026-06-27 02:00;0,0000
2026-06-27 03:00;0,0000
2026-06-27 04:00;0,0000
2026-06-27 05:00;0,0000
2026-06-27 06:00;0,1500
2026-06-27 07:00;0,1844
2026-06-27 08:00;0,3657
2026-06-27 09:00;0,5024
2026-06-27 10:00;0,6689
2026-06-27 11:00;0,8054
2026-06-27 12:00;0,8518
2026-06-27 13:00;0,8714
2026-06-27 14:00;0,8202
2026-06-27 15:00;0,7305
2026-06-27 16:00;0,5701
2026-06-27 17:00;0,4266
2026-06-27 18:00;0,2587
2026-06-27 19:00;0,1500
2026-06-27 20:00;0,1500
2026-06-27 21:00;0,1500
2026-06-27 22:00;0,0000
2026-06-27 23:00;0,0000
2026-06-28 00:00;0,0000
2026-06-28 01:00;0,0000
2026-06-28 02:00;0,0000
2026-06-28 03:00;0,0000
2026-06-28 04:00;0,0000
2026-06-28 05:00;0,0000
2026-06-28 06:00;0,1500
2026-06-28 07:00;0,1500
2026-06-28 08:00;0,1903
2026-06-28 09:00;0,2583
2026-06-28 10:00;0,4456
2026-06-28 11:00;0,7538
2026-06-28 12:00;0,7284
2026-06-28 13:00;0,9078
2026-06-28 14:00;0,8670
2026-06-28 15:00;0,7996
2026-06-28 16:00;0,6976
2026-06-28 17:00;0,5502
2026-06-28 18:00;0,4406
2026-06-28 19:00;0,3015
2026-06-28 20:00;0,1500
2026-06-28 21:00;0,1500
2026-06-28 22:00;0,0000
2026-06-28 23:00;0,0000
2026-06-29 00:00;0,0000
2026-06-29 01:00;0,0000
2026-06-29 02:00;0,0000
2026-06-29 03:00;0,0000
2026-06-29 04:00;0,0000
2026-06-29 05:00;0,0000
2026-06-29 06:00;0,1500
2026-06-29 07:00;0,1500
2026-06-29 08:00;0,1693
2026-06-29 09:00;0,3106
2026-06-29 10:00;0,4170
2026-06-29 11:00;0,5633
2026-06-29 12:00;0,6951
2026-06-29 13:00;0,7236
2026-06-29 14:00;0,9087
2026-06-29 15:00;0,9840
2026-06-29 16:00;0,9345
2026-06-29 17:00;0,8217
2026-06-29 18:00;0,5756
2026-06-29 19:00;0,3489
2026-06-29 20:00;0,1530
2026-06-29 21:00;0,1500
2026-06-29 22:00;0,0000
2026-06-29 23:00;0,0000
2026-06-30 00:00;0,0000
2026-06-30 01:00;0,0000
2026-06-30 02:00;0,0000
2026-06-30 03:00;0,0000
2026-06-30 04:00;0,0000
2026-06-30 05:00;0,0000
2026-06-30 06:00;0,1500
2026-06-30 07:00;0,1500
2026-06-30 08:00;0,2430
2026-06-30 09:00;0,4498
2026-06-30 10:00;0,6117
2026-06-30 11:00;0,8668
2026-06-30 12:00;1,0000
2026-06-30 13:00;1,0000
2026-06-30 14:00;1,0000
2026-06-30 15:00;0,8569
2026-06-30 16:00;0,7144
2026-06-30 17:00;0,6533
2026-06-30 18:00;0,4463
2026-06-30 19:00;0,2552
2026-06-30 20:00;0,1500
2026-06-30 21:00;0,1500
2026-06-30 22:00;0,0000
2026-06-30 23:00;0,0000
2026-07-01 00:00;0,0000
2026-07-01 01:00;0,0000
2026-07-01 02:00;0,0000
2026-07-01 03:00;0,0000
2026-07-01 04:00;0,0000
2026-07-01 05:00;0,0000
2026-07-01 06:00;0,1500
2026-07-01 07:00;0,1500
2026-07-01 08:00;0,1500
2026-07-01 09:00;0,3413
2026-07-01 10:00;0,5064
2026-07-01 11:00;0,6105
2026-07-01 12:00;0,7145
2026-07-01 13:00;0,8222
2026-07-01 14:00;0,8696
2026-07-01 15:00;0,8528
2026-07-01 16:00;0,7251
2026-07-01 17:00;0,5582
2026-07-01 18:00;0,4711
2026-07-01 19:00;0,2461
2026-07-01 20:00;0,1500
2026-07-01 21:00;0,1500
2026-07-01 22:00;0,0000
2026-07-01 23:00;0,0000
2026-07-02 00:00;0,0000
2026-07-02 01:00;0,0000
2026-07-02 02:00;0,0000
2026-07-02 03:00;0,0000
2026-07-02 04:00;0,0000
2026-07-02 05:00;0,0000
2026-07-02 06:00;0,1500
2026-07-02 07:00;0,1729
2026-07-02 08:00;0,3170
2026-07-02 09:00;0,4316
2026-07-02 10:00;0,6115
2026-07-02 11:00;0,6878
2026-07-02 12:00;0,6900
2026-07-02 13:00;0,6883
2026-07-02 14:00;0,6172
2026-07-02 15:00;0,5913
2026-07-02 16:00;0,5120
2026-07-02 17:00;0,3778
2026-07-02 18:00;0,2160
2026-07-02 19:00;0,1500
2026-07-02 20:00;0,1500
2026-07-02 21:00;0,1500
2026-07-02 22:00;0,0000
2026-07-02 23:00;0,0000
2026-07-03 00:00;0,0000
2026-07-03 01:00;0,0000
2026-07-03 02:00;0,0000
2026-07-03 03:00;0,0000
2026-07-03 04:00;0,0000
2026-07-03 05:00;0,0000
2026-07-03 06:00;0,1500
2026-07-03 07:00;0,1628
2026-07-03 08:00;0,3253
2026-07-03 09:00;0,5112
2026-07-03 10:00;0,6730
2026-07-03 11:00;0,8044
2026-07-03 12:00;0,9252
2026-07-03 13:00;0,8177
2026-07-03 14:00;0,8023
2026-07-03 15:00;0,6827
2026-07-03 16:00;0,5048
2026-07-03 17:00;0,4407
2026-07-03 18:00;0,2441
2026-07-03 19:00;0,1500
2026-07-03 20:00;0,1500
2026-07-03 21:00;0,1500
2026-07-03 22:00;0,0000
2026-07-03 23:00;0,0000
2026-07-04 00:00;0,0000
2026-07-04 01:00;0,0000
2026-07-04 02:00;0,0000
2026-07-04 03:00;0,0000
2026-07-04 04:00;0,0000
2026-07-04 05:00;0,0000
2026-07-04 06:00;0,1500
2026-07-04 07:00;0,1658
2026-07-04 08:00;0,3185
2026-07-04 09:00;0,4938
2026-07-04 10:00;0,7334
2026-07-04 11:00;0,7856
2026-07-04 12:00;0,8109
2026-07-04 13:00;0,7197
2026-07-04 14:00;0,7322
2026-07-04 15:00;0,6865
2026-07-04 16:00;0,5986
2026-07-04 17:00;0,4646
2026-07-04 18:00;0,2528
2026-07-04 19:00;0,1500
2026-07-04 20:00;0,1500
2026-07-04 21:00;0,1500
2026-07-04 22:00;0,0000
2026-07-04 23:00;0,0000
2026-07-05 00:00;0,0000
2026-07-05 01:00;0,0000
2026-07-05 02:00;0,0000
2026-07-05 03:00;0,0000
2026-07-05 04:00;0,0000
2026-07-05 05:00;0,0000
2026-07-05 06:00;0,1500
2026-07-05 07:00;0,1500
2026-07-05 08:00;0,1602
2026-07-05 09:00;0,3087
2026-07-05 10:00;0,4305
2026-07-05 11:00;0,5761
2026-07-05 12:00;0,6305
2026-07-05 13:00;0,7453
2026-07-05 14:00;0,6965
2026-07-05 15:00;0,7511
2026-07-05 16:00;0,7175
2026-07-05 17:00;0,5209
2026-07-05 18:00;0,4329
2026-07-05 19:00;0,2758
2026-07-05 20:00;0,1500
2026-07-05 21:00;0,1500
2026-07-05 22:00;0,0000
2026-07-05 23:00;0,0000
2026-07-06 00:00;0,0000
2026-07-06 01:00;0,0000
2026-07-06 02:00;0,0000
2026-07-06 03:00;0,0000
2026-07-06 04:00;0,0000
2026-07-06 05:00;0,0000
2026-07-06 06:00;0,1500
2026-07-06 07:00;0,1578
2026-07-06 08:00;0,3425
2026-07-06 09:00;0,5487
2026-07-06 10:00;0,7461
2026-07-06 11:00;0,7588
2026-07-06 12:00;0,8811
2026-07-06 13:00;0,9231
2026-07-06 14:00;0,8565
2026-07-06 15:00;0,7938
2026-07-06 16:00;0,6601
2026-07-06 17:00;0,5060
2026-07-06 18:00;0,2939
2026-07-06 19:00;0,1500
2026-07-06 20:00;0,1500
2026-07-06 21:00;0,1500
2026-07-06 22:00;0,0000
2026-07-06 23:00;0,0000
2026-07-07 00:00;0,0000
2026-07-07 01:00;0,0000
2026-07-07 02:00;0,0000
2026-07-07 03:00;0,0000
2026-07-07 04:00;0,0000
2026-07-07 05:00;0,0000
2026-07-07 06:00;0,1500
2026-07-07 07:00;0,1788
2026-07-07 08:00;0,3574
2026-07-07 09:00;0,4573
2026-07-07 10:00;0,6848
2026-07-07 11:00;0,7534
2026-07-07 12:00;0,8264
2026-07-07 13:00;0,9051
2026-07-07 14:00;0,9616
2026-07-07 15:00;0,9358
2026-07-07 16:00;0,7876
2026-07-07 17:00;0,5583
2026-07-07 18:00;0,3696
2026-07-07 19:00;0,1501
2026-07-07 20:00;0,1500
2026-07-07 21:00;0,1500
2026-07-07 22:00;0,0000
2026-07-07 23:00;0,0000
2026-07-08 00:00;0,0000
2026-07-08 01:00;0,0000
2026-07-08 02:00;0,0000
2026-07-08 03:00;0,0000
2026-07-08 04:00;0,0000
2026-07-08 05:00;0,0000
2026-07-08 06:00;0,1500
2026-07-08 07:00;0,1500
2026-07-08 08:00;0,2197
2026-07-08 09:00;0,4439
2026-07-08 10:00;0,6201
2026-07-08 11:00;0,8081
2026-07-08 12:00;0,8891
2026-07-08 13:00;0,8441
2026-07-08 14:00;0,7423
2026-07-08 15:00;0,7313
2026-07-08 16:00;0,6526
2026-07-08 17:00;0,5843
2026-07-08 18:00;0,3985
2026-07-08 19:00;0,2839
2026-07-08 20:00;0,1500
2026-07-08 21:00;0,1500
2026-07-08 22:00;0,0000
2026-07-08 23:00;0,0000
2026-07-09 00:00;0,0000
2026-07-09 01:00;0,0000
2026-07-09 02:00;0,0000
2026-07-09 03:00;0,0000
2026-07-09 04:00;0,0000
2026-07-09 05:00;0,0000
2026-07-09 06:00;0,1500
2026-07-09 07:00;0,2425
2026-07-09 08:00;0,4227
2026-07-09 09:00;0,6611
2026-07-09 10:00;0,7550
2026-07-09 11:00;0,8426
2026-07-09 12:00;0,8658
2026-07-09 13:00;0,7414
2026-07-09 14:00;0,7657
2026-07-09 15:00;0,6884
2026-07-09 16:00;0,6324
2026-07-09 17:00;0,3990
2026-07-09 18:00;0,2480
2026-07-09 19:00;0,1500
2026-07-09 20:00;0,1500
2026-07-09 21:00;0,1500
2026-07-09 22:00;0,0000
2026-07-09 23:00;0,0000
2026-07-10 00:00;0,0000
2026-07-10 01:00;0,0000
2026-07-10 02:00;0,0000
2026-07-10 03:00;0,0000
2026-07-10 04:00;0,0000
2026-07-10 05:00;0,0000
2026-07-10 06:00;0,1500
2026-07-10 07:00;0,1955
2026-07-10 08:00;0,3644
2026-07-10 09:00;0,5292
2026-07-10 10:00;0,7524
2026-07-10 11:00;0,9193
2026-07-10 12:00;1,0000
2026-07-10 13:00;1,0000
2026-07-10 14:00;0,9559
2026-07-10 15:00;0,8458
2026-07-10 16:00;0,7051
2026-07-10 17:00;0,5538
2026-07-10 18:00;0,3671
2026-07-10 19:00;0,1500
2026-07-10 20:00;0,1500
2026-07-10 21:00;0,1500
2026-07-10 22:00;0,0000
2026-07-10 23:00;0,0000
2026-07-11 00:00;0,0000
2026-07-11 01:00;0,0000
2026-07-11 02:00;0,0000
2026-07-11 03:00;0,0000
2026-07-11 04:00;0,0000
2026-07-11 05:00;0,0000
2026-07-11 06:00;0,1500
2026-07-11 07:00;0,1500
2026-07-11 08:00;0,1829
2026-07-11 09:00;0,3657
2026-07-11 10:00;0,5917
2026-07-11 11:00;0,6570
2026-07-11 12:00;0,6591
2026-07-11 13:00;0,9471
2026-07-11 14:00;0,8495
2026-07-11 15:00;0,9764
2026-07-11 16:00;0,8401
2026-07-11 17:00;0,6775
2026-07-11 18:00;0,4046
2026-07-11 19:00;0,2340
2026-07-11 20:00;0,1500
2026-07-11 21:00;0,1500
2026-07-11 22:00;0,0000
2026-07-11 23:00;0,0000
2026-07-12 00:00;0,0000
2026-07-12 01:00;0,0000
2026-07-12 02:00;0,0000
2026-07-12 03:00;0,0000
2026-07-12 04:00;0,0000
2026-07-12 05:00;0,0000
2026-07-12 06:00;0,1500
2026-07-12 07:00;0,1857
2026-07-12 08:00;0,3726
2026-07-12 09:00;0,4802
2026-07-12 10:00;0,7179
2026-07-12 11:00;0,8548
2026-07-12 12:00;0,8495
2026-07-12 13:00;0,8341
2026-07-12 14:00;0,8520
2026-07-12 15:00;0,8733
2026-07-12 16:00;0,6158
2026-07-12 17:00;0,4653
2026-07-12 18:00;0,3185
2026-07-12 19:00;0,1500
2026-07-12 20:00;0,1500
2026-07-12 21:00;0,1500
2026-07-12 22:00;0,0000
2026-07-12 23:00;0,0000
2026-07-13 00:00;0,0000
2026-07-13 01:00;0,0000
2026-07-13 02:00;0,0000
2026-07-13 03:00;0,0000
2026-07-13 04:00;0,0000
2026-07-13 05:00;0,0000
2026-07-13 06:00;0,1500
2026-07-13 07:00;0,2216
2026-07-13 08:00;0,4684
2026-07-13 09:00;0,6132
2026-07-13 10:00;0,8207
2026-07-13 11:00;1,0000
2026-07-13 12:00;0,9451
2026-07-13 13:00;0,8258
2026-07-13 14:00;0,8588
2026-07-13 15:00;0,6622
2026-07-13 16:00;0,5232
2026-07-13 17:00;0,3957
2026-07-13 18:00;0,2630
2026-07-13 19:00;0,1500
2026-07-13 20:00;0,1500
2026-07-13 21:00;0,1500
2026-07-13 22:00;0,0000
2026-07-13 23:00;0,0000
2026-07-14 00:00;0,0000
2026-07-14 01:00;0,0000
2026-07-14 02:00;0,0000
2026-07-14 03:00;0,0000
2026-07-14 04:00;0,0000
2026-07-14 05:00;0,0000
2026-07-14 06:00;0,1500
2026-07-14 07:00;0,1500
2026-07-14 08:00;0,1952
2026-07-14 09:00;0,3523
2026-07-14 10:00;0,5638
2026-07-14 11:00;0,6939
2026-07-14 12:00;0,7716
2026-07-14 13:00;0,9390
2026-07-14 14:00;1,0000
2026-07-14 15:00;0,9297
2026-07-14 16:00;0,7161
2026-07-14 17:00;0,6365
2026-07-14 18:00;0,4534
2026-07-14 19:00;0,2839
2026-07-14 20:00;0,1500
2026-07-14 21:00;0,1500
2026-07-14 22:00;0,0000
2026-07-14 23:00;0,0000
2026-07-15 00:00;0,0000
2026-07-15 01:00;0,0000
2026-07-15 02:00;0,0000
2026-07-15 03:00;0,0000
2026-07-15 04:00;0,0000
2026-07-15 05:00;0,0000
2026-07-15 06:00;0,1500
2026-07-15 07:00;0,2631
2026-07-15 08:00;0,5004
2026-07-15 09:00;0,6592
2026-07-15 10:00;0,8278
2026-07-15 11:00;0,9940
2026-07-15 12:00;1,0000
2026-07-15 13:00;1,0000
2026-07-15 14:00;0,8759
2026-07-15 15:00;0,7574
2026-07-15 16:00;0,5725
2026-07-15 17:00;0,3010
2026-07-15 18:00;0,1500
2026-07-15 19:00;0,1500
2026-07-15 20:00;0,1500
2026-07-15 21:00;0,1500
2026-07-15 22:00;0,0000
2026-07-15 23:00;0,0000
2026-07-16 00:00;0,0000
2026-07-16 01:00;0,0000
2026-07-16 02:00;0,0000
2026-07-16 03:00;0,0000
2026-07-16 04:00;0,0000
2026-07-16 05:00;0,0000
2026-07-16 06:00;0,1500
2026-07-16 07:00;0,2330
2026-07-16 08:00;0,3903
2026-07-16 09:00;0,5942
2026-07-16 10:00;0,6857
2026-07-16 11:00;0,8791
2026-07-16 12:00;0,9782
2026-07-16 13:00;1,0000
2026-07-16 14:00;1,0000
2026-07-16 15:00;0,9480
2026-07-16 16:00;0,6613
2026-07-16 17:00;0,4648
2026-07-16 18:00;0,3128
2026-07-16 19:00;0,1500
2026-07-16 20:00;0,1500
2026-07-16 21:00;0,1500
2026-07-16 22:00;0,0000
2026-07-16 23:00;0,0000
2026-07-17 00:00;0,0000
2026-07-17 01:00;0,0000
2026-07-17 02:00;0,0000
2026-07-17 03:00;0,0000
2026-07-17 04:00;0,0000
2026-07-17 05:00;0,0000
2026-07-17 06:00;0,1500
2026-07-17 07:00;0,1500
2026-07-17 08:00;0,1721
2026-07-17 09:00;0,3236
2026-07-17 10:00;0,4746
2026-07-17 11:00;0,6245
2026-07-17 12:00;0,8179
2026-07-17 13:00;0,8860
2026-07-17 14:00;0,8060
2026-07-17 15:00;0,7696
2026-07-17 16:00;0,6489
2026-07-17 17:00;0,4952
2026-07-17 18:00;0,4118
2026-07-17 19:00;0,2617
2026-07-17 20:00;0,1500
2026-07-17 21:00;0,1500
2026-07-17 22:00;0,0000
2026-07-17 23:00;0,0000
2026-07-18 00:00;0,0000
2026-07-18 01:00;0,0000
2026-07-18 02:00;0,0000
2026-07-18 03:00;0,0000
2026-07-18 04:00;0,0000
2026-07-18 05:00;0,0000
2026-07-18 06:00;0,1500
2026-07-18 07:00;0,1500
2026-07-18 08:00;0,1842
2026-07-18 09:00;0,3959
2026-07-18 10:00;0,6473
2026-07-18 11:00;0,8322
2026-07-18 12:00;0,9574
2026-07-18 13:00;1,0000
2026-07-18 14:00;0,9130
2026-07-18 15:00;0,9430
2026-07-18 16:00;0,8678
2026-07-18 17:00;0,7187
2026-07-18 18:00;0,5423
2026-07-18 19:00;0,3322
2026-07-18 20:00;0,1500
2026-07-18 21:00;0,1500
2026-07-18 22:00;0,0000
2026-07-18 23:00;0,0000
2026-07-19 00:00;0,0000
2026-07-19 01:00;0,0000
2026-07-19 02:00;0,0000
2026-07-19 03:00;0,0000
2026-07-19 04:00;0,0000
2026-07-19 05:00;0,0000
2026-07-19 06:00;0,1500
2026-07-19 07:00;0,1500
2026-07-19 08:00;0,1500
2026-07-19 09:00;0,3337
2026-07-19 10:00;0,4185
2026-07-19 11:00;0,6949
2026-07-19 12:00;0,8351
2026-07-19 13:00;0,8221
2026-07-19 14:00;0,8212
2026-07-19 15:00;0,7662
2026-07-19 16:00;0,5971
2026-07-19 17:00;0,5637
2026-07-19 18:00;0,3880
2026-07-19 19:00;0,2585
2026-07-19 20:00;0,1500
2026-07-19 21:00;0,1500
2026-07-19 22:00;0,0000
2026-07-19 23:00;0,0000
2026-07-20 00:00;0,0000
2026-07-20 01:00;0,0000
2026-07-20 02:00;0,0000
2026-07-20 03:00;0,0000
2026-07-20 04:00;0,0000
2026-07-20 05:00;0,0000
2026-07-20 06:00;0,1500
2026-07-20 07:00;0,1500
2026-07-20 08:00;0,2130
2026-07-20 09:00;0,3590
2026-07-20 10:00;0,5659
2026-07-20 11:00;0,7667
2026-07-20 12:00;0,8554
2026-07-20 13:00;0,9889
2026-07-20 14:00;0,8344
2026-07-20 15:00;0,8199
2026-07-20 16:00;0,6119
2026-07-20 17:00;0,5522
2026-07-20 18:00;0,3378
2026-07-20 19:00;0,1644
2026-07-20 20:00;0,1500
2026-07-20 21:00;0,1500
2026-07-20 22:00;0,0000
2026-07-20 23:00;0,0000
2026-07-21 00:00;0,0000
2026-07-21 01:00;0,0000
2026-07-21 02:00;0,0000
2026-07-21 03:00;0,0000
2026-07-21 04:00;0,0000
2026-07-21 05:00;0,0000
2026-07-21 06:00;0,1500
2026-07-21 07:00;0,1613
2026-07-21 08:00;0,3414
2026-07-21 09:00;0,5271
2026-07-21 10:00;0,7028
2026-07-21 11:00;0,7545
2026-07-21 12:00;0,9414
2026-07-21 13:00;0,8869
2026-07-21 14:00;0,9010
2026-07-21 15:00;0,7971
2026-07-21 16:00;0,6863
2026-07-21 17:00;0,5084
2026-07-21 18:00;0,2923
2026-07-21 19:00;0,1500
2026-07-21 20:00;0,1500
2026-07-21 21:00;0,1500
2026-07-21 22:00;0,0000
2026-07-21 23:00;0,0000
2026-07-22 00:00;0,0000
2026-07-22 01:00;0,0000
2026-07-22 02:00;0,0000
2026-07-22 03:00;0,0000
2026-07-22 04:00;0,0000
2026-07-22 05:00;0,0000
2026-07-22 06:00;0,1500
2026-07-22 07:00;0,1500
2026-07-22 08:00;0,1836
2026-07-22 09:00;0,3882
2026-07-22 10:00;0,5909
2026-07-22 11:00;0,6689
2026-07-22 12:00;0,7681
2026-07-22 13:00;0,8702
2026-07-22 14:00;0,8850
2026-07-22 15:00;0,6498
2026-07-22 16:00;0,6557
2026-07-22 17:00;0,5458
2026-07-22 18:00;0,4891
2026-07-22 19:00;0,3096
2026-07-22 20:00;0,1500
2026-07-22 21:00;0,1500
2026-07-22 22:00;0,0000
2026-07-22 23:00;0,0000
2026-07-23 00:00;0,0000
2026-07-23 01:00;0,0000
2026-07-23 02:00;0,0000
2026-07-23 03:00;0,0000
2026-07-23 04:00;0,0000
2026-07-23 05:00;0,0000
2026-07-23 06:00;0,1500
2026-07-23 07:00;0,1500
2026-07-23 08:00;0,1547
2026-07-23 09:00;0,3382
2026-07-23 10:00;0,4707
2026-07-23 11:00;0,6139
2026-07-23 12:00;0,6268
2026-07-23 13:00;0,7160
2026-07-23 14:00;0,6850
2026-07-23 15:00;0,6250
2026-07-23 16:00;0,5314
2026-07-23 17:00;0,5049
2026-07-23 18:00;0,4407
2026-07-23 19:00;0,2581
2026-07-23 20:00;0,1500
2026-07-23 21:00;0,1500
2026-07-23 22:00;0,0000
2026-07-23 23:00;0,0000
2026-07-24 00:00;0,0000
2026-07-24 01:00;0,0000
2026-07-24 02:00;0,0000
2026-07-24 03:00;0,0000
2026-07-24 04:00;0,0000
2026-07-24 05:00;0,0000
2026-07-24 06:00;0,1500
2026-07-24 07:00;0,1500
2026-07-24 08:00;0,3315
2026-07-24 09:00;0,5194
2026-07-24 10:00;0,7454
2026-07-24 11:00;0,7612
2026-07-24 12:00;0,7914
2026-07-24 13:00;0,7846
2026-07-24 14:00;0,8103
2026-07-24 15:00;0,7825
2026-07-24 16:00;0,5812
2026-07-24 17:00;0,4213
2026-07-24 18:00;0,2336
2026-07-24 19:00;0,1500
2026-07-24 20:00;0,1500
2026-07-24 21:00;0,1500
2026-07-24 22:00;0,0000
2026-07-24 23:00;0,0000
2026-07-25 00:00;0,0000
2026-07-25 01:00;0,0000
2026-07-25 02:00;0,0000
2026-07-25 03:00;0,0000
2026-07-25 04:00;0,0000
2026-07-25 05:00;0,0000
2026-07-25 06:00;0,1500
2026-07-25 07:00;0,1500
2026-07-25 08:00;0,1601
2026-07-25 09:00;0,2929
2026-07-25 10:00;0,4124
2026-07-25 11:00;0,6561
2026-07-25 12:00;0,8236
2026-07-25 13:00;0,9780
2026-07-25 14:00;0,8764
2026-07-25 15:00;0,8470
2026-07-25 16:00;0,7791
2026-07-25 17:00;0,5765
2026-07-25 18:00;0,4685
2026-07-25 19:00;0,3110
2026-07-25 20:00;0,1500
2026-07-25 21:00;0,1500
2026-07-25 22:00;0,0000
2026-07-25 23:00;0,0000
2026-07-26 00:00;0,0000
2026-07-26 01:00;0,0000
2026-07-26 02:00;0,0000
2026-07-26 03:00;0,0000
2026-07-26 04:00;0,0000
2026-07-26 05:00;0,0000
2026-07-26 06:00;0,1500
2026-07-26 07:00;0,1500
2026-07-26 08:00;0,1565
2026-07-26 09:00;0,3456
2026-07-26 10:00;0,4649
2026-07-26 11:00;0,6020
2026-07-26 12:00;0,7109
2026-07-26 13:00;0,8703
2026-07-26 14:00;0,9382
2026-07-26 15:00;0,8409
2026-07-26 16:00;0,7180
2026-07-26 17:00;0,5293
2026-07-26 18:00;0,4165
2026-07-26 19:00;0,2366
2026-07-26 20:00;0,1500
2026-07-26 21:00;0,1500
2026-07-26 22:00;0,0000
2026-07-26 23:00;0,0000
2026-07-27 00:00;0,0000
2026-07-27 01:00;0,0000
2026-07-27 02:00;0,0000
2026-07-27 03:00;0,0000
2026-07-27 04:00;0,0000
2026-07-27 05:00;0,0000
2026-07-27 06:00;0,1500
2026-07-27 07:00;0,1500
2026-07-27 08:00;0,1958
2026-07-27 09:00;0,3611
2026-07-27 10:00;0,5514
2026-07-27 11:00;0,6914
2026-07-27 12:00;0,7917
2026-07-27 13:00;0,9526
2026-07-27 14:00;0,9480
2026-07-27 15:00;0,9726
2026-07-27 16:00;0,7637
2026-07-27 17:00;0,6548
2026-07-27 18:00;0,5237
2026-07-27 19:00;0,3350
2026-07-27 20:00;0,1713
2026-07-27 21:00;0,1500
2026-07-27 22:00;0,0000
2026-07-27 23:00;0,0000
2026-07-28 00:00;0,0000
2026-07-28 01:00;0,0000
2026-07-28 02:00;0,0000
2026-07-28 03:00;0,0000
2026-07-28 04:00;0,0000
2026-07-28 05:00;0,0000
2026-07-28 06:00;0,1500
2026-07-28 07:00;0,2011
2026-07-28 08:00;0,3905
2026-07-28 09:00;0,6264
2026-07-28 10:00;0,8056
2026-07-28 11:00;0,8846
2026-07-28 12:00;0,9804
2026-07-28 13:00;0,9977
2026-07-28 14:00;0,9476
2026-07-28 15:00;0,7834
2026-07-28 16:00;0,5598
2026-07-28 17:00;0,3613
2026-07-28 18:00;0,2273
2026-07-28 19:00;0,1500
2026-07-28 20:00;0,1500
2026-07-28 21:00;0,1500
2026-07-28 22:00;0,0000
2026-07-28 23:00;0,0000
2026-07-29 00:00;0,0000
2026-07-29 01:00;0,0000
2026-07-29 02:00;0,0000
2026-07-29 03:00;0,0000
2026-07-29 04:00;0,0000
2026-07-29 05:00;0,0000
2026-07-29 06:00;0,1500
2026-07-29 07:00;0,1500
2026-07-29 08:00;0,1781
2026-07-29 09:00;0,3792
2026-07-29 10:00;0,5217
2026-07-29 11:00;0,7706
2026-07-29 12:00;0,8410
2026-07-29 13:00;0,8920
2026-07-29 14:00;0,8776
2026-07-29 15:00;0,8969
2026-07-29 16:00;0,8635
2026-07-29 17:00;0,6481
2026-07-29 18:00;0,4918
2026-07-29 19:00;0,2988
2026-07-29 20:00;0,1500
2026-07-29 21:00;0,1500
2026-07-29 22:00;0,0000
2026-07-29 23:00;0,0000
2026-07-30 00:00;0,0000
2026-07-30 01:00;0,0000
2026-07-30 02:00;0,0000
2026-07-30 03:00;0,0000
2026-07-30 04:00;0,0000
2026-07-30 05:00;0,0000
2026-07-30 06:00;0,1500
2026-07-30 07:00;0,1878
2026-07-30 08:00;0,3431
2026-07-30 09:00;0,4472
2026-07-30 10:00;0,6158
2026-07-30 11:00;0,8293
2026-07-30 12:00;0,8365
2026-07-30 13:00;0,7293
2026-07-30 14:00;0,7358
2026-07-30 15:00;0,6833
2026-07-30 16:00;0,5102
2026-07-30 17:00;0,3811
2026-07-30 18:00;0,2202
2026-07-30 19:00;0,1500
2026-07-30 20:00;0,1500
2026-07-30 21:00;0,1500
2026-07-30 22:00;0,0000
2026-07-30 23:00;0,0000
2026-07-31 00:00;0,0000
2026-07-31 01:00;0,0000
2026-07-31 02:00;0,0000
2026-07-31 03:00;0,0000
2026-07-31 04:00;0,0000
2026-07-31 05:00;0,0000
2026-07-31 06:00;0,1500
2026-07-31 07:00;0,1500
2026-07-31 08:00;0,1570
2026-07-31 09:00;0,3687
2026-07-31 10:00;0,5182
2026-07-31 11:00;0,7359
2026-07-31 12:00;0,9902
2026-07-31 13:00;0,9305
2026-07-31 14:00;0,9258
2026-07-31 15:00;0,8666
2026-07-31 16:00;0,8637
2026-07-31 17:00;0,6318
2026-07-31 18:00;0,4662
2026-07-31 19:00;0,2954
2026-07-31 20:00;0,1500
2026-07-31 21:00;0,1500
2026-07-31 22:00;0,0000
2026-07-31 23:00;0,0000
2026-08-01 00:00;0,0000
2026-08-01 01:00;0,0000
2026-08-01 02:00;0,0000
2026-08-01 03:00;0,0000
2026-08-01 04:00;0,0000
2026-08-01 05:00;0,0000
2026-08-01 06:00;0,1500
2026-08-01 07:00;0,1500
2026-08-01 08:00;0,2859
2026-08-01 09:00;0,4555
2026-08-01 10:00;0,5511
2026-08-01 11:00;0,6312
2026-08-01 12:00;0,7169
2026-08-01 13:00;0,7129
2026-08-01 14:00;0,7979
2026-08-01 15:00;0,7191
2026-08-01 16:00;0,5114
2026-08-01 17:00;0,3933
2026-08-01 18:00;0,2431
2026-08-01 19:00;0,1500
2026-08-01 20:00;0,1500
2026-08-01 21:00;0,0000
2026-08-01 22:00;0,0000
2026-08-01 23:00;0,0000
2026-08-02 00:00;0,0000
2026-08-02 01:00;0,0000
2026-08-02 02:00;0,0000
2026-08-02 03:00;0,0000
2026-08-02 04:00;0,0000
2026-08-02 05:00;0,0000
2026-08-02 06:00;0,1500
2026-08-02 07:00;0,1512
2026-08-02 08:00;0,2991
2026-08-02 09:00;0,3960
2026-08-02 10:00;0,5870
2026-08-02 11:00;0,7800
2026-08-02 12:00;0,9026
2026-08-02 13:00;0,8174
2026-08-02 14:00;0,8502
2026-08-02 15:00;0,7231
2026-08-02 16:00;0,6275
2026-08-02 17:00;0,4423
2026-08-02 18:00;0,2690
2026-08-02 19:00;0,1500
2026-08-02 20:00;0,1500
2026-08-02 21:00;0,0000
2026-08-02 22:00;0,0000
2026-08-02 23:00;0,0000
2026-08-03 00:00;0,0000
2026-08-03 01:00;0,0000
2026-08-03 02:00;0,0000
2026-08-03 03:00;0,0000
2026-08-03 04:00;0,0000
2026-08-03 05:00;0,0000
2026-08-03 06:00;0,1500
2026-08-03 07:00;0,1500
2026-08-03 08:00;0,1500
2026-08-03 09:00;0,2692
2026-08-03 10:00;0,4151
2026-08-03 11:00;0,6254
2026-08-03 12:00;0,7802
2026-08-03 13:00;0,7642
2026-08-03 14:00;0,6685
2026-08-03 15:00;0,6565
2026-08-03 16:00;0,6314
2026-08-03 17:00;0,4453
2026-08-03 18:00;0,3243
2026-08-03 19:00;0,1678
2026-08-03 20:00;0,1500
2026-08-03 21:00;0,0000
2026-08-03 22:00;0,0000
2026-08-03 23:00;0,0000
2026-08-04 00:00;0,0000
2026-08-04 01:00;0,0000
2026-08-04 02:00;0,0000
2026-08-04 03:00;0,0000
2026-08-04 04:00;0,0000
2026-08-04 05:00;0,0000
2026-08-04 06:00;0,1500
2026-08-04 07:00;0,1500
2026-08-04 08:00;0,1500
2026-08-04 09:00;0,2448
2026-08-04 10:00;0,3956
2026-08-04 11:00;0,7112
2026-08-04 12:00;0,8018
2026-08-04 13:00;0,8486
2026-08-04 14:00;0,8786
2026-08-04 15:00;0,7314
2026-08-04 16:00;0,6991
2026-08-04 17:00;0,4740
2026-08-04 18:00;0,3773
2026-08-04 19:00;0,2115
2026-08-04 20:00;0,1500
2026-08-04 21:00;0,0000
2026-08-04 22:00;0,0000
2026-08-04 23:00;0,0000
2026-08-05 00:00;0,0000
2026-08-05 01:00;0,0000
2026-08-05 02:00;0,0000
2026-08-05 03:00;0,0000
2026-08-05 04:00;0,0000
2026-08-05 05:00;0,0000
2026-08-05 06:00;0,1500
2026-08-05 07:00;0,1500
2026-08-05 08:00;0,2739
2026-08-05 09:00;0,4163
2026-08-05 10:00;0,5911
2026-08-05 11:00;0,7321
2026-08-05 12:00;0,7381
2026-08-05 13:00;0,7569
2026-08-05 14:00;0,7815
2026-08-05 15:00;0,7090
2026-08-05 16:00;0,6248
2026-08-05 17:00;0,4087
2026-08-05 18:00;0,1723
2026-08-05 19:00;0,1500
2026-08-05 20:00;0,1500
2026-08-05 21:00;0,0000
2026-08-05 22:00;0,0000
2026-08-05 23:00;0,0000
2026-08-06 00:00;0,0000
2026-08-06 01:00;0,0000
2026-08-06 02:00;0,0000
2026-08-06 03:00;0,0000
2026-08-06 04:00;0,0000
2026-08-06 05:00;0,0000
2026-08-06 06:00;0,1500
2026-08-06 07:00;0,1500
2026-08-06 08:00;0,3467
2026-08-06 09:00;0,5249
2026-08-06 10:00;0,7337
2026-08-06 11:00;0,8369
2026-08-06 12:00;0,9373
2026-08-06 13:00;1,0000
2026-08-06 14:00;0,9449
2026-08-06 15:00;0,7589
2026-08-06 16:00;0,6222
2026-08-06 17:00;0,3984
2026-08-06 18:00;0,2005
2026-08-06 19:00;0,1500
2026-08-06 20:00;0,1500
2026-08-06 21:00;0,0000
2026-08-06 22:00;0,0000
2026-08-06 23:00;0,0000
2026-08-07 00:00;0,0000
2026-08-07 01:00;0,0000
2026-08-07 02:00;0,0000
2026-08-07 03:00;0,0000
2026-08-07 04:00;0,0000
2026-08-07 05:00;0,0000
2026-08-07 06:00;0,1500
2026-08-07 07:00;0,1500
2026-08-07 08:00;0,1500
2026-08-07 09:00;0,2900
2026-08-07 10:00;0,4285
2026-08-07 11:00;0,5969
2026-08-07 12:00;0,6718
2026-08-07 13:00;0,8872
2026-08-07 14:00;0,9114
2026-08-07 15:00;0,8404
2026-08-07 16:00;0,6847
2026-08-07 17:00;0,5603
2026-08-07 18:00;0,3534
2026-08-07 19:00;0,2446
2026-08-07 20:00;0,1500
2026-08-07 21:00;0,0000
2026-08-07 22:00;0,0000
2026-08-07 23:00;0,0000
2026-08-08 00:00;0,0000
2026-08-08 01:00;0,0000
2026-08-08 02:00;0,0000
2026-08-08 03:00;0,0000
2026-08-08 04:00;0,0000
2026-08-08 05:00;0,0000
2026-08-08 06:00;0,1500
2026-08-08 07:00;0,1500
2026-08-08 08:00;0,1500
2026-08-08 09:00;0,2930
2026-08-08 10:00;0,4521
2026-08-08 11:00;0,6890
2026-08-08 12:00;0,7354
2026-08-08 13:00;0,8713
2026-08-08 14:00;0,7662
2026-08-08 15:00;0,8255
2026-08-08 16:00;0,6616
2026-08-08 17:00;0,4700
2026-08-08 18:00;0,3739
2026-08-08 19:00;0,2057
2026-08-08 20:00;0,1500
2026-08-08 21:00;0,0000
2026-08-08 22:00;0,0000
2026-08-08 23:00;0,0000
2026-08-09 00:00;0,0000
2026-08-09 01:00;0,0000
2026-08-09 02:00;0,0000
2026-08-09 03:00;0,0000
2026-08-09 04:00;0,0000
2026-08-09 05:00;0,0000
2026-08-09 06:00;0,1500
2026-08-09 07:00;0,1500
2026-08-09 08:00;0,2950
2026-08-09 09:00;0,5364
2026-08-09 10:00;0,7185
2026-08-09 11:00;0,8149
2026-08-09 12:00;0,9711
2026-08-09 13:00;0,9630
2026-08-09 14:00;0,9421
2026-08-09 15:00;0,8424
2026-08-09 16:00;0,6757
2026-08-09 17:00;0,4841
2026-08-09 18:00;0,2557
2026-08-09 19:00;0,1500
2026-08-09 20:00;0,1500
2026-08-09 21:00;0,0000
2026-08-09 22:00;0,0000
2026-08-09 23:00;0,0000
2026-08-10 00:00;0,0000
2026-08-10 01:00;0,0000
2026-08-10 02:00;0,0000
2026-08-10 03:00;0,0000
2026-08-10 04:00;0,0000
2026-08-10 05:00;0,0000
2026-08-10 06:00;0,1500
2026-08-10 07:00;0,1500
2026-08-10 08:00;0,1500
2026-08-10 09:00;0,2468
2026-08-10 10:00;0,4283
2026-08-10 11:00;0,5234
2026-08-10 12:00;0,6356
2026-08-10 13:00;0,8219
2026-08-10 14:00;0,8739
2026-08-10 15:00;0,8702
2026-08-10 16:00;0,7015
2026-08-10 17:00;0,5256
2026-08-10 18:00;0,4395
2026-08-10 19:00;0,2615
2026-08-10 20:00;0,1500
2026-08-10 21:00;0,0000
2026-08-10 22:00;0,0000
2026-08-10 23:00;0,0000
2026-08-11 00:00;0,0000
2026-08-11 01:00;0,0000
2026-08-11 02:00;0,0000
2026-08-11 03:00;0,0000
2026-08-11 04:00;0,0000
2026-08-11 05:00;0,0000
2026-08-11 06:00;0,1500
2026-08-11 07:00;0,1500
2026-08-11 08:00;0,1500
2026-08-11 09:00;0,2496
2026-08-11 10:00;0,4088
2026-08-11 11:00;0,6332
2026-08-11 12:00;0,7617
2026-08-11 13:00;0,9319
2026-08-11 14:00;0,9931
2026-08-11 15:00;0,7651
2026-08-11 16:00;0,7419
2026-08-11 17:00;0,6202
2026-08-11 18:00;0,3889
2026-08-11 19:00;0,2355
2026-08-11 20:00;0,1500
2026-08-11 21:00;0,0000
2026-08-11 22:00;0,0000
2026-08-11 23:00;0,0000
2026-08-12 00:00;0,0000
2026-08-12 01:00;0,0000
2026-08-12 02:00;0,0000
2026-08-12 03:00;0,0000
2026-08-12 04:00;0,0000
2026-08-12 05:00;0,0000
2026-08-12 06:00;0,1500
2026-08-12 07:00;0,1500
2026-08-12 08:00;0,1500
2026-08-12 09:00;0,2455
2026-08-12 10:00;0,4418
2026-08-12 11:00;0,5807
2026-08-12 12:00;0,7589
2026-08-12 13:00;0,8663
2026-08-12 14:00;0,9096
2026-08-12 15:00;0,9005
2026-08-12 16:00;0,8045
2026-08-12 17:00;0,5921
2026-08-12 18:00;0,3718
2026-08-12 19:00;0,2067
2026-08-12 20:00;0,1500
2026-08-12 21:00;0,0000
2026-08-12 22:00;0,0000
2026-08-12 23:00;0,0000
2026-08-13 00:00;0,0000
2026-08-13 01:00;0,0000
2026-08-13 02:00;0,0000
2026-08-13 03:00;0,0000
2026-08-13 04:00;0,0000
2026-08-13 05:00;0,0000
2026-08-13 06:00;0,1500
2026-08-13 07:00;0,1500
2026-08-13 08:00;0,1701
2026-08-13 09:00;0,3321
2026-08-13 10:00;0,4718
2026-08-13 11:00;0,5975
2026-08-13 12:00;0,6623
2026-08-13 13:00;0,9785
2026-08-13 14:00;0,8761
2026-08-13 15:00;0,6095
2026-08-13 16:00;0,4049
2026-08-13 17:00;0,6299
2026-08-13 18:00;0,4707
2026-08-13 19:00;0,2666
2026-08-13 20:00;0,1500
2026-08-13 21:00;0,0000
2026-08-13 22:00;0,0000
2026-08-13 23:00;0,0000
2026-08-14 00:00;0,0000
2026-08-14 01:00;0,0000
2026-08-14 02:00;0,0000
2026-08-14 03:00;0,0000
2026-08-14 04:00;0,0000
2026-08-14 05:00;0,0000
2026-08-14 06:00;0,1500
2026-08-14 07:00;0,1500
2026-08-14 08:00;0,1651
2026-08-14 09:00;0,3788
2026-08-14 10:00;0,5716
2026-08-14 11:00;0,8056
2026-08-14 12:00;0,9765
2026-08-14 13:00;0,9447
2026-08-14 14:00;0,9040
2026-08-14 15:00;0,8282
2026-08-14 16:00;0,8091
2026-08-14 17:00;0,5217
2026-08-14 18:00;0,4283
2026-08-14 19:00;0,2216
2026-08-14 20:00;0,1500
2026-08-14 21:00;0,0000
2026-08-14 22:00;0,0000
2026-08-14 23:00;0,0000
2026-08-15 00:00;0,0000
2026-08-15 01:00;0,0000
2026-08-15 02:00;0,0000
2026-08-15 03:00;0,0000
2026-08-15 04:00;0,0000
2026-08-15 05:00;0,0000
2026-08-15 06:00;0,1500
2026-08-15 07:00;0,1632
2026-08-15 08:00;0,3065
2026-08-15 09:00;0,3758
2026-08-15 10:00;0,4918
2026-08-15 11:00;0,5717
2026-08-15 12:00;0,7200
2026-08-15 13:00;0,8363
2026-08-15 14:00;0,7784
2026-08-15 15:00;0,8028
2026-08-15 16:00;0,5963
2026-08-15 17:00;0,4367
2026-08-15 18:00;0,2528
2026-08-15 19:00;0,1500
2026-08-15 20:00;0,1500
2026-08-15 21:00;0,0000
2026-08-15 22:00;0,0000
2026-08-15 23:00;0,0000
2026-08-16 00:00;0,0000
2026-08-16 01:00;0,0000
2026-08-16 02:00;0,0000
2026-08-16 03:00;0,0000
2026-08-16 04:00;0,0000
2026-08-16 05:00;0,0000
2026-08-16 06:00;0,1500
2026-08-16 07:00;0,1500
2026-08-16 08:00;0,1500
2026-08-16 09:00;0,3014
2026-08-16 10:00;0,3326
2026-08-16 11:00;0,4763
2026-08-16 12:00;0,3483
2026-08-16 13:00;0,8726
2026-08-16 14:00;0,8990
2026-08-16 15:00;0,8547
2026-08-16 16:00;0,7047
2026-08-16 17:00;0,5446
2026-08-16 18:00;0,4364
2026-08-16 19:00;0,2313
2026-08-16 20:00;0,1500
2026-08-16 21:00;0,0000
2026-08-16 22:00;0,0000
2026-08-16 23:00;0,0000
2026-08-17 00:00;0,0000
2026-08-17 01:00;0,0000
2026-08-17 02:00;0,0000
2026-08-17 03:00;0,0000
2026-08-17 04:00;0,0000
2026-08-17 05:00;0,0000
2026-08-17 06:00;0,1500
2026-08-17 07:00;0,1500
2026-08-17 08:00;0,1500
2026-08-17 09:00;0,2720
2026-08-17 10:00;0,4967
2026-08-17 11:00;0,7120
2026-08-17 12:00;0,8392
2026-08-17 13:00;0,9320
2026-08-17 14:00;0,8318
2026-08-17 15:00;0,7427
2026-08-17 16:00;0,7218
2026-08-17 17:00;0,6070
2026-08-17 18:00;0,3704
2026-08-17 19:00;0,1791
2026-08-17 20:00;0,1500
2026-08-17 21:00;0,0000
2026-08-17 22:00;0,0000
2026-08-17 23:00;0,0000
2026-08-18 00:00;0,0000
2026-08-18 01:00;0,0000
2026-08-18 02:00;0,0000
2026-08-18 03:00;0,0000
2026-08-18 04:00;0,0000
2026-08-18 05:00;0,0000
2026-08-18 06:00;0,1500
2026-08-18 07:00;0,1500
2026-08-18 08:00;0,2420
2026-08-18 09:00;0,4648
2026-08-18 10:00;0,6585
2026-08-18 11:00;0,7898
2026-08-18 12:00;0,9239
2026-08-18 13:00;0,9304
2026-08-18 14:00;0,8971
2026-08-18 15:00;0,8065
2026-08-18 16:00;0,6033
2026-08-18 17:00;0,3792
2026-08-18 18:00;0,1685
2026-08-18 19:00;0,1500
2026-08-18 20:00;0,1500
2026-08-18 21:00;0,0000
2026-08-18 22:00;0,0000
2026-08-18 23:00;0,0000
2026-08-19 00:00;0,0000
2026-08-19 01:00;0,0000
2026-08-19 02:00;0,0000
2026-08-19 03:00;0,0000
2026-08-19 04:00;0,0000
2026-08-19 05:00;0,0000
2026-08-19 06:00;0,1500
2026-08-19 07:00;0,1500
2026-08-19 08:00;0,1500
2026-08-19 09:00;0,3353
2026-08-19 10:00;0,4697
2026-08-19 11:00;0,6181
2026-08-19 12:00;0,7961
2026-08-19 13:00;0,8470
2026-08-19 14:00;0,6886
2026-08-19 15:00;0,6599
2026-08-19 16:00;0,4879
2026-08-19 17:00;0,5366
2026-08-19 18:00;0,3817
2026-08-19 19:00;0,2338
2026-08-19 20:00;0,1500
2026-08-19 21:00;0,0000
2026-08-19 22:00;0,0000
2026-08-19 23:00;0,0000
2026-08-20 00:00;0,0000
2026-08-20 01:00;0,0000
2026-08-20 02:00;0,0000
2026-08-20 03:00;0,0000
2026-08-20 04:00;0,0000
2026-08-20 05:00;0,0000
2026-08-20 06:00;0,1500
2026-08-20 07:00;0,1500
2026-08-20 08:00;0,2362
2026-08-20 09:00;0,4068
2026-08-20 10:00;0,5235
2026-08-20 11:00;0,6425
2026-08-20 12:00;0,6827
2026-08-20 13:00;0,7014
2026-08-20 14:00;0,7993
2026-08-20 15:00;0,6435
2026-08-20 16:00;0,5105
2026-08-20 17:00;0,3432
2026-08-20 18:00;0,2418
2026-08-20 19:00;0,1500
2026-08-20 20:00;0,1500
2026-08-20 21:00;0,0000
2026-08-20 22:00;0,0000
2026-08-20 23:00;0,0000
2026-08-21 00:00;0,0000
2026-08-21 01:00;0,0000
2026-08-21 02:00;0,0000
2026-08-21 03:00;0,0000
2026-08-21 04:00;0,0000
2026-08-21 05:00;0,0000
2026-08-21 06:00;0,1500
2026-08-21 07:00;0,1500
2026-08-21 08:00;0,1500
2026-08-21 09:00;0,2478
2026-08-21 10:00;0,4028
2026-08-21 11:00;0,4879
2026-08-21 12:00;0,5797
2026-08-21 13:00;0,7670
2026-08-21 14:00;0,9045
2026-08-21 15:00;0,7388
2026-08-21 16:00;0,6197
2026-08-21 17:00;0,5720
2026-08-21 18:00;0,3533
2026-08-21 19:00;0,2032
2026-08-21 20:00;0,1500
2026-08-21 21:00;0,0000
2026-08-21 22:00;0,0000
2026-08-21 23:00;0,0000
2026-08-22 00:00;0,0000
2026-08-22 01:00;0,0000
2026-08-22 02:00;0,0000
2026-08-22 03:00;0,0000
2026-08-22 04:00;0,0000
2026-08-22 05:00;0,0000
2026-08-22 06:00;0,1500
2026-08-22 07:00;0,1500
2026-08-22 08:00;0,1500
2026-08-22 09:00;0,3513
2026-08-22 10:00;0,4842
2026-08-22 11:00;0,6547
2026-08-22 12:00;0,7407
2026-08-22 13:00;0,8830
2026-08-22 14:00;0,8070
2026-08-22 15:00;0,8312
2026-08-22 16:00;0,7275
2026-08-22 17:00;0,5407
2026-08-22 18:00;0,4062
2026-08-22 19:00;0,1924
2026-08-22 20:00;0,1500
2026-08-22 21:00;0,0000
2026-08-22 22:00;0,0000
2026-08-22 23:00;0,0000
2026-08-23 00:00;0,0000
2026-08-23 01:00;0,0000
2026-08-23 02:00;0,0000
2026-08-23 03:00;0,0000
2026-08-23 04:00;0,0000
2026-08-23 05:00;0,0000
2026-08-23 06:00;0,1500
2026-08-23 07:00;0,1500
2026-08-23 08:00;0,2558
2026-08-23 09:00;0,4405
2026-08-23 10:00;0,6325
2026-08-23 11:00;0,8249
2026-08-23 12:00;0,9764
2026-08-23 13:00;1,0000
2026-08-23 14:00;0,8866
2026-08-23 15:00;0,7197
2026-08-23 16:00;0,6265
2026-08-23 17:00;0,4316
2026-08-23 18:00;0,2220
2026-08-23 19:00;0,1500
2026-08-23 20:00;0,1500
2026-08-23 21:00;0,0000
2026-08-23 22:00;0,0000
2026-08-23 23:00;0,0000
2026-08-24 00:00;0,0000
2026-08-24 01:00;0,0000
2026-08-24 02:00;0,0000
2026-08-24 03:00;0,0000
2026-08-24 04:00;0,0000
2026-08-24 05:00;0,0000
2026-08-24 06:00;0,1500
2026-08-24 07:00;0,1500
2026-08-24 08:00;0,1500
2026-08-24 09:00;0,3056
2026-08-24 10:00;0,4560
2026-08-24 11:00;0,6810
2026-08-24 12:00;0,7868
2026-08-24 13:00;0,7435
2026-08-24 14:00;0,8435
2026-08-24 15:00;0,8612
2026-08-24 16:00;0,8113
2026-08-24 17:00;0,6443
2026-08-24 18:00;0,4197
2026-08-24 19:00;0,2179
2026-08-24 20:00;0,1500
2026-08-24 21:00;0,0000
2026-08-24 22:00;0,0000
2026-08-24 23:00;0,0000
2026-08-25 00:00;0,0000
2026-08-25 01:00;0,0000
2026-08-25 02:00;0,0000
2026-08-25 03:00;0,0000
2026-08-25 04:00;0,0000
2026-08-25 05:00;0,0000
2026-08-25 06:00;0,1500
2026-08-25 07:00;0,1500
2026-08-25 08:00;0,1500
2026-08-25 09:00;0,2653
2026-08-25 10:00;0,4356
2026-08-25 11:00;0,6696
2026-08-25 12:00;0,7034
2026-08-25 13:00;0,6752
2026-08-25 14:00;0,6366
2026-08-25 15:00;0,6478
2026-08-25 16:00;0,4695
2026-08-25 17:00;0,4818
2026-08-25 18:00;0,3695
2026-08-25 19:00;0,1730
2026-08-25 20:00;0,1500
2026-08-25 21:00;0,0000
2026-08-25 22:00;0,0000
2026-08-25 23:00;0,0000
2026-08-26 00:00;0,0000
2026-08-26 01:00;0,0000
2026-08-26 02:00;0,0000
2026-08-26 03:00;0,0000
2026-08-26 04:00;0,0000
2026-08-26 05:00;0,0000
2026-08-26 06:00;0,1500
2026-08-26 07:00;0,1500
2026-08-26 08:00;0,2094
2026-08-26 09:00;0,3842
2026-08-26 10:00;0,5830
2026-08-26 11:00;0,7665
2026-08-26 12:00;0,7949
2026-08-26 13:00;0,7307
2026-08-26 14:00;0,7835
2026-08-26 15:00;0,5960
2026-08-26 16:00;0,4245
2026-08-26 17:00;0,3503
2026-08-26 18:00;0,2044
2026-08-26 19:00;0,1500
2026-08-26 20:00;0,1500
2026-08-26 21:00;0,0000
2026-08-26 22:00;0,0000
2026-08-26 23:00;0,0000
2026-08-27 00:00;0,0000
2026-08-27 01:00;0,0000
2026-08-27 02:00;0,0000
2026-08-27 03:00;0,0000
2026-08-27 04:00;0,0000
2026-08-27 05:00;0,0000
2026-08-27 06:00;0,1500
2026-08-27 07:00;0,1500
2026-08-27 08:00;0,1500
2026-08-27 09:00;0,2743
2026-08-27 10:00;0,4780
2026-08-27 11:00;0,6939
2026-08-27 12:00;0,8231
2026-08-27 13:00;0,9063
2026-08-27 14:00;0,8268
2026-08-27 15:00;0,7098
2026-08-27 16:00;0,6433
2026-08-27 17:00;0,5808
2026-08-27 18:00;0,3463
2026-08-27 19:00;0,1553
2026-08-27 20:00;0,1500
2026-08-27 21:00;0,0000
2026-08-27 22:00;0,0000
2026-08-27 23:00;0,0000
2026-08-28 00:00;0,0000
2026-08-28 01:00;0,0000
2026-08-28 02:00;0,0000
2026-08-28 03:00;0,0000
2026-08-28 04:00;0,0000
2026-08-28 05:00;0,0000
2026-08-28 06:00;0,1500
2026-08-28 07:00;0,1500
2026-08-28 08:00;0,1500
2026-08-28 09:00;0,3080
2026-08-28 10:00;0,4778
2026-08-28 11:00;0,6481
2026-08-28 12:00;0,7580
2026-08-28 13:00;0,8759
2026-08-28 14:00;0,9043
2026-08-28 15:00;0,8804
2026-08-28 16:00;0,6999
2026-08-28 17:00;0,6044
2026-08-28 18:00;0,4135
2026-08-28 19:00;0,2300
2026-08-28 20:00;0,1500
2026-08-28 21:00;0,0000
2026-08-28 22:00;0,0000
2026-08-28 23:00;0,0000
2026-08-29 00:00;0,0000
2026-08-29 01:00;0,0000
2026-08-29 02:00;0,0000
2026-08-29 03:00;0,0000
2026-08-29 04:00;0,0000
2026-08-29 05:00;0,0000
2026-08-29 06:00;0,1500
2026-08-29 07:00;0,1500
2026-08-29 08:00;0,1500
2026-08-29 09:00;0,2185
2026-08-29 10:00;0,3952
2026-08-29 11:00;0,5641
2026-08-29 12:00;0,7226
2026-08-29 13:00;0,7671
2026-08-29 14:00;0,8155
2026-08-29 15:00;0,9092
2026-08-29 16:00;0,7552
2026-08-29 17:00;0,6281
2026-08-29 18:00;0,4704
2026-08-29 19:00;0,2872
2026-08-29 20:00;0,1500
2026-08-29 21:00;0,0000
2026-08-29 22:00;0,0000
2026-08-29 23:00;0,0000
2026-08-30 00:00;0,0000
2026-08-30 01:00;0,0000
2026-08-30 02:00;0,0000
2026-08-30 03:00;0,0000
2026-08-30 04:00;0,0000
2026-08-30 05:00;0,0000
2026-08-30 06:00;0,1500
2026-08-30 07:00;0,1500
2026-08-30 08:00;0,1500
2026-08-30 09:00;0,3202
2026-08-30 10:00;0,5446
2026-08-30 11:00;0,6442
2026-08-30 12:00;0,7080
2026-08-30 13:00;0,7893
2026-08-30 14:00;0,9000
2026-08-30 15:00;0,9020
2026-08-30 16:00;0,8210
2026-08-30 17:00;0,5782
2026-08-30 18:00;0,4134
2026-08-30 19:00;0,1906
2026-08-30 20:00;0,1500
2026-08-30 21:00;0,0000
2026-08-30 22:00;0,0000
2026-08-30 23:00;0,0000
2026-08-31 00:00;0,0000
2026-08-31 01:00;0,0000
2026-08-31 02:00;0,0000
2026-08-31 03:00;0,0000
2026-08-31 04:00;0,0000
2026-08-31 05:00;0,0000
2026-08-31 06:00;0,1500
2026-08-31 07:00;0,1500
2026-08-31 08:00;0,1519
2026-08-31 09:00;0,2990
2026-08-31 10:00;0,4642
2026-08-31 11:00;0,6886
2026-08-31 12:00;0,8462
2026-08-31 13:00;0,9171
2026-08-31 14:00;0,8725
2026-08-31 15:00;0,7478
2026-08-31 16:00;0,6399
2026-08-31 17:00;0,5593
2026-08-31 18:00;0,3991
2026-08-31 19:00;0,2602
2026-08-31 20:00;0,1500
2026-08-31 21:00;0,0000
2026-08-31 22:00;0,0000
2026-08-31 23:00;0,0000
2026-09-01 00:00;0,0000
2026-09-01 01:00;0,0000
2026-09-01 02:00;0,0000
2026-09-01 03:00;0,0000
2026-09-01 04:00;0,0000
2026-09-01 05:00;0,0000
2026-09-01 06:00;0,0000
2026-09-01 07:00;0,1500
2026-09-01 08:00;0,1500
2026-09-01 09:00;0,1969
2026-09-01 10:00;0,2789
2026-09-01 11:00;0,5670
2026-09-01 12:00;0,6743
2026-09-01 13:00;0,7141
2026-09-01 14:00;0,7166
2026-09-01 15:00;0,5949
2026-09-01 16:00;0,5457
2026-09-01 17:00;0,4198
2026-09-01 18:00;0,2864
2026-09-01 19:00;0,1500
2026-09-01 20:00;0,0000
2026-09-01 21:00;0,0000
2026-09-01 22:00;0,0000
2026-09-01 23:00;0,0000
2026-09-02 00:00;0,0000
2026-09-02 01:00;0,0000
2026-09-02 02:00;0,0000
2026-09-02 03:00;0,0000
2026-09-02 04:00;0,0000
2026-09-02 05:00;0,0000
2026-09-02 06:00;0,0000
2026-09-02 07:00;0,1500
2026-09-02 08:00;0,1500
2026-09-02 09:00;0,2125
2026-09-02 10:00;0,3447
2026-09-02 11:00;0,4621
2026-09-02 12:00;0,6358
2026-09-02 13:00;0,6865
2026-09-02 14:00;0,6723
2026-09-02 15:00;0,6970
2026-09-02 16:00;0,5425
2026-09-02 17:00;0,3627
2026-09-02 18:00;0,2273
2026-09-02 19:00;0,1500
2026-09-02 20:00;0,0000
2026-09-02 21:00;0,0000
2026-09-02 22:00;0,0000
2026-09-02 23:00;0,0000
2026-09-03 00:00;0,0000
2026-09-03 01:00;0,0000
2026-09-03 02:00;0,0000
2026-09-03 03:00;0,0000
2026-09-03 04:00;0,0000
2026-09-03 05:00;0,0000
2026-09-03 06:00;0,0000
2026-09-03 07:00;0,1500
2026-09-03 08:00;0,1500
2026-09-03 09:00;0,1856
2026-09-03 10:00;0,3369
2026-09-03 11:00;0,4598
2026-09-03 12:00;0,6744
2026-09-03 13:00;0,6733
2026-09-03 14:00;0,7784
2026-09-03 15:00;0,7320
2026-09-03 16:00;0,5973
2026-09-03 17:00;0,3789
2026-09-03 18:00;0,2024
2026-09-03 19:00;0,1500
2026-09-03 20:00;0,0000
2026-09-03 21:00;0,0000
2026-09-03 22:00;0,0000
2026-09-03 23:00;0,0000
2026-09-04 00:00;0,0000
2026-09-04 01:00;0,0000
2026-09-04 02:00;0,0000
2026-09-04 03:00;0,0000
2026-09-04 04:00;0,0000
2026-09-04 05:00;0,0000
2026-09-04 06:00;0,0000
2026-09-04 07:00;0,1500
2026-09-04 08:00;0,1500
2026-09-04 09:00;0,1508
2026-09-04 10:00;0,3129
2026-09-04 11:00;0,5526
2026-09-04 12:00;0,7293
2026-09-04 13:00;0,6860
2026-09-04 14:00;0,7877
2026-09-04 15:00;0,7267
2026-09-04 16:00;0,5124
2026-09-04 17:00;0,4209
2026-09-04 18:00;0,2407
2026-09-04 19:00;0,1500
2026-09-04 20:00;0,0000
2026-09-04 21:00;0,0000
2026-09-04 22:00;0,0000
2026-09-04 23:00;0,0000
2026-09-05 00:00;0,0000
2026-09-05 01:00;0,0000
2026-09-05 02:00;0,0000
2026-09-05 03:00;0,0000
2026-09-05 04:00;0,0000
2026-09-05 05:00;0,0000
2026-09-05 06:00;0,0000
2026-09-05 07:00;0,1500
2026-09-05 08:00;0,1870
2026-09-05 09:00;0,4096
2026-09-05 10:00;0,6405
2026-09-05 11:00;0,7814
2026-09-05 12:00;0,7475
2026-09-05 13:00;0,6798
2026-09-05 14:00;0,6126
2026-09-05 15:00;0,4942
2026-09-05 16:00;0,3672
2026-09-05 17:00;0,2625
2026-09-05 18:00;0,1500
2026-09-05 19:00;0,1500
2026-09-05 20:00;0,0000
2026-09-05 21:00;0,0000
2026-09-05 22:00;0,0000
2026-09-05 23:00;0,0000
2026-09-06 00:00;0,0000
2026-09-06 01:00;0,0000
2026-09-06 02:00;0,0000
2026-09-06 03:00;0,0000
2026-09-06 04:00;0,0000
2026-09-06 05:00;0,0000
2026-09-06 06:00;0,0000
2026-09-06 07:00;0,1500
2026-09-06 08:00;0,1500
2026-09-06 09:00;0,1931
2026-09-06 10:00;0,3541
2026-09-06 11:00;0,5198
2026-09-06 12:00;0,6249
2026-09-06 13:00;0,6719
2026-09-06 14:00;0,6454
2026-09-06 15:00;0,5477
2026-09-06 16:00;0,4267
2026-09-06 17:00;0,3491
2026-09-06 18:00;0,1662
2026-09-06 19:00;0,1500
2026-09-06 20:00;0,0000
2026-09-06 21:00;0,0000
2026-09-06 22:00;0,0000
2026-09-06 23:00;0,0000
2026-09-07 00:00;0,0000
2026-09-07 01:00;0,0000
2026-09-07 02:00;0,0000
2026-09-07 03:00;0,0000
2026-09-07 04:00;0,0000
2026-09-07 05:00;0,0000
2026-09-07 06:00;0,0000
2026-09-07 07:00;0,1500
2026-09-07 08:00;0,1500
2026-09-07 09:00;0,3011
2026-09-07 10:00;0,4635
2026-09-07 11:00;0,6498
2026-09-07 12:00;0,6280
2026-09-07 13:00;0,7371
2026-09-07 14:00;0,6483
2026-09-07 15:00;0,5209
2026-09-07 16:00;0,3410
2026-09-07 17:00;0,2380
2026-09-07 18:00;0,1500
2026-09-07 19:00;0,1500
2026-09-07 20:00;0,0000
2026-09-07 21:00;0,0000
2026-09-07 22:00;0,0000
2026-09-07 23:00;0,0000
2026-09-08 00:00;0,0000
2026-09-08 01:00;0,0000
2026-09-08 02:00;0,0000
2026-09-08 03:00;0,0000
2026-09-08 04:00;0,0000
2026-09-08 05:00;0,0000
2026-09-08 06:00;0,0000
2026-09-08 07:00;0,1500
2026-09-08 08:00;0,1500
2026-09-08 09:00;0,1778
2026-09-08 10:00;0,3601
2026-09-08 11:00;0,5890
2026-09-08 12:00;0,6391
2026-09-08 13:00;0,6733
2026-09-08 14:00;0,7071
2026-09-08 15:00;0,5961
2026-09-08 16:00;0,4890
2026-09-08 17:00;0,3873
2026-09-08 18:00;0,2628
2026-09-08 19:00;0,1500
2026-09-08 20:00;0,0000
2026-09-08 21:00;0,0000
2026-09-08 22:00;0,0000
2026-09-08 23:00;0,0000
2026-09-09 00:00;0,0000
2026-09-09 01:00;0,0000
2026-09-09 02:00;0,0000
2026-09-09 03:00;0,0000
2026-09-09 04:00;0,0000
2026-09-09 05:00;0,0000
2026-09-09 06:00;0,0000
2026-09-09 07:00;0,1500
2026-09-09 08:00;0,2410
2026-09-09 09:00;0,4735
2026-09-09 10:00;0,6017
2026-09-09 11:00;0,6769
2026-09-09 12:00;0,7481
2026-09-09 13:00;0,7878
2026-09-09 14:00;0,7440
2026-09-09 15:00;0,6491
2026-09-09 16:00;0,4216
2026-09-09 17:00;0,2132
2026-09-09 18:00;0,1500
2026-09-09 19:00;0,1500
2026-09-09 20:00;0,0000
2026-09-09 21:00;0,0000
2026-09-09 22:00;0,0000
2026-09-09 23:00;0,0000
2026-09-10 00:00;0,0000
2026-09-10 01:00;0,0000
2026-09-10 02:00;0,0000
2026-09-10 03:00;0,0000
2026-09-10 04:00;0,0000
2026-09-10 05:00;0,0000
2026-09-10 06:00;0,0000
2026-09-10 07:00;0,1500
2026-09-10 08:00;0,1500
2026-09-10 09:00;0,1889
2026-09-10 10:00;0,4017
2026-09-10 11:00;0,5466
2026-09-10 12:00;0,7134
2026-09-10 13:00;0,7615
2026-09-10 14:00;0,6957
2026-09-10 15:00;0,6463
2026-09-10 16:00;0,5489
2026-09-10 17:00;0,3854
2026-09-10 18:00;0,2241
2026-09-10 19:00;0,1500
2026-09-10 20:00;0,0000
2026-09-10 21:00;0,0000
2026-09-10 22:00;0,0000
2026-09-10 23:00;0,0000
2026-09-11 00:00;0,0000
2026-09-11 01:00;0,0000
2026-09-11 02:00;0,0000
2026-09-11 03:00;0,0000
2026-09-11 04:00;0,0000
2026-09-11 05:00;0,0000
2026-09-11 06:00;0,0000
2026-09-11 07:00;0,1500
2026-09-11 08:00;0,1500
2026-09-11 09:00;0,1967
2026-09-11 10:00;0,3476
2026-09-11 11:00;0,5678
2026-09-11 12:00;0,6165
2026-09-11 13:00;0,6796
2026-09-11 14:00;0,7342
2026-09-11 15:00;0,6922
2026-09-11 16:00;0,5756
2026-09-11 17:00;0,4403
2026-09-11 18:00;0,2323
2026-09-11 19:00;0,1500
2026-09-11 20:00;0,0000
2026-09-11 21:00;0,0000
2026-09-11 22:00;0,0000
2026-09-11 23:00;0,0000
2026-09-12 00:00;0,0000
2026-09-12 01:00;0,0000
2026-09-12 02:00;0,0000
2026-09-12 03:00;0,0000
2026-09-12 04:00;0,0000
2026-09-12 05:00;0,0000
2026-09-12 06:00;0,0000
2026-09-12 07:00;0,1500
2026-09-12 08:00;0,1500
2026-09-12 09:00;0,3317
2026-09-12 10:00;0,5563
2026-09-12 11:00;0,6682
2026-09-12 12:00;0,7380
2026-09-12 13:00;0,8111
2026-09-12 14:00;0,7263
2026-09-12 15:00;0,5994
2026-09-12 16:00;0,4958
2026-09-12 17:00;0,2804
2026-09-12 18:00;0,1500
2026-09-12 19:00;0,1500
2026-09-12 20:00;0,0000
2026-09-12 21:00;0,0000
2026-09-12 22:00;0,0000
2026-09-12 23:00;0,0000
2026-09-13 00:00;0,0000
2026-09-13 01:00;0,0000
2026-09-13 02:00;0,0000
2026-09-13 03:00;0,0000
2026-09-13 04:00;0,0000
2026-09-13 05:00;0,0000
2026-09-13 06:00;0,0000
2026-09-13 07:00;0,1500
2026-09-13 08:00;0,1500
2026-09-13 09:00;0,1689
2026-09-13 10:00;0,3796
2026-09-13 11:00;0,4900
2026-09-13 12:00;0,6141
2026-09-13 13:00;0,6804
2026-09-13 14:00;0,6840
2026-09-13 15:00;0,6227
2026-09-13 16:00;0,5732
2026-09-13 17:00;0,4336
2026-09-13 18:00;0,2552
2026-09-13 19:00;0,1500
2026-09-13 20:00;0,0000
2026-09-13 21:00;0,0000
2026-09-13 22:00;0,0000
2026-09-13 23:00;0,0000
2026-09-14 00:00;0,0000
2026-09-14 01:00;0,0000
2026-09-14 02:00;0,0000
2026-09-14 03:00;0,0000
2026-09-14 04:00;0,0000
2026-09-14 05:00;0,0000
2026-09-14 06:00;0,0000
2026-09-14 07:00;0,1500
2026-09-14 08:00;0,1500
2026-09-14 09:00;0,2078
2026-09-14 10:00;0,4007
2026-09-14 11:00;0,5892
2026-09-14 12:00;0,7704
2026-09-14 13:00;0,7295
2026-09-14 14:00;0,6774
2026-09-14 15:00;0,6651
2026-09-14 16:00;0,5993
2026-09-14 17:00;0,4044
2026-09-14 18:00;0,1940
2026-09-14 19:00;0,1500
2026-09-14 20:00;0,0000
2026-09-14 21:00;0,0000
2026-09-14 22:00;0,0000
2026-09-14 23:00;0,0000
2026-09-15 00:00;0,0000
2026-09-15 01:00;0,0000
2026-09-15 02:00;0,0000
2026-09-15 03:00;0,0000
2026-09-15 04:00;0,0000
2026-09-15 05:00;0,0000
2026-09-15 06:00;0,0000
2026-09-15 07:00;0,1500
2026-09-15 08:00;0,2017
2026-09-15 09:00;0,3933
2026-09-15 10:00;0,6179
2026-09-15 11:00;0,6442
2026-09-15 12:00;0,6491
2026-09-15 13:00;0,7469
2026-09-15 14:00;0,6490
2026-09-15 15:00;0,5321
2026-09-15 16:00;0,3516
2026-09-15 17:00;0,2274
2026-09-15 18:00;0,1500
2026-09-15 19:00;0,1500
2026-09-15 20:00;0,0000
2026-09-15 21:00;0,0000
2026-09-15 22:00;0,0000
2026-09-15 23:00;0,0000
2026-09-16 00:00;0,0000
2026-09-16 01:00;0,0000
2026-09-16 02:00;0,0000
2026-09-16 03:00;0,0000
2026-09-16 04:00;0,0000
2026-09-16 05:00;0,0000
2026-09-16 06:00;0,0000
2026-09-16 07:00;0,1500
2026-09-16 08:00;0,1500
2026-09-16 09:00;0,2291
2026-09-16 10:00;0,3805
2026-09-16 11:00;0,5676
2026-09-16 12:00;0,6890
2026-09-16 13:00;0,6559
2026-09-16 14:00;0,6825
2026-09-16 15:00;0,6095
2026-09-16 16:00;0,5158
2026-09-16 17:00;0,4237
2026-09-16 18:00;0,2422
2026-09-16 19:00;0,1500
2026-09-16 20:00;0,0000
2026-09-16 21:00;0,0000
2026-09-16 22:00;0,0000
2026-09-16 23:00;0,0000
2026-09-17 00:00;0,0000
2026-09-17 01:00;0,0000
2026-09-17 02:00;0,0000
2026-09-17 03:00;0,0000
2026-09-17 04:00;0,0000
2026-09-17 05:00;0,0000
2026-09-17 06:00;0,0000
2026-09-17 07:00;0,1500
2026-09-17 08:00;0,2095
2026-09-17 09:00;0,3912
2026-09-17 10:00;0,5678
2026-09-17 11:00;0,7521
2026-09-17 12:00;0,8640
2026-09-17 13:00;0,7577
2026-09-17 14:00;0,6822
2026-09-17 15:00;0,6214
2026-09-17 16:00;0,4067
2026-09-17 17:00;0,2606
2026-09-17 18:00;0,1500
2026-09-17 19:00;0,1500
2026-09-17 20:00;0,0000
2026-09-17 21:00;0,0000
2026-09-17 22:00;0,0000
2026-09-17 23:00;0,0000
2026-09-18 00:00;0,0000
2026-09-18 01:00;0,0000
2026-09-18 02:00;0,0000
2026-09-18 03:00;0,0000
2026-09-18 04:00;0,0000
2026-09-18 05:00;0,0000
2026-09-18 06:00;0,0000
2026-09-18 07:00;0,1500
2026-09-18 08:00;0,1500
2026-09-18 09:00;0,2234
2026-09-18 10:00;0,3548
2026-09-18 11:00;0,4837
2026-09-18 12:00;0,5555
2026-09-18 13:00;0,6926
2026-09-18 14:00;0,6733
2026-09-18 15:00;0,6684
2026-09-18 16:00;0,6486
2026-09-18 17:00;0,4958
2026-09-18 18:00;0,3127
2026-09-18 19:00;0,1500
2026-09-18 20:00;0,0000
2026-09-18 21:00;0,0000
2026-09-18 22:00;0,0000
2026-09-18 23:00;0,0000
2026-09-19 00:00;0,0000
2026-09-19 01:00;0,0000
2026-09-19 02:00;0,0000
2026-09-19 03:00;0,0000
2026-09-19 04:00;0,0000
2026-09-19 05:00;0,0000
2026-09-19 06:00;0,0000
2026-09-19 07:00;0,1500
2026-09-19 08:00;0,1500
2026-09-19 09:00;0,1514
2026-09-19 10:00;0,3704
2026-09-19 11:00;0,5098
2026-09-19 12:00;0,6848
2026-09-19 13:00;0,7449
2026-09-19 14:00;0,7009
2026-09-19 15:00;0,6390
2026-09-19 16:00;0,5661
2026-09-19 17:00;0,4171
2026-09-19 18:00;0,2052
2026-09-19 19:00;0,1500
2026-09-19 20:00;0,0000
2026-09-19 21:00;0,0000
2026-09-19 22:00;0,0000
2026-09-19 23:00;0,0000
2026-09-20 00:00;0,0000
2026-09-20 01:00;0,0000
2026-09-20 02:00;0,0000
2026-09-20 03:00;0,0000
2026-09-20 04:00;0,0000
2026-09-20 05:00;0,0000
2026-09-20 06:00;0,0000
2026-09-20 07:00;0,1500
2026-09-20 08:00;0,1500
2026-09-20 09:00;0,2942
2026-09-20 10:00;0,4356
2026-09-20 11:00;0,5672
2026-09-20 12:00;0,5711
2026-09-20 13:00;0,5255
2026-09-20 14:00;0,6069
2026-09-20 15:00;0,5335
2026-09-20 16:00;0,4615
2026-09-20 17:00;0,3240
2026-09-20 18:00;0,1521
2026-09-20 19:00;0,1500
2026-09-20 20:00;0,0000
2026-09-20 21:00;0,0000
2026-09-20 22:00;0,0000
2026-09-20 23:00;0,0000
2026-09-21 00:00;0,0000
2026-09-21 01:00;0,0000
2026-09-21 02:00;0,0000
2026-09-21 03:00;0,0000
2026-09-21 04:00;0,0000
2026-09-21 05:00;0,0000
2026-09-21 06:00;0,0000
2026-09-21 07:00;0,1500
2026-09-21 08:00;0,2028
2026-09-21 09:00;0,4183
2026-09-21 10:00;0,5213
2026-09-21 11:00;0,5972
2026-09-21 12:00;0,6214
2026-09-21 13:00;0,6081
2026-09-21 14:00;0,5772
2026-09-21 15:00;0,4651
2026-09-21 16:00;0,4157
2026-09-21 17:00;0,2457
2026-09-21 18:00;0,1500
2026-09-21 19:00;0,1500
2026-09-21 20:00;0,0000
2026-09-21 21:00;0,0000
2026-09-21 22:00;0,0000
2026-09-21 23:00;0,0000
2026-09-22 00:00;0,0000
2026-09-22 01:00;0,0000
2026-09-22 02:00;0,0000
2026-09-22 03:00;0,0000
2026-09-22 04:00;0,0000
2026-09-22 05:00;0,0000
2026-09-22 06:00;0,0000
2026-09-22 07:00;0,1500
2026-09-22 08:00;0,1500
2026-09-22 09:00;0,2228
2026-09-22 10:00;0,3641
2026-09-22 11:00;0,4897
2026-09-22 12:00;0,5256
2026-09-22 13:00;0,6698
2026-09-22 14:00;0,6495
2026-09-22 15:00;0,6912
2026-09-22 16:00;0,5557
2026-09-22 17:00;0,3897
2026-09-22 18:00;0,2256
2026-09-22 19:00;0,1500
2026-09-22 20:00;0,0000
2026-09-22 21:00;0,0000
2026-09-22 22:00;0,0000
2026-09-22 23:00;0,0000
2026-09-23 00:00;0,0000
2026-09-23 01:00;0,0000
2026-09-23 02:00;0,0000
2026-09-23 03:00;0,0000
2026-09-23 04:00;0,0000
2026-09-23 05:00;0,0000
2026-09-23 06:00;0,0000
2026-09-23 07:00;0,1500
2026-09-23 08:00;0,1500
2026-09-23 09:00;0,1888
2026-09-23 10:00;0,4174
2026-09-23 11:00;0,5922
2026-09-23 12:00;0,7723
2026-09-23 13:00;0,8795
2026-09-23 14:00;0,8902
2026-09-23 15:00;0,8185
2026-09-23 16:00;0,7084
2026-09-23 17:00;0,5283
2026-09-23 18:00;0,2921
2026-09-23 19:00;0,1500
2026-09-23 20:00;0,0000
2026-09-23 21:00;0,0000
2026-09-23 22:00;0,0000
2026-09-23 23:00;0,0000
2026-09-24 00:00;0,0000
2026-09-24 01:00;0,0000
2026-09-24 02:00;0,0000
2026-09-24 03:00;0,0000
2026-09-24 04:00;0,0000
2026-09-24 05:00;0,0000
2026-09-24 06:00;0,0000
2026-09-24 07:00;0,1500
2026-09-24 08:00;0,1500
2026-09-24 09:00;0,2716
2026-09-24 10:00;0,4240
2026-09-24 11:00;0,6127
2026-09-24 12:00;0,7453
2026-09-24 13:00;0,6063
2026-09-24 14:00;0,7903
2026-09-24 15:00;0,5012
2026-09-24 16:00;0,5255
2026-09-24 17:00;0,3442
2026-09-24 18:00;0,1500
2026-09-24 19:00;0,1500
2026-09-24 20:00;0,0000
2026-09-24 21:00;0,0000
2026-09-24 22:00;0,0000
2026-09-24 23:00;0,0000
2026-09-25 00:00;0,0000
2026-09-25 01:00;0,0000
2026-09-25 02:00;0,0000
2026-09-25 03:00;0,0000
2026-09-25 04:00;0,0000
2026-09-25 05:00;0,0000
2026-09-25 06:00;0,0000
2026-09-25 07:00;0,1500
2026-09-25 08:00;0,1835
2026-09-25 09:00;0,3300
2026-09-25 10:00;0,4381
2026-09-25 11:00;0,5580
2026-09-25 12:00;0,6316
2026-09-25 13:00;0,6787
2026-09-25 14:00;0,5925
2026-09-25 15:00;0,4831
2026-09-25 16:00;0,3730
2026-09-25 17:00;0,2628
2026-09-25 18:00;0,1500
2026-09-25 19:00;0,1500
2026-09-25 20:00;0,0000
2026-09-25 21:00;0,0000
2026-09-25 22:00;0,0000
2026-09-25 23:00;0,0000
2026-09-26 00:00;0,0000
2026-09-26 01:00;0,0000
2026-09-26 02:00;0,0000
2026-09-26 03:00;0,0000
2026-09-26 04:00;0,0000
2026-09-26 05:00;0,0000
2026-09-26 06:00;0,0000
2026-09-26 07:00;0,1500
2026-09-26 08:00;0,1500
2026-09-26 09:00;0,1938
2026-09-26 10:00;0,4092
2026-09-26 11:00;0,6335
2026-09-26 12:00;0,7059
2026-09-26 13:00;0,6949
2026-09-26 14:00;0,6287
2026-09-26 15:00;0,6699
2026-09-26 16:00;0,4711
2026-09-26 17:00;0,3263
2026-09-26 18:00;0,1896
2026-09-26 19:00;0,1500
2026-09-26 20:00;0,0000
2026-09-26 21:00;0,0000
2026-09-26 22:00;0,0000
2026-09-26 23:00;0,0000
2026-09-27 00:00;0,0000
2026-09-27 01:00;0,0000
2026-09-27 02:00;0,0000
2026-09-27 03:00;0,0000
2026-09-27 04:00;0,0000
2026-09-27 05:00;0,0000
2026-09-27 06:00;0,0000
2026-09-27 07:00;0,1500
2026-09-27 08:00;0,1500
2026-09-27 09:00;0,2428
2026-09-27 10:00;0,4268
2026-09-27 11:00;0,6069
2026-09-27 12:00;0,5917
2026-09-27 13:00;0,6784
2026-09-27 14:00;0,6942
2026-09-27 15:00;0,5764
2026-09-27 16:00;0,4978
2026-09-27 17:00;0,3069
2026-09-27 18:00;0,1500
2026-09-27 19:00;0,1500
2026-09-27 20:00;0,0000
2026-09-27 21:00;0,0000
2026-09-27 22:00;0,0000
2026-09-27 23:00;0,0000
2026-09-28 00:00;0,0000
2026-09-28 01:00;0,0000
2026-09-28 02:00;0,0000
2026-09-28 03:00;0,0000
2026-09-28 04:00;0,0000
2026-09-28 05:00;0,0000
2026-09-28 06:00;0,0000
2026-09-28 07:00;0,1500
2026-09-28 08:00;0,1500
2026-09-28 09:00;0,1803
2026-09-28 10:00;0,3299
2026-09-28 11:00;0,4625
2026-09-28 12:00;0,5339
2026-09-28 13:00;0,6335
2026-09-28 14:00;0,7258
2026-09-28 15:00;0,7246
2026-09-28 16:00;0,5716
2026-09-28 17:00;0,3982
2026-09-28 18:00;0,2312
2026-09-28 19:00;0,1500
2026-09-28 20:00;0,0000
2026-09-28 21:00;0,0000
2026-09-28 22:00;0,0000
2026-09-28 23:00;0,0000
2026-09-29 00:00;0,0000
2026-09-29 01:00;0,0000
2026-09-29 02:00;0,0000
2026-09-29 03:00;0,0000
2026-09-29 04:00;0,0000
2026-09-29 05:00;0,0000
2026-09-29 06:00;0,0000
2026-09-29 07:00;0,1500
2026-09-29 08:00;0,2200
2026-09-29 09:00;0,3478
2026-09-29 10:00;0,3757
2026-09-29 11:00;0,4383
2026-09-29 12:00;0,5393
2026-09-29 13:00;0,5332
2026-09-29 14:00;0,5546
2026-09-29 15:00;0,5663
2026-09-29 16:00;0,5053
2026-09-29 17:00;0,3096
2026-09-29 18:00;0,1500
2026-09-29 19:00;0,1500
2026-09-29 20:00;0,0000
2026-09-29 21:00;0,0000
2026-09-29 22:00;0,0000
2026-09-29 23:00;0,0000
2026-09-30 00:00;0,0000
2026-09-30 01:00;0,0000
2026-09-30 02:00;0,0000
2026-09-30 03:00;0,0000
2026-09-30 04:00;0,0000
2026-09-30 05:00;0,0000
2026-09-30 06:00;0,0000
2026-09-30 07:00;0,1500
2026-09-30 08:00;0,1500
2026-09-30 09:00;0,1859
2026-09-30 10:00;0,3172
2026-09-30 11:00;0,5335
2026-09-30 12:00;0,6974
2026-09-30 13:00;0,7910
2026-09-30 14:00;0,7088
2026-09-30 15:00;0,5688
2026-09-30 16:00;0,4653
2026-09-30 17:00;0,3468
2026-09-30 18:00;0,2219
2026-09-30 19:00;0,1500
2026-09-30 20:00;0,0000
2026-09-30 21:00;0,0000
2026-09-30 22:00;0,0000
2026-09-30 23:00;0,0000
2026-10-01 00:00;0,0000
2026-10-01 01:00;0,0000
2026-10-01 02:00;0,0000
2026-10-01 03:00;0,0000
2026-10-01 04:00;0,0000
2026-10-01 05:00;0,0000
2026-10-01 06:00;0,0000
2026-10-01 07:00;0,0000
2026-10-01 08:00;0,1500
2026-10-01 09:00;0,1500
2026-10-01 10:00;0,1982
2026-10-01 11:00;0,3824
2026-10-01 12:00;0,5187
2026-10-01 13:00;0,6326
2026-10-01 14:00;0,6648
2026-10-01 15:00;0,5638
2026-10-01 16:00;0,4520
2026-10-01 17:00;0,2367
2026-10-01 18:00;0,1500
2026-10-01 19:00;0,1500
2026-10-01 20:00;0,0000
2026-10-01 21:00;0,0000
2026-10-01 22:00;0,0000
2026-10-01 23:00;0,0000
2026-10-02 00:00;0,0000
2026-10-02 01:00;0,0000
2026-10-02 02:00;0,0000
2026-10-02 03:00;0,0000
2026-10-02 04:00;0,0000
2026-10-02 05:00;0,0000
2026-10-02 06:00;0,0000
2026-10-02 07:00;0,0000
2026-10-02 08:00;0,1500
2026-10-02 09:00;0,1500
2026-10-02 10:00;0,2426
2026-10-02 11:00;0,3268
2026-10-02 12:00;0,4400
2026-10-02 13:00;0,4790
2026-10-02 14:00;0,5332
2026-10-02 15:00;0,4578
2026-10-02 16:00;0,3594
2026-10-02 17:00;0,2196
2026-10-02 18:00;0,1500
2026-10-02 19:00;0,1500
2026-10-02 20:00;0,0000
2026-10-02 21:00;0,0000
2026-10-02 22:00;0,0000
2026-10-02 23:00;0,0000
2026-10-03 00:00;0,0000
2026-10-03 01:00;0,0000
2026-10-03 02:00;0,0000
2026-10-03 03:00;0,0000
2026-10-03 04:00;0,0000
2026-10-03 05:00;0,0000
2026-10-03 06:00;0,0000
2026-10-03 07:00;0,0000
2026-10-03 08:00;0,1500
2026-10-03 09:00;0,2212
2026-10-03 10:00;0,3444
2026-10-03 11:00;0,4532
2026-10-03 12:00;0,5422
2026-10-03 13:00;0,5632
2026-10-03 14:00;0,4932
2026-10-03 15:00;0,3298
2026-10-03 16:00;0,2068
2026-10-03 17:00;0,1500
2026-10-03 18:00;0,1500
2026-10-03 19:00;0,1500
2026-10-03 20:00;0,0000
2026-10-03 21:00;0,0000
2026-10-03 22:00;0,0000
2026-10-03 23:00;0,0000
2026-10-04 00:00;0,0000
2026-10-04 01:00;0,0000
2026-10-04 02:00;0,0000
2026-10-04 03:00;0,0000
2026-10-04 04:00;0,0000
2026-10-04 05:00;0,0000
2026-10-04 06:00;0,0000
2026-10-04 07:00;0,0000
2026-10-04 08:00;0,1500
2026-10-04 09:00;0,1500
2026-10-04 10:00;0,2748
2026-10-04 11:00;0,4446
2026-10-04 12:00;0,5226
2026-10-04 13:00;0,5175
2026-10-04 14:00;0,5992
2026-10-04 15:00;0,5236
2026-10-04 16:00;0,4332
2026-10-04 17:00;0,2731
2026-10-04 18:00;0,1500
2026-10-04 19:00;0,1500
2026-10-04 20:00;0,0000
2026-10-04 21:00;0,0000
2026-10-04 22:00;0,0000
2026-10-04 23:00;0,0000
2026-10-05 00:00;0,0000
2026-10-05 01:00;0,0000
2026-10-05 02:00;0,0000
2026-10-05 03:00;0,0000
2026-10-05 04:00;0,0000
2026-10-05 05:00;0,0000
2026-10-05 06:00;0,0000
2026-10-05 07:00;0,0000
2026-10-05 08:00;0,1500
2026-10-05 09:00;0,1500
2026-10-05 10:00;0,2148
2026-10-05 11:00;0,3003
2026-10-05 12:00;0,4258
2026-10-05 13:00;0,5154
2026-10-05 14:00;0,5050
2026-10-05 15:00;0,5371
2026-10-05 16:00;0,4215
2026-10-05 17:00;0,3182
2026-10-05 18:00;0,1500
2026-10-05 19:00;0,1500
2026-10-05 20:00;0,0000
2026-10-05 21:00;0,0000
2026-10-05 22:00;0,0000
2026-10-05 23:00;0,0000
2026-10-06 00:00;0,0000
2026-10-06 01:00;0,0000
2026-10-06 02:00;0,0000
2026-10-06 03:00;0,0000
2026-10-06 04:00;0,0000
2026-10-06 05:00;0,0000
2026-10-06 06:00;0,0000
2026-10-06 07:00;0,0000
2026-10-06 08:00;0,1500
2026-10-06 09:00;0,1988
2026-10-06 10:00;0,2931
2026-10-06 11:00;0,4368
2026-10-06 12:00;0,6308
2026-10-06 13:00;0,6863
2026-10-06 14:00;0,6650
2026-10-06 15:00;0,5183
2026-10-06 16:00;0,3145
2026-10-06 17:00;0,1500
2026-10-06 18:00;0,1500
2026-10-06 19:00;0,1500
2026-10-06 20:00;0,0000
2026-10-06 21:00;0,0000
2026-10-06 22:00;0,0000
2026-10-06 23:00;0,0000
2026-10-07 00:00;0,0000
2026-10-07 01:00;0,0000
2026-10-07 02:00;0,0000
2026-10-07 03:00;0,0000
2026-10-07 04:00;0,0000
2026-10-07 05:00;0,0000
2026-10-07 06:00;0,0000
2026-10-07 07:00;0,0000
2026-10-07 08:00;0,1500
2026-10-07 09:00;0,1500
2026-10-07 10:00;0,2024
2026-10-07 11:00;0,4307
2026-10-07 12:00;0,5277
2026-10-07 13:00;0,6208
2026-10-07 14:00;0,6341
2026-10-07 15:00;0,5847
2026-10-07 16:00;0,4931
2026-10-07 17:00;0,2812
2026-10-07 18:00;0,1500
2026-10-07 19:00;0,1500
2026-10-07 20:00;0,0000
2026-10-07 21:00;0,0000
2026-10-07 22:00;0,0000
2026-10-07 23:00;0,0000
2026-10-08 00:00;0,0000
2026-10-08 01:00;0,0000
2026-10-08 02:00;0,0000
2026-10-08 03:00;0,0000
2026-10-08 04:00;0,0000
2026-10-08 05:00;0,0000
2026-10-08 06:00;0,0000
2026-10-08 07:00;0,0000
2026-10-08 08:00;0,1500
2026-10-08 09:00;0,1500
2026-10-08 10:00;0,2592
2026-10-08 11:00;0,3617
2026-10-08 12:00;0,5358
2026-10-08 13:00;0,5438
2026-10-08 14:00;0,5171
2026-10-08 15:00;0,4456
2026-10-08 16:00;0,3177
2026-10-08 17:00;0,1783
2026-10-08 18:00;0,1500
2026-10-08 19:00;0,1500
2026-10-08 20:00;0,0000
2026-10-08 21:00;0,0000
2026-10-08 22:00;0,0000
2026-10-08 23:00;0,0000
2026-10-09 00:00;0,0000
2026-10-09 01:00;0,0000
2026-10-09 02:00;0,0000
2026-10-09 03:00;0,0000
2026-10-09 04:00;0,0000
2026-10-09 05:00;0,0000
2026-10-09 06:00;0,0000
2026-10-09 07:00;0,0000
2026-10-09 08:00;0,1500
2026-10-09 09:00;0,1500
2026-10-09 10:00;0,2352
2026-10-09 11:00;0,3847
2026-10-09 12:00;0,4983
2026-10-09 13:00;0,4721
2026-10-09 14:00;0,4570
2026-10-09 15:00;0,4411
2026-10-09 16:00;0,5308
2026-10-09 17:00;0,3843
2026-10-09 18:00;0,1668
2026-10-09 19:00;0,1500
2026-10-09 20:00;0,0000
2026-10-09 21:00;0,0000
2026-10-09 22:00;0,0000
2026-10-09 23:00;0,0000
2026-10-10 00:00;0,0000
2026-10-10 01:00;0,0000
2026-10-10 02:00;0,0000
2026-10-10 03:00;0,0000
2026-10-10 04:00;0,0000
2026-10-10 05:00;0,0000
2026-10-10 06:00;0,0000
2026-10-10 07:00;0,0000
2026-10-10 08:00;0,1500
2026-10-10 09:00;0,1500
2026-10-10 10:00;0,1551
2026-10-10 11:00;0,2050
2026-10-10 12:00;0,3821
2026-10-10 13:00;0,5211
2026-10-10 14:00;0,5848
2026-10-10 15:00;0,4852
2026-10-10 16:00;0,3609
2026-10-10 17:00;0,3536
2026-10-10 18:00;0,1511
2026-10-10 19:00;0,1500
2026-10-10 20:00;0,0000
2026-10-10 21:00;0,0000
2026-10-10 22:00;0,0000
2026-10-10 23:00;0,0000
2026-10-11 00:00;0,0000
2026-10-11 01:00;0,0000
2026-10-11 02:00;0,0000
2026-10-11 03:00;0,0000
2026-10-11 04:00;0,0000
2026-10-11 05:00;0,0000
2026-10-11 06:00;0,0000
2026-10-11 07:00;0,0000
2026-10-11 08:00;0,1500
2026-10-11 09:00;0,1500
2026-10-11 10:00;0,1940
2026-10-11 11:00;0,3002
2026-10-11 12:00;0,4722
2026-10-11 13:00;0,5700
2026-10-11 14:00;0,5610
2026-10-11 15:00;0,5118
2026-10-11 16:00;0,4143
2026-10-11 17:00;0,2578
2026-10-11 18:00;0,1500
2026-10-11 19:00;0,1500
2026-10-11 20:00;0,0000
2026-10-11 21:00;0,0000
2026-10-11 22:00;0,0000
2026-10-11 23:00;0,0000
2026-10-12 00:00;0,0000
2026-10-12 01:00;0,0000
2026-10-12 02:00;0,0000
2026-10-12 03:00;0,0000
2026-10-12 04:00;0,0000
2026-10-12 05:00;0,0000
2026-10-12 06:00;0,0000
2026-10-12 07:00;0,0000
2026-10-12 08:00;0,1500
2026-10-12 09:00;0,1500
2026-10-12 10:00;0,2251
2026-10-12 11:00;0,2754
2026-10-12 12:00;0,4419
2026-10-12 13:00;0,5767
2026-10-12 14:00;0,5230
2026-10-12 15:00;0,4313
2026-10-12 16:00;0,4258
2026-10-12 17:00;0,2865
2026-10-12 18:00;0,1500
2026-10-12 19:00;0,1500
2026-10-12 20:00;0,0000
2026-10-12 21:00;0,0000
2026-10-12 22:00;0,0000
2026-10-12 23:00;0,0000
2026-10-13 00:00;0,0000
2026-10-13 01:00;0,0000
2026-10-13 02:00;0,0000
2026-10-13 03:00;0,0000
2026-10-13 04:00;0,0000
2026-10-13 05:00;0,0000
2026-10-13 06:00;0,0000
2026-10-13 07:00;0,0000
2026-10-13 08:00;0,1500
2026-10-13 09:00;0,1500
2026-10-13 10:00;0,1882
2026-10-13 11:00;0,2925
2026-10-13 12:00;0,4790
2026-10-13 13:00;0,5080
2026-10-13 14:00;0,4550
2026-10-13 15:00;0,4810
2026-10-13 16:00;0,3235
2026-10-13 17:00;0,1920
2026-10-13 18:00;0,1500
2026-10-13 19:00;0,1500
2026-10-13 20:00;0,0000
2026-10-13 21:00;0,0000
2026-10-13 22:00;0,0000
2026-10-13 23:00;0,0000
2026-10-14 00:00;0,0000
2026-10-14 01:00;0,0000
2026-10-14 02:00;0,0000
2026-10-14 03:00;0,0000
2026-10-14 04:00;0,0000
2026-10-14 05:00;0,0000
2026-10-14 06:00;0,0000
2026-10-14 07:00;0,0000
2026-10-14 08:00;0,1500
2026-10-14 09:00;0,1500
2026-10-14 10:00;0,2014
2026-10-14 11:00;0,3617
2026-10-14 12:00;0,4415
2026-10-14 13:00;0,4969
2026-10-14 14:00;0,4829
2026-10-14 15:00;0,3918
2026-10-14 16:00;0,3646
2026-10-14 17:00;0,2266
2026-10-14 18:00;0,1500
2026-10-14 19:00;0,1500
2026-10-14 20:00;0,0000
2026-10-14 21:00;0,0000
2026-10-14 22:00;0,0000
2026-10-14 23:00;0,0000
2026-10-15 00:00;0,0000
2026-10-15 01:00;0,0000
2026-10-15 02:00;0,0000
2026-10-15 03:00;0,0000
2026-10-15 04:00;0,0000
2026-10-15 05:00;0,0000
2026-10-15 06:00;0,0000
2026-10-15 07:00;0,0000
2026-10-15 08:00;0,1500
2026-10-15 09:00;0,1500
2026-10-15 10:00;0,2235
2026-10-15 11:00;0,3706
2026-10-15 12:00;0,4043
2026-10-15 13:00;0,5286
2026-10-15 14:00;0,4693
2026-10-15 15:00;0,4168
2026-10-15 16:00;0,4031
2026-10-15 17:00;0,2631
2026-10-15 18:00;0,1500
2026-10-15 19:00;0,1500
2026-10-15 20:00;0,0000
2026-10-15 21:00;0,0000
2026-10-15 22:00;0,0000
2026-10-15 23:00;0,0000
2026-10-16 00:00;0,0000
2026-10-16 01:00;0,0000
2026-10-16 02:00;0,0000
2026-10-16 03:00;0,0000
2026-10-16 04:00;0,0000
2026-10-16 05:00;0,0000
2026-10-16 06:00;0,0000
2026-10-16 07:00;0,0000
2026-10-16 08:00;0,1500
2026-10-16 09:00;0,2212
2026-10-16 10:00;0,3417
2026-10-16 11:00;0,4856
2026-10-16 12:00;0,5827
2026-10-16 13:00;0,6296
2026-10-16 14:00;0,5279
2026-10-16 15:00;0,3855
2026-10-16 16:00;0,2225
2026-10-16 17:00;0,1500
2026-10-16 18:00;0,1500
2026-10-16 19:00;0,1500
2026-10-16 20:00;0,0000
2026-10-16 21:00;0,0000
2026-10-16 22:00;0,0000
2026-10-16 23:00;0,0000
2026-10-17 00:00;0,0000
2026-10-17 01:00;0,0000
2026-10-17 02:00;0,0000
2026-10-17 03:00;0,0000
2026-10-17 04:00;0,0000
2026-10-17 05:00;0,0000
2026-10-17 06:00;0,0000
2026-10-17 07:00;0,0000
2026-10-17 08:00;0,1500
2026-10-17 09:00;0,2815
2026-10-17 10:00;0,4473
2026-10-17 11:00;0,5166
2026-10-17 12:00;0,6329
2026-10-17 13:00;0,7118
2026-10-17 14:00;0,5967
2026-10-17 15:00;0,3567
2026-10-17 16:00;0,2313
2026-10-17 17:00;0,1500
2026-10-17 18:00;0,1500
2026-10-17 19:00;0,1500
2026-10-17 20:00;0,0000
2026-10-17 21:00;0,0000
2026-10-17 22:00;0,0000
2026-10-17 23:00;0,0000
2026-10-18 00:00;0,0000
2026-10-18 01:00;0,0000
2026-10-18 02:00;0,0000
2026-10-18 03:00;0,0000
2026-10-18 04:00;0,0000
2026-10-18 05:00;0,0000
2026-10-18 06:00;0,0000
2026-10-18 07:00;0,0000
2026-10-18 08:00;0,1500
2026-10-18 09:00;0,1500
2026-10-18 10:00;0,2732
2026-10-18 11:00;0,3712
2026-10-18 12:00;0,5156
2026-10-18 13:00;0,5308
2026-10-18 14:00;0,4869
2026-10-18 15:00;0,4016
2026-10-18 16:00;0,3657
2026-10-18 17:00;0,2036
2026-10-18 18:00;0,1500
2026-10-18 19:00;0,1500
2026-10-18 20:00;0,0000
2026-10-18 21:00;0,0000
2026-10-18 22:00;0,0000
2026-10-18 23:00;0,0000
2026-10-19 00:00;0,0000
2026-10-19 01:00;0,0000
2026-10-19 02:00;0,0000
2026-10-19 03:00;0,0000
2026-10-19 04:00;0,0000
2026-10-19 05:00;0,0000
2026-10-19 06:00;0,0000
2026-10-19 07:00;0,0000
2026-10-19 08:00;0,1500
2026-10-19 09:00;0,1710
2026-10-19 10:00;0,3223
2026-10-19 11:00;0,3963
2026-10-19 12:00;0,5316
2026-10-19 13:00;0,5145
2026-10-19 14:00;0,5199
2026-10-19 15:00;0,4238
2026-10-19 16:00;0,2615
2026-10-19 17:00;0,1500
2026-10-19 18:00;0,1500
2026-10-19 19:00;0,1500
2026-10-19 20:00;0,0000
2026-10-19 21:00;0,0000
2026-10-19 22:00;0,0000
2026-10-19 23:00;0,0000
2026-10-20 00:00;0,0000
2026-10-20 01:00;0,0000
2026-10-20 02:00;0,0000
2026-10-20 03:00;0,0000
2026-10-20 04:00;0,0000
2026-10-20 05:00;0,0000
2026-10-20 06:00;0,0000
2026-10-20 07:00;0,0000
2026-10-20 08:00;0,1500
2026-10-20 09:00;0,1500
2026-10-20 10:00;0,2210
2026-10-20 11:00;0,3490
2026-10-20 12:00;0,4584
2026-10-20 13:00;0,5722
2026-10-20 14:00;0,5093
2026-10-20 15:00;0,4930
2026-10-20 16:00;0,4252
2026-10-20 17:00;0,2620
2026-10-20 18:00;0,1500
2026-10-20 19:00;0,1500
2026-10-20 20:00;0,0000
2026-10-20 21:00;0,0000
2026-10-20 22:00;0,0000
2026-10-20 23:00;0,0000
2026-10-21 00:00;0,0000
2026-10-21 01:00;0,0000
2026-10-21 02:00;0,0000
2026-10-21 03:00;0,0000
2026-10-21 04:00;0,0000
2026-10-21 05:00;0,0000
2026-10-21 06:00;0,0000
2026-10-21 07:00;0,0000
2026-10-21 08:00;0,1500
2026-10-21 09:00;0,1500
2026-10-21 10:00;0,2166
2026-10-21 11:00;0,3124
2026-10-21 12:00;0,3825
2026-10-21 13:00;0,4162
2026-10-21 14:00;0,4233
2026-10-21 15:00;0,4513
2026-10-21 16:00;0,3431
2026-10-21 17:00;0,1957
2026-10-21 18:00;0,1500
2026-10-21 19:00;0,1500
2026-10-21 20:00;0,0000
2026-10-21 21:00;0,0000
2026-10-21 22:00;0,0000
2026-10-21 23:00;0,0000
2026-10-22 00:00;0,0000
2026-10-22 01:00;0,0000
2026-10-22 02:00;0,0000
2026-10-22 03:00;0,0000
2026-10-22 04:00;0,0000
2026-10-22 05:00;0,0000
2026-10-22 06:00;0,0000
2026-10-22 07:00;0,0000
2026-10-22 08:00;0,1500
2026-10-22 09:00;0,1500
2026-10-22 10:00;0,1843
2026-10-22 11:00;0,2986
2026-10-22 12:00;0,3800
2026-10-22 13:00;0,3551
2026-10-22 14:00;0,4304
2026-10-22 15:00;0,4160
2026-10-22 16:00;0,3582
2026-10-22 17:00;0,3008
2026-10-22 18:00;0,1666
2026-10-22 19:00;0,1500
2026-10-22 20:00;0,0000
2026-10-22 21:00;0,0000
2026-10-22 22:00;0,0000
2026-10-22 23:00;0,0000
2026-10-23 00:00;0,0000
2026-10-23 01:00;0,0000
2026-10-23 02:00;0,0000
2026-10-23 03:00;0,0000
2026-10-23 04:00;0,0000
2026-10-23 05:00;0,0000
2026-10-23 06:00;0,0000
2026-10-23 07:00;0,0000
2026-10-23 08:00;0,1500
2026-10-23 09:00;0,1500
2026-10-23 10:00;0,3386
2026-10-23 11:00;0,4739
2026-10-23 12:00;0,6045
2026-10-23 13:00;0,4152
2026-10-23 14:00;0,5840
2026-10-23 15:00;0,5752
2026-10-23 16:00;0,4808
2026-10-23 17:00;0,2531
2026-10-23 18:00;0,1500
2026-10-23 19:00;0,1500
2026-10-23 20:00;0,0000
2026-10-23 21:00;0,0000
2026-10-23 22:00;0,0000
2026-10-23 23:00;0,0000
2026-10-24 00:00;0,0000
2026-10-24 01:00;0,0000
2026-10-24 02:00;0,0000
2026-10-24 03:00;0,0000
2026-10-24 04:00;0,0000
2026-10-24 05:00;0,0000
2026-10-24 06:00;0,0000
2026-10-24 07:00;0,0000
2026-10-24 08:00;0,1500
2026-10-24 09:00;0,1500
2026-10-24 10:00;0,2326
2026-10-24 11:00;0,3599
2026-10-24 12:00;0,4683
2026-10-24 13:00;0,4964
2026-10-24 14:00;0,5177
2026-10-24 15:00;0,3846
2026-10-24 16:00;0,2611
2026-10-24 17:00;0,1500
2026-10-24 18:00;0,1500
2026-10-24 19:00;0,1500
2026-10-24 20:00;0,0000
2026-10-24 21:00;0,0000
2026-10-24 22:00;0,0000
2026-10-24 23:00;0,0000
2026-10-25 00:00;0,0000
2026-10-25 01:00;0,0000
2026-10-25 02:00;0,0000
2026-10-25 03:00;0,0000
2026-10-25 04:00;0,0000
2026-10-25 05:00;0,0000
2026-10-25 06:00;0,0000
2026-10-25 07:00;0,0000
2026-10-25 08:00;0,1500
2026-10-25 09:00;0,1500
2026-10-25 10:00;0,2436
2026-10-25 11:00;0,3920
2026-10-25 12:00;0,5366
2026-10-25 13:00;0,6569
2026-10-25 14:00;0,6841
2026-10-25 15:00;0,5717
2026-10-25 16:00;0,3885
2026-10-25 17:00;0,2429
2026-10-25 18:00;0,1500
2026-10-25 19:00;0,1500
2026-10-25 20:00;0,0000
2026-10-25 21:00;0,0000
2026-10-25 22:00;0,0000
2026-10-25 23:00;0,0000
2026-10-26 00:00;0,0000
2026-10-26 01:00;0,0000
2026-10-26 02:00;0,0000
2026-10-26 03:00;0,0000
2026-10-26 04:00;0,0000
2026-10-26 05:00;0,0000
2026-10-26 06:00;0,0000
2026-10-26 07:00;0,0000
2026-10-26 08:00;0,1500
2026-10-26 09:00;0,1500
2026-10-26 10:00;0,2330
2026-10-26 11:00;0,3420
2026-10-26 12:00;0,5287
2026-10-26 13:00;0,5544
2026-10-26 14:00;0,5845
2026-10-26 15:00;0,4575
2026-10-26 16:00;0,3706
2026-10-26 17:00;0,2214
2026-10-26 18:00;0,1500
2026-10-26 19:00;0,1500
2026-10-26 20:00;0,0000
2026-10-26 21:00;0,0000
2026-10-26 22:00;0,0000
2026-10-26 23:00;0,0000
2026-10-27 00:00;0,0000
2026-10-27 01:00;0,0000
2026-10-27 02:00;0,0000
2026-10-27 03:00;0,0000
2026-10-27 04:00;0,0000
2026-10-27 05:00;0,0000
2026-10-27 06:00;0,0000
2026-10-27 07:00;0,0000
2026-10-27 08:00;0,1500
2026-10-27 09:00;0,1500
2026-10-27 10:00;0,2648
2026-10-27 11:00;0,3871
2026-10-27 12:00;0,4629
2026-10-27 13:00;0,5806
2026-10-27 14:00;0,5940
2026-10-27 15:00;0,5654
2026-10-27 16:00;0,3886
2026-10-27 17:00;0,2471
2026-10-27 18:00;0,1500
2026-10-27 19:00;0,1500
2026-10-27 20:00;0,0000
2026-10-27 21:00;0,0000
2026-10-27 22:00;0,0000
2026-10-27 23:00;0,0000
2026-10-28 00:00;0,0000
2026-10-28 01:00;0,0000
2026-10-28 02:00;0,0000
2026-10-28 03:00;0,0000
2026-10-28 04:00;0,0000
2026-10-28 05:00;0,0000
2026-10-28 06:00;0,0000
2026-10-28 07:00;0,0000
2026-10-28 08:00;0,1500
2026-10-28 09:00;0,1500
2026-10-28 10:00;0,2623
2026-10-28 11:00;0,3609
2026-10-28 12:00;0,5125
2026-10-28 13:00;0,5349
2026-10-28 14:00;0,4718
2026-10-28 15:00;0,4696
2026-10-28 16:00;0,3423
2026-10-28 17:00;0,2009
2026-10-28 18:00;0,1500
2026-10-28 19:00;0,1500
2026-10-28 20:00;0,0000
2026-10-28 21:00;0,0000
2026-10-28 22:00;0,0000
2026-10-28 23:00;0,0000
2026-10-29 00:00;0,0000
2026-10-29 01:00;0,0000
2026-10-29 02:00;0,0000
2026-10-29 03:00;0,0000
2026-10-29 04:00;0,0000
2026-10-29 05:00;0,0000
2026-10-29 06:00;0,0000
2026-10-29 07:00;0,0000
2026-10-29 08:00;0,1500
2026-10-29 09:00;0,1995
2026-10-29 10:00;0,3833
2026-10-29 11:00;0,5708
2026-10-29 12:00;0,5889
2026-10-29 13:00;0,6169
2026-10-29 14:00;0,6006
2026-10-29 15:00;0,5036
2026-10-29 16:00;0,2849
2026-10-29 17:00;0,1500
2026-10-29 18:00;0,1500
2026-10-29 19:00;0,1500
2026-10-29 20:00;0,0000
2026-10-29 21:00;0,0000
2026-10-29 22:00;0,0000
2026-10-29 23:00;0,0000
2026-10-30 00:00;0,0000
2026-10-30 01:00;0,0000
2026-10-30 02:00;0,0000
2026-10-30 03:00;0,0000
2026-10-30 04:00;0,0000
2026-10-30 05:00;0,0000
2026-10-30 06:00;0,0000
2026-10-30 07:00;0,0000
2026-10-30 08:00;0,1500
2026-10-30 09:00;0,1500
2026-10-30 10:00;0,2195
2026-10-30 11:00;0,3745
2026-10-30 12:00;0,4577
2026-10-30 13:00;0,5420
2026-10-30 14:00;0,6009
2026-10-30 15:00;0,5654
2026-10-30 16:00;0,3982
2026-10-30 17:00;0,2683
2026-10-30 18:00;0,1500
2026-10-30 19:00;0,1500
2026-10-30 20:00;0,0000
2026-10-30 21:00;0,0000
2026-10-30 22:00;0,0000
2026-10-30 23:00;0,0000
2026-10-31 00:00;0,0000
2026-10-31 01:00;0,0000
2026-10-31 02:00;0,0000
2026-10-31 03:00;0,0000
2026-10-31 04:00;0,0000
2026-10-31 05:00;0,0000
2026-10-31 06:00;0,0000
2026-10-31 07:00;0,0000
2026-10-31 08:00;0,1500
2026-10-31 09:00;0,1500
2026-10-31 10:00;0,2137
2026-10-31 11:00;0,3158
2026-10-31 12:00;0,3865
2026-10-31 13:00;0,4446
2026-10-31 14:00;0,4819
2026-10-31 15:00;0,4657
2026-10-31 16:00;0,3073
2026-10-31 17:00;0,1765
2026-10-31 18:00;0,1500
2026-10-31 19:00;0,1500
2026-10-31 20:00;0,0000
2026-10-31 21:00;0,0000
2026-10-31 22:00;0,0000
2026-10-31 23:00;0,0000
2026-11-01 00:00;0,0000
2026-11-01 01:00;0,0000
2026-11-01 02:00;0,0000
2026-11-01 03:00;0,0000
2026-11-01 04:00;0,0000
2026-11-01 05:00;0,0000
2026-11-01 06:00;0,0000
2026-11-01 07:00;0,0000
2026-11-01 08:00;0,1500
2026-11-01 09:00;0,1500
2026-11-01 10:00;0,2145
2026-11-01 11:00;0,4266
2026-11-01 12:00;0,4444
2026-11-01 13:00;0,4339
2026-11-01 14:00;0,3880
2026-11-01 15:00;0,2702
2026-11-01 16:00;0,1500
2026-11-01 17:00;0,1500
2026-11-01 18:00;0,1500
2026-11-01 19:00;0,0000
2026-11-01 20:00;0,0000
2026-11-01 21:00;0,0000
2026-11-01 22:00;0,0000
2026-11-01 23:00;0,0000
2026-11-02 00:00;0,0000
2026-11-02 01:00;0,0000
2026-11-02 02:00;0,0000
2026-11-02 03:00;0,0000
2026-11-02 04:00;0,0000
2026-11-02 05:00;0,0000
2026-11-02 06:00;0,0000
2026-11-02 07:00;0,0000
2026-11-02 08:00;0,1500
2026-11-02 09:00;0,1500
2026-11-02 10:00;0,1500
2026-11-02 11:00;0,2408
2026-11-02 12:00;0,3547
2026-11-02 13:00;0,3736
2026-11-02 14:00;0,4574
2026-11-02 15:00;0,4150
2026-11-02 16:00;0,2784
2026-11-02 17:00;0,1564
2026-11-02 18:00;0,1500
2026-11-02 19:00;0,0000
2026-11-02 20:00;0,0000
2026-11-02 21:00;0,0000
2026-11-02 22:00;0,0000
2026-11-02 23:00;0,0000
2026-11-03 00:00;0,0000
2026-11-03 01:00;0,0000
2026-11-03 02:00;0,0000
2026-11-03 03:00;0,0000
2026-11-03 04:00;0,0000
2026-11-03 05:00;0,0000
2026-11-03 06:00;0,0000
2026-11-03 07:00;0,0000
2026-11-03 08:00;0,1500
2026-11-03 09:00;0,1500
2026-11-03 10:00;0,2405
2026-11-03 11:00;0,3359
2026-11-03 12:00;0,3817
2026-11-03 13:00;0,3485
2026-11-03 14:00;0,3064
2026-11-03 15:00;0,2110
2026-11-03 16:00;0,1576
2026-11-03 17:00;0,1500
2026-11-03 18:00;0,1500
2026-11-03 19:00;0,0000
2026-11-03 20:00;0,0000
2026-11-03 21:00;0,0000
2026-11-03 22:00;0,0000
2026-11-03 23:00;0,0000
2026-11-04 00:00;0,0000
2026-11-04 01:00;0,0000
2026-11-04 02:00;0,0000
2026-11-04 03:00;0,0000
2026-11-04 04:00;0,0000
2026-11-04 05:00;0,0000
2026-11-04 06:00;0,0000
2026-11-04 07:00;0,0000
2026-11-04 08:00;0,1500
2026-11-04 09:00;0,1500
2026-11-04 10:00;0,1516
2026-11-04 11:00;0,2847
2026-11-04 12:00;0,3976
2026-11-04 13:00;0,4373
2026-11-04 14:00;0,4787
2026-11-04 15:00;0,4350
2026-11-04 16:00;0,3244
2026-11-04 17:00;0,1500
2026-11-04 18:00;0,1500
2026-11-04 19:00;0,0000
2026-11-04 20:00;0,0000
2026-11-04 21:00;0,0000
2026-11-04 22:00;0,0000
2026-11-04 23:00;0,0000
2026-11-05 00:00;0,0000
2026-11-05 01:00;0,0000
2026-11-05 02:00;0,0000
2026-11-05 03:00;0,0000
2026-11-05 04:00;0,0000
2026-11-05 05:00;0,0000
2026-11-05 06:00;0,0000
2026-11-05 07:00;0,0000
2026-11-05 08:00;0,1500
2026-11-05 09:00;0,1500
2026-11-05 10:00;0,1500
2026-11-05 11:00;0,2525
2026-11-05 12:00;0,3792
2026-11-05 13:00;0,4596
2026-11-05 14:00;0,4207
2026-11-05 15:00;0,4009
2026-11-05 16:00;0,3165
2026-11-05 17:00;0,1661
2026-11-05 18:00;0,1500
2026-11-05 19:00;0,0000
2026-11-05 20:00;0,0000
2026-11-05 21:00;0,0000
2026-11-05 22:00;0,0000
2026-11-05 23:00;0,0000
2026-11-06 00:00;0,0000
2026-11-06 01:00;0,0000
2026-11-06 02:00;0,0000
2026-11-06 03:00;0,0000
2026-11-06 04:00;0,0000
2026-11-06 05:00;0,0000
2026-11-06 06:00;0,0000
2026-11-06 07:00;0,0000
2026-11-06 08:00;0,1500
2026-11-06 09:00;0,1500
2026-11-06 10:00;0,1500
2026-11-06 11:00;0,2505
2026-11-06 12:00;0,3659
2026-11-06 13:00;0,4349
2026-11-06 14:00;0,4755
2026-11-06 15:00;0,3741
2026-11-06 16:00;0,2469
2026-11-06 17:00;0,1500
2026-11-06 18:00;0,1500
2026-11-06 19:00;0,0000
2026-11-06 20:00;0,0000
2026-11-06 21:00;0,0000
2026-11-06 22:00;0,0000
2026-11-06 23:00;0,0000
2026-11-07 00:00;0,0000
2026-11-07 01:00;0,0000
2026-11-07 02:00;0,0000
2026-11-07 03:00;0,0000
2026-11-07 04:00;0,0000
2026-11-07 05:00;0,0000
2026-11-07 06:00;0,0000
2026-11-07 07:00;0,0000
2026-11-07 08:00;0,1500
2026-11-07 09:00;0,1500
2026-11-07 10:00;0,1642
2026-11-07 11:00;0,2891
2026-11-07 12:00;0,2791
2026-11-07 13:00;0,3282
2026-11-07 14:00;0,3971
2026-11-07 15:00;0,3687
2026-11-07 16:00;0,2451
2026-11-07 17:00;0,1565
2026-11-07 18:00;0,1500
2026-11-07 19:00;0,0000
2026-11-07 20:00;0,0000
2026-11-07 21:00;0,0000
2026-11-07 22:00;0,0000
2026-11-07 23:00;0,0000
2026-11-08 00:00;0,0000
2026-11-08 01:00;0,0000
2026-11-08 02:00;0,0000
2026-11-08 03:00;0,0000
2026-11-08 04:00;0,0000
2026-11-08 05:00;0,0000
2026-11-08 06:00;0,0000
2026-11-08 07:00;0,0000
2026-11-08 08:00;0,1500
2026-11-08 09:00;0,1500
2026-11-08 10:00;0,1500
2026-11-08 11:00;0,2223
2026-11-08 12:00;0,3290
2026-11-08 13:00;0,3866
2026-11-08 14:00;0,4212
2026-11-08 15:00;0,3237
2026-11-08 16:00;0,1559
2026-11-08 17:00;0,1500
2026-11-08 18:00;0,1500
2026-11-08 19:00;0,0000
2026-11-08 20:00;0,0000
2026-11-08 21:00;0,0000
2026-11-08 22:00;0,0000
2026-11-08 23:00;0,0000
2026-11-09 00:00;0,0000
2026-11-09 01:00;0,0000
2026-11-09 02:00;0,0000
2026-11-09 03:00;0,0000
2026-11-09 04:00;0,0000
2026-11-09 05:00;0,0000
2026-11-09 06:00;0,0000
2026-11-09 07:00;0,0000
2026-11-09 08:00;0,1500
2026-11-09 09:00;0,1500
2026-11-09 10:00;0,1500
2026-11-09 11:00;0,2645
2026-11-09 12:00;0,4029
2026-11-09 13:00;0,4610
2026-11-09 14:00;0,4431
2026-11-09 15:00;0,4353
2026-11-09 16:00;0,3190
2026-11-09 17:00;0,1500
2026-11-09 18:00;0,1500
2026-11-09 19:00;0,0000
2026-11-09 20:00;0,0000
2026-11-09 21:00;0,0000
2026-11-09 22:00;0,0000
2026-11-09 23:00;0,0000
2026-11-10 00:00;0,0000
2026-11-10 01:00;0,0000
2026-11-10 02:00;0,0000
2026-11-10 03:00;0,0000
2026-11-10 04:00;0,0000
2026-11-10 05:00;0,0000
2026-11-10 06:00;0,0000
2026-11-10 07:00;0,0000
2026-11-10 08:00;0,1500
2026-11-10 09:00;0,1500
2026-11-10 10:00;0,2601
2026-11-10 11:00;0,3987
2026-11-10 12:00;0,4887
2026-11-10 13:00;0,4690
2026-11-10 14:00;0,4249
2026-11-10 15:00;0,3543
2026-11-10 16:00;0,2130
2026-11-10 17:00;0,1500
2026-11-10 18:00;0,1500
2026-11-10 19:00;0,0000
2026-11-10 20:00;0,0000
2026-11-10 21:00;0,0000
2026-11-10 22:00;0,0000
2026-11-10 23:00;0,0000
2026-11-11 00:00;0,0000
2026-11-11 01:00;0,0000
2026-11-11 02:00;0,0000
2026-11-11 03:00;0,0000
2026-11-11 04:00;0,0000
2026-11-11 05:00;0,0000
2026-11-11 06:00;0,0000
2026-11-11 07:00;0,0000
2026-11-11 08:00;0,1500
2026-11-11 09:00;0,1500
2026-11-11 10:00;0,1500
2026-11-11 11:00;0,1795
2026-11-11 12:00;0,2884
2026-11-11 13:00;0,4284
2026-11-11 14:00;0,4182
2026-11-11 15:00;0,3813
2026-11-11 16:00;0,2593
2026-11-11 17:00;0,1500
2026-11-11 18:00;0,1500
2026-11-11 19:00;0,0000
2026-11-11 20:00;0,0000
2026-11-11 21:00;0,0000
2026-11-11 22:00;0,0000
2026-11-11 23:00;0,0000
2026-11-12 00:00;0,0000
2026-11-12 01:00;0,0000
2026-11-12 02:00;0,0000
2026-11-12 03:00;0,0000
2026-11-12 04:00;0,0000
2026-11-12 05:00;0,0000
2026-11-12 06:00;0,0000
2026-11-12 07:00;0,0000
2026-11-12 08:00;0,1500
2026-11-12 09:00;0,1500
2026-11-12 10:00;0,1767
2026-11-12 11:00;0,2597
2026-11-12 12:00;0,3624
2026-11-12 13:00;0,4503
2026-11-12 14:00;0,4453
2026-11-12 15:00;0,2993
2026-11-12 16:00;0,1779
2026-11-12 17:00;0,1500
2026-11-12 18:00;0,1500
2026-11-12 19:00;0,0000
2026-11-12 20:00;0,0000
2026-11-12 21:00;0,0000
2026-11-12 22:00;0,0000
2026-11-12 23:00;0,0000
2026-11-13 00:00;0,0000
2026-11-13 01:00;0,0000
2026-11-13 02:00;0,0000
2026-11-13 03:00;0,0000
2026-11-13 04:00;0,0000
2026-11-13 05:00;0,0000
2026-11-13 06:00;0,0000
2026-11-13 07:00;0,0000
2026-11-13 08:00;0,1500
2026-11-13 09:00;0,1500
2026-11-13 10:00;0,1500
2026-11-13 11:00;0,2665
2026-11-13 12:00;0,3120
2026-11-13 13:00;0,3081
2026-11-13 14:00;0,3003
2026-11-13 15:00;0,3472
2026-11-13 16:00;0,2787
2026-11-13 17:00;0,1500
2026-11-13 18:00;0,1500
2026-11-13 19:00;0,0000
2026-11-13 20:00;0,0000
2026-11-13 21:00;0,0000
2026-11-13 22:00;0,0000
2026-11-13 23:00;0,0000
2026-11-14 00:00;0,0000
2026-11-14 01:00;0,0000
2026-11-14 02:00;0,0000
2026-11-14 03:00;0,0000
2026-11-14 04:00;0,0000
2026-11-14 05:00;0,0000
2026-11-14 06:00;0,0000
2026-11-14 07:00;0,0000
2026-11-14 08:00;0,1500
2026-11-14 09:00;0,1500
2026-11-14 10:00;0,1500
2026-11-14 11:00;0,2533
2026-11-14 12:00;0,3271
2026-11-14 13:00;0,3550
2026-11-14 14:00;0,3592
2026-11-14 15:00;0,3032
2026-11-14 16:00;0,2063
2026-11-14 17:00;0,1500
2026-11-14 18:00;0,1500
2026-11-14 19:00;0,0000
2026-11-14 20:00;0,0000
2026-11-14 21:00;0,0000
2026-11-14 22:00;0,0000
2026-11-14 23:00;0,0000
2026-11-15 00:00;0,0000
2026-11-15 01:00;0,0000
2026-11-15 02:00;0,0000
2026-11-15 03:00;0,0000
2026-11-15 04:00;0,0000
2026-11-15 05:00;0,0000
2026-11-15 06:00;0,0000
2026-11-15 07:00;0,0000
2026-11-15 08:00;0,1500
2026-11-15 09:00;0,1500
2026-11-15 10:00;0,1500
2026-11-15 11:00;0,2333
2026-11-15 12:00;0,3060
2026-11-15 13:00;0,3733
2026-11-15 14:00;0,3041
2026-11-15 15:00;0,2586
2026-11-15 16:00;0,2025
2026-11-15 17:00;0,1500
2026-11-15 18:00;0,1500
2026-11-15 19:00;0,0000
2026-11-15 20:00;0,0000
2026-11-15 21:00;0,0000
2026-11-15 22:00;0,0000
2026-11-15 23:00;0,0000
2026-11-16 00:00;0,0000
2026-11-16 01:00;0,0000
2026-11-16 02:00;0,0000
2026-11-16 03:00;0,0000
2026-11-16 04:00;0,0000
2026-11-16 05:00;0,0000
2026-11-16 06:00;0,0000
2026-11-16 07:00;0,0000
2026-11-16 08:00;0,1500
2026-11-16 09:00;0,1500
2026-11-16 10:00;0,1535
2026-11-16 11:00;0,3266
2026-11-16 12:00;0,4564
2026-11-16 13:00;0,5429
2026-11-16 14:00;0,4831
2026-11-16 15:00;0,4191
2026-11-16 16:00;0,2657
2026-11-16 17:00;0,1500
2026-11-16 18:00;0,1500
2026-11-16 19:00;0,0000
2026-11-16 20:00;0,0000
2026-11-16 21:00;0,0000
2026-11-16 22:00;0,0000
2026-11-16 23:00;0,0000
2026-11-17 00:00;0,0000
2026-11-17 01:00;0,0000
2026-11-17 02:00;0,0000
2026-11-17 03:00;0,0000
2026-11-17 04:00;0,0000
2026-11-17 05:00;0,0000
2026-11-17 06:00;0,0000
2026-11-17 07:00;0,0000
2026-11-17 08:00;0,1500
2026-11-17 09:00;0,1500
2026-11-17 10:00;0,1636
2026-11-17 11:00;0,2841
2026-11-17 12:00;0,3581
2026-11-17 13:00;0,5171
2026-11-17 14:00;0,3818
2026-11-17 15:00;0,3853
2026-11-17 16:00;0,1836
2026-11-17 17:00;0,1500
2026-11-17 18:00;0,1500
2026-11-17 19:00;0,0000
2026-11-17 20:00;0,0000
2026-11-17 21:00;0,0000
2026-11-17 22:00;0,0000
2026-11-17 23:00;0,0000
2026-11-18 00:00;0,0000
2026-11-18 01:00;0,0000
2026-11-18 02:00;0,0000
2026-11-18 03:00;0,0000
2026-11-18 04:00;0,0000
2026-11-18 05:00;0,0000
2026-11-18 06:00;0,0000
2026-11-18 07:00;0,0000
2026-11-18 08:00;0,1500
2026-11-18 09:00;0,1500
2026-11-18 10:00;0,1500
2026-11-18 11:00;0,2596
2026-11-18 12:00;0,3606
2026-11-18 13:00;0,3356
2026-11-18 14:00;0,3519
2026-11-18 15:00;0,2547
2026-11-18 16:00;0,1500
2026-11-18 17:00;0,1500
2026-11-18 18:00;0,1500
2026-11-18 19:00;0,0000
2026-11-18 20:00;0,0000
2026-11-18 21:00;0,0000
2026-11-18 22:00;0,0000
2026-11-18 23:00;0,0000
2026-11-19 00:00;0,0000
2026-11-19 01:00;0,0000
2026-11-19 02:00;0,0000
2026-11-19 03:00;0,0000
2026-11-19 04:00;0,0000
2026-11-19 05:00;0,0000
2026-11-19 06:00;0,0000
2026-11-19 07:00;0,0000
2026-11-19 08:00;0,1500
2026-11-19 09:00;0,1500
2026-11-19 10:00;0,1571
2026-11-19 11:00;0,2503
2026-11-19 12:00;0,3639
2026-11-19 13:00;0,4521
2026-11-19 14:00;0,4506
2026-11-19 15:00;0,4015
2026-11-19 16:00;0,2484
2026-11-19 17:00;0,1500
2026-11-19 18:00;0,1500
2026-11-19 19:00;0,0000
2026-11-19 20:00;0,0000
2026-11-19 21:00;0,0000
2026-11-19 22:00;0,0000
2026-11-19 23:00;0,0000
2026-11-20 00:00;0,0000
2026-11-20 01:00;0,0000
2026-11-20 02:00;0,0000
2026-11-20 03:00;0,0000
2026-11-20 04:00;0,0000
2026-11-20 05:00;0,0000
2026-11-20 06:00;0,0000
2026-11-20 07:00;0,0000
2026-11-20 08:00;0,1500
2026-11-20 09:00;0,1500
2026-11-20 10:00;0,1500
2026-11-20 11:00;0,2657
2026-11-20 12:00;0,3219
2026-11-20 13:00;0,4601
2026-11-20 14:00;0,4622
2026-11-20 15:00;0,3619
2026-11-20 16:00;0,2515
2026-11-20 17:00;0,1500
2026-11-20 18:00;0,1500
2026-11-20 19:00;0,0000
2026-11-20 20:00;0,0000
2026-11-20 21:00;0,0000
2026-11-20 22:00;0,0000
2026-11-20 23:00;0,0000
2026-11-21 00:00;0,0000
2026-11-21 01:00;0,0000
2026-11-21 02:00;0,0000
2026-11-21 03:00;0,0000
2026-11-21 04:00;0,0000
2026-11-21 05:00;0,0000
2026-11-21 06:00;0,0000
2026-11-21 07:00;0,0000
2026-11-21 08:00;0,1500
2026-11-21 09:00;0,1500
2026-11-21 10:00;0,1592
2026-11-21 11:00;0,2826
2026-11-21 12:00;0,3989
2026-11-21 13:00;0,3903
2026-11-21 14:00;0,3662
2026-11-21 15:00;0,2912
2026-11-21 16:00;0,2398
2026-11-21 17:00;0,1500
2026-11-21 18:00;0,1500
2026-11-21 19:00;0,0000
2026-11-21 20:00;0,0000
2026-11-21 21:00;0,0000
2026-11-21 22:00;0,0000
2026-11-21 23:00;0,0000
2026-11-22 00:00;0,0000
2026-11-22 01:00;0,0000
2026-11-22 02:00;0,0000
2026-11-22 03:00;0,0000
2026-11-22 04:00;0,0000
2026-11-22 05:00;0,0000
2026-11-22 06:00;0,0000
2026-11-22 07:00;0,0000
2026-11-22 08:00;0,1500
2026-11-22 09:00;0,1500
2026-11-22 10:00;0,1500
2026-11-22 11:00;0,2295
2026-11-22 12:00;0,3046
2026-11-22 13:00;0,3709
2026-11-22 14:00;0,4283
2026-11-22 15:00;0,4115
2026-11-22 16:00;0,2804
2026-11-22 17:00;0,1500
2026-11-22 18:00;0,1500
2026-11-22 19:00;0,0000
2026-11-22 20:00;0,0000
2026-11-22 21:00;0,0000
2026-11-22 22:00;0,0000
2026-11-22 23:00;0,0000
2026-11-23 00:00;0,0000
2026-11-23 01:00;0,0000
2026-11-23 02:00;0,0000
2026-11-23 03:00;0,0000
2026-11-23 04:00;0,0000
2026-11-23 05:00;0,0000
2026-11-23 06:00;0,0000
2026-11-23 07:00;0,0000
2026-11-23 08:00;0,1500
2026-11-23 09:00;0,1500
2026-11-23 10:00;0,1500
2026-11-23 11:00;0,2328
2026-11-23 12:00;0,3653
2026-11-23 13:00;0,3914
2026-11-23 14:00;0,3677
2026-11-23 15:00;0,3315
2026-11-23 16:00;0,2417
2026-11-23 17:00;0,1500
2026-11-23 18:00;0,1500
2026-11-23 19:00;0,0000
2026-11-23 20:00;0,0000
2026-11-23 21:00;0,0000
2026-11-23 22:00;0,0000
2026-11-23 23:00;0,0000
2026-11-24 00:00;0,0000
2026-11-24 01:00;0,0000
2026-11-24 02:00;0,0000
2026-11-24 03:00;0,0000
2026-11-24 04:00;0,0000
2026-11-24 05:00;0,0000
2026-11-24 06:00;0,0000
2026-11-24 07:00;0,0000
2026-11-24 08:00;0,1500
2026-11-24 09:00;0,1500
2026-11-24 10:00;0,1500
2026-11-24 11:00;0,2421
2026-11-24 12:00;0,2799
2026-11-24 13:00;0,4137
2026-11-24 14:00;0,4456
2026-11-24 15:00;0,3281
2026-11-24 16:00;0,2613
2026-11-24 17:00;0,1500
2026-11-24 18:00;0,1500
2026-11-24 19:00;0,0000
2026-11-24 20:00;0,0000
2026-11-24 21:00;0,0000
2026-11-24 22:00;0,0000
2026-11-24 23:00;0,0000
2026-11-25 00:00;0,0000
2026-11-25 01:00;0,0000
2026-11-25 02:00;0,0000
2026-11-25 03:00;0,0000
2026-11-25 04:00;0,0000
2026-11-25 05:00;0,0000
2026-11-25 06:00;0,0000
2026-11-25 07:00;0,0000
2026-11-25 08:00;0,1500
2026-11-25 09:00;0,1500
2026-11-25 10:00;0,2436
2026-11-25 11:00;0,2652
2026-11-25 12:00;0,3035
2026-11-25 13:00;0,3647
2026-11-25 14:00;0,3557
2026-11-25 15:00;0,2457
2026-11-25 16:00;0,1500
2026-11-25 17:00;0,1500
2026-11-25 18:00;0,1500
2026-11-25 19:00;0,0000
2026-11-25 20:00;0,0000
2026-11-25 21:00;0,0000
2026-11-25 22:00;0,0000
2026-11-25 23:00;0,0000
2026-11-26 00:00;0,0000
2026-11-26 01:00;0,0000
2026-11-26 02:00;0,0000
2026-11-26 03:00;0,0000
2026-11-26 04:00;0,0000
2026-11-26 05:00;0,0000
2026-11-26 06:00;0,0000
2026-11-26 07:00;0,0000
2026-11-26 08:00;0,1500
2026-11-26 09:00;0,1500
2026-11-26 10:00;0,1500
2026-11-26 11:00;0,1944
2026-11-26 12:00;0,2583
2026-11-26 13:00;0,3143
2026-11-26 14:00;0,3065
2026-11-26 15:00;0,2352
2026-11-26 16:00;0,1883
2026-11-26 17:00;0,1500
2026-11-26 18:00;0,1500
2026-11-26 19:00;0,0000
2026-11-26 20:00;0,0000
2026-11-26 21:00;0,0000
2026-11-26 22:00;0,0000
2026-11-26 23:00;0,0000
2026-11-27 00:00;0,0000
2026-11-27 01:00;0,0000
2026-11-27 02:00;0,0000
2026-11-27 03:00;0,0000
2026-11-27 04:00;0,0000
2026-11-27 05:00;0,0000
2026-11-27 06:00;0,0000
2026-11-27 07:00;0,0000
2026-11-27 08:00;0,1500
2026-11-27 09:00;0,1500
2026-11-27 10:00;0,2314
2026-11-27 11:00;0,2742
2026-11-27 12:00;0,2742
2026-11-27 13:00;0,3457
2026-11-27 14:00;0,3220
2026-11-27 15:00;0,2324
2026-11-27 16:00;0,1500
2026-11-27 17:00;0,1500
2026-11-27 18:00;0,1500
2026-11-27 19:00;0,0000
2026-11-27 20:00;0,0000
2026-11-27 21:00;0,0000
2026-11-27 22:00;0,0000
2026-11-27 23:00;0,0000
2026-11-28 00:00;0,0000
2026-11-28 01:00;0,0000
2026-11-28 02:00;0,0000
2026-11-28 03:00;0,0000
2026-11-28 04:00;0,0000
2026-11-28 05:00;0,0000
2026-11-28 06:00;0,0000
2026-11-28 07:00;0,0000
2026-11-28 08:00;0,1500
2026-11-28 09:00;0,1500
2026-11-28 10:00;0,1818
2026-11-28 11:00;0,2706
2026-11-28 12:00;0,3353
2026-11-28 13:00;0,4220
2026-11-28 14:00;0,4334
2026-11-28 15:00;0,2645
2026-11-28 16:00;0,1500
2026-11-28 17:00;0,1500
2026-11-28 18:00;0,1500
2026-11-28 19:00;0,0000
2026-11-28 20:00;0,0000
2026-11-28 21:00;0,0000
2026-11-28 22:00;0,0000
2026-11-28 23:00;0,0000
2026-11-29 00:00;0,0000
2026-11-29 01:00;0,0000
2026-11-29 02:00;0,0000
2026-11-29 03:00;0,0000
2026-11-29 04:00;0,0000
2026-11-29 05:00;0,0000
2026-11-29 06:00;0,0000
2026-11-29 07:00;0,0000
2026-11-29 08:00;0,1500
2026-11-29 09:00;0,1500
2026-11-29 10:00;0,1500
2026-11-29 11:00;0,2236
2026-11-29 12:00;0,3089
2026-11-29 13:00;0,4276
2026-11-29 14:00;0,4776
2026-11-29 15:00;0,3737
2026-11-29 16:00;0,2450
2026-11-29 17:00;0,1500
2026-11-29 18:00;0,1500
2026-11-29 19:00;0,0000
2026-11-29 20:00;0,0000
2026-11-29 21:00;0,0000
2026-11-29 22:00;0,0000
2026-11-29 23:00;0,0000
2026-11-30 00:00;0,0000
2026-11-30 01:00;0,0000
2026-11-30 02:00;0,0000
2026-11-30 03:00;0,0000
2026-11-30 04:00;0,0000
2026-11-30 05:00;0,0000
2026-11-30 06:00;0,0000
2026-11-30 07:00;0,0000
2026-11-30 08:00;0,1500
2026-11-30 09:00;0,1500
2026-11-30 10:00;0,1500
2026-11-30 11:00;0,2336
2026-11-30 12:00;0,3566
2026-11-30 13:00;0,4023
2026-11-30 14:00;0,3744
2026-11-30 15:00;0,3139
2026-11-30 16:00;0,2144
2026-11-30 17:00;0,1500
2026-11-30 18:00;0,1500
2026-11-30 19:00;0,0000
2026-11-30 20:00;0,0000
2026-11-30 21:00;0,0000
2026-11-30 22:00;0,0000
2026-11-30 23:00;0,0000
2026-12-01 00:00;0,0000
2026-12-01 01:00;0,0000
2026-12-01 02:00;0,0000
2026-12-01 03:00;0,0000
2026-12-01 04:00;0,0000
2026-12-01 05:00;0,0000
2026-12-01 06:00;0,0000
2026-12-01 07:00;0,0000
2026-12-01 08:00;0,0000
2026-12-01 09:00;0,1500
2026-12-01 10:00;0,1500
2026-12-01 11:00;0,1558
2026-12-01 12:00;0,2483
2026-12-01 13:00;0,2709
2026-12-01 14:00;0,2772
2026-12-01 15:00;0,2605
2026-12-01 16:00;0,1566
2026-12-01 17:00;0,1500
2026-12-01 18:00;0,1500
2026-12-01 19:00;0,0000
2026-12-01 20:00;0,0000
2026-12-01 21:00;0,0000
2026-12-01 22:00;0,0000
2026-12-01 23:00;0,0000
2026-12-02 00:00;0,0000
2026-12-02 01:00;0,0000
2026-12-02 02:00;0,0000
2026-12-02 03:00;0,0000
2026-12-02 04:00;0,0000
2026-12-02 05:00;0,0000
2026-12-02 06:00;0,0000
2026-12-02 07:00;0,0000
2026-12-02 08:00;0,0000
2026-12-02 09:00;0,1500
2026-12-02 10:00;0,1500
2026-12-02 11:00;0,1500
2026-12-02 12:00;0,1777
2026-12-02 13:00;0,2022
2026-12-02 14:00;0,1989
2026-12-02 15:00;0,1651
2026-12-02 16:00;0,1500
2026-12-02 17:00;0,1500
2026-12-02 18:00;0,1500
2026-12-02 19:00;0,0000
2026-12-02 20:00;0,0000
2026-12-02 21:00;0,0000
2026-12-02 22:00;0,0000
2026-12-02 23:00;0,0000
2026-12-03 00:00;0,0000
2026-12-03 01:00;0,0000
2026-12-03 02:00;0,0000
2026-12-03 03:00;0,0000
2026-12-03 04:00;0,0000
2026-12-03 05:00;0,0000
2026-12-03 06:00;0,0000
2026-12-03 07:00;0,0000
2026-12-03 08:00;0,0000
2026-12-03 09:00;0,1500
2026-12-03 10:00;0,1500
2026-12-03 11:00;0,2116
2026-12-03 12:00;0,2983
2026-12-03 13:00;0,3201
2026-12-03 14:00;0,3917
2026-12-03 15:00;0,3271
2026-12-03 16:00;0,2135
2026-12-03 17:00;0,1500
2026-12-03 18:00;0,1500
2026-12-03 19:00;0,0000
2026-12-03 20:00;0,0000
2026-12-03 21:00;0,0000
2026-12-03 22:00;0,0000
2026-12-03 23:00;0,0000
2026-12-04 00:00;0,0000
2026-12-04 01:00;0,0000
2026-12-04 02:00;0,0000
2026-12-04 03:00;0,0000
2026-12-04 04:00;0,0000
2026-12-04 05:00;0,0000
2026-12-04 06:00;0,0000
2026-12-04 07:00;0,0000
2026-12-04 08:00;0,0000
2026-12-04 09:00;0,1500
2026-12-04 10:00;0,1500
2026-12-04 11:00;0,1642
2026-12-04 12:00;0,3141
2026-12-04 13:00;0,4174
2026-12-04 14:00;0,4391
2026-12-04 15:00;0,3599
2026-12-04 16:00;0,2470
2026-12-04 17:00;0,1500
2026-12-04 18:00;0,1500
2026-12-04 19:00;0,0000
2026-12-04 20:00;0,0000
2026-12-04 21:00;0,0000
2026-12-04 22:00;0,0000
2026-12-04 23:00;0,0000
2026-12-05 00:00;0,0000
2026-12-05 01:00;0,0000
2026-12-05 02:00;0,0000
2026-12-05 03:00;0,0000
2026-12-05 04:00;0,0000
2026-12-05 05:00;0,0000
2026-12-05 06:00;0,0000
2026-12-05 07:00;0,0000
2026-12-05 08:00;0,0000
2026-12-05 09:00;0,1500
2026-12-05 10:00;0,1500
2026-12-05 11:00;0,1735
2026-12-05 12:00;0,2090
2026-12-05 13:00;0,2504
2026-12-05 14:00;0,2457
2026-12-05 15:00;0,1868
2026-12-05 16:00;0,1500
2026-12-05 17:00;0,1500
2026-12-05 18:00;0,1500
2026-12-05 19:00;0,0000
2026-12-05 20:00;0,0000
2026-12-05 21:00;0,0000
2026-12-05 22:00;0,0000
2026-12-05 23:00;0,0000
2026-12-06 00:00;0,0000
2026-12-06 01:00;0,0000
2026-12-06 02:00;0,0000
2026-12-06 03:00;0,0000
2026-12-06 04:00;0,0000
2026-12-06 05:00;0,0000
2026-12-06 06:00;0,0000
2026-12-06 07:00;0,0000
2026-12-06 08:00;0,0000
2026-12-06 09:00;0,1500
2026-12-06 10:00;0,1500
2026-12-06 11:00;0,1500
2026-12-06 12:00;0,2080
2026-12-06 13:00;0,2931
2026-12-06 14:00;0,2993
2026-12-06 15:00;0,2614
2026-12-06 16:00;0,2320
2026-12-06 17:00;0,1500
2026-12-06 18:00;0,1500
2026-12-06 19:00;0,0000
2026-12-06 20:00;0,0000
2026-12-06 21:00;0,0000
2026-12-06 22:00;0,0000
2026-12-06 23:00;0,0000
2026-12-07 00:00;0,0000
2026-12-07 01:00;0,0000
2026-12-07 02:00;0,0000
2026-12-07 03:00;0,0000
2026-12-07 04:00;0,0000
2026-12-07 05:00;0,0000
2026-12-07 06:00;0,0000
2026-12-07 07:00;0,0000
2026-12-07 08:00;0,0000
2026-12-07 09:00;0,1500
2026-12-07 10:00;0,1500
2026-12-07 11:00;0,1500
2026-12-07 12:00;0,1500
2026-12-07 13:00;0,2065
2026-12-07 14:00;0,3512
2026-12-07 15:00;0,3594
2026-12-07 16:00;0,2798
2026-12-07 17:00;0,1500
2026-12-07 18:00;0,1500
2026-12-07 19:00;0,0000
2026-12-07 20:00;0,0000
2026-12-07 21:00;0,0000
2026-12-07 22:00;0,0000
2026-12-07 23:00;0,0000
2026-12-08 00:00;0,0000
2026-12-08 01:00;0,0000
2026-12-08 02:00;0,0000
2026-12-08 03:00;0,0000
2026-12-08 04:00;0,0000
2026-12-08 05:00;0,0000
2026-12-08 06:00;0,0000
2026-12-08 07:00;0,0000
2026-12-08 08:00;0,0000
2026-12-08 09:00;0,1500
2026-12-08 10:00;0,1500
2026-12-08 11:00;0,2122
2026-12-08 12:00;0,2681
2026-12-08 13:00;0,3243
2026-12-08 14:00;0,2683
2026-12-08 15:00;0,1500
2026-12-08 16:00;0,1500
2026-12-08 17:00;0,1500
2026-12-08 18:00;0,1500
2026-12-08 19:00;0,0000
2026-12-08 20:00;0,0000
2026-12-08 21:00;0,0000
2026-12-08 22:00;0,0000
2026-12-08 23:00;0,0000
2026-12-09 00:00;0,0000
2026-12-09 01:00;0,0000
2026-12-09 02:00;0,0000
2026-12-09 03:00;0,0000
2026-12-09 04:00;0,0000
2026-12-09 05:00;0,0000
2026-12-09 06:00;0,0000
2026-12-09 07:00;0,0000
2026-12-09 08:00;0,0000
2026-12-09 09:00;0,1500
2026-12-09 10:00;0,1500
2026-12-09 11:00;0,1500
2026-12-09 12:00;0,2317
2026-12-09 13:00;0,2826
2026-12-09 14:00;0,3611
2026-12-09 15:00;0,3456
2026-12-09 16:00;0,2741
2026-12-09 17:00;0,1500
2026-12-09 18:00;0,1500
2026-12-09 19:00;0,0000
2026-12-09 20:00;0,0000
2026-12-09 21:00;0,0000
2026-12-09 22:00;0,0000
2026-12-09 23:00;0,0000
2026-12-10 00:00;0,0000
2026-12-10 01:00;0,0000
2026-12-10 02:00;0,0000
2026-12-10 03:00;0,0000
2026-12-10 04:00;0,0000
2026-12-10 05:00;0,0000
2026-12-10 06:00;0,0000
2026-12-10 07:00;0,0000
2026-12-10 08:00;0,0000
2026-12-10 09:00;0,1500
2026-12-10 10:00;0,1500
2026-12-10 11:00;0,1684
2026-12-10 12:00;0,2624
2026-12-10 13:00;0,3024
2026-12-10 14:00;0,3457
2026-12-10 15:00;0,3006
2026-12-10 16:00;0,2537
2026-12-10 17:00;0,1500
2026-12-10 18:00;0,1500
2026-12-10 19:00;0,0000
2026-12-10 20:00;0,0000
2026-12-10 21:00;0,0000
2026-12-10 22:00;0,0000
2026-12-10 23:00;0,0000
2026-12-11 00:00;0,0000
2026-12-11 01:00;0,0000
2026-12-11 02:00;0,0000
2026-12-11 03:00;0,0000
2026-12-11 04:00;0,0000
2026-12-11 05:00;0,0000
2026-12-11 06:00;0,0000
2026-12-11 07:00;0,0000
2026-12-11 08:00;0,0000
2026-12-11 09:00;0,1500
2026-12-11 10:00;0,1500
2026-12-11 11:00;0,1500
2026-12-11 12:00;0,2102
2026-12-11 13:00;0,3126
2026-12-11 14:00;0,3190
2026-12-11 15:00;0,2996
2026-12-11 16:00;0,2080
2026-12-11 17:00;0,1500
2026-12-11 18:00;0,1500
2026-12-11 19:00;0,0000
2026-12-11 20:00;0,0000
2026-12-11 21:00;0,0000
2026-12-11 22:00;0,0000
2026-12-11 23:00;0,0000
2026-12-12 00:00;0,0000
2026-12-12 01:00;0,0000
2026-12-12 02:00;0,0000
2026-12-12 03:00;0,0000
2026-12-12 04:00;0,0000
2026-12-12 05:00;0,0000
2026-12-12 06:00;0,0000
2026-12-12 07:00;0,0000
2026-12-12 08:00;0,0000
2026-12-12 09:00;0,1500
2026-12-12 10:00;0,1500
2026-12-12 11:00;0,2087
2026-12-12 12:00;0,3189
2026-12-12 13:00;0,4009
2026-12-12 14:00;0,4511
2026-12-12 15:00;0,3495
2026-12-12 16:00;0,2339
2026-12-12 17:00;0,1500
2026-12-12 18:00;0,1500
2026-12-12 19:00;0,0000
2026-12-12 20:00;0,0000
2026-12-12 21:00;0,0000
2026-12-12 22:00;0,0000
2026-12-12 23:00;0,0000
2026-12-13 00:00;0,0000
2026-12-13 01:00;0,0000
2026-12-13 02:00;0,0000
2026-12-13 03:00;0,0000
2026-12-13 04:00;0,0000
2026-12-13 05:00;0,0000
2026-12-13 06:00;0,0000
2026-12-13 07:00;0,0000
2026-12-13 08:00;0,0000
2026-12-13 09:00;0,1500
2026-12-13 10:00;0,1500
2026-12-13 11:00;0,2067
2026-12-13 12:00;0,2864
2026-12-13 13:00;0,3080
2026-12-13 14:00;0,2866
2026-12-13 15:00;0,2282
2026-12-13 16:00;0,1702
2026-12-13 17:00;0,1500
2026-12-13 18:00;0,1500
2026-12-13 19:00;0,0000
2026-12-13 20:00;0,0000
2026-12-13 21:00;0,0000
2026-12-13 22:00;0,0000
2026-12-13 23:00;0,0000
2026-12-14 00:00;0,0000
2026-12-14 01:00;0,0000
2026-12-14 02:00;0,0000
2026-12-14 03:00;0,0000
2026-12-14 04:00;0,0000
2026-12-14 05:00;0,0000
2026-12-14 06:00;0,0000
2026-12-14 07:00;0,0000
2026-12-14 08:00;0,0000
2026-12-14 09:00;0,1500
2026-12-14 10:00;0,1500
2026-12-14 11:00;0,1730
2026-12-14 12:00;0,2195
2026-12-14 13:00;0,2948
2026-12-14 14:00;0,3268
2026-12-14 15:00;0,2823
2026-12-14 16:00;0,2112
2026-12-14 17:00;0,1500
2026-12-14 18:00;0,1500
2026-12-14 19:00;0,0000
2026-12-14 20:00;0,0000
2026-12-14 21:00;0,0000
2026-12-14 22:00;0,0000
2026-12-14 23:00;0,0000
2026-12-15 00:00;0,0000
2026-12-15 01:00;0,0000
2026-12-15 02:00;0,0000
2026-12-15 03:00;0,0000
2026-12-15 04:00;0,0000
2026-12-15 05:00;0,0000
2026-12-15 06:00;0,0000
2026-12-15 07:00;0,0000
2026-12-15 08:00;0,0000
2026-12-15 09:00;0,1500
2026-12-15 10:00;0,1500
2026-12-15 11:00;0,1632
2026-12-15 12:00;0,2620
2026-12-15 13:00;0,3329
2026-12-15 14:00;0,3595
2026-12-15 15:00;0,2971
2026-12-15 16:00;0,2090
2026-12-15 17:00;0,1500
2026-12-15 18:00;0,1500
2026-12-15 19:00;0,0000
2026-12-15 20:00;0,0000
2026-12-15 21:00;0,0000
2026-12-15 22:00;0,0000
2026-12-15 23:00;0,0000
2026-12-16 00:00;0,0000
2026-12-16 01:00;0,0000
2026-12-16 02:00;0,0000
2026-12-16 03:00;0,0000
2026-12-16 04:00;0,0000
2026-12-16 05:00;0,0000
2026-12-16 06:00;0,0000
2026-12-16 07:00;0,0000
2026-12-16 08:00;0,0000
2026-12-16 09:00;0,1500
2026-12-16 10:00;0,1500
2026-12-16 11:00;0,2081
2026-12-16 12:00;0,2955
2026-12-16 13:00;0,2755
2026-12-16 14:00;0,2661
2026-12-16 15:00;0,1500
2026-12-16 16:00;0,1678
2026-12-16 17:00;0,1500
2026-12-16 18:00;0,1500
2026-12-16 19:00;0,0000
2026-12-16 20:00;0,0000
2026-12-16 21:00;0,0000
2026-12-16 22:00;0,0000
2026-12-16 23:00;0,0000
2026-12-17 00:00;0,0000
2026-12-17 01:00;0,0000
2026-12-17 02:00;0,0000
2026-12-17 03:00;0,0000
2026-12-17 04:00;0,0000
2026-12-17 05:00;0,0000
2026-12-17 06:00;0,0000
2026-12-17 07:00;0,0000
2026-12-17 08:00;0,0000
2026-12-17 09:00;0,1500
2026-12-17 10:00;0,1500
2026-12-17 11:00;0,1728
2026-12-17 12:00;0,3201
2026-12-17 13:00;0,3894
2026-12-17 14:00;0,4350
2026-12-17 15:00;0,4043
2026-12-17 16:00;0,2697
2026-12-17 17:00;0,1500
2026-12-17 18:00;0,1500
2026-12-17 19:00;0,0000
2026-12-17 20:00;0,0000
2026-12-17 21:00;0,0000
2026-12-17 22:00;0,0000
2026-12-17 23:00;0,0000
2026-12-18 00:00;0,0000
2026-12-18 01:00;0,0000
2026-12-18 02:00;0,0000
2026-12-18 03:00;0,0000
2026-12-18 04:00;0,0000
2026-12-18 05:00;0,0000
2026-12-18 06:00;0,0000
2026-12-18 07:00;0,0000
2026-12-18 08:00;0,0000
2026-12-18 09:00;0,1500
2026-12-18 10:00;0,2184
2026-12-18 11:00;0,3102
2026-12-18 12:00;0,3735
2026-12-18 13:00;0,4328
2026-12-18 14:00;0,3172
2026-12-18 15:00;0,1578
2026-12-18 16:00;0,1500
2026-12-18 17:00;0,1500
2026-12-18 18:00;0,1500
2026-12-18 19:00;0,0000
2026-12-18 20:00;0,0000
2026-12-18 21:00;0,0000
2026-12-18 22:00;0,0000
2026-12-18 23:00;0,0000
2026-12-19 00:00;0,0000
2026-12-19 01:00;0,0000
2026-12-19 02:00;0,0000
2026-12-19 03:00;0,0000
2026-12-19 04:00;0,0000
2026-12-19 05:00;0,0000
2026-12-19 06:00;0,0000
2026-12-19 07:00;0,0000
2026-12-19 08:00;0,0000
2026-12-19 09:00;0,1500
2026-12-19 10:00;0,1500
2026-12-19 11:00;0,1688
2026-12-19 12:00;0,2970
2026-12-19 13:00;0,3594
2026-12-19 14:00;0,3347
2026-12-19 15:00;0,3021
2026-12-19 16:00;0,2024
2026-12-19 17:00;0,1500
2026-12-19 18:00;0,1500
2026-12-19 19:00;0,0000
2026-12-19 20:00;0,0000
2026-12-19 21:00;0,0000
2026-12-19 22:00;0,0000
2026-12-19 23:00;0,0000
2026-12-20 00:00;0,0000
2026-12-20 01:00;0,0000
2026-12-20 02:00;0,0000
2026-12-20 03:00;0,0000
2026-12-20 04:00;0,0000
2026-12-20 05:00;0,0000
2026-12-20 06:00;0,0000
2026-12-20 07:00;0,0000
2026-12-20 08:00;0,0000
2026-12-20 09:00;0,1500
2026-12-20 10:00;0,1500
2026-12-20 11:00;0,2203
2026-12-20 12:00;0,3001
2026-12-20 13:00;0,2957
2026-12-20 14:00;0,2748
2026-12-20 15:00;0,2536
2026-12-20 16:00;0,1500
2026-12-20 17:00;0,1500
2026-12-20 18:00;0,1500
2026-12-20 19:00;0,0000
2026-12-20 20:00;0,0000
2026-12-20 21:00;0,0000
2026-12-20 22:00;0,0000
2026-12-20 23:00;0,0000
2026-12-21 00:00;0,0000
2026-12-21 01:00;0,0000
2026-12-21 02:00;0,0000
2026-12-21 03:00;0,0000
2026-12-21 04:00;0,0000
2026-12-21 05:00;0,0000
2026-12-21 06:00;0,0000
2026-12-21 07:00;0,0000
2026-12-21 08:00;0,0000
2026-12-21 09:00;0,1500
2026-12-21 10:00;0,1500
2026-12-21 11:00;0,1500
2026-12-21 12:00;0,2273
2026-12-21 13:00;0,2863
2026-12-21 14:00;0,2325
2026-12-21 15:00;0,2227
2026-12-21 16:00;0,1500
2026-12-21 17:00;0,1500
2026-12-21 18:00;0,1500
2026-12-21 19:00;0,0000
2026-12-21 20:00;0,0000
2026-12-21 21:00;0,0000
2026-12-21 22:00;0,0000
2026-12-21 23:00;0,0000
2026-12-22 00:00;0,0000
2026-12-22 01:00;0,0000
2026-12-22 02:00;0,0000
2026-12-22 03:00;0,0000
2026-12-22 04:00;0,0000
2026-12-22 05:00;0,0000
2026-12-22 06:00;0,0000
2026-12-22 07:00;0,0000
2026-12-22 08:00;0,0000
2026-12-22 09:00;0,1500
2026-12-22 10:00;0,1505
2026-12-22 11:00;0,2591
2026-12-22 12:00;0,3745
2026-12-22 13:00;0,3636
2026-12-22 14:00;0,3549
2026-12-22 15:00;0,3125
2026-12-22 16:00;0,2119
2026-12-22 17:00;0,1500
2026-12-22 18:00;0,1500
2026-12-22 19:00;0,0000
2026-12-22 20:00;0,0000
2026-12-22 21:00;0,0000
2026-12-22 22:00;0,0000
2026-12-22 23:00;0,0000
2026-12-23 00:00;0,0000
2026-12-23 01:00;0,0000
2026-12-23 02:00;0,0000
2026-12-23 03:00;0,0000
2026-12-23 04:00;0,0000
2026-12-23 05:00;0,0000
2026-12-23 06:00;0,0000
2026-12-23 07:00;0,0000
2026-12-23 08:00;0,0000
2026-12-23 09:00;0,1500
2026-12-23 10:00;0,1500
2026-12-23 11:00;0,1500
2026-12-23 12:00;0,2357
2026-12-23 13:00;0,2649
2026-12-23 14:00;0,2510
2026-12-23 15:00;0,2243
2026-12-23 16:00;0,1669
2026-12-23 17:00;0,1500
2026-12-23 18:00;0,1500
2026-12-23 19:00;0,0000
2026-12-23 20:00;0,0000
2026-12-23 21:00;0,0000
2026-12-23 22:00;0,0000
2026-12-23 23:00;0,0000
2026-12-24 00:00;0,0000
2026-12-24 01:00;0,0000
2026-12-24 02:00;0,0000
2026-12-24 03:00;0,0000
2026-12-24 04:00;0,0000
2026-12-24 05:00;0,0000
2026-12-24 06:00;0,0000
2026-12-24 07:00;0,0000
2026-12-24 08:00;0,0000
2026-12-24 09:00;0,1500
2026-12-24 10:00;0,1500
2026-12-24 11:00;0,1500
2026-12-24 12:00;0,2534
2026-12-24 13:00;0,2635
2026-12-24 14:00;0,2666
2026-12-24 15:00;0,2198
2026-12-24 16:00;0,1500
2026-12-24 17:00;0,1500
2026-12-24 18:00;0,1500
2026-12-24 19:00;0,0000
2026-12-24 20:00;0,0000
2026-12-24 21:00;0,0000
2026-12-24 22:00;0,0000
2026-12-24 23:00;0,0000
2026-12-25 00:00;0,0000
2026-12-25 01:00;0,0000
2026-12-25 02:00;0,0000
2026-12-25 03:00;0,0000
2026-12-25 04:00;0,0000
2026-12-25 05:00;0,0000
2026-12-25 06:00;0,0000
2026-12-25 07:00;0,0000
2026-12-25 08:00;0,0000
2026-12-25 09:00;0,1500
2026-12-25 10:00;0,1500
2026-12-25 11:00;0,1661
2026-12-25 12:00;0,2210
2026-12-25 13:00;0,2632
2026-12-25 14:00;0,2644
2026-12-25 15:00;0,2194
2026-12-25 16:00;0,1545
2026-12-25 17:00;0,1500
2026-12-25 18:00;0,1500
2026-12-25 19:00;0,0000
2026-12-25 20:00;0,0000
2026-12-25 21:00;0,0000
2026-12-25 22:00;0,0000
2026-12-25 23:00;0,0000
2026-12-26 00:00;0,0000
2026-12-26 01:00;0,0000
2026-12-26 02:00;0,0000
2026-12-26 03:00;0,0000
2026-12-26 04:00;0,0000
2026-12-26 05:00;0,0000
2026-12-26 06:00;0,0000
2026-12-26 07:00;0,0000
2026-12-26 08:00;0,0000
2026-12-26 09:00;0,1500
2026-12-26 10:00;0,1500
2026-12-26 11:00;0,1777
2026-12-26 12:00;0,2252
2026-12-26 13:00;0,2855
2026-12-26 14:00;0,3267
2026-12-26 15:00;0,3071
2026-12-26 16:00;0,1746
2026-12-26 17:00;0,1500
2026-12-26 18:00;0,1500
2026-12-26 19:00;0,0000
2026-12-26 20:00;0,0000
2026-12-26 21:00;0,0000
2026-12-26 22:00;0,0000
2026-12-26 23:00;0,0000
2026-12-27 00:00;0,0000
2026-12-27 01:00;0,0000
2026-12-27 02:00;0,0000
2026-12-27 03:00;0,0000
2026-12-27 04:00;0,0000
2026-12-27 05:00;0,0000
2026-12-27 06:00;0,0000
2026-12-27 07:00;0,0000
2026-12-27 08:00;0,0000
2026-12-27 09:00;0,1500
2026-12-27 10:00;0,1500
2026-12-27 11:00;0,1893
2026-12-27 12:00;0,2485
2026-12-27 13:00;0,2861
2026-12-27 14:00;0,3573
2026-12-27 15:00;0,2788
2026-12-27 16:00;0,1970
2026-12-27 17:00;0,1500
2026-12-27 18:00;0,1500
2026-12-27 19:00;0,0000
2026-12-27 20:00;0,0000
2026-12-27 21:00;0,0000
2026-12-27 22:00;0,0000
2026-12-27 23:00;0,0000
2026-12-28 00:00;0,0000
2026-12-28 01:00;0,0000
2026-12-28 02:00;0,0000
2026-12-28 03:00;0,0000
2026-12-28 04:00;0,0000
2026-12-28 05:00;0,0000
2026-12-28 06:00;0,0000
2026-12-28 07:00;0,0000
2026-12-28 08:00;0,0000
2026-12-28 09:00;0,1500
2026-12-28 10:00;0,1500
2026-12-28 11:00;0,1511
2026-12-28 12:00;0,2381
2026-12-28 13:00;0,3333
2026-12-28 14:00;0,3235
2026-12-28 15:00;0,2979
2026-12-28 16:00;0,2231
2026-12-28 17:00;0,1500
2026-12-28 18:00;0,1500
2026-12-28 19:00;0,0000
2026-12-28 20:00;0,0000
2026-12-28 21:00;0,0000
2026-12-28 22:00;0,0000
2026-12-28 23:00;0,0000
2026-12-29 00:00;0,0000
2026-12-29 01:00;0,0000
2026-12-29 02:00;0,0000
2026-12-29 03:00;0,0000
2026-12-29 04:00;0,0000
2026-12-29 05:00;0,0000
2026-12-29 06:00;0,0000
2026-12-29 07:00;0,0000
2026-12-29 08:00;0,0000
2026-12-29 09:00;0,1500
2026-12-29 10:00;0,1621
2026-12-29 11:00;0,2589
2026-12-29 12:00;0,4000
2026-12-29 13:00;0,3725
2026-12-29 14:00;0,2965
2026-12-29 15:00;0,1805
2026-12-29 16:00;0,1500
2026-12-29 17:00;0,1500
2026-12-29 18:00;0,1500
2026-12-29 19:00;0,0000
2026-12-29 20:00;0,0000
2026-12-29 21:00;0,0000
2026-12-29 22:00;0,0000
2026-12-29 23:00;0,0000
2026-12-30 00:00;0,0000
2026-12-30 01:00;0,0000
2026-12-30 02:00;0,0000
2026-12-30 03:00;0,0000
2026-12-30 04:00;0,0000
2026-12-30 05:00;0,0000
2026-12-30 06:00;0,0000
2026-12-30 07:00;0,0000
2026-12-30 08:00;0,0000
2026-12-30 09:00;0,1500
2026-12-30 10:00;0,1500
2026-12-30 11:00;0,1618
2026-12-30 12:00;0,2683
2026-12-30 13:00;0,2952
2026-12-30 14:00;0,3588
2026-12-30 15:00;0,3247
2026-12-30 16:00;0,2189
2026-12-30 17:00;0,1500
2026-12-30 18:00;0,1500
2026-12-30 19:00;0,0000
2026-12-30 20:00;0,0000
2026-12-30 21:00;0,0000
2026-12-30 22:00;0,0000
2026-12-30 23:00;0,0000
2026-12-31 00:00;0,0000
2026-12-31 01:00;0,0000
2026-12-31 02:00;0,0000
2026-12-31 03:00;0,0000
2026-12-31 04:00;0,0000
2026-12-31 05:00;0,0000
2026-12-31 06:00;0,0000
2026-12-31 07:00;0,0000
2026-12-31 08:00;0,0000
2026-12-31 09:00;0,1500
2026-12-31 10:00;0,1500
2026-12-31 11:00;0,2165
2026-12-31 12:00;0,3162
2026-12-31 13:00;0,3549
2026-12-31 14:00;0,3184
2026-12-31 15:00;0,2256
2026-12-31 16:00;0,1500
2026-12-31 17:00;0,1500
2026-12-31 18:00;0,1500
2026-12-31 19:00;0,0000
2026-12-31 20:00;0,0000
2026-12-31 21:00;0,0000
2026-12-31 22:00;0,0000
2026-12-31 23:00;0,0000
