Datetime;CF
2026-01-01 00:00;0,0000
2026-01-01 01:00;0,0000
2026-01-01 02:00;0,0000
2026-01-01 03:00;0,0000
2026-01-01 04:00;0,0000
2026-01-01 05:00;0,0000
2026-01-01 06:00;0,0000
2026-01-01 07:00;0,0000
2026-01-01 08:00;0,0000
2026-01-01 09:00;0,1500
2026-01-01 10:00;0,1500
2026-01-01 11:00;0,2043
2026-01-01 12:00;0,3332
2026-01-01 13:00;0,4143
2026-01-01 14:00;0,3997
2026-01-01 15:00;0,3965
2026-01-01 16:00;0,2208
2026-01-01 17:00;0,1500
2026-01-01 18:00;0,1500
2026-01-01 19:00;0,0000
2026-01-01 20:00;0,0000
2026-01-01 21:00;0,0000
2026-01-01 22:00;0,0000
2026-01-01 23:00;0,0000
2026-01-02 00:00;0,0000
2026-01-02 01:00;0,0000
2026-01-02 02:00;0,0000
2026-01-02 03:00;0,0000
2026-01-02 04:00;0,0000
2026-01-02 05:00;0,0000
2026-01-02 06:00;0,0000
2026-01-02 07:00;0,0000
2026-01-02 08:00;0,0000
2026-01-02 09:00;0,1500
2026-01-02 10:00;0,1500
2026-01-02 11:00;0,2958
2026-01-02 12:00;0,2867
2026-01-02 13:00;0,2603
2026-01-02 14:00;0,3297
2026-01-02 15:00;0,3022
2026-01-02 16:00;0,1979
2026-01-02 17:00;0,1500
2026-01-02 18:00;0,1500
2026-01-02 19:00;0,0000
2026-01-02 20:00;0,0000
2026-01-02 21:00;0,0000
2026-01-02 22:00;0,0000
2026-01-02 23:00;0,0000
2026-01-03 00:00;0,0000
2026-01-03 01:00;0,0000
2026-01-03 02:00;0,0000
2026-01-03 03:00;0,0000
2026-01-03 04:00;0,0000
2026-01-03 05:00;0,0000
2026-01-03 06:00;0,0000
2026-01-03 07:00;0,0000
2026-01-03 08:00;0,0000
2026-01-03 09:00;0,1500
2026-01-03 10:00;0,1500
2026-01-03 11:00;0,2621
2026-01-03 12:00;0,3418
2026-01-03 13:00;0,4039
2026-01-03 14:00;0,4635
2026-01-03 15:00;0,4201
2026-01-03 16:00;0,2870
2026-01-03 17:00;0,1660
2026-01-03 18:00;0,1500
2026-01-03 19:00;0,0000
2026-01-03 20:00;0,0000
2026-01-03 21:00;0,0000
2026-01-03 22:00;0,0000
2026-01-03 23:00;0,0000
2026-01-04 00:00;0,0000
2026-01-04 01:00;0,0000
2026-01-04 02:00;0,0000
2026-01-04 03:00;0,0000
2026-01-04 04:00;0,0000
2026-01-04 05:00;0,0000
2026-01-04 06:00;0,0000
2026-01-04 07:00;0,0000
2026-01-04 08:00;0,0000
2026-01-04 09:00;0,1500
2026-01-04 10:00;0,1500
2026-01-04 11:00;0,2383
2026-01-04 12:00;0,3637
2026-01-04 13:00;0,3924
2026-01-04 14:00;0,4339
2026-01-04 15:00;0,4107
2026-01-04 16:00;0,2866
2026-01-04 17:00;0,1500
2026-01-04 18:00;0,1500
2026-01-04 19:00;0,0000
2026-01-04 20:00;0,0000
2026-01-04 21:00;0,0000
2026-01-04 22:00;0,0000
2026-01-04 23:00;0,0000
2026-01-05 00:00;0,0000
2026-01-05 01:00;0,0000
2026-01-05 02:00;0,0000
2026-01-05 03:00;0,0000
2026-01-05 04:00;0,0000
2026-01-05 05:00;0,0000
2026-01-05 06:00;0,0000
2026-01-05 07:00;0,0000
2026-01-05 08:00;0,0000
2026-01-05 09:00;0,1500
2026-01-05 10:00;0,1500
2026-01-05 11:00;0,2310
2026-01-05 12:00;0,3818
2026-01-05 13:00;0,4626
2026-01-05 14:00;0,4765
2026-01-05 15:00;0,4246
2026-01-05 16:00;0,2849
2026-01-05 17:00;0,1609
2026-01-05 18:00;0,1500
2026-01-05 19:00;0,0000
2026-01-05 20:00;0,0000
2026-01-05 21:00;0,0000
2026-01-05 22:00;0,0000
2026-01-05 23:00;0,0000
2026-01-06 00:00;0,0000
2026-01-06 01:00;0,0000
2026-01-06 02:00;0,0000
2026-01-06 03:00;0,0000
2026-01-06 04:00;0,0000
2026-01-06 05:00;0,0000
2026-01-06 06:00;0,0000
2026-01-06 07:00;0,0000
2026-01-06 08:00;0,0000
2026-01-06 09:00;0,1500
2026-01-06 10:00;0,2536
2026-01-06 11:00;0,3994
2026-01-06 12:00;0,4604
2026-01-06 13:00;0,4598
2026-01-06 14:00;0,3092
2026-01-06 15:00;0,1500
2026-01-06 16:00;0,1500
2026-01-06 17:00;0,1500
2026-01-06 18:00;0,1500
2026-01-06 19:00;0,0000
2026-01-06 20:00;0,0000
2026-01-06 21:00;0,0000
2026-01-06 22:00;0,0000
2026-01-06 23:00;0,0000
2026-01-07 00:00;0,0000
2026-01-07 01:00;0,0000
2026-01-07 02:00;0,0000
2026-01-07 03:00;0,0000
2026-01-07 04:00;0,0000
2026-01-07 05:00;0,0000
2026-01-07 06:00;0,0000
2026-01-07 07:00;0,0000
2026-01-07 08:00;0,0000
2026-01-07 09:00;0,1500
2026-01-07 10:00;0,1500
2026-01-07 11:00;0,2448
2026-01-07 12:00;0,3274
2026-01-07 13:00;0,4213
2026-01-07 14:00;0,4030
2026-01-07 15:00;0,3745
2026-01-07 16:00;0,2639
2026-01-07 17:00;0,1500
2026-01-07 18:00;0,1500
2026-01-07 19:00;0,0000
2026-01-07 20:00;0,0000
2026-01-07 21:00;0,0000
2026-01-07 22:00;0,0000
2026-01-07 23:00;0,0000
2026-01-08 00:00;0,0000
2026-01-08 01:00;0,0000
2026-01-08 02:00;0,0000
2026-01-08 03:00;0,0000
2026-01-08 04:00;0,0000
2026-01-08 05:00;0,0000
2026-01-08 06:00;0,0000
2026-01-08 07:00;0,0000
2026-01-08 08:00;0,0000
2026-01-08 09:00;0,1500
2026-01-08 10:00;0,1500
2026-01-08 11:00;0,2299
2026-01-08 12:00;0,3518
2026-01-08 13:00;0,4533
2026-01-08 14:00;0,4623
2026-01-08 15:00;0,3850
2026-01-08 16:00;0,2850
2026-01-08 17:00;0,1537
2026-01-08 18:00;0,1500
2026-01-08 19:00;0,0000
2026-01-08 20:00;0,0000
2026-01-08 21:00;0,0000
2026-01-08 22:00;0,0000
2026-01-08 23:00;0,0000
2026-01-09 00:00;0,0000
2026-01-09 01:00;0,0000
2026-01-09 02:00;0,0000
2026-01-09 03:00;0,0000
2026-01-09 04:00;0,0000
2026-01-09 05:00;0,0000
2026-01-09 06:00;0,0000
2026-01-09 07:00;0,0000
2026-01-09 08:00;0,0000
2026-01-09 09:00;0,1500
2026-01-09 10:00;0,2270
2026-01-09 11:00;0,3910
2026-01-09 12:00;0,4940
2026-01-09 13:00;0,5281
2026-01-09 14:00;0,4464
2026-01-09 15:00;0,3616
2026-01-09 16:00;0,2275
2026-01-09 17:00;0,1500
2026-01-09 18:00;0,1500
2026-01-09 19:00;0,0000
2026-01-09 20:00;0,0000
2026-01-09 21:00;0,0000
2026-01-09 22:00;0,0000
2026-01-09 23:00;0,0000
2026-01-10 00:00;0,0000
2026-01-10 01:00;0,0000
2026-01-10 02:00;0,0000
2026-01-10 03:00;0,0000
2026-01-10 04:00;0,0000
2026-01-10 05:00;0,0000
2026-01-10 06:00;0,0000
2026-01-10 07:00;0,0000
2026-01-10 08:00;0,0000
2026-01-10 09:00;0,1500
2026-01-10 10:00;0,1500
2026-01-10 11:00;0,2577
2026-01-10 12:00;0,3815
2026-01-10 13:00;0,4326
2026-01-10 14:00;0,3987
2026-01-10 15:00;0,4126
2026-01-10 16:00;0,3058
2026-01-10 17:00;0,1613
2026-01-10 18:00;0,1500
2026-01-10 19:00;0,0000
2026-01-10 20:00;0,0000
2026-01-10 21:00;0,0000
2026-01-10 22:00;0,0000
2026-01-10 23:00;0,0000
2026-01-11 00:00;0,0000
2026-01-11 01:00;0,0000
2026-01-11 02:00;0,0000
2026-01-11 03:00;0,0000
2026-01-11 04:00;0,0000
2026-01-11 05:00;0,0000
2026-01-11 06:00;0,0000
2026-01-11 07:00;0,0000
2026-01-11 08:00;0,0000
2026-01-11 09:00;0,1500
2026-01-11 10:00;0,1500
2026-01-11 11:00;0,1755
2026-01-11 12:00;0,2621
2026-01-11 13:00;0,3263
2026-01-11 14:00;0,3685
2026-01-11 15:00;0,3210
2026-01-11 16:00;0,2766
2026-01-11 17:00;0,1676
2026-01-11 18:00;0,1500
2026-01-11 19:00;0,0000
2026-01-11 20:00;0,0000
2026-01-11 21:00;0,0000
2026-01-11 22:00;0,0000
2026-01-11 23:00;0,0000
2026-01-12 00:00;0,0000
2026-01-12 01:00;0,0000
2026-01-12 02:00;0,0000
2026-01-12 03:00;0,0000
2026-01-12 04:00;0,0000
2026-01-12 05:00;0,0000
2026-01-12 06:00;0,0000
2026-01-12 07:00;0,0000
2026-01-12 08:00;0,0000
2026-01-12 09:00;0,1500
2026-01-12 10:00;0,1500
2026-01-12 11:00;0,1833
2026-01-12 12:00;0,3267
2026-01-12 13:00;0,3966
2026-01-12 14:00;0,4088
2026-01-12 15:00;0,4172
2026-01-12 16:00;0,2854
2026-01-12 17:00;0,1500
2026-01-12 18:00;0,1500
2026-01-12 19:00;0,0000
2026-01-12 20:00;0,0000
2026-01-12 21:00;0,0000
2026-01-12 22:00;0,0000
2026-01-12 23:00;0,0000
2026-01-13 00:00;0,0000
2026-01-13 01:00;0,0000
2026-01-13 02:00;0,0000
2026-01-13 03:00;0,0000
2026-01-13 04:00;0,0000
2026-01-13 05:00;0,0000
2026-01-13 06:00;0,0000
2026-01-13 07:00;0,0000
2026-01-13 08:00;0,0000
2026-01-13 09:00;0,1500
2026-01-13 10:00;0,1500
2026-01-13 11:00;0,1711
2026-01-13 12:00;0,3398
2026-01-13 13:00;0,4132
2026-01-13 14:00;0,4403
2026-01-13 15:00;0,3745
2026-01-13 16:00;0,2696
2026-01-13 17:00;0,1655
2026-01-13 18:00;0,1500
2026-01-13 19:00;0,0000
2026-01-13 20:00;0,0000
2026-01-13 21:00;0,0000
2026-01-13 22:00;0,0000
2026-01-13 23:00;0,0000
2026-01-14 00:00;0,0000
2026-01-14 01:00;0,0000
2026-01-14 02:00;0,0000
2026-01-14 03:00;0,0000
2026-01-14 04:00;0,0000
2026-01-14 05:00;0,0000
2026-01-14 06:00;0,0000
2026-01-14 07:00;0,0000
2026-01-14 08:00;0,0000
2026-01-14 09:00;0,1500
2026-01-14 10:00;0,1500
2026-01-14 11:00;0,2264
2026-01-14 12:00;0,3538
2026-01-14 13:00;0,4789
2026-01-14 14:00;0,4522
2026-01-14 15:00;0,3599
2026-01-14 16:00;0,1886
2026-01-14 17:00;0,1500
2026-01-14 18:00;0,1500
2026-01-14 19:00;0,0000
2026-01-14 20:00;0,0000
2026-01-14 21:00;0,0000
2026-01-14 22:00;0,0000
2026-01-14 23:00;0,0000
2026-01-15 00:00;0,0000
2026-01-15 01:00;0,0000
2026-01-15 02:00;0,0000
2026-01-15 03:00;0,0000
2026-01-15 04:00;0,0000
2026-01-15 05:00;0,0000
2026-01-15 06:00;0,0000
2026-01-15 07:00;0,0000
2026-01-15 08:00;0,0000
2026-01-15 09:00;0,1500
2026-01-15 10:00;0,2424
2026-01-15 11:00;0,3707
2026-01-15 12:00;0,4093
2026-01-15 13:00;0,4207
2026-01-15 14:00;0,3469
2026-01-15 15:00;0,2888
2026-01-15 16:00;0,1500
2026-01-15 17:00;0,1500
2026-01-15 18:00;0,1500
2026-01-15 19:00;0,0000
2026-01-15 20:00;0,0000
2026-01-15 21:00;0,0000
2026-01-15 22:00;0,0000
2026-01-15 23:00;0,0000
2026-01-16 00:00;0,0000
2026-01-16 01:00;0,0000
2026-01-16 02:00;0,0000
2026-01-16 03:00;0,0000
2026-01-16 04:00;0,0000
2026-01-16 05:00;0,0000
2026-01-16 06:00;0,0000
2026-01-16 07:00;0,0000
2026-01-16 08:00;0,0000
2026-01-16 09:00;0,1500
2026-01-16 10:00;0,1500
2026-01-16 11:00;0,1779
2026-01-16 12:00;0,2791
2026-01-16 13:00;0,4090
2026-01-16 14:00;0,4092
2026-01-16 15:00;0,3645
2026-01-16 16:00;0,3231
2026-01-16 17:00;0,1930
2026-01-16 18:00;0,1500
2026-01-16 19:00;0,0000
2026-01-16 20:00;0,0000
2026-01-16 21:00;0,0000
2026-01-16 22:00;0,0000
2026-01-16 23:00;0,0000
2026-01-17 00:00;0,0000
2026-01-17 01:00;0,0000
2026-01-17 02:00;0,0000
2026-01-17 03:00;0,0000
2026-01-17 04:00;0,0000
2026-01-17 05:00;0,0000
2026-01-17 06:00;0,0000
2026-01-17 07:00;0,0000
2026-01-17 08:00;0,0000
2026-01-17 09:00;0,1500
2026-01-17 10:00;0,1500
2026-01-17 11:00;0,1881
2026-01-17 12:00;0,3593
2026-01-17 13:00;0,4410
2026-01-17 14:00;0,4036
2026-01-17 15:00;0,3419
2026-01-17 16:00;0,2390
2026-01-17 17:00;0,1578
2026-01-17 18:00;0,1500
2026-01-17 19:00;0,0000
2026-01-17 20:00;0,0000
2026-01-17 21:00;0,0000
2026-01-17 22:00;0,0000
2026-01-17 23:00;0,0000
2026-01-18 00:00;0,0000
2026-01-18 01:00;0,0000
2026-01-18 02:00;0,0000
2026-01-18 03:00;0,0000
2026-01-18 04:00;0,0000
2026-01-18 05:00;0,0000
2026-01-18 06:00;0,0000
2026-01-18 07:00;0,0000
2026-01-18 08:00;0,0000
2026-01-18 09:00;0,1500
2026-01-18 10:00;0,1500
2026-01-18 11:00;0,1685
2026-01-18 12:00;0,2571
2026-01-18 13:00;0,3573
2026-01-18 14:00;0,3677
2026-01-18 15:00;0,3928
2026-01-18 16:00;0,2580
2026-01-18 17:00;0,1500
2026-01-18 18:00;0,1500
2026-01-18 19:00;0,0000
2026-01-18 20:00;0,0000
2026-01-18 21:00;0,0000
2026-01-18 22:00;0,0000
2026-01-18 23:00;0,0000
2026-01-19 00:00;0,0000
2026-01-19 01:00;0,0000
2026-01-19 02:00;0,0000
2026-01-19 03:00;0,0000
2026-01-19 04:00;0,0000
2026-01-19 05:00;0,0000
2026-01-19 06:00;0,0000
2026-01-19 07:00;0,0000
2026-01-19 08:00;0,0000
2026-01-19 09:00;0,1500
2026-01-19 10:00;0,1500
2026-01-19 11:00;0,2274
2026-01-19 12:00;0,3908
2026-01-19 13:00;0,4548
2026-01-19 14:00;0,4587
2026-01-19 15:00;0,4349
2026-01-19 16:00;0,3096
2026-01-19 17:00;0,1564
2026-01-19 18:00;0,1500
2026-01-19 19:00;0,0000
2026-01-19 20:00;0,0000
2026-01-19 21:00;0,0000
2026-01-19 22:00;0,0000
2026-01-19 23:00;0,0000
2026-01-20 00:00;0,0000
2026-01-20 01:00;0,0000
2026-01-20 02:00;0,0000
2026-01-20 03:00;0,0000
2026-01-20 04:00;0,0000
2026-01-20 05:00;0,0000
2026-01-20 06:00;0,0000
2026-01-20 07:00;0,0000
2026-01-20 08:00;0,0000
2026-01-20 09:00;0,1500
2026-01-20 10:00;0,1500
2026-01-20 11:00;0,2219
2026-01-20 12:00;0,3960
2026-01-20 13:00;0,4816
2026-01-20 14:00;0,4958
2026-01-20 15:00;0,4509
2026-01-20 16:00;0,2496
2026-01-20 17:00;0,1500
2026-01-20 18:00;0,1500
2026-01-20 19:00;0,0000
2026-01-20 20:00;0,0000
2026-01-20 21:00;0,0000
2026-01-20 22:00;0,0000
2026-01-20 23:00;0,0000
2026-01-21 00:00;0,0000
2026-01-21 01:00;0,0000
2026-01-21 02:00;0,0000
2026-01-21 03:00;0,0000
2026-01-21 04:00;0,0000
2026-01-21 05:00;0,0000
2026-01-21 06:00;0,0000
2026-01-21 07:00;0,0000
2026-01-21 08:00;0,0000
2026-01-21 09:00;0,1500
2026-01-21 10:00;0,1500
2026-01-21 11:00;0,1755
2026-01-21 12:00;0,1971
2026-01-21 13:00;0,2339
2026-01-21 14:00;0,2642
2026-01-21 15:00;0,2657
2026-01-21 16:00;0,2291
2026-01-21 17:00;0,1500
2026-01-21 18:00;0,1500
2026-01-21 19:00;0,0000
2026-01-21 20:00;0,0000
2026-01-21 21:00;0,0000
2026-01-21 22:00;0,0000
2026-01-21 23:00;0,0000
2026-01-22 00:00;0,0000
2026-01-22 01:00;0,0000
2026-01-22 02:00;0,0000
2026-01-22 03:00;0,0000
2026-01-22 04:00;0,0000
2026-01-22 05:00;0,0000
2026-01-22 06:00;0,0000
2026-01-22 07:00;0,0000
2026-01-22 08:00;0,0000
2026-01-22 09:00;0,1500
2026-01-22 10:00;0,2713
2026-01-22 11:00;0,4077
2026-01-22 12:00;0,4200
2026-01-22 13:00;0,4054
2026-01-22 14:00;0,3259
2026-01-22 15:00;0,1743
2026-01-22 16:00;0,1500
2026-01-22 17:00;0,1500
2026-01-22 18:00;0,1500
2026-01-22 19:00;0,0000
2026-01-22 20:00;0,0000
2026-01-22 21:00;0,0000
2026-01-22 22:00;0,0000
2026-01-22 23:00;0,0000
2026-01-23 00:00;0,0000
2026-01-23 01:00;0,0000
2026-01-23 02:00;0,0000
2026-01-23 03:00;0,0000
2026-01-23 04:00;0,0000
2026-01-23 05:00;0,0000
2026-01-23 06:00;0,0000
2026-01-23 07:00;0,0000
2026-01-23 08:00;0,0000
2026-01-23 09:00;0,1500
2026-01-23 10:00;0,1500
2026-01-23 11:00;0,2083
2026-01-23 12:00;0,3161
2026-01-23 13:00;0,4374
2026-01-23 14:00;0,4613
2026-01-23 15:00;0,3835
2026-01-23 16:00;0,2406
2026-01-23 17:00;0,1500
2026-01-23 18:00;0,1500
2026-01-23 19:00;0,0000
2026-01-23 20:00;0,0000
2026-01-23 21:00;0,0000
2026-01-23 22:00;0,0000
2026-01-23 23:00;0,0000
2026-01-24 00:00;0,0000
2026-01-24 01:00;0,0000
2026-01-24 02:00;0,0000
2026-01-24 03:00;0,0000
2026-01-24 04:00;0,0000
2026-01-24 05:00;0,0000
2026-01-24 06:00;0,0000
2026-01-24 07:00;0,0000
2026-01-24 08:00;0,0000
2026-01-24 09:00;0,1500
2026-01-24 10:00;0,1500
2026-01-24 11:00;0,2008
2026-01-24 12:00;0,2928
2026-01-24 13:00;0,3881
2026-01-24 14:00;0,4497
2026-01-24 15:00;0,3618
2026-01-24 16:00;0,2705
2026-01-24 17:00;0,1601
2026-01-24 18:00;0,1500
2026-01-24 19:00;0,0000
2026-01-24 20:00;0,0000
2026-01-24 21:00;0,0000
2026-01-24 22:00;0,0000
2026-01-24 23:00;0,0000
2026-01-25 00:00;0,0000
2026-01-25 01:00;0,0000
2026-01-25 02:00;0,0000
2026-01-25 03:00;0,0000
2026-01-25 04:00;0,0000
2026-01-25 05:00;0,0000
2026-01-25 06:00;0,0000
2026-01-25 07:00;0,0000
2026-01-25 08:00;0,0000
2026-01-25 09:00;0,1500
2026-01-25 10:00;0,1500
2026-01-25 11:00;0,2380
2026-01-25 12:00;0,3243
2026-01-25 13:00;0,3755
2026-01-25 14:00;0,4402
2026-01-25 15:00;0,3966
2026-01-25 16:00;0,2648
2026-01-25 17:00;0,1500
2026-01-25 18:00;0,1500
2026-01-25 19:00;0,0000
2026-01-25 20:00;0,0000
2026-01-25 21:00;0,0000
2026-01-25 22:00;0,0000
2026-01-25 23:00;0,0000
2026-01-26 00:00;0,0000
2026-01-26 01:00;0,0000
2026-01-26 02:00;0,0000
2026-01-26 03:00;0,0000
2026-01-26 04:00;0,0000
2026-01-26 05:00;0,0000
2026-01-26 06:00;0,0000
2026-01-26 07:00;0,0000
2026-01-26 08:00;0,0000
2026-01-26 09:00;0,1500
2026-01-26 10:00;0,1500
2026-01-26 11:00;0,2648
2026-01-26 12:00;0,3767
2026-01-26 13:00;0,4690
2026-01-26 14:00;0,4568
2026-01-26 15:00;0,4197
2026-01-26 16:00;0,3060
2026-01-26 17:00;0,1715
2026-01-26 18:00;0,1500
2026-01-26 19:00;0,0000
2026-01-26 20:00;0,0000
2026-01-26 21:00;0,0000
2026-01-26 22:00;0,0000
2026-01-26 23:00;0,0000
2026-01-27 00:00;0,0000
2026-01-27 01:00;0,0000
2026-01-27 02:00;0,0000
2026-01-27 03:00;0,0000
2026-01-27 04:00;0,0000
2026-01-27 05:00;0,0000
2026-01-27 06:00;0,0000
2026-01-27 07:00;0,0000
2026-01-27 08:00;0,0000
2026-01-27 09:00;0,1500
2026-01-27 10:00;0,2454
2026-01-27 11:00;0,3782
2026-01-27 12:00;0,4872
2026-01-27 13:00;0,5086
2026-01-27 14:00;0,4121
2026-01-27 15:00;0,3129
2026-01-27 16:00;0,1763
2026-01-27 17:00;0,1500
2026-01-27 18:00;0,1500
2026-01-27 19:00;0,0000
2026-01-27 20:00;0,0000
2026-01-27 21:00;0,0000
2026-01-27 22:00;0,0000
2026-01-27 23:00;0,0000
2026-01-28 00:00;0,0000
2026-01-28 01:00;0,0000
2026-01-28 02:00;0,0000
2026-01-28 03:00;0,0000
2026-01-28 04:00;0,0000
2026-01-28 05:00;0,0000
2026-01-28 06:00;0,0000
2026-01-28 07:00;0,0000
2026-01-28 08:00;0,0000
2026-01-28 09:00;0,1500
2026-01-28 10:00;0,1500
2026-01-28 11:00;0,1808
2026-01-28 12:00;0,3620
2026-01-28 13:00;0,3947
2026-01-28 14:00;0,4517
2026-01-28 15:00;0,3781
2026-01-28 16:00;0,2796
2026-01-28 17:00;0,1500
2026-01-28 18:00;0,1500
2026-01-28 19:00;0,0000
2026-01-28 20:00;0,0000
2026-01-28 21:00;0,0000
2026-01-28 22:00;0,0000
2026-01-28 23:00;0,0000
2026-01-29 00:00;0,0000
2026-01-29 01:00;0,0000
2026-01-29 02:00;0,0000
2026-01-29 03:00;0,0000
2026-01-29 04:00;0,0000
2026-01-29 05:00;0,0000
2026-01-29 06:00;0,0000
2026-01-29 07:00;0,0000
2026-01-29 08:00;0,0000
2026-01-29 09:00;0,1500
2026-01-29 10:00;0,1500
2026-01-29 11:00;0,2730
2026-01-29 12:00;0,4349
2026-01-29 13:00;0,5227
2026-01-29 14:00;0,5285
2026-01-29 15:00;0,4770
2026-01-29 16:00;0,3086
2026-01-29 17:00;0,1630
2026-01-29 18:00;0,1500
2026-01-29 19:00;0,0000
2026-01-29 20:00;0,0000
2026-01-29 21:00;0,0000
2026-01-29 22:00;0,0000
2026-01-29 23:00;0,0000
2026-01-30 00:00;0,0000
2026-01-30 01:00;0,0000
2026-01-30 02:00;0,0000
2026-01-30 03:00;0,0000
2026-01-30 04:00;0,0000
2026-01-30 05:00;0,0000
2026-01-30 06:00;0,0000
2026-01-30 07:00;0,0000
2026-01-30 08:00;0,0000
2026-01-30 09:00;0,1500
2026-01-30 10:00;0,1500
2026-01-30 11:00;0,1828
2026-01-30 12:00;0,3134
2026-01-30 13:00;0,3960
2026-01-30 14:00;0,4740
2026-01-30 15:00;0,4673
2026-01-30 16:00;0,3542
2026-01-30 17:00;0,1526
2026-01-30 18:00;0,1500
2026-01-30 19:00;0,0000
2026-01-30 20:00;0,0000
2026-01-30 21:00;0,0000
2026-01-30 22:00;0,0000
2026-01-30 23:00;0,0000
2026-01-31 00:00;0,0000
2026-01-31 01:00;0,0000
2026-01-31 02:00;0,0000
2026-01-31 03:00;0,0000
2026-01-31 04:00;0,0000
2026-01-31 05:00;0,0000
2026-01-31 06:00;0,0000
2026-01-31 07:00;0,0000
2026-01-31 08:00;0,0000
2026-01-31 09:00;0,1500
2026-01-31 10:00;0,1575
2026-01-31 11:00;0,2658
2026-01-31 12:00;0,3154
2026-01-31 13:00;0,2951
2026-01-31 14:00;0,3288
2026-01-31 15:00;0,2729
2026-01-31 16:00;0,1630
2026-01-31 17:00;0,1500
2026-01-31 18:00;0,1500
2026-01-31 19:00;0,0000
2026-01-31 20:00;0,0000
2026-01-31 21:00;0,0000
2026-01-31 22:00;0,0000
2026-01-31 23:00;0,0000
2026-02-01 00:00;0,0000
2026-02-01 01:00;0,0000
2026-02-01 02:00;0,0000
2026-02-01 03:00;0,0000
2026-02-01 04:00;0,0000
2026-02-01 05:00;0,0000
2026-02-01 06:00;0,0000
2026-02-01 07:00;0,0000
2026-02-01 08:00;0,1500
2026-02-01 09:00;0,1500
2026-02-01 10:00;0,1500
2026-02-01 11:00;0,2919
2026-02-01 12:00;0,3947
2026-02-01 13:00;0,4987
2026-02-01 14:00;0,4709
2026-02-01 15:00;0,4883
2026-02-01 16:00;0,4274
2026-02-01 17:00;0,2600
2026-02-01 18:00;0,1500
2026-02-01 19:00;0,1500
2026-02-01 20:00;0,1500
2026-02-01 21:00;0,1500
2026-02-01 22:00;0,0000
2026-02-01 23:00;0,0000
2026-02-02 00:00;0,0000
2026-02-02 01:00;0,0000
2026-02-02 02:00;0,0000
2026-02-02 03:00;0,0000
2026-02-02 04:00;0,0000
2026-02-02 05:00;0,0000
2026-02-02 06:00;0,0000
2026-02-02 07:00;0,0000
2026-02-02 08:00;0,1500
2026-02-02 09:00;0,1717
2026-02-02 10:00;0,3559
2026-02-02 11:00;0,4686
2026-02-02 12:00;0,5695
2026-02-02 13:00;0,6007
2026-02-02 14:00;0,5528
2026-02-02 15:00;0,4190
2026-02-02 16:00;0,2976
2026-02-02 17:00;0,1500
2026-02-02 18:00;0,1500
2026-02-02 19:00;0,1500
2026-02-02 20:00;0,1500
2026-02-02 21:00;0,1500
2026-02-02 22:00;0,0000
2026-02-02 23:00;0,0000
2026-02-03 00:00;0,0000
2026-02-03 01:00;0,0000
2026-02-03 02:00;0,0000
2026-02-03 03:00;0,0000
2026-02-03 04:00;0,0000
2026-02-03 05:00;0,0000
2026-02-03 06:00;0,0000
2026-02-03 07:00;0,0000
2026-02-03 08:00;0,1500
2026-02-03 09:00;0,1500
2026-02-03 10:00;0,1500
2026-02-03 11:00;0,2555
2026-02-03 12:00;0,3643
2026-02-03 13:00;0,4204
2026-02-03 14:00;0,4183
2026-02-03 15:00;0,4311
2026-02-03 16:00;0,3794
2026-02-03 17:00;0,2314
2026-02-03 18:00;0,1500
2026-02-03 19:00;0,1500
2026-02-03 20:00;0,1500
2026-02-03 21:00;0,1500
2026-02-03 22:00;0,0000
2026-02-03 23:00;0,0000
2026-02-04 00:00;0,0000
2026-02-04 01:00;0,0000
2026-02-04 02:00;0,0000
2026-02-04 03:00;0,0000
2026-02-04 04:00;0,0000
2026-02-04 05:00;0,0000
2026-02-04 06:00;0,0000
2026-02-04 07:00;0,0000
2026-02-04 08:00;0,1500
2026-02-04 09:00;0,1957
2026-02-04 10:00;0,3555
2026-02-04 11:00;0,4631
2026-02-04 12:00;0,4878
2026-02-04 13:00;0,4971
2026-02-04 14:00;0,4676
2026-02-04 15:00;0,3332
2026-02-04 16:00;0,2422
2026-02-04 17:00;0,1500
2026-02-04 18:00;0,1500
2026-02-04 19:00;0,1500
2026-02-04 20:00;0,1500
2026-02-04 21:00;0,1500
2026-02-04 22:00;0,0000
2026-02-04 23:00;0,0000
2026-02-05 00:00;0,0000
2026-02-05 01:00;0,0000
2026-02-05 02:00;0,0000
2026-02-05 03:00;0,0000
2026-02-05 04:00;0,0000
2026-02-05 05:00;0,0000
2026-02-05 06:00;0,0000
2026-02-05 07:00;0,0000
2026-02-05 08:00;0,1500
2026-02-05 09:00;0,1500
2026-02-05 10:00;0,2209
2026-02-05 11:00;0,3701
2026-02-05 12:00;0,4502
2026-02-05 13:00;0,5351
2026-02-05 14:00;0,5070
2026-02-05 15:00;0,4080
2026-02-05 16:00;0,3831
2026-02-05 17:00;0,1534
2026-02-05 18:00;0,1500
2026-02-05 19:00;0,1500
2026-02-05 20:00;0,1500
2026-02-05 21:00;0,1500
2026-02-05 22:00;0,0000
2026-02-05 23:00;0,0000
2026-02-06 00:00;0,0000
2026-02-06 01:00;0,0000
2026-02-06 02:00;0,0000
2026-02-06 03:00;0,0000
2026-02-06 04:00;0,0000
2026-02-06 05:00;0,0000
2026-02-06 06:00;0,0000
2026-02-06 07:00;0,0000
2026-02-06 08:00;0,1500
2026-02-06 09:00;0,1970
2026-02-06 10:00;0,3362
2026-02-06 11:00;0,5081
2026-02-06 12:00;0,6706
2026-02-06 13:00;0,5933
2026-02-06 14:00;0,5445
2026-02-06 15:00;0,3711
2026-02-06 16:00;0,2471
2026-02-06 17:00;0,1500
2026-02-06 18:00;0,1500
2026-02-06 19:00;0,1500
2026-02-06 20:00;0,1500
2026-02-06 21:00;0,1500
2026-02-06 22:00;0,0000
2026-02-06 23:00;0,0000
2026-02-07 00:00;0,0000
2026-02-07 01:00;0,0000
2026-02-07 02:00;0,0000
2026-02-07 03:00;0,0000
2026-02-07 04:00;0,0000
2026-02-07 05:00;0,0000
2026-02-07 06:00;0,0000
2026-02-07 07:00;0,0000
2026-02-07 08:00;0,1500
2026-02-07 09:00;0,2967
2026-02-07 10:00;0,4847
2026-02-07 11:00;0,5993
2026-02-07 12:00;0,6662
2026-02-07 13:00;0,7214
2026-02-07 14:00;0,6400
2026-02-07 15:00;0,3338
2026-02-07 16:00;0,1500
2026-02-07 17:00;0,1500
2026-02-07 18:00;0,1500
2026-02-07 19:00;0,1500
2026-02-07 20:00;0,1500
2026-02-07 21:00;0,1500
2026-02-07 22:00;0,0000
2026-02-07 23:00;0,0000
2026-02-08 00:00;0,0000
2026-02-08 01:00;0,0000
2026-02-08 02:00;0,0000
2026-02-08 03:00;0,0000
2026-02-08 04:00;0,0000
2026-02-08 05:00;0,0000
2026-02-08 06:00;0,0000
2026-02-08 07:00;0,0000
2026-02-08 08:00;0,1500
2026-02-08 09:00;0,1500
2026-02-08 10:00;0,1500
2026-02-08 11:00;0,2212
2026-02-08 12:00;0,4003
2026-02-08 13:00;0,4820
2026-02-08 14:00;0,6305
2026-02-08 15:00;0,5340
2026-02-08 16:00;0,4545
2026-02-08 17:00;0,2888
2026-02-08 18:00;0,1512
2026-02-08 19:00;0,1500
2026-02-08 20:00;0,1500
2026-02-08 21:00;0,1500
2026-02-08 22:00;0,0000
2026-02-08 23:00;0,0000
2026-02-09 00:00;0,0000
2026-02-09 01:00;0,0000
2026-02-09 02:00;0,0000
2026-02-09 03:00;0,0000
2026-02-09 04:00;0,0000
2026-02-09 05:00;0,0000
2026-02-09 06:00;0,0000
2026-02-09 07:00;0,0000
2026-02-09 08:00;0,1500
2026-02-09 09:00;0,1500
2026-02-09 10:00;0,1697
2026-02-09 11:00;0,3468
2026-02-09 12:00;0,4919
2026-02-09 13:00;0,5435
2026-02-09 14:00;0,5641
2026-02-09 15:00;0,5677
2026-02-09 16:00;0,5133
2026-02-09 17:00;0,3168
2026-02-09 18:00;0,1500
2026-02-09 19:00;0,1500
2026-02-09 20:00;0,1500
2026-02-09 21:00;0,1500
2026-02-09 22:00;0,0000
2026-02-09 23:00;0,0000
2026-02-10 00:00;0,0000
2026-02-10 01:00;0,0000
2026-02-10 02:00;0,0000
2026-02-10 03:00;0,0000
2026-02-10 04:00;0,0000
2026-02-10 05:00;0,0000
2026-02-10 06:00;0,0000
2026-02-10 07:00;0,0000
2026-02-10 08:00;0,1500
2026-02-10 09:00;0,1500
2026-02-10 10:00;0,1500
2026-02-10 11:00;0,3554
2026-02-10 12:00;0,4627
2026-02-10 13:00;0,4937
2026-02-10 14:00;0,5258
2026-02-10 15:00;0,5280
2026-02-10 16:00;0,3813
2026-02-10 17:00;0,2520
2026-02-10 18:00;0,1500
2026-02-10 19:00;0,1500
2026-02-10 20:00;0,1500
2026-02-10 21:00;0,1500
2026-02-10 22:00;0,0000
2026-02-10 23:00;0,0000
2026-02-11 00:00;0,0000
2026-02-11 01:00;0,0000
2026-02-11 02:00;0,0000
2026-02-11 03:00;0,0000
2026-02-11 04:00;0,0000
2026-02-11 05:00;0,0000
2026-02-11 06:00;0,0000
2026-02-11 07:00;0,0000
2026-02-11 08:00;0,1500
2026-02-11 09:00;0,3018
2026-02-11 10:00;0,4036
2026-02-11 11:00;0,5154
2026-02-11 12:00;0,5727
2026-02-11 13:00;0,5465
2026-02-11 14:00;0,4883
2026-02-11 15:00;0,3387
2026-02-11 16:00;0,1914
2026-02-11 17:00;0,1500
2026-02-11 18:00;0,1500
2026-02-11 19:00;0,1500
2026-02-11 20:00;0,1500
2026-02-11 21:00;0,1500
2026-02-11 22:00;0,0000
2026-02-11 23:00;0,0000
2026-02-12 00:00;0,0000
2026-02-12 01:00;0,0000
2026-02-12 02:00;0,0000
2026-02-12 03:00;0,0000
2026-02-12 04:00;0,0000
2026-02-12 05:00;0,0000
2026-02-12 06:00;0,0000
2026-02-12 07:00;0,0000
2026-02-12 08:00;0,1500
2026-02-12 09:00;0,2738
2026-02-12 10:00;0,4754
2026-02-12 11:00;0,5578
2026-02-12 12:00;0,6820
2026-02-12 13:00;0,6766
2026-02-12 14:00;0,5553
2026-02-12 15:00;0,3499
2026-02-12 16:00;0,1500
2026-02-12 17:00;0,1500
2026-02-12 18:00;0,1500
2026-02-12 19:00;0,1500
2026-02-12 20:00;0,1500
2026-02-12 21:00;0,1500
2026-02-12 22:00;0,0000
2026-02-12 23:00;0,0000
2026-02-13 00:00;0,0000
2026-02-13 01:00;0,0000
2026-02-13 02:00;0,0000
2026-02-13 03:00;0,0000
2026-02-13 04:00;0,0000
2026-02-13 05:00;0,0000
2026-02-13 06:00;0,0000
2026-02-13 07:00;0,0000
2026-02-13 08:00;0,1500
2026-02-13 09:00;0,1500
2026-02-13 10:00;0,2646
2026-02-13 11:00;0,4548
2026-02-13 12:00;0,5426
2026-02-13 13:00;0,6634
2026-02-13 14:00;0,5777
2026-02-13 15:00;0,3737
2026-02-13 16:00;0,3522
2026-02-13 17:00;0,1568
2026-02-13 18:00;0,1500
2026-02-13 19:00;0,1500
2026-02-13 20:00;0,1500
2026-02-13 21:00;0,1500
2026-02-13 22:00;0,0000
2026-02-13 23:00;0,0000
2026-02-14 00:00;0,0000
2026-02-14 01:00;0,0000
2026-02-14 02:00;0,0000
2026-02-14 03:00;0,0000
2026-02-14 04:00;0,0000
2026-02-14 05:00;0,0000
2026-02-14 06:00;0,0000
2026-02-14 07:00;0,0000
2026-02-14 08:00;0,1500
2026-02-14 09:00;0,1500
2026-02-14 10:00;0,2274
2026-02-14 11:00;0,3841
2026-02-14 12:00;0,5515
2026-02-14 13:00;0,6195
2026-02-14 14:00;0,5583
2026-02-14 15:00;0,4754
2026-02-14 16:00;0,2644
2026-02-14 17:00;0,1500
2026-02-14 18:00;0,1500
2026-02-14 19:00;0,1500
2026-02-14 20:00;0,1500
2026-02-14 21:00;0,1500
2026-02-14 22:00;0,0000
2026-02-14 23:00;0,0000
2026-02-15 00:00;0,0000
2026-02-15 01:00;0,0000
2026-02-15 02:00;0,0000
2026-02-15 03:00;0,0000
2026-02-15 04:00;0,0000
2026-02-15 05:00;0,0000
2026-02-15 06:00;0,0000
2026-02-15 07:00;0,0000
2026-02-15 08:00;0,1500
2026-02-15 09:00;0,1946
2026-02-15 10:00;0,3576
2026-02-15 11:00;0,5332
2026-02-15 12:00;0,5345
2026-02-15 13:00;0,4667
2026-02-15 14:00;0,4594
2026-02-15 15:00;0,3704
2026-02-15 16:00;0,2423
2026-02-15 17:00;0,1500
2026-02-15 18:00;0,1500
2026-02-15 19:00;0,1500
2026-02-15 20:00;0,1500
2026-02-15 21:00;0,1500
2026-02-15 22:00;0,0000
2026-02-15 23:00;0,0000
2026-02-16 00:00;0,0000
2026-02-16 01:00;0,0000
2026-02-16 02:00;0,0000
2026-02-16 03:00;0,0000
2026-02-16 04:00;0,0000
2026-02-16 05:00;0,0000
2026-02-16 06:00;0,0000
2026-02-16 07:00;0,0000
2026-02-16 08:00;0,1500
2026-02-16 09:00;0,1651
2026-02-16 10:00;0,3415
2026-02-16 11:00;0,4433
2026-02-16 12:00;0,5470
2026-02-16 13:00;0,5007
2026-02-16 14:00;0,4199
2026-02-16 15:00;0,3072
2026-02-16 16:00;0,2190
2026-02-16 17:00;0,1500
2026-02-16 18:00;0,1500
2026-02-16 19:00;0,1500
2026-02-16 20:00;0,1500
2026-02-16 21:00;0,1500
2026-02-16 22:00;0,0000
2026-02-16 23:00;0,0000
2026-02-17 00:00;0,0000
2026-02-17 01:00;0,0000
2026-02-17 02:00;0,0000
2026-02-17 03:00;0,0000
2026-02-17 04:00;0,0000
2026-02-17 05:00;0,0000
2026-02-17 06:00;0,0000
2026-02-17 07:00;0,0000
2026-02-17 08:00;0,1500
2026-02-17 09:00;0,1639
2026-02-17 10:00;0,2995
2026-02-17 11:00;0,4700
2026-02-17 12:00;0,6079
2026-02-17 13:00;0,5482
2026-02-17 14:00;0,4883
2026-02-17 15:00;0,3794
2026-02-17 16:00;0,2181
2026-02-17 17:00;0,1500
2026-02-17 18:00;0,1500
2026-02-17 19:00;0,1500
2026-02-17 20:00;0,1500
2026-02-17 21:00;0,1500
2026-02-17 22:00;0,0000
2026-02-17 23:00;0,0000
2026-02-18 00:00;0,0000
2026-02-18 01:00;0,0000
2026-02-18 02:00;0,0000
2026-02-18 03:00;0,0000
2026-02-18 04:00;0,0000
2026-02-18 05:00;0,0000
2026-02-18 06:00;0,0000
2026-02-18 07:00;0,0000
2026-02-18 08:00;0,1500
2026-02-18 09:00;0,2110
2026-02-18 10:00;0,3570
2026-02-18 11:00;0,4937
2026-02-18 12:00;0,5579
2026-02-18 13:00;0,5307
2026-02-18 14:00;0,5217
2026-02-18 15:00;0,4402
2026-02-18 16:00;0,2779
2026-02-18 17:00;0,1500
2026-02-18 18:00;0,1500
2026-02-18 19:00;0,1500
2026-02-18 20:00;0,1500
2026-02-18 21:00;0,1500
2026-02-18 22:00;0,0000
2026-02-18 23:00;0,0000
2026-02-19 00:00;0,0000
2026-02-19 01:00;0,0000
2026-02-19 02:00;0,0000
2026-02-19 03:00;0,0000
2026-02-19 04:00;0,0000
2026-02-19 05:00;0,0000
2026-02-19 06:00;0,0000
2026-02-19 07:00;0,0000
2026-02-19 08:00;0,1500
2026-02-19 09:00;0,1687
2026-02-19 10:00;0,3523
2026-02-19 11:00;0,4705
2026-02-19 12:00;0,5744
2026-02-19 13:00;0,6516
2026-02-19 14:00;0,6482
2026-02-19 15:00;0,5260
2026-02-19 16:00;0,3446
2026-02-19 17:00;0,1500
2026-02-19 18:00;0,1500
2026-02-19 19:00;0,1500
2026-02-19 20:00;0,1500
2026-02-19 21:00;0,1500
2026-02-19 22:00;0,0000
2026-02-19 23:00;0,0000
2026-02-20 00:00;0,0000
2026-02-20 01:00;0,0000
2026-02-20 02:00;0,0000
2026-02-20 03:00;0,0000
2026-02-20 04:00;0,0000
2026-02-20 05:00;0,0000
2026-02-20 06:00;0,0000
2026-02-20 07:00;0,0000
2026-02-20 08:00;0,1500
2026-02-20 09:00;0,1744
2026-02-20 10:00;0,3323
2026-02-20 11:00;0,4539
2026-02-20 12:00;0,5108
2026-02-20 13:00;0,4810
2026-02-20 14:00;0,3836
2026-02-20 15:00;0,2963
2026-02-20 16:00;0,1925
2026-02-20 17:00;0,1500
2026-02-20 18:00;0,1500
2026-02-20 19:00;0,1500
2026-02-20 20:00;0,1500
2026-02-20 21:00;0,1500
2026-02-20 22:00;0,0000
2026-02-20 23:00;0,0000
2026-02-21 00:00;0,0000
2026-02-21 01:00;0,0000
2026-02-21 02:00;0,0000
2026-02-21 03:00;0,0000
2026-02-21 04:00;0,0000
2026-02-21 05:00;0,0000
2026-02-21 06:00;0,0000
2026-02-21 07:00;0,0000
2026-02-21 08:00;0,1500
2026-02-21 09:00;0,1500
2026-02-21 10:00;0,2034
2026-02-21 11:00;0,3472
2026-02-21 12:00;0,4990
2026-02-21 13:00;0,5970
2026-02-21 14:00;0,5712
2026-02-21 15:00;0,5073
2026-02-21 16:00;0,3788
2026-02-21 17:00;0,2588
2026-02-21 18:00;0,1500
2026-02-21 19:00;0,1500
2026-02-21 20:00;0,1500
2026-02-21 21:00;0,1500
2026-02-21 22:00;0,0000
2026-02-21 23:00;0,0000
2026-02-22 00:00;0,0000
2026-02-22 01:00;0,0000
2026-02-22 02:00;0,0000
2026-02-22 03:00;0,0000
2026-02-22 04:00;0,0000
2026-02-22 05:00;0,0000
2026-02-22 06:00;0,0000
2026-02-22 07:00;0,0000
2026-02-22 08:00;0,1500
2026-02-22 09:00;0,1500
2026-02-22 10:00;0,1518
2026-02-22 11:00;0,3161
2026-02-22 12:00;0,4682
2026-02-22 13:00;0,5329
2026-02-22 14:00;0,5064
2026-02-22 15:00;0,4435
2026-02-22 16:00;0,3716
2026-02-22 17:00;0,2549
2026-02-22 18:00;0,1500
2026-02-22 19:00;0,1500
2026-02-22 20:00;0,1500
2026-02-22 21:00;0,1500
2026-02-22 22:00;0,0000
2026-02-22 23:00;0,0000
2026-02-23 00:00;0,0000
2026-02-23 01:00;0,0000
2026-02-23 02:00;0,0000
2026-02-23 03:00;0,0000
2026-02-23 04:00;0,0000
2026-02-23 05:00;0,0000
2026-02-23 06:00;0,0000
2026-02-23 07:00;0,0000
2026-02-23 08:00;0,1500
2026-02-23 09:00;0,2026
2026-02-23 10:00;0,3723
2026-02-23 11:00;0,5269
2026-02-23 12:00;0,5937
2026-02-23 13:00;0,6228
2026-02-23 14:00;0,6102
2026-02-23 15:00;0,4635
2026-02-23 16:00;0,2776
2026-02-23 17:00;0,1500
2026-02-23 18:00;0,1500
2026-02-23 19:00;0,1500
2026-02-23 20:00;0,1500
2026-02-23 21:00;0,1500
2026-02-23 22:00;0,0000
2026-02-23 23:00;0,0000
2026-02-24 00:00;0,0000
2026-02-24 01:00;0,0000
2026-02-24 02:00;0,0000
2026-02-24 03:00;0,0000
2026-02-24 04:00;0,0000
2026-02-24 05:00;0,0000
2026-02-24 06:00;0,0000
2026-02-24 07:00;0,0000
2026-02-24 08:00;0,1500
2026-02-24 09:00;0,1910
2026-02-24 10:00;0,3661
2026-02-24 11:00;0,4503
2026-02-24 12:00;0,4955
2026-02-24 13:00;0,5727
2026-02-24 14:00;0,4735
2026-02-24 15:00;0,4307
2026-02-24 16:00;0,2846
2026-02-24 17:00;0,1500
2026-02-24 18:00;0,1500
2026-02-24 19:00;0,1500
2026-02-24 20:00;0,1500
2026-02-24 21:00;0,1500
2026-02-24 22:00;0,0000
2026-02-24 23:00;0,0000
2026-02-25 00:00;0,0000
2026-02-25 01:00;0,0000
2026-02-25 02:00;0,0000
2026-02-25 03:00;0,0000
2026-02-25 04:00;0,0000
2026-02-25 05:00;0,0000
2026-02-25 06:00;0,0000
2026-02-25 07:00;0,0000
2026-02-25 08:00;0,1500
2026-02-25 09:00;0,1777
2026-02-25 10:00;0,3013
2026-02-25 11:00;0,4113
2026-02-25 12:00;0,4415
2026-02-25 13:00;0,5248
2026-02-25 14:00;0,4542
2026-02-25 15:00;0,4090
2026-02-25 16:00;0,2601
2026-02-25 17:00;0,1500
2026-02-25 18:00;0,1500
2026-02-25 19:00;0,1500
2026-02-25 20:00;0,1500
2026-02-25 21:00;0,1500
2026-02-25 22:00;0,0000
2026-02-25 23:00;0,0000
2026-02-26 00:00;0,0000
2026-02-26 01:00;0,0000
2026-02-26 02:00;0,0000
2026-02-26 03:00;0,0000
2026-02-26 04:00;0,0000
2026-02-26 05:00;0,0000
2026-02-26 06:00;0,0000
2026-02-26 07:00;0,0000
2026-02-26 08:00;0,1500
2026-02-26 09:00;0,1500
2026-02-26 10:00;0,2305
2026-02-26 11:00;0,3553
2026-02-26 12:00;0,4757
2026-02-26 13:00;0,5470
2026-02-26 14:00;0,5974
2026-02-26 15:00;0,5157
2026-02-26 16:00;0,2737
2026-02-26 17:00;0,1500
2026-02-26 18:00;0,1500
2026-02-26 19:00;0,1500
2026-02-26 20:00;0,1500
2026-02-26 21:00;0,1500
2026-02-26 22:00;0,0000
2026-02-26 23:00;0,0000
2026-02-27 00:00;0,0000
2026-02-27 01:00;0,0000
2026-02-27 02:00;0,0000
2026-02-27 03:00;0,0000
2026-02-27 04:00;0,0000
2026-02-27 05:00;0,0000
2026-02-27 06:00;0,0000
2026-02-27 07:00;0,0000
2026-02-27 08:00;0,1500
2026-02-27 09:00;0,1500
2026-02-27 10:00;0,1574
2026-02-27 11:00;0,3066
2026-02-27 12:00;0,4853
2026-02-27 13:00;0,5706
2026-02-27 14:00;0,5841
2026-02-27 15:00;0,5278
2026-02-27 16:00;0,4211
2026-02-27 17:00;0,3107
2026-02-27 18:00;0,1500
2026-02-27 19:00;0,1500
2026-02-27 20:00;0,1500
2026-02-27 21:00;0,1500
2026-02-27 22:00;0,0000
2026-02-27 23:00;0,0000
2026-02-28 00:00;0,0000
2026-02-28 01:00;0,0000
2026-02-28 02:00;0,0000
2026-02-28 03:00;0,0000
2026-02-28 04:00;0,0000
2026-02-28 05:00;0,0000
2026-02-28 06:00;0,0000
2026-02-28 07:00;0,0000
2026-02-28 08:00;0,1500
2026-02-28 09:00;0,1500
2026-02-28 10:00;0,1500
2026-02-28 11:00;0,3003
2026-02-28 12:00;0,4448
2026-02-28 13:00;0,5740
2026-02-28 14:00;0,5541
2026-02-28 15:00;0,4719
2026-02-28 16:00;0,4310
2026-02-28 17:00;0,2596
2026-02-28 18:00;0,1500
2026-02-28 19:00;0,1500
2026-02-28 20:00;0,1500
2026-02-28 21:00;0,1500
2026-02-28 22:00;0,0000
2026-02-28 23:00;0,0000
2026-03-01 00:00;0,0000
2026-03-01 01:00;0,0000
2026-03-01 02:00;0,0000
2026-03-01 03:00;0,0000
2026-03-01 04:00;0,0000
2026-03-01 05:00;0,0000
2026-03-01 06:00;0,0000
2026-03-01 07:00;0,1500
2026-03-01 08:00;0,1500
2026-03-01 09:00;0,1500
2026-03-01 10:00;0,2971
2026-03-01 11:00;0,4899
2026-03-01 12:00;0,6766
2026-03-01 13:00;0,6325
2026-03-01 14:00;0,6676
2026-03-01 15:00;0,6651
2026-03-01 16:00;0,4616
2026-03-01 17:00;0,3325
2026-03-01 18:00;0,2094
2026-03-01 19:00;0,1500
2026-03-01 20:00;0,1500
2026-03-01 21:00;0,0000
2026-03-01 22:00;0,0000
2026-03-01 23:00;0,0000
2026-03-02 00:00;0,0000
2026-03-02 01:00;0,0000
2026-03-02 02:00;0,0000
2026-03-02 03:00;0,0000
2026-03-02 04:00;0,0000
2026-03-02 05:00;0,0000
2026-03-02 06:00;0,0000
2026-03-02 07:00;0,1500
2026-03-02 08:00;0,2170
2026-03-02 09:00;0,4467
2026-03-02 10:00;0,5670
2026-03-02 11:00;0,6520
2026-03-02 12:00;0,6621
2026-03-02 13:00;0,6688
2026-03-02 14:00;0,5056
2026-03-02 15:00;0,3752
2026-03-02 16:00;0,2565
2026-03-02 17:00;0,1500
2026-03-02 18:00;0,1500
2026-03-02 19:00;0,1500
2026-03-02 20:00;0,1500
2026-03-02 21:00;0,0000
2026-03-02 22:00;0,0000
2026-03-02 23:00;0,0000
2026-03-03 00:00;0,0000
2026-03-03 01:00;0,0000
2026-03-03 02:00;0,0000
2026-03-03 03:00;0,0000
2026-03-03 04:00;0,0000
2026-03-03 05:00;0,0000
2026-03-03 06:00;0,0000
2026-03-03 07:00;0,1500
2026-03-03 08:00;0,1500
2026-03-03 09:00;0,1500
2026-03-03 10:00;0,2543
2026-03-03 11:00;0,4522
2026-03-03 12:00;0,6008
2026-03-03 13:00;0,7342
2026-03-03 14:00;0,7411
2026-03-03 15:00;0,6297
2026-03-03 16:00;0,5594
2026-03-03 17:00;0,3971
2026-03-03 18:00;0,2323
2026-03-03 19:00;0,1500
2026-03-03 20:00;0,1500
2026-03-03 21:00;0,0000
2026-03-03 22:00;0,0000
2026-03-03 23:00;0,0000
2026-03-04 00:00;0,0000
2026-03-04 01:00;0,0000
2026-03-04 02:00;0,0000
2026-03-04 03:00;0,0000
2026-03-04 04:00;0,0000
2026-03-04 05:00;0,0000
2026-03-04 06:00;0,0000
2026-03-04 07:00;0,1500
2026-03-04 08:00;0,2078
2026-03-04 09:00;0,4310
2026-03-04 10:00;0,5677
2026-03-04 11:00;0,5550
2026-03-04 12:00;0,5962
2026-03-04 13:00;0,6970
2026-03-04 14:00;0,6353
2026-03-04 15:00;0,5269
2026-03-04 16:00;0,3605
2026-03-04 17:00;0,1500
2026-03-04 18:00;0,1500
2026-03-04 19:00;0,1500
2026-03-04 20:00;0,1500
2026-03-04 21:00;0,0000
2026-03-04 22:00;0,0000
2026-03-04 23:00;0,0000
2026-03-05 00:00;0,0000
2026-03-05 01:00;0,0000
2026-03-05 02:00;0,0000
2026-03-05 03:00;0,0000
2026-03-05 04:00;0,0000
2026-03-05 05:00;0,0000
2026-03-05 06:00;0,0000
2026-03-05 07:00;0,1500
2026-03-05 08:00;0,1500
2026-03-05 09:00;0,1713
2026-03-05 10:00;0,2694
2026-03-05 11:00;0,4851
2026-03-05 12:00;0,5332
2026-03-05 13:00;0,5708
2026-03-05 14:00;0,6168
2026-03-05 15:00;0,5526
2026-03-05 16:00;0,5241
2026-03-05 17:00;0,4008
2026-03-05 18:00;0,1793
2026-03-05 19:00;0,1500
2026-03-05 20:00;0,1500
2026-03-05 21:00;0,0000
2026-03-05 22:00;0,0000
2026-03-05 23:00;0,0000
2026-03-06 00:00;0,0000
2026-03-06 01:00;0,0000
2026-03-06 02:00;0,0000
2026-03-06 03:00;0,0000
2026-03-06 04:00;0,0000
2026-03-06 05:00;0,0000
2026-03-06 06:00;0,0000
2026-03-06 07:00;0,1500
2026-03-06 08:00;0,1500
2026-03-06 09:00;0,1500
2026-03-06 10:00;0,2329
2026-03-06 11:00;0,4283
2026-03-06 12:00;0,5846
2026-03-06 13:00;0,6948
2026-03-06 14:00;0,7749
2026-03-06 15:00;0,7741
2026-03-06 16:00;0,6946
2026-03-06 17:00;0,4932
2026-03-06 18:00;0,2393
2026-03-06 19:00;0,1500
2026-03-06 20:00;0,1500
2026-03-06 21:00;0,0000
2026-03-06 22:00;0,0000
2026-03-06 23:00;0,0000
2026-03-07 00:00;0,0000
2026-03-07 01:00;0,0000
2026-03-07 02:00;0,0000
2026-03-07 03:00;0,0000
2026-03-07 04:00;0,0000
2026-03-07 05:00;0,0000
2026-03-07 06:00;0,0000
2026-03-07 07:00;0,1500
2026-03-07 08:00;0,1500
2026-03-07 09:00;0,1508
2026-03-07 10:00;0,3661
2026-03-07 11:00;0,4735
2026-03-07 12:00;0,6325
2026-03-07 13:00;0,7579
2026-03-07 14:00;0,6916
2026-03-07 15:00;0,5985
2026-03-07 16:00;0,5194
2026-03-07 17:00;0,3127
2026-03-07 18:00;0,1543
2026-03-07 19:00;0,1500
2026-03-07 20:00;0,1500
2026-03-07 21:00;0,0000
2026-03-07 22:00;0,0000
2026-03-07 23:00;0,0000
2026-03-08 00:00;0,0000
2026-03-08 01:00;0,0000
2026-03-08 02:00;0,0000
2026-03-08 03:00;0,0000
2026-03-08 04:00;0,0000
2026-03-08 05:00;0,0000
2026-03-08 06:00;0,0000
2026-03-08 07:00;0,1500
2026-03-08 08:00;0,1500
2026-03-08 09:00;0,1534
2026-03-08 10:00;0,3711
2026-03-08 11:00;0,4926
2026-03-08 12:00;0,4452
2026-03-08 13:00;0,5554
2026-03-08 14:00;0,5833
2026-03-08 15:00;0,6014
2026-03-08 16:00;0,5061
2026-03-08 17:00;0,4711
2026-03-08 18:00;0,2357
2026-03-08 19:00;0,1500
2026-03-08 20:00;0,1500
2026-03-08 21:00;0,0000
2026-03-08 22:00;0,0000
2026-03-08 23:00;0,0000
2026-03-09 00:00;0,0000
2026-03-09 01:00;0,0000
2026-03-09 02:00;0,0000
2026-03-09 03:00;0,0000
2026-03-09 04:00;0,0000
2026-03-09 05:00;0,0000
2026-03-09 06:00;0,0000
2026-03-09 07:00;0,1500
2026-03-09 08:00;0,2180
2026-03-09 09:00;0,3931
2026-03-09 10:00;0,5259
2026-03-09 11:00;0,6960
2026-03-09 12:00;0,7498
2026-03-09 13:00;0,6974
2026-03-09 14:00;0,5069
2026-03-09 15:00;0,3218
2026-03-09 16:00;0,1997
2026-03-09 17:00;0,1500
2026-03-09 18:00;0,1500
2026-03-09 19:00;0,1500
2026-03-09 20:00;0,1500
2026-03-09 21:00;0,0000
2026-03-09 22:00;0,0000
2026-03-09 23:00;0,0000
2026-03-10 00:00;0,0000
2026-03-10 01:00;0,0000
2026-03-10 02:00;0,0000
2026-03-10 03:00;0,0000
2026-03-10 04:00;0,0000
2026-03-10 05:00;0,0000
2026-03-10 06:00;0,0000
2026-03-10 07:00;0,1500
2026-03-10 08:00;0,1500
2026-03-10 09:00;0,2207
2026-03-10 10:00;0,4231
2026-03-10 11:00;0,5802
2026-03-10 12:00;0,6465
2026-03-10 13:00;0,7079
2026-03-10 14:00;0,6457
2026-03-10 15:00;0,6403
2026-03-10 16:00;0,4321
2026-03-10 17:00;0,3148
2026-03-10 18:00;0,1561
2026-03-10 19:00;0,1500
2026-03-10 20:00;0,1500
2026-03-10 21:00;0,0000
2026-03-10 22:00;0,0000
2026-03-10 23:00;0,0000
2026-03-11 00:00;0,0000
2026-03-11 01:00;0,0000
2026-03-11 02:00;0,0000
2026-03-11 03:00;0,0000
2026-03-11 04:00;0,0000
2026-03-11 05:00;0,0000
2026-03-11 06:00;0,0000
2026-03-11 07:00;0,1500
2026-03-11 08:00;0,1500
2026-03-11 09:00;0,2384
2026-03-11 10:00;0,4782
2026-03-11 11:00;0,6769
2026-03-11 12:00;0,7392
2026-03-11 13:00;0,7172
2026-03-11 14:00;0,6270
2026-03-11 15:00;0,4907
2026-03-11 16:00;0,3470
2026-03-11 17:00;0,1683
2026-03-11 18:00;0,1500
2026-03-11 19:00;0,1500
2026-03-11 20:00;0,1500
2026-03-11 21:00;0,0000
2026-03-11 22:00;0,0000
2026-03-11 23:00;0,0000
2026-03-12 00:00;0,0000
2026-03-12 01:00;0,0000
2026-03-12 02:00;0,0000
2026-03-12 03:00;0,0000
2026-03-12 04:00;0,0000
2026-03-12 05:00;0,0000
2026-03-12 06:00;0,0000
2026-03-12 07:00;0,1500
2026-03-12 08:00;0,1500
2026-03-12 09:00;0,1615
2026-03-12 10:00;0,3595
2026-03-12 11:00;0,4635
2026-03-12 12:00;0,6351
2026-03-12 13:00;0,5942
2026-03-12 14:00;0,6093
2026-03-12 15:00;0,6382
2026-03-12 16:00;0,5293
2026-03-12 17:00;0,3032
2026-03-12 18:00;0,1500
2026-03-12 19:00;0,1500
2026-03-12 20:00;0,1500
2026-03-12 21:00;0,0000
2026-03-12 22:00;0,0000
2026-03-12 23:00;0,0000
2026-03-13 00:00;0,0000
2026-03-13 01:00;0,0000
2026-03-13 02:00;0,0000
2026-03-13 03:00;0,0000
2026-03-13 04:00;0,0000
2026-03-13 05:00;0,0000
2026-03-13 06:00;0,0000
2026-03-13 07:00;0,1500
2026-03-13 08:00;0,1872
2026-03-13 09:00;0,3422
2026-03-13 10:00;0,4581
2026-03-13 11:00;0,5550
2026-03-13 12:00;0,6933
2026-03-13 13:00;0,6598
2026-03-13 14:00;0,5541
2026-03-13 15:00;0,3811
2026-03-13 16:00;0,2561
2026-03-13 17:00;0,1500
2026-03-13 18:00;0,1500
2026-03-13 19:00;0,1500
2026-03-13 20:00;0,1500
2026-03-13 21:00;0,0000
2026-03-13 22:00;0,0000
2026-03-13 23:00;0,0000
2026-03-14 00:00;0,0000
2026-03-14 01:00;0,0000
2026-03-14 02:00;0,0000
2026-03-14 03:00;0,0000
2026-03-14 04:00;0,0000
2026-03-14 05:00;0,0000
2026-03-14 06:00;0,0000
2026-03-14 07:00;0,1500
2026-03-14 08:00;0,1500
2026-03-14 09:00;0,1500
2026-03-14 10:00;0,2983
2026-03-14 11:00;0,4894
2026-03-14 12:00;0,6872
2026-03-14 13:00;0,6770
2026-03-14 14:00;0,7200
2026-03-14 15:00;0,6218
2026-03-14 16:00;0,5260
2026-03-14 17:00;0,4129
2026-03-14 18:00;0,2288
2026-03-14 19:00;0,1500
2026-03-14 20:00;0,1500
2026-03-14 21:00;0,0000
2026-03-14 22:00;0,0000
2026-03-14 23:00;0,0000
2026-03-15 00:00;0,0000
2026-03-15 01:00;0,0000
2026-03-15 02:00;0,0000
2026-03-15 03:00;0,0000
2026-03-15 04:00;0,0000
2026-03-15 05:00;0,0000
2026-03-15 06:00;0,0000
2026-03-15 07:00;0,1500
2026-03-15 08:00;0,1500
2026-03-15 09:00;0,1500
2026-03-15 10:00;0,2611
2026-03-15 11:00;0,5001
2026-03-15 12:00;0,5000
2026-03-15 13:00;0,4640
2026-03-15 14:00;0,4439
2026-03-15 15:00;0,6197
2026-03-15 16:00;0,6142
2026-03-15 17:00;0,4203
2026-03-15 18:00;0,1983
2026-03-15 19:00;0,1500
2026-03-15 20:00;0,1500
2026-03-15 21:00;0,0000
2026-03-15 22:00;0,0000
2026-03-15 23:00;0,0000
2026-03-16 00:00;0,0000
2026-03-16 01:00;0,0000
2026-03-16 02:00;0,0000
2026-03-16 03:00;0,0000
2026-03-16 04:00;0,0000
2026-03-16 05:00;0,0000
2026-03-16 06:00;0,0000
2026-03-16 07:00;0,1500
2026-03-16 08:00;0,1500
2026-03-16 09:00;0,3211
2026-03-16 10:00;0,4543
2026-03-16 11:00;0,6165
2026-03-16 12:00;0,6331
2026-03-16 13:00;0,7045
2026-03-16 14:00;0,6149
2026-03-16 15:00;0,5179
2026-03-16 16:00;0,3424
2026-03-16 17:00;0,1500
2026-03-16 18:00;0,1500
2026-03-16 19:00;0,1500
2026-03-16 20:00;0,1500
2026-03-16 21:00;0,0000
2026-03-16 22:00;0,0000
2026-03-16 23:00;0,0000
2026-03-17 00:00;0,0000
2026-03-17 01:00;0,0000
2026-03-17 02:00;0,0000
2026-03-17 03:00;0,0000
2026-03-17 04:00;0,0000
2026-03-17 05:00;0,0000
2026-03-17 06:00;0,0000
2026-03-17 07:00;0,1500
2026-03-17 08:00;0,1500
2026-03-17 09:00;0,1500
2026-03-17 10:00;0,2307
2026-03-17 11:00;0,4210
2026-03-17 12:00;0,5524
2026-03-17 13:00;0,5589
2026-03-17 14:00;0,5960
2026-03-17 15:00;0,6381
2026-03-17 16:00;0,5563
2026-03-17 17:00;0,4450
2026-03-17 18:00;0,2253
2026-03-17 19:00;0,1500
2026-03-17 20:00;0,1500
2026-03-17 21:00;0,0000
2026-03-17 22:00;0,0000
2026-03-17 23:00;0,0000
2026-03-18 00:00;0,0000
2026-03-18 01:00;0,0000
2026-03-18 02:00;0,0000
2026-03-18 03:00;0,0000
2026-03-18 04:00;0,0000
2026-03-18 05:00;0,0000
2026-03-18 06:00;0,0000
2026-03-18 07:00;0,1500
2026-03-18 08:00;0,1500
2026-03-18 09:00;0,2488
2026-03-18 10:00;0,3874
2026-03-18 11:00;0,5182
2026-03-18 12:00;0,5603
2026-03-18 13:00;0,5824
2026-03-18 14:00;0,5378
2026-03-18 15:00;0,4287
2026-03-18 16:00;0,3319
2026-03-18 17:00;0,1717
2026-03-18 18:00;0,1500
2026-03-18 19:00;0,1500
2026-03-18 20:00;0,1500
2026-03-18 21:00;0,0000
2026-03-18 22:00;0,0000
2026-03-18 23:00;0,0000
2026-03-19 00:00;0,0000
2026-03-19 01:00;0,0000
2026-03-19 02:00;0,0000
2026-03-19 03:00;0,0000
2026-03-19 04:00;0,0000
2026-03-19 05:00;0,0000
2026-03-19 06:00;0,0000
2026-03-19 07:00;0,1500
2026-03-19 08:00;0,1500
2026-03-19 09:00;0,2189
2026-03-19 10:00;0,3419
2026-03-19 11:00;0,4512
2026-03-19 12:00;0,6131
2026-03-19 13:00;0,7244
2026-03-19 14:00;0,7566
2026-03-19 15:00;0,6847
2026-03-19 16:00;0,4498
2026-03-19 17:00;0,2368
2026-03-19 18:00;0,1500
2026-03-19 19:00;0,1500
2026-03-19 20:00;0,1500
2026-03-19 21:00;0,0000
2026-03-19 22:00;0,0000
2026-03-19 23:00;0,0000
2026-03-20 00:00;0,0000
2026-03-20 01:00;0,0000
2026-03-20 02:00;0,0000
2026-03-20 03:00;0,0000
2026-03-20 04:00;0,0000
2026-03-20 05:00;0,0000
2026-03-20 06:00;0,0000
2026-03-20 07:00;0,1500
2026-03-20 08:00;0,1500
2026-03-20 09:00;0,1736
2026-03-20 10:00;0,4109
2026-03-20 11:00;0,5948
2026-03-20 12:00;0,6903
2026-03-20 13:00;0,6692
2026-03-20 14:00;0,6730
2026-03-20 15:00;0,5558
2026-03-20 16:00;0,3462
2026-03-20 17:00;0,1500
2026-03-20 18:00;0,1500
2026-03-20 19:00;0,1500
2026-03-20 20:00;0,1500
2026-03-20 21:00;0,0000
2026-03-20 22:00;0,0000
2026-03-20 23:00;0,0000
2026-03-21 00:00;0,0000
2026-03-21 01:00;0,0000
2026-03-21 02:00;0,0000
2026-03-21 03:00;0,0000
2026-03-21 04:00;0,0000
2026-03-21 05:00;0,0000
2026-03-21 06:00;0,0000
2026-03-21 07:00;0,1500
2026-03-21 08:00;0,1500
2026-03-21 09:00;0,1860
2026-03-21 10:00;0,3696
2026-03-21 11:00;0,5541
2026-03-21 12:00;0,6681
2026-03-21 13:00;0,6945
2026-03-21 14:00;0,6861
2026-03-21 15:00;0,4835
2026-03-21 16:00;0,2721
2026-03-21 17:00;0,2919
2026-03-21 18:00;0,1900
2026-03-21 19:00;0,1500
2026-03-21 20:00;0,1500
2026-03-21 21:00;0,0000
2026-03-21 22:00;0,0000
2026-03-21 23:00;0,0000
2026-03-22 00:00;0,0000
2026-03-22 01:00;0,0000
2026-03-22 02:00;0,0000
2026-03-22 03:00;0,0000
2026-03-22 04:00;0,0000
2026-03-22 05:00;0,0000
2026-03-22 06:00;0,0000
2026-03-22 07:00;0,1500
2026-03-22 08:00;0,1500
2026-03-22 09:00;0,1500
2026-03-22 10:00;0,2797
2026-03-22 11:00;0,4907
2026-03-22 12:00;0,6133
2026-03-22 13:00;0,6776
2026-03-22 14:00;0,6408
2026-03-22 15:00;0,5996
2026-03-22 16:00;0,5004
2026-03-22 17:00;0,4090
2026-03-22 18:00;0,2296
2026-03-22 19:00;0,1500
2026-03-22 20:00;0,1500
2026-03-22 21:00;0,0000
2026-03-22 22:00;0,0000
2026-03-22 23:00;0,0000
2026-03-23 00:00;0,0000
2026-03-23 01:00;0,0000
2026-03-23 02:00;0,0000
2026-03-23 03:00;0,0000
2026-03-23 04:00;0,0000
2026-03-23 05:00;0,0000
2026-03-23 06:00;0,0000
2026-03-23 07:00;0,1500
2026-03-23 08:00;0,2285
2026-03-23 09:00;0,4016
2026-03-23 10:00;0,5666
2026-03-23 11:00;0,6019
2026-03-23 12:00;0,6558
2026-03-23 13:00;0,5287
2026-03-23 14:00;0,4727
2026-03-23 15:00;0,3744
2026-03-23 16:00;0,1935
2026-03-23 17:00;0,1500
2026-03-23 18:00;0,1500
2026-03-23 19:00;0,1500
2026-03-23 20:00;0,1500
2026-03-23 21:00;0,0000
2026-03-23 22:00;0,0000
2026-03-23 23:00;0,0000
2026-03-24 00:00;0,0000
2026-03-24 01:00;0,0000
2026-03-24 02:00;0,0000
2026-03-24 03:00;0,0000
2026-03-24 04:00;0,0000
2026-03-24 05:00;0,0000
2026-03-24 06:00;0,0000
2026-03-24 07:00;0,1500
2026-03-24 08:00;0,1500
2026-03-24 09:00;0,2575
2026-03-24 10:00;0,4124
2026-03-24 11:00;0,5473
2026-03-24 12:00;0,6462
2026-03-24 13:00;0,6388
2026-03-24 14:00;0,5890
2026-03-24 15:00;0,5239
2026-03-24 16:00;0,3448
2026-03-24 17:00;0,1991
2026-03-24 18:00;0,1500
2026-03-24 19:00;0,1500
2026-03-24 20:00;0,1500
2026-03-24 21:00;0,0000
2026-03-24 22:00;0,0000
2026-03-24 23:00;0,0000
2026-03-25 00:00;0,0000
2026-03-25 01:00;0,0000
2026-03-25 02:00;0,0000
2026-03-25 03:00;0,0000
2026-03-25 04:00;0,0000
2026-03-25 05:00;0,0000
2026-03-25 06:00;0,0000
2026-03-25 07:00;0,1500
2026-03-25 08:00;0,1622
2026-03-25 09:00;0,4140
2026-03-25 10:00;0,6362
2026-03-25 11:00;0,7926
2026-03-25 12:00;0,8497
2026-03-25 13:00;0,7516
2026-03-25 14:00;0,5637
2026-03-25 15:00;0,2933
2026-03-25 16:00;0,1500
2026-03-25 17:00;0,1500
2026-03-25 18:00;0,1500
2026-03-25 19:00;0,1500
2026-03-25 20:00;0,1500
2026-03-25 21:00;0,0000
2026-03-25 22:00;0,0000
2026-03-25 23:00;0,0000
2026-03-26 00:00;0,0000
2026-03-26 01:00;0,0000
2026-03-26 02:00;0,0000
2026-03-26 03:00;0,0000
2026-03-26 04:00;0,0000
2026-03-26 05:00;0,0000
2026-03-26 06:00;0,0000
2026-03-26 07:00;0,1500
2026-03-26 08:00;0,2274
2026-03-26 09:00;0,3464
2026-03-26 10:00;0,5407
2026-03-26 11:00;0,7042
2026-03-26 12:00;0,7499
2026-03-26 13:00;0,7075
2026-03-26 14:00;0,5222
2026-03-26 15:00;0,2364
2026-03-26 16:00;0,1944
2026-03-26 17:00;0,1500
2026-03-26 18:00;0,1500
2026-03-26 19:00;0,1500
2026-03-26 20:00;0,1500
2026-03-26 21:00;0,0000
2026-03-26 22:00;0,0000
2026-03-26 23:00;0,0000
2026-03-27 00:00;0,0000
2026-03-27 01:00;0,0000
2026-03-27 02:00;0,0000
2026-03-27 03:00;0,0000
2026-03-27 04:00;0,0000
2026-03-27 05:00;0,0000
2026-03-27 06:00;0,0000
2026-03-27 07:00;0,1500
2026-03-27 08:00;0,1500
2026-03-27 09:00;0,1500
2026-03-27 10:00;0,2244
2026-03-27 11:00;0,3871
2026-03-27 12:00;0,4880
2026-03-27 13:00;0,6675
2026-03-27 14:00;0,7838
2026-03-27 15:00;0,7049
2026-03-27 16:00;0,6215
2026-03-27 17:00;0,4535
2026-03-27 18:00;0,2220
2026-03-27 19:00;0,1500
2026-03-27 20:00;0,1500
2026-03-27 21:00;0,0000
2026-03-27 22:00;0,0000
2026-03-27 23:00;0,0000
2026-03-28 00:00;0,0000
2026-03-28 01:00;0,0000
2026-03-28 02:00;0,0000
2026-03-28 03:00;0,0000
2026-03-28 04:00;0,0000
2026-03-28 05:00;0,0000
2026-03-28 06:00;0,0000
2026-03-28 07:00;0,1500
2026-03-28 08:00;0,1500
2026-03-28 09:00;0,1500
2026-03-28 10:00;0,2579
2026-03-28 11:00;0,5037
2026-03-28 12:00;0,5535
2026-03-28 13:00;0,5390
2026-03-28 14:00;0,5197
2026-03-28 15:00;0,6229
2026-03-28 16:00;0,5285
2026-03-28 17:00;0,4113
2026-03-28 18:00;0,1730
2026-03-28 19:00;0,1500
2026-03-28 20:00;0,1500
2026-03-28 21:00;0,0000
2026-03-28 22:00;0,0000
2026-03-28 23:00;0,0000
2026-03-29 00:00;0,0000
2026-03-29 01:00;0,0000
2026-03-29 02:00;0,0000
2026-03-29 03:00;0,0000
2026-03-29 04:00;0,0000
2026-03-29 05:00;0,0000
2026-03-29 06:00;0,0000
2026-03-29 07:00;0,1500
2026-03-29 08:00;0,1500
2026-03-29 09:00;0,1500
2026-03-29 10:00;0,2674
2026-03-29 11:00;0,3846
2026-03-29 12:00;0,5339
2026-03-29 13:00;0,5745
2026-03-29 14:00;0,5715
2026-03-29 15:00;0,5155
2026-03-29 16:00;0,4696
2026-03-29 17:00;0,4114
2026-03-29 18:00;0,2214
2026-03-29 19:00;0,1500
2026-03-29 20:00;0,1500
2026-03-29 21:00;0,0000
2026-03-29 22:00;0,0000
2026-03-29 23:00;0,0000
2026-03-30 00:00;0,0000
2026-03-30 01:00;0,0000
2026-03-30 02:00;0,0000
2026-03-30 03:00;0,0000
2026-03-30 04:00;0,0000
2026-03-30 05:00;0,0000
2026-03-30 06:00;0,0000
2026-03-30 07:00;0,1500
2026-03-30 08:00;0,1500
2026-03-30 09:00;0,1500
2026-03-30 10:00;0,2423
2026-03-30 11:00;0,4221
2026-03-30 12:00;0,5918
2026-03-30 13:00;0,7174
2026-03-30 14:00;0,6639
2026-03-30 15:00;0,6374
2026-03-30 16:00;0,5075
2026-03-30 17:00;0,3875
2026-03-30 18:00;0,2182
2026-03-30 19:00;0,1500
2026-03-30 20:00;0,1500
2026-03-30 21:00;0,0000
2026-03-30 22:00;0,0000
2026-03-30 23:00;0,0000
2026-03-31 00:00;0,0000
2026-03-31 01:00;0,0000
2026-03-31 02:00;0,0000
2026-03-31 03:00;0,0000
2026-03-31 04:00;0,0000
2026-03-31 05:00;0,0000
2026-03-31 06:00;0,0000
2026-03-31 07:00;0,1500
2026-03-31 08:00;0,1500
2026-03-31 09:00;0,2511
2026-03-31 10:00;0,4070
2026-03-31 11:00;0,6362
2026-03-31 12:00;0,7112
2026-03-31 13:00;0,6175
2026-03-31 14:00;0,5819
2026-03-31 15:00;0,4421
2026-03-31 16:00;0,2815
2026-03-31 17:00;0,1555
2026-03-31 18:00;0,1500
2026-03-31 19:00;0,1500
2026-03-31 20:00;0,1500
2026-03-31 21:00;0,0000
2026-03-31 22:00;0,0000
2026-03-31 23:00;0,0000
2026-04-01 00:00;0,0000
2026-04-01 01:00;0,0000
2026-04-01 02:00;0,0000
2026-04-01 03:00;0,0000
2026-04-01 04:00;0,0000
2026-04-01 05:00;0,0000
2026-04-01 06:00;0,0000
2026-04-01 07:00;0,1500
2026-04-01 08:00;0,1500
2026-04-01 09:00;0,1500
2026-04-01 10:00;0,2605
2026-04-01 11:00;0,5161
2026-04-01 12:00;0,6771
2026-04-01 13:00;0,7521
2026-04-01 14:00;0,8470
2026-04-01 15:00;0,8560
2026-04-01 16:00;0,8015
2026-04-01 17:00;0,6026
2026-04-01 18:00;0,3998
2026-04-01 19:00;0,1947
2026-04-01 20:00;0,1500
2026-04-01 21:00;0,0000
2026-04-01 22:00;0,0000
2026-04-01 23:00;0,0000
2026-04-02 00:00;0,0000
2026-04-02 01:00;0,0000
2026-04-02 02:00;0,0000
2026-04-02 03:00;0,0000
2026-04-02 04:00;0,0000
2026-04-02 05:00;0,0000
2026-04-02 06:00;0,0000
2026-04-02 07:00;0,1500
2026-04-02 08:00;0,1500
2026-04-02 09:00;0,2370
2026-04-02 10:00;0,3687
2026-04-02 11:00;0,5380
2026-04-02 12:00;0,7060
2026-04-02 13:00;0,8770
2026-04-02 14:00;0,9520
2026-04-02 15:00;0,8900
2026-04-02 16:00;0,7893
2026-04-02 17:00;0,5806
2026-04-02 18:00;0,3383
2026-04-02 19:00;0,1705
2026-04-02 20:00;0,1500
2026-04-02 21:00;0,0000
2026-04-02 22:00;0,0000
2026-04-02 23:00;0,0000
2026-04-03 00:00;0,0000
2026-04-03 01:00;0,0000
2026-04-03 02:00;0,0000
2026-04-03 03:00;0,0000
2026-04-03 04:00;0,0000
2026-04-03 05:00;0,0000
2026-04-03 06:00;0,0000
2026-04-03 07:00;0,1500
2026-04-03 08:00;0,1500
2026-04-03 09:00;0,2847
2026-04-03 10:00;0,5518
2026-04-03 11:00;0,6469
2026-04-03 12:00;0,6594
2026-04-03 13:00;0,6687
2026-04-03 14:00;0,6364
2026-04-03 15:00;0,6028
2026-04-03 16:00;0,5471
2026-04-03 17:00;0,3439
2026-04-03 18:00;0,2244
2026-04-03 19:00;0,1500
2026-04-03 20:00;0,1500
2026-04-03 21:00;0,0000
2026-04-03 22:00;0,0000
2026-04-03 23:00;0,0000
2026-04-04 00:00;0,0000
2026-04-04 01:00;0,0000
2026-04-04 02:00;0,0000
2026-04-04 03:00;0,0000
2026-04-04 04:00;0,0000
2026-04-04 05:00;0,0000
2026-04-04 06:00;0,0000
2026-04-04 07:00;0,1500
2026-04-04 08:00;0,1500
2026-04-04 09:00;0,2640
2026-04-04 10:00;0,5306
2026-04-04 11:00;0,7112
2026-04-04 12:00;0,9043
2026-04-04 13:00;0,9394
2026-04-04 14:00;0,9378
2026-04-04 15:00;0,7987
2026-04-04 16:00;0,6946
2026-04-04 17:00;0,6204
2026-04-04 18:00;0,2960
2026-04-04 19:00;0,1500
2026-04-04 20:00;0,1500
2026-04-04 21:00;0,0000
2026-04-04 22:00;0,0000
2026-04-04 23:00;0,0000
2026-04-05 00:00;0,0000
2026-04-05 01:00;0,0000
2026-04-05 02:00;0,0000
2026-04-05 03:00;0,0000
2026-04-05 04:00;0,0000
2026-04-05 05:00;0,0000
2026-04-05 06:00;0,0000
2026-04-05 07:00;0,1500
2026-04-05 08:00;0,2569
2026-04-05 09:00;0,4140
2026-04-05 10:00;0,6064
2026-04-05 11:00;0,7618
2026-04-05 12:00;0,8452
2026-04-05 13:00;0,7994
2026-04-05 14:00;0,7843
2026-04-05 15:00;0,6557
2026-04-05 16:00;0,4829
2026-04-05 17:00;0,3241
2026-04-05 18:00;0,1713
2026-04-05 19:00;0,1500
2026-04-05 20:00;0,1500
2026-04-05 21:00;0,0000
2026-04-05 22:00;0,0000
2026-04-05 23:00;0,0000
2026-04-06 00:00;0,0000
2026-04-06 01:00;0,0000
2026-04-06 02:00;0,0000
2026-04-06 03:00;0,0000
2026-04-06 04:00;0,0000
2026-04-06 05:00;0,0000
2026-04-06 06:00;0,0000
2026-04-06 07:00;0,1500
2026-04-06 08:00;0,1500
2026-04-06 09:00;0,2339
2026-04-06 10:00;0,4620
2026-04-06 11:00;0,6795
2026-04-06 12:00;0,8854
2026-04-06 13:00;0,9168
2026-04-06 14:00;0,9543
2026-04-06 15:00;0,8766
2026-04-06 16:00;0,7864
2026-04-06 17:00;0,5666
2026-04-06 18:00;0,3607
2026-04-06 19:00;0,1500
2026-04-06 20:00;0,1500
2026-04-06 21:00;0,0000
2026-04-06 22:00;0,0000
2026-04-06 23:00;0,0000
2026-04-07 00:00;0,0000
2026-04-07 01:00;0,0000
2026-04-07 02:00;0,0000
2026-04-07 03:00;0,0000
2026-04-07 04:00;0,0000
2026-04-07 05:00;0,0000
2026-04-07 06:00;0,0000
2026-04-07 07:00;0,1500
2026-04-07 08:00;0,2935
2026-04-07 09:00;0,5843
2026-04-07 10:00;0,6779
2026-04-07 11:00;0,7760
2026-04-07 12:00;0,8488
2026-04-07 13:00;0,7876
2026-04-07 14:00;0,8172
2026-04-07 15:00;0,7467
2026-04-07 16:00;0,4788
2026-04-07 17:00;0,3177
2026-04-07 18:00;0,1500
2026-04-07 19:00;0,1500
2026-04-07 20:00;0,1500
2026-04-07 21:00;0,0000
2026-04-07 22:00;0,0000
2026-04-07 23:00;0,0000
2026-04-08 00:00;0,0000
2026-04-08 01:00;0,0000
2026-04-08 02:00;0,0000
2026-04-08 03:00;0,0000
2026-04-08 04:00;0,0000
2026-04-08 05:00;0,0000
2026-04-08 06:00;0,0000
2026-04-08 07:00;0,1500
2026-04-08 08:00;0,1500
2026-04-08 09:00;0,2277
2026-04-08 10:00;0,4066
2026-04-08 11:00;0,5266
2026-04-08 12:00;0,5820
2026-04-08 13:00;0,7052
2026-04-08 14:00;0,7892
2026-04-08 15:00;0,6477
2026-04-08 16:00;0,5184
2026-04-08 17:00;0,4058
2026-04-08 18:00;0,2644
2026-04-08 19:00;0,1500
2026-04-08 20:00;0,1500
2026-04-08 21:00;0,0000
2026-04-08 22:00;0,0000
2026-04-08 23:00;0,0000
2026-04-09 00:00;0,0000
2026-04-09 01:00;0,0000
2026-04-09 02:00;0,0000
2026-04-09 03:00;0,0000
2026-04-09 04:00;0,0000
2026-04-09 05:00;0,0000
2026-04-09 06:00;0,0000
2026-04-09 07:00;0,1500
2026-04-09 08:00;0,1500
2026-04-09 09:00;0,3374
2026-04-09 10:00;0,5291
2026-04-09 11:00;0,7127
2026-04-09 12:00;0,8309
2026-04-09 13:00;0,8166
2026-04-09 14:00;0,7251
2026-04-09 15:00;0,6308
2026-04-09 16:00;0,5306
2026-04-09 17:00;0,4975
2026-04-09 18:00;0,2952
2026-04-09 19:00;0,1505
2026-04-09 20:00;0,1500
2026-04-09 21:00;0,0000
2026-04-09 22:00;0,0000
2026-04-09 23:00;0,0000
2026-04-10 00:00;0,0000
2026-04-10 01:00;0,0000
2026-04-10 02:00;0,0000
2026-04-10 03:00;0,0000
2026-04-10 04:00;0,0000
2026-04-10 05:00;0,0000
2026-04-10 06:00;0,0000
2026-04-10 07:00;0,1500
2026-04-10 08:00;0,1500
2026-04-10 09:00;0,3195
2026-04-10 10:00;0,5496
2026-04-10 11:00;0,5873
2026-04-10 12:00;0,7733
2026-04-10 13:00;0,7160
2026-04-10 14:00;0,7292
2026-04-10 15:00;0,6583
2026-04-10 16:00;0,6113
2026-04-10 17:00;0,5035
2026-04-10 18:00;0,3151
2026-04-10 19:00;0,1612
2026-04-10 20:00;0,1500
2026-04-10 21:00;0,0000
2026-04-10 22:00;0,0000
2026-04-10 23:00;0,0000
2026-04-11 00:00;0,0000
2026-04-11 01:00;0,0000
2026-04-11 02:00;0,0000
2026-04-11 03:00;0,0000
2026-04-11 04:00;0,0000
2026-04-11 05:00;0,0000
2026-04-11 06:00;0,0000
2026-04-11 07:00;0,1500
2026-04-11 08:00;0,1500
2026-04-11 09:00;0,2361
2026-04-11 10:00;0,4707
2026-04-11 11:00;0,6340
2026-04-11 12:00;0,7289
2026-04-11 13:00;0,7851
2026-04-11 14:00;0,7897
2026-04-11 15:00;0,6242
2026-04-11 16:00;0,5823
2026-04-11 17:00;0,5651
2026-04-11 18:00;0,3887
2026-04-11 19:00;0,2101
2026-04-11 20:00;0,1500
2026-04-11 21:00;0,0000
2026-04-11 22:00;0,0000
2026-04-11 23:00;0,0000
2026-04-12 00:00;0,0000
2026-04-12 01:00;0,0000
2026-04-12 02:00;0,0000
2026-04-12 03:00;0,0000
2026-04-12 04:00;0,0000
2026-04-12 05:00;0,0000
2026-04-12 06:00;0,0000
2026-04-12 07:00;0,1500
2026-04-12 08:00;0,1500
2026-04-12 09:00;0,2223
2026-04-12 10:00;0,3518
2026-04-12 11:00;0,5675
2026-04-12 12:00;0,6375
2026-04-12 13:00;0,8381
2026-04-12 14:00;0,7552
2026-04-12 15:00;0,7297
2026-04-12 16:00;0,6487
2026-04-12 17:00;0,5944
2026-04-12 18:00;0,3811
2026-04-12 19:00;0,2117
2026-04-12 20:00;0,1500
2026-04-12 21:00;0,0000
2026-04-12 22:00;0,0000
2026-04-12 23:00;0,0000
2026-04-13 00:00;0,0000
2026-04-13 01:00;0,0000
2026-04-13 02:00;0,0000
2026-04-13 03:00;0,0000
2026-04-13 04:00;0,0000
2026-04-13 05:00;0,0000
2026-04-13 06:00;0,0000
2026-04-13 07:00;0,1500
2026-04-13 08:00;0,1500
2026-04-13 09:00;0,3015
2026-04-13 10:00;0,5124
2026-04-13 11:00;0,6880
2026-04-13 12:00;0,6960
2026-04-13 13:00;0,8264
2026-04-13 14:00;0,9105
2026-04-13 15:00;0,8279
2026-04-13 16:00;0,6272
2026-04-13 17:00;0,4627
2026-04-13 18:00;0,2836
2026-04-13 19:00;0,1500
2026-04-13 20:00;0,1500
2026-04-13 21:00;0,0000
2026-04-13 22:00;0,0000
2026-04-13 23:00;0,0000
2026-04-14 00:00;0,0000
2026-04-14 01:00;0,0000
2026-04-14 02:00;0,0000
2026-04-14 03:00;0,0000
2026-04-14 04:00;0,0000
2026-04-14 05:00;0,0000
2026-04-14 06:00;0,0000
2026-04-14 07:00;0,1500
2026-04-14 08:00;0,1500
2026-04-14 09:00;0,2971
2026-04-14 10:00;0,5489
2026-04-14 11:00;0,7272
2026-04-14 12:00;0,7639
2026-04-14 13:00;0,8614
2026-04-14 14:00;0,8059
2026-04-14 15:00;0,8197
2026-04-14 16:00;0,7153
2026-04-14 17:00;0,5193
2026-04-14 18:00;0,3083
2026-04-14 19:00;0,1500
2026-04-14 20:00;0,1500
2026-04-14 21:00;0,0000
2026-04-14 22:00;0,0000
2026-04-14 23:00;0,0000
2026-04-15 00:00;0,0000
2026-04-15 01:00;0,0000
2026-04-15 02:00;0,0000
2026-04-15 03:00;0,0000
2026-04-15 04:00;0,0000
2026-04-15 05:00;0,0000
2026-04-15 06:00;0,0000
2026-04-15 07:00;0,1500
2026-04-15 08:00;0,2812
2026-04-15 09:00;0,4412
2026-04-15 10:00;0,6044
2026-04-15 11:00;0,6776
2026-04-15 12:00;0,8379
2026-04-15 13:00;0,8633
2026-04-15 14:00;0,7236
2026-04-15 15:00;0,5837
2026-04-15 16:00;0,3767
2026-04-15 17:00;0,1749
2026-04-15 18:00;0,1500
2026-04-15 19:00;0,1500
2026-04-15 20:00;0,1500
2026-04-15 21:00;0,0000
2026-04-15 22:00;0,0000
2026-04-15 23:00;0,0000
2026-04-16 00:00;0,0000
2026-04-16 01:00;0,0000
2026-04-16 02:00;0,0000
2026-04-16 03:00;0,0000
2026-04-16 04:00;0,0000
2026-04-16 05:00;0,0000
2026-04-16 06:00;0,0000
2026-04-16 07:00;0,1500
2026-04-16 08:00;0,1500
2026-04-16 09:00;0,2602
2026-04-16 10:00;0,4297
2026-04-16 11:00;0,6801
2026-04-16 12:00;0,7564
2026-04-16 13:00;0,9166
2026-04-16 14:00;0,8396
2026-04-16 15:00;0,6922
2026-04-16 16:00;0,6144
2026-04-16 17:00;0,5057
2026-04-16 18:00;0,3072
2026-04-16 19:00;0,1500
2026-04-16 20:00;0,1500
2026-04-16 21:00;0,0000
2026-04-16 22:00;0,0000
2026-04-16 23:00;0,0000
2026-04-17 00:00;0,0000
2026-04-17 01:00;0,0000
2026-04-17 02:00;0,0000
2026-04-17 03:00;0,0000
2026-04-17 04:00;0,0000
2026-04-17 05:00;0,0000
2026-04-17 06:00;0,0000
2026-04-17 07:00;0,1500
2026-04-17 08:00;0,2722
2026-04-17 09:00;0,5166
2026-04-17 10:00;0,6877
2026-04-17 11:00;0,8605
2026-04-17 12:00;0,9792
2026-04-17 13:00;0,9198
2026-04-17 14:00;0,9080
2026-04-17 15:00;0,6865
2026-04-17 16:00;0,5608
2026-04-17 17:00;0,3606
2026-04-17 18:00;0,1527
2026-04-17 19:00;0,1500
2026-04-17 20:00;0,1500
2026-04-17 21:00;0,0000
2026-04-17 22:00;0,0000
2026-04-17 23:00;0,0000
2026-04-18 00:00;0,0000
2026-04-18 01:00;0,0000
2026-04-18 02:00;0,0000
2026-04-18 03:00;0,0000
2026-04-18 04:00;0,0000
2026-04-18 05:00;0,0000
2026-04-18 06:00;0,0000
2026-04-18 07:00;0,1500
2026-04-18 08:00;0,1500
2026-04-18 09:00;0,3070
2026-04-18 10:00;0,5467
2026-04-18 11:00;0,7840
2026-04-18 12:00;0,9328
2026-04-18 13:00;0,9129
2026-04-18 14:00;0,8794
2026-04-18 15:00;0,8252
2026-04-18 16:00;0,5385
2026-04-18 17:00;0,3993
2026-04-18 18:00;0,2767
2026-04-18 19:00;0,1500
2026-04-18 20:00;0,1500
2026-04-18 21:00;0,0000
2026-04-18 22:00;0,0000
2026-04-18 23:00;0,0000
2026-04-19 00:00;0,0000
2026-04-19 01:00;0,0000
2026-04-19 02:00;0,0000
2026-04-19 03:00;0,0000
2026-04-19 04:00;0,0000
2026-04-19 05:00;0,0000
2026-04-19 06:00;0,0000
2026-04-19 07:00;0,1500
2026-04-19 08:00;0,3150
2026-04-19 09:00;0,5416
2026-04-19 10:00;0,6464
2026-04-19 11:00;0,7956
2026-04-19 12:00;0,8662
2026-04-19 13:00;0,8276
2026-04-19 14:00;0,8074
2026-04-19 15:00;0,6073
2026-04-19 16:00;0,4542
2026-04-19 17:00;0,3384
2026-04-19 18:00;0,1500
2026-04-19 19:00;0,1500
2026-04-19 20:00;0,1500
2026-04-19 21:00;0,0000
2026-04-19 22:00;0,0000
2026-04-19 23:00;0,0000
2026-04-20 00:00;0,0000
2026-04-20 01:00;0,0000
2026-04-20 02:00;0,0000
2026-04-20 03:00;0,0000
2026-04-20 04:00;0,0000
2026-04-20 05:00;0,0000
2026-04-20 06:00;0,0000
2026-04-20 07:00;0,1500
2026-04-20 08:00;0,3073
2026-04-20 09:00;0,4557
2026-04-20 10:00;0,5658
2026-04-20 11:00;0,7855
2026-04-20 12:00;0,7897
2026-04-20 13:00;0,8847
2026-04-20 14:00;0,8888
2026-04-20 15:00;0,7318
2026-04-20 16:00;0,4354
2026-04-20 17:00;0,3036
2026-04-20 18:00;0,1500
2026-04-20 19:00;0,1500
2026-04-20 20:00;0,1500
2026-04-20 21:00;0,0000
2026-04-20 22:00;0,0000
2026-04-20 23:00;0,0000
2026-04-21 00:00;0,0000
2026-04-21 01:00;0,0000
2026-04-21 02:00;0,0000
2026-04-21 03:00;0,0000
2026-04-21 04:00;0,0000
2026-04-21 05:00;0,0000
2026-04-21 06:00;0,0000
2026-04-21 07:00;0,1500
2026-04-21 08:00;0,1500
2026-04-21 09:00;0,3119
2026-04-21 10:00;0,5077
2026-04-21 11:00;0,7064
2026-04-21 12:00;0,8200
2026-04-21 13:00;0,8391
2026-04-21 14:00;0,8553
2026-04-21 15:00;0,6916
2026-04-21 16:00;0,6091
2026-04-21 17:00;0,4266
2026-04-21 18:00;0,2749
2026-04-21 19:00;0,1500
2026-04-21 20:00;0,1500
2026-04-21 21:00;0,0000
2026-04-21 22:00;0,0000
2026-04-21 23:00;0,0000
2026-04-22 00:00;0,0000
2026-04-22 01:00;0,0000
2026-04-22 02:00;0,0000
2026-04-22 03:00;0,0000
2026-04-22 04:00;0,0000
2026-04-22 05:00;0,0000
2026-04-22 06:00;0,0000
2026-04-22 07:00;0,1500
2026-04-22 08:00;0,3289
2026-04-22 09:00;0,5004
2026-04-22 10:00;0,6940
2026-04-22 11:00;0,7176
2026-04-22 12:00;0,7346
2026-04-22 13:00;0,8123
2026-04-22 14:00;0,7082
2026-04-22 15:00;0,6774
2026-04-22 16:00;0,5059
2026-04-22 17:00;0,3064
2026-04-22 18:00;0,1500
2026-04-22 19:00;0,1500
2026-04-22 20:00;0,1500
2026-04-22 21:00;0,0000
2026-04-22 22:00;0,0000
2026-04-22 23:00;0,0000
2026-04-23 00:00;0,0000
2026-04-23 01:00;0,0000
2026-04-23 02:00;0,0000
2026-04-23 03:00;0,0000
2026-04-23 04:00;0,0000
2026-04-23 05:00;0,0000
2026-04-23 06:00;0,0000
2026-04-23 07:00;0,1500
2026-04-23 08:00;0,1500
2026-04-23 09:00;0,2559
2026-04-23 10:00;0,4605
2026-04-23 11:00;0,7050
2026-04-23 12:00;0,8336
2026-04-23 13:00;0,9312
2026-04-23 14:00;0,9986
2026-04-23 15:00;0,8210
2026-04-23 16:00;0,6976
2026-04-23 17:00;0,5051
2026-04-23 18:00;0,2783
2026-04-23 19:00;0,1500
2026-04-23 20:00;0,1500
2026-04-23 21:00;0,0000
2026-04-23 22:00;0,0000
2026-04-23 23:00;0,0000
2026-04-24 00:00;0,0000
2026-04-24 01:00;0,0000
2026-04-24 02:00;0,0000
2026-04-24 03:00;0,0000
2026-04-24 04:00;0,0000
2026-04-24 05:00;0,0000
2026-04-24 06:00;0,0000
2026-04-24 07:00;0,1500
2026-04-24 08:00;0,1500
2026-04-24 09:00;0,3125
2026-04-24 10:00;0,4753
2026-04-24 11:00;0,5890
2026-04-24 12:00;0,7677
2026-04-24 13:00;0,9298
2026-04-24 14:00;0,8875
2026-04-24 15:00;0,7661
2026-04-24 16:00;0,7061
2026-04-24 17:00;0,5276
2026-04-24 18:00;0,3213
2026-04-24 19:00;0,1500
2026-04-24 20:00;0,1500
2026-04-24 21:00;0,0000
2026-04-24 22:00;0,0000
2026-04-24 23:00;0,0000
2026-04-25 00:00;0,0000
2026-04-25 01:00;0,0000
2026-04-25 02:00;0,0000
2026-04-25 03:00;0,0000
2026-04-25 04:00;0,0000
2026-04-25 05:00;0,0000
2026-04-25 06:00;0,0000
2026-04-25 07:00;0,1500
2026-04-25 08:00;0,1500
2026-04-25 09:00;0,2738
2026-04-25 10:00;0,4328
2026-04-25 11:00;0,6012
2026-04-25 12:00;0,7543
2026-04-25 13:00;0,8413
2026-04-25 14:00;0,8681
2026-04-25 15:00;0,7958
2026-04-25 16:00;0,6238
2026-04-25 17:00;0,4315
2026-04-25 18:00;0,2514
2026-04-25 19:00;0,1500
2026-04-25 20:00;0,1500
2026-04-25 21:00;0,0000
2026-04-25 22:00;0,0000
2026-04-25 23:00;0,0000
2026-04-26 00:00;0,0000
2026-04-26 01:00;0,0000
2026-04-26 02:00;0,0000
2026-04-26 03:00;0,0000
2026-04-26 04:00;0,0000
2026-04-26 05:00;0,0000
2026-04-26 06:00;0,0000
2026-04-26 07:00;0,1500
2026-04-26 08:00;0,1500
2026-04-26 09:00;0,2587
2026-04-26 10:00;0,4554
2026-04-26 11:00;0,5806
2026-04-26 12:00;0,7032
2026-04-26 13:00;0,7666
2026-04-26 14:00;0,7192
2026-04-26 15:00;0,6197
2026-04-26 16:00;0,5535
2026-04-26 17:00;0,4558
2026-04-26 18:00;0,3163
2026-04-26 19:00;0,1500
2026-04-26 20:00;0,1500
2026-04-26 21:00;0,0000
2026-04-26 22:00;0,0000
2026-04-26 23:00;0,0000
2026-04-27 00:00;0,0000
2026-04-27 01:00;0,0000
2026-04-27 02:00;0,0000
2026-04-27 03:00;0,0000
2026-04-27 04:00;0,0000
2026-04-27 05:00;0,0000
2026-04-27 06:00;0,0000
2026-04-27 07:00;0,1500
2026-04-27 08:00;0,1500
2026-04-27 09:00;0,3634
2026-04-27 10:00;0,5351
2026-04-27 11:00;0,7363
2026-04-27 12:00;0,7818
2026-04-27 13:00;0,7604
2026-04-27 14:00;0,8303
2026-04-27 15:00;0,7654
2026-04-27 16:00;0,6886
2026-04-27 17:00;0,5190
2026-04-27 18:00;0,3089
2026-04-27 19:00;0,1500
2026-04-27 20:00;0,1500
2026-04-27 21:00;0,0000
2026-04-27 22:00;0,0000
2026-04-27 23:00;0,0000
2026-04-28 00:00;0,0000
2026-04-28 01:00;0,0000
2026-04-28 02:00;0,0000
2026-04-28 03:00;0,0000
2026-04-28 04:00;0,0000
2026-04-28 05:00;0,0000
2026-04-28 06:00;0,0000
2026-04-28 07:00;0,1500
2026-04-28 08:00;0,2924
2026-04-28 09:00;0,5202
2026-04-28 10:00;0,6507
2026-04-28 11:00;0,7685
2026-04-28 12:00;0,7983
2026-04-28 13:00;0,8980
2026-04-28 14:00;0,8786
2026-04-28 15:00;0,6729
2026-04-28 16:00;0,4258
2026-04-28 17:00;0,2208
2026-04-28 18:00;0,1500
2026-04-28 19:00;0,1500
2026-04-28 20:00;0,1500
2026-04-28 21:00;0,0000
2026-04-28 22:00;0,0000
2026-04-28 23:00;0,0000
2026-04-29 00:00;0,0000
2026-04-29 01:00;0,0000
2026-04-29 02:00;0,0000
2026-04-29 03:00;0,0000
2026-04-29 04:00;0,0000
2026-04-29 05:00;0,0000
2026-04-29 06:00;0,0000
2026-04-29 07:00;0,1500
2026-04-29 08:00;0,1647
2026-04-29 09:00;0,3272
2026-04-29 10:00;0,5780
2026-04-29 11:00;0,7212
2026-04-29 12:00;0,8202
2026-04-29 13:00;0,8010
2026-04-29 14:00;0,8296
2026-04-29 15:00;0,7250
2026-04-29 16:00;0,4961
2026-04-29 17:00;0,2946
2026-04-29 18:00;0,1500
2026-04-29 19:00;0,1500
2026-04-29 20:00;0,1500
2026-04-29 21:00;0,0000
2026-04-29 22:00;0,0000
2026-04-29 23:00;0,0000
2026-04-30 00:00;0,0000
2026-04-30 01:00;0,0000
2026-04-30 02:00;0,0000
2026-04-30 03:00;0,0000
2026-04-30 04:00;0,0000
2026-04-30 05:00;0,0000
2026-04-30 06:00;0,0000
2026-04-30 07:00;0,1500
2026-04-30 08:00;0,1500
2026-04-30 09:00;0,3278
2026-04-30 10:00;0,5504
2026-04-30 11:00;0,7826
2026-04-30 12:00;0,7835
2026-04-30 13:00;0,8961
2026-04-30 14:00;0,8421
2026-04-30 15:00;0,8092
2026-04-30 16:00;0,6733
2026-04-30 17:00;0,6146
2026-04-30 18:00;0,3491
2026-04-30 19:00;0,1590
2026-04-30 20:00;0,1500
2026-04-30 21:00;0,0000
2026-04-30 22:00;0,0000
2026-04-30 23:00;0,0000
2026-05-01 00:00;0,0000
2026-05-01 01:00;0,0000
2026-05-01 02:00;0,0000
2026-05-01 03:00;0,0000
2026-05-01 04:00;0,0000
2026-05-01 05:00;0,0000
2026-05-01 06:00;0,1500
2026-05-01 07:00;0,1765
2026-05-01 08:00;0,2923
2026-05-01 09:00;0,3925
2026-05-01 10:00;0,5733
2026-05-01 11:00;0,7449
2026-05-01 12:00;0,7015
2026-05-01 13:00;0,8036
2026-05-01 14:00;0,8559
2026-05-01 15:00;0,7717
2026-05-01 16:00;0,6619
2026-05-01 17:00;0,4737
2026-05-01 18:00;0,2809
2026-05-01 19:00;0,1500
2026-05-01 20:00;0,1500
2026-05-01 21:00;0,0000
2026-05-01 22:00;0,0000
2026-05-01 23:00;0,0000
2026-05-02 00:00;0,0000
2026-05-02 01:00;0,0000
2026-05-02 02:00;0,0000
2026-05-02 03:00;0,0000
2026-05-02 04:00;0,0000
2026-05-02 05:00;0,0000
2026-05-02 06:00;0,1500
2026-05-02 07:00;0,1500
2026-05-02 08:00;0,1733
2026-05-02 09:00;0,3873
2026-05-02 10:00;0,6353
2026-05-02 11:00;0,7374
2026-05-02 12:00;0,9106
2026-05-02 13:00;0,8688
2026-05-02 14:00;0,7923
2026-05-02 15:00;0,6796
2026-05-02 16:00;0,5293
2026-05-02 17:00;0,4159
2026-05-02 18:00;0,3220
2026-05-02 19:00;0,2066
2026-05-02 20:00;0,1500
2026-05-02 21:00;0,0000
2026-05-02 22:00;0,0000
2026-05-02 23:00;0,0000
2026-05-03 00:00;0,0000
2026-05-03 01:00;0,0000
2026-05-03 02:00;0,0000
2026-05-03 03:00;0,0000
2026-05-03 04:00;0,0000
2026-05-03 05:00;0,0000
2026-05-03 06:00;0,1500
2026-05-03 07:00;0,1500
2026-05-03 08:00;0,1924
2026-05-03 09:00;0,3742
2026-05-03 10:00;0,6050
2026-05-03 11:00;0,8484
2026-05-03 12:00;0,8554
2026-05-03 13:00;0,9544
2026-05-03 14:00;0,8548
2026-05-03 15:00;0,7967
2026-05-03 16:00;0,5501
2026-05-03 17:00;0,3936
2026-05-03 18:00;0,2422
2026-05-03 19:00;0,1500
2026-05-03 20:00;0,1500
2026-05-03 21:00;0,0000
2026-05-03 22:00;0,0000
2026-05-03 23:00;0,0000
2026-05-04 00:00;0,0000
2026-05-04 01:00;0,0000
2026-05-04 02:00;0,0000
2026-05-04 03:00;0,0000
2026-05-04 04:00;0,0000
2026-05-04 05:00;0,0000
2026-05-04 06:00;0,1500
2026-05-04 07:00;0,1500
2026-05-04 08:00;0,2430
2026-05-04 09:00;0,4168
2026-05-04 10:00;0,6153
2026-05-04 11:00;0,7077
2026-05-04 12:00;0,9033
2026-05-04 13:00;0,9584
2026-05-04 14:00;0,8832
2026-05-04 15:00;0,8352
2026-05-04 16:00;0,7435
2026-05-04 17:00;0,5269
2026-05-04 18:00;0,3354
2026-05-04 19:00;0,1688
2026-05-04 20:00;0,1500
2026-05-04 21:00;0,0000
2026-05-04 22:00;0,0000
2026-05-04 23:00;0,0000
2026-05-05 00:00;0,0000
2026-05-05 01:00;0,0000
2026-05-05 02:00;0,0000
2026-05-05 03:00;0,0000
2026-05-05 04:00;0,0000
2026-05-05 05:00;0,0000
2026-05-05 06:00;0,1500
2026-05-05 07:00;0,1500
2026-05-05 08:00;0,1705
2026-05-05 09:00;0,3411
2026-05-05 10:00;0,4867
2026-05-05 11:00;0,6308
2026-05-05 12:00;0,8036
2026-05-05 13:00;0,8587
2026-05-05 14:00;0,8866
2026-05-05 15:00;0,6932
2026-05-05 16:00;0,5530
2026-05-05 17:00;0,3200
2026-05-05 18:00;0,3033
2026-05-05 19:00;0,1617
2026-05-05 20:00;0,1500
2026-05-05 21:00;0,0000
2026-05-05 22:00;0,0000
2026-05-05 23:00;0,0000
2026-05-06 00:00;0,0000
2026-05-06 01:00;0,0000
2026-05-06 02:00;0,0000
2026-05-06 03:00;0,0000
2026-05-06 04:00;0,0000
2026-05-06 05:00;0,0000
2026-05-06 06:00;0,1500
2026-05-06 07:00;0,1500
2026-05-06 08:00;0,2029
2026-05-06 09:00;0,3538
2026-05-06 10:00;0,4701
2026-05-06 11:00;0,7720
2026-05-06 12:00;0,8270
2026-05-06 13:00;0,9427
2026-05-06 14:00;0,8082
2026-05-06 15:00;0,7216
2026-05-06 16:00;0,6154
2026-05-06 17:00;0,4758
2026-05-06 18:00;0,3859
2026-05-06 19:00;0,2100
2026-05-06 20:00;0,1500
2026-05-06 21:00;0,0000
2026-05-06 22:00;0,0000
2026-05-06 23:00;0,0000
2026-05-07 00:00;0,0000
2026-05-07 01:00;0,0000
2026-05-07 02:00;0,0000
2026-05-07 03:00;0,0000
2026-05-07 04:00;0,0000
2026-05-07 05:00;0,0000
2026-05-07 06:00;0,1500
2026-05-07 07:00;0,1500
2026-05-07 08:00;0,2277
2026-05-07 09:00;0,3802
2026-05-07 10:00;0,5215
2026-05-07 11:00;0,6275
2026-05-07 12:00;0,6513
2026-05-07 13:00;0,8395
2026-05-07 14:00;0,8769
2026-05-07 15:00;0,8089
2026-05-07 16:00;0,6555
2026-05-07 17:00;0,5454
2026-05-07 18:00;0,3545
2026-05-07 19:00;0,2367
2026-05-07 20:00;0,1500
2026-05-07 21:00;0,0000
2026-05-07 22:00;0,0000
2026-05-07 23:00;0,0000
2026-05-08 00:00;0,0000
2026-05-08 01:00;0,0000
2026-05-08 02:00;0,0000
2026-05-08 03:00;0,0000
2026-05-08 04:00;0,0000
2026-05-08 05:00;0,0000
2026-05-08 06:00;0,1500
2026-05-08 07:00;0,1534
2026-05-08 08:00;0,2581
2026-05-08 09:00;0,4144
2026-05-08 10:00;0,5604
2026-05-08 11:00;0,6595
2026-05-08 12:00;0,6756
2026-05-08 13:00;0,7202
2026-05-08 14:00;0,8206
2026-05-08 15:00;0,6834
2026-05-08 16:00;0,4365
2026-05-08 17:00;0,1943
2026-05-08 18:00;0,1500
2026-05-08 19:00;0,1500
2026-05-08 20:00;0,1500
2026-05-08 21:00;0,0000
2026-05-08 22:00;0,0000
2026-05-08 23:00;0,0000
2026-05-09 00:00;0,0000
2026-05-09 01:00;0,0000
2026-05-09 02:00;0,0000
2026-05-09 03:00;0,0000
2026-05-09 04:00;0,0000
2026-05-09 05:00;0,0000
2026-05-09 06:00;0,1500
2026-05-09 07:00;0,1500
2026-05-09 08:00;0,1500
2026-05-09 09:00;0,3031
2026-05-09 10:00;0,5056
2026-05-09 11:00;0,6052
2026-05-09 12:00;0,7379
2026-05-09 13:00;0,7309
2026-05-09 14:00;0,7818
2026-05-09 15:00;0,7069
2026-05-09 16:00;0,6479
2026-05-09 17:00;0,4669
2026-05-09 18:00;0,3388
2026-05-09 19:00;0,1631
2026-05-09 20:00;0,1500
2026-05-09 21:00;0,0000
2026-05-09 22:00;0,0000
2026-05-09 23:00;0,0000
2026-05-10 00:00;0,0000
2026-05-10 01:00;0,0000
2026-05-10 02:00;0,0000
2026-05-10 03:00;0,0000
2026-05-10 04:00;0,0000
2026-05-10 05:00;0,0000
2026-05-10 06:00;0,1500
2026-05-10 07:00;0,1500
2026-05-10 08:00;0,2086
2026-05-10 09:00;0,3854
2026-05-10 10:00;0,5624
2026-05-10 11:00;0,6394
2026-05-10 12:00;0,8104
2026-05-10 13:00;0,7913
2026-05-10 14:00;0,6920
2026-05-10 15:00;0,7291
2026-05-10 16:00;0,6021
2026-05-10 17:00;0,4673
2026-05-10 18:00;0,3133
2026-05-10 19:00;0,1696
2026-05-10 20:00;0,1500
2026-05-10 21:00;0,0000
2026-05-10 22:00;0,0000
2026-05-10 23:00;0,0000
2026-05-11 00:00;0,0000
2026-05-11 01:00;0,0000
2026-05-11 02:00;0,0000
2026-05-11 03:00;0,0000
2026-05-11 04:00;0,0000
2026-05-11 05:00;0,0000
2026-05-11 06:00;0,1500
2026-05-11 07:00;0,1500
2026-05-11 08:00;0,1712
2026-05-11 09:00;0,3114
2026-05-11 10:00;0,4672
2026-05-11 11:00;0,6840
2026-05-11 12:00;0,7589
2026-05-11 13:00;0,9014
2026-05-11 14:00;0,9271
2026-05-11 15:00;0,8698
2026-05-11 16:00;0,7040
2026-05-11 17:00;0,1500
2026-05-11 18:00;0,1500
2026-05-11 19:00;0,1500
2026-05-11 20:00;0,1500
2026-05-11 21:00;0,0000
2026-05-11 22:00;0,0000
2026-05-11 23:00;0,0000
2026-05-12 00:00;0,0000
2026-05-12 01:00;0,0000
2026-05-12 02:00;0,0000
2026-05-12 03:00;0,0000
2026-05-12 04:00;0,0000
2026-05-12 05:00;0,0000
2026-05-12 06:00;0,1500
2026-05-12 07:00;0,1500
2026-05-12 08:00;0,2641
2026-05-12 09:00;0,3934
2026-05-12 10:00;0,4784
2026-05-12 11:00;0,6657
2026-05-12 12:00;0,7961
2026-05-12 13:00;0,8988
2026-05-12 14:00;0,7663
2026-05-12 15:00;0,6678
2026-05-12 16:00;0,6088
2026-05-12 17:00;0,4246
2026-05-12 18:00;0,2503
2026-05-12 19:00;0,1500
2026-05-12 20:00;0,1500
2026-05-12 21:00;0,0000
2026-05-12 22:00;0,0000
2026-05-12 23:00;0,0000
2026-05-13 00:00;0,0000
2026-05-13 01:00;0,0000
2026-05-13 02:00;0,0000
2026-05-13 03:00;0,0000
2026-05-13 04:00;0,0000
2026-05-13 05:00;0,0000
2026-05-13 06:00;0,1500
2026-05-13 07:00;0,1500
2026-05-13 08:00;0,1500
2026-05-13 09:00;0,3539
2026-05-13 10:00;0,6291
2026-05-13 11:00;0,6935
2026-05-13 12:00;0,7393
2026-05-13 13:00;0,7677
2026-05-13 14:00;0,8027
2026-05-13 15:00;0,8510
2026-05-13 16:00;0,7428
2026-05-13 17:00;0,5906
2026-05-13 18:00;0,3600
2026-05-13 19:00;0,1917
2026-05-13 20:00;0,1500
2026-05-13 21:00;0,0000
2026-05-13 22:00;0,0000
2026-05-13 23:00;0,0000
2026-05-14 00:00;0,0000
2026-05-14 01:00;0,0000
2026-05-14 02:00;0,0000
2026-05-14 03:00;0,0000
2026-05-14 04:00;0,0000
2026-05-14 05:00;0,0000
2026-05-14 06:00;0,1500
2026-05-14 07:00;0,1500
2026-05-14 08:00;0,1894
2026-05-14 09:00;0,3675
2026-05-14 10:00;0,6276
2026-05-14 11:00;0,7670
2026-05-14 12:00;0,8179
2026-05-14 13:00;0,8393
2026-05-14 14:00;0,8745
2026-05-14 15:00;0,7597
2026-05-14 16:00;0,5794
2026-05-14 17:00;0,4342
2026-05-14 18:00;0,3223
2026-05-14 19:00;0,1591
2026-05-14 20:00;0,1500
2026-05-14 21:00;0,0000
2026-05-14 22:00;0,0000
2026-05-14 23:00;0,0000
2026-05-15 00:00;0,0000
2026-05-15 01:00;0,0000
2026-05-15 02:00;0,0000
2026-05-15 03:00;0,0000
2026-05-15 04:00;0,0000
2026-05-15 05:00;0,0000
2026-05-15 06:00;0,1500
2026-05-15 07:00;0,1602
2026-05-15 08:00;0,2385
2026-05-15 09:00;0,3647
2026-05-15 10:00;0,4412
2026-05-15 11:00;0,6431
2026-05-15 12:00;0,6736
2026-05-15 13:00;0,7113
2026-05-15 14:00;0,6904
2026-05-15 15:00;0,6876
2026-05-15 16:00;0,6664
2026-05-15 17:00;0,4943
2026-05-15 18:00;0,2881
2026-05-15 19:00;0,1500
2026-05-15 20:00;0,1500
2026-05-15 21:00;0,0000
2026-05-15 22:00;0,0000
2026-05-15 23:00;0,0000
2026-05-16 00:00;0,0000
2026-05-16 01:00;0,0000
2026-05-16 02:00;0,0000
2026-05-16 03:00;0,0000
2026-05-16 04:00;0,0000
2026-05-16 05:00;0,0000
2026-05-16 06:00;0,1500
2026-05-16 07:00;0,1500
2026-05-16 08:00;0,1575
2026-05-16 09:00;0,3328
2026-05-16 10:00;0,5243
2026-05-16 11:00;0,7298
2026-05-16 12:00;0,8608
2026-05-16 13:00;0,8814
2026-05-16 14:00;0,8268
2026-05-16 15:00;0,6575
2026-05-16 16:00;0,4792
2026-05-16 17:00;0,3425
2026-05-16 18:00;0,1852
2026-05-16 19:00;0,1500
2026-05-16 20:00;0,1500
2026-05-16 21:00;0,0000
2026-05-16 22:00;0,0000
2026-05-16 23:00;0,0000
2026-05-17 00:00;0,0000
2026-05-17 01:00;0,0000
2026-05-17 02:00;0,0000
2026-05-17 03:00;0,0000
2026-05-17 04:00;0,0000
2026-05-17 05:00;0,0000
2026-05-17 06:00;0,1500
2026-05-17 07:00;0,1500
2026-05-17 08:00;0,2362
2026-05-17 09:00;0,3878
2026-05-17 10:00;0,5196
2026-05-17 11:00;0,6470
2026-05-17 12:00;0,7672
2026-05-17 13:00;0,9459
2026-05-17 14:00;0,8388
2026-05-17 15:00;0,7528
2026-05-17 16:00;0,6053
2026-05-17 17:00;0,4872
2026-05-17 18:00;0,2647
2026-05-17 19:00;0,1582
2026-05-17 20:00;0,1500
2026-05-17 21:00;0,0000
2026-05-17 22:00;0,0000
2026-05-17 23:00;0,0000
2026-05-18 00:00;0,0000
2026-05-18 01:00;0,0000
2026-05-18 02:00;0,0000
2026-05-18 03:00;0,0000
2026-05-18 04:00;0,0000
2026-05-18 05:00;0,0000
2026-05-18 06:00;0,1500
2026-05-18 07:00;0,1500
2026-05-18 08:00;0,1976
2026-05-18 09:00;0,3331
2026-05-18 10:00;0,4951
2026-05-18 11:00;0,6841
2026-05-18 12:00;0,8850
2026-05-18 13:00;0,9625
2026-05-18 14:00;0,8578
2026-05-18 15:00;0,7728
2026-05-18 16:00;0,7034
2026-05-18 17:00;0,5004
2026-05-18 18:00;0,3137
2026-05-18 19:00;0,2746
2026-05-18 20:00;0,1500
2026-05-18 21:00;0,0000
2026-05-18 22:00;0,0000
2026-05-18 23:00;0,0000
2026-05-19 00:00;0,0000
2026-05-19 01:00;0,0000
2026-05-19 02:00;0,0000
2026-05-19 03:00;0,0000
2026-05-19 04:00;0,0000
2026-05-19 05:00;0,0000
2026-05-19 06:00;0,1500
2026-05-19 07:00;0,1500
2026-05-19 08:00;0,1725
2026-05-19 09:00;0,3559
2026-05-19 10:00;0,5852
2026-05-19 11:00;0,7129
2026-05-19 12:00;0,7429
2026-05-19 13:00;0,6578
2026-05-19 14:00;0,7901
2026-05-19 15:00;0,6669
2026-05-19 16:00;0,5432
2026-05-19 17:00;0,4423
2026-05-19 18:00;0,2895
2026-05-19 19:00;0,1500
2026-05-19 20:00;0,1500
2026-05-19 21:00;0,0000
2026-05-19 22:00;0,0000
2026-05-19 23:00;0,0000
2026-05-20 00:00;0,0000
2026-05-20 01:00;0,0000
2026-05-20 02:00;0,0000
2026-05-20 03:00;0,0000
2026-05-20 04:00;0,0000
2026-05-20 05:00;0,0000
2026-05-20 06:00;0,1500
2026-05-20 07:00;0,1500
2026-05-20 08:00;0,1888
2026-05-20 09:00;0,4218
2026-05-20 10:00;0,5631
2026-05-20 11:00;0,7215
2026-05-20 12:00;0,8360
2026-05-20 13:00;0,9745
2026-05-20 14:00;0,9749
2026-05-20 15:00;0,7509
2026-05-20 16:00;0,7312
2026-05-20 17:00;0,4900
2026-05-20 18:00;0,3904
2026-05-20 19:00;0,2145
2026-05-20 20:00;0,1500
2026-05-20 21:00;0,0000
2026-05-20 22:00;0,0000
2026-05-20 23:00;0,0000
2026-05-21 00:00;0,0000
2026-05-21 01:00;0,0000
2026-05-21 02:00;0,0000
2026-05-21 03:00;0,0000
2026-05-21 04:00;0,0000
2026-05-21 05:00;0,0000
2026-05-21 06:00;0,1500
2026-05-21 07:00;0,1500
2026-05-21 08:00;0,1500
2026-05-21 09:00;0,3238
2026-05-21 10:00;0,5217
2026-05-21 11:00;0,5460
2026-05-21 12:00;0,6965
2026-05-21 13:00;0,6848
2026-05-21 14:00;0,8379
2026-05-21 15:00;0,8099
2026-05-21 16:00;0,6078
2026-05-21 17:00;0,4289
2026-05-21 18:00;0,2902
2026-05-21 19:00;0,1523
2026-05-21 20:00;0,1500
2026-05-21 21:00;0,0000
2026-05-21 22:00;0,0000
2026-05-21 23:00;0,0000
2026-05-22 00:00;0,0000
2026-05-22 01:00;0,0000
2026-05-22 02:00;0,0000
2026-05-22 03:00;0,0000
2026-05-22 04:00;0,0000
2026-05-22 05:00;0,0000
2026-05-22 06:00;0,1500
2026-05-22 07:00;0,1500
2026-05-22 08:00;0,1941
2026-05-22 09:00;0,3382
2026-05-22 10:00;0,5967
2026-05-22 11:00;0,7616
2026-05-22 12:00;0,8012
2026-05-22 13:00;0,7750
2026-05-22 14:00;0,9273
2026-05-22 15:00;0,8093
2026-05-22 16:00;0,7637
2026-05-22 17:00;0,1500
2026-05-22 18:00;0,1500
2026-05-22 19:00;0,1500
2026-05-22 20:00;0,1500
2026-05-22 21:00;0,0000
2026-05-22 22:00;0,0000
2026-05-22 23:00;0,0000
2026-05-23 00:00;0,0000
2026-05-23 01:00;0,0000
2026-05-23 02:00;0,0000
2026-05-23 03:00;0,0000
2026-05-23 04:00;0,0000
2026-05-23 05:00;0,0000
2026-05-23 06:00;0,1500
2026-05-23 07:00;0,1500
2026-05-23 08:00;0,2390
2026-05-23 09:00;0,4537
2026-05-23 10:00;0,6033
2026-05-23 11:00;0,6655
2026-05-23 12:00;0,7538
2026-05-23 13:00;0,7838
2026-05-23 14:00;0,8376
2026-05-23 15:00;0,7259
2026-05-23 16:00;0,5683
2026-05-23 17:00;0,4715
2026-05-23 18:00;0,2991
2026-05-23 19:00;0,1500
2026-05-23 20:00;0,1500
2026-05-23 21:00;0,0000
2026-05-23 22:00;0,0000
2026-05-23 23:00;0,0000
2026-05-24 00:00;0,0000
2026-05-24 01:00;0,0000
2026-05-24 02:00;0,0000
2026-05-24 03:00;0,0000
2026-05-24 04:00;0,0000
2026-05-24 05:00;0,0000
2026-05-24 06:00;0,1500
2026-05-24 07:00;0,1500
2026-05-24 08:00;0,2155
2026-05-24 09:00;0,3834
2026-05-24 10:00;0,5683
2026-05-24 11:00;0,6261
2026-05-24 12:00;0,6067
2026-05-24 13:00;0,6429
2026-05-24 14:00;0,7630
2026-05-24 15:00;0,7800
2026-05-24 16:00;0,7073
2026-05-24 17:00;0,5772
2026-05-24 18:00;0,3713
2026-05-24 19:00;0,1500
2026-05-24 20:00;0,1500
2026-05-24 21:00;0,0000
2026-05-24 22:00;0,0000
2026-05-24 23:00;0,0000
2026-05-25 00:00;0,0000
2026-05-25 01:00;0,0000
2026-05-25 02:00;0,0000
2026-05-25 03:00;0,0000
2026-05-25 04:00;0,0000
2026-05-25 05:00;0,0000
2026-05-25 06:00;0,1500
2026-05-25 07:00;0,1500
2026-05-25 08:00;0,1500
2026-05-25 09:00;0,2909
2026-05-25 10:00;0,4739
2026-05-25 11:00;0,6804
2026-05-25 12:00;0,7367
2026-05-25 13:00;0,8905
2026-05-25 14:00;0,9082
2026-05-25 15:00;0,8758
2026-05-25 16:00;0,8288
2026-05-25 17:00;0,6735
2026-05-25 18:00;0,4835
2026-05-25 19:00;0,2704
2026-05-25 20:00;0,1500
2026-05-25 21:00;0,0000
2026-05-25 22:00;0,0000
2026-05-25 23:00;0,0000
2026-05-26 00:00;0,0000
2026-05-26 01:00;0,0000
2026-05-26 02:00;0,0000
2026-05-26 03:00;0,0000
2026-05-26 04:00;0,0000
2026-05-26 05:00;0,0000
2026-05-26 06:00;0,1500
2026-05-26 07:00;0,1500
2026-05-26 08:00;0,2040
2026-05-26 09:00;0,4313
2026-05-26 10:00;0,6717
2026-05-26 11:00;0,8200
2026-05-26 12:00;0,9314
2026-05-26 13:00;1,0000
2026-05-26 14:00;0,9950
2026-05-26 15:00;0,8495
2026-05-26 16:00;0,7587
2026-05-26 17:00;0,5402
2026-05-26 18:00;0,3444
2026-05-26 19:00;0,1765
2026-05-26 20:00;0,1500
2026-05-26 21:00;0,0000
2026-05-26 22:00;0,0000
2026-05-26 23:00;0,0000
2026-05-27 00:00;0,0000
2026-05-27 01:00;0,0000
2026-05-27 02:00;0,0000
2026-05-27 03:00;0,0000
2026-05-27 04:00;0,0000
2026-05-27 05:00;0,0000
2026-05-27 06:00;0,1500
2026-05-27 07:00;0,1500
2026-05-27 08:00;0,1920
2026-05-27 09:00;0,3775
2026-05-27 10:00;0,4940
2026-05-27 11:00;0,8433
2026-05-27 12:00;0,9421
2026-05-27 13:00;1,0000
2026-05-27 14:00;0,9459
2026-05-27 15:00;0,8756
2026-05-27 16:00;0,5975
2026-05-27 17:00;0,5099
2026-05-27 18:00;0,3475
2026-05-27 19:00;0,1814
2026-05-27 20:00;0,1500
2026-05-27 21:00;0,0000
2026-05-27 22:00;0,0000
2026-05-27 23:00;0,0000
2026-05-28 00:00;0,0000
2026-05-28 01:00;0,0000
2026-05-28 02:00;0,0000
2026-05-28 03:00;0,0000
2026-05-28 04:00;0,0000
2026-05-28 05:00;0,0000
2026-05-28 06:00;0,1500
2026-05-28 07:00;0,1500
2026-05-28 08:00;0,2596
2026-05-28 09:00;0,4376
2026-05-28 10:00;0,5588
2026-05-28 11:00;0,7505
2026-05-28 12:00;0,7421
2026-05-28 13:00;0,8075
2026-05-28 14:00;0,6311
2026-05-28 15:00;0,5158
2026-05-28 16:00;0,5428
2026-05-28 17:00;0,5213
2026-05-28 18:00;0,3008
2026-05-28 19:00;0,1500
2026-05-28 20:00;0,1500
2026-05-28 21:00;0,0000
2026-05-28 22:00;0,0000
2026-05-28 23:00;0,0000
2026-05-29 00:00;0,0000
2026-05-29 01:00;0,0000
2026-05-29 02:00;0,0000
2026-05-29 03:00;0,0000
2026-05-29 04:00;0,0000
2026-05-29 05:00;0,0000
2026-05-29 06:00;0,1500
2026-05-29 07:00;0,1500
2026-05-29 08:00;0,2013
2026-05-29 09:00;0,3979
2026-05-29 10:00;0,5733
2026-05-29 11:00;0,7056
2026-05-29 12:00;0,8534
2026-05-29 13:00;0,9154
2026-05-29 14:00;0,9868
2026-05-29 15:00;0,8435
2026-05-29 16:00;0,6209
2026-05-29 17:00;0,4620
2026-05-29 18:00;0,2815
2026-05-29 19:00;0,1734
2026-05-29 20:00;0,1500
2026-05-29 21:00;0,0000
2026-05-29 22:00;0,0000
2026-05-29 23:00;0,0000
2026-05-30 00:00;0,0000
2026-05-30 01:00;0,0000
2026-05-30 02:00;0,0000
2026-05-30 03:00;0,0000
2026-05-30 04:00;0,0000
2026-05-30 05:00;0,0000
2026-05-30 06:00;0,1500
2026-05-30 07:00;0,1500
2026-05-30 08:00;0,2475
2026-05-30 09:00;0,4633
2026-05-30 10:00;0,5935
2026-05-30 11:00;0,7880
2026-05-30 12:00;0,8069
2026-05-30 13:00;0,8295
2026-05-30 14:00;0,8590
2026-05-30 15:00;0,6847
2026-05-30 16:00;0,5535
2026-05-30 17:00;0,5252
2026-05-30 18:00;0,3374
2026-05-30 19:00;0,2598
2026-05-30 20:00;0,1500
2026-05-30 21:00;0,0000
2026-05-30 22:00;0,0000
2026-05-30 23:00;0,0000
2026-05-31 00:00;0,0000
2026-05-31 01:00;0,0000
2026-05-31 02:00;0,0000
2026-05-31 03:00;0,0000
2026-05-31 04:00;0,0000
2026-05-31 05:00;0,0000
2026-05-31 06:00;0,1500
2026-05-31 07:00;0,1500
2026-05-31 08:00;0,2218
2026-05-31 09:00;0,4939
2026-05-31 10:00;0,7878
2026-05-31 11:00;0,9078
2026-05-31 12:00;0,8724
2026-05-31 13:00;0,9790
2026-05-31 14:00;0,8740
2026-05-31 15:00;0,7912
2026-05-31 16:00;0,6174
2026-05-31 17:00;0,3630
2026-05-31 18:00;0,1983
2026-05-31 19:00;0,1500
2026-05-31 20:00;0,1500
2026-05-31 21:00;0,0000
2026-05-31 22:00;0,0000
2026-05-31 23:00;0,0000
2026-06-01 00:00;0,0000
2026-06-01 01:00;0,0000
2026-06-01 02:00;0,0000
2026-06-01 03:00;0,0000
2026-06-01 04:00;0,0000
2026-06-01 05:00;0,0000
2026-06-01 06:00;0,1500
2026-06-01 07:00;0,1500
2026-06-01 08:00;0,2077
2026-06-01 09:00;0,3757
2026-06-01 10:00;0,5756
2026-06-01 11:00;0,7359
2026-06-01 12:00;0,9334
2026-06-01 13:00;0,9542
2026-06-01 14:00;0,9017
2026-06-01 15:00;0,9172
2026-06-01 16:00;0,7676
2026-06-01 17:00;0,5746
2026-06-01 18:00;0,3922
2026-06-01 19:00;0,2458
2026-06-01 20:00;0,1500
2026-06-01 21:00;0,1500
2026-06-01 22:00;0,0000
2026-06-01 23:00;0,0000
2026-06-02 00:00;0,0000
2026-06-02 01:00;0,0000
2026-06-02 02:00;0,0000
2026-06-02 03:00;0,0000
2026-06-02 04:00;0,0000
2026-06-02 05:00;0,0000
2026-06-02 06:00;0,1500
2026-06-02 07:00;0,2726
2026-06-02 08:00;0,4843
2026-06-02 09:00;0,6946
2026-06-02 10:00;0,8021
2026-06-02 11:00;0,8523
2026-06-02 12:00;0,8520
2026-06-02 13:00;0,9523
2026-06-02 14:00;0,8465
2026-06-02 15:00;0,6383
2026-06-02 16:00;0,3940
2026-06-02 17:00;0,3063
2026-06-02 18:00;0,2078
2026-06-02 19:00;0,1500
2026-06-02 20:00;0,1500
2026-06-02 21:00;0,1500
2026-06-02 22:00;0,0000
2026-06-02 23:00;0,0000
2026-06-03 00:00;0,0000
2026-06-03 01:00;0,0000
2026-06-03 02:00;0,0000
2026-06-03 03:00;0,0000
2026-06-03 04:00;0,0000
2026-06-03 05:00;0,0000
2026-06-03 06:00;0,1500
2026-06-03 07:00;0,2034
2026-06-03 08:00;0,3942
2026-06-03 09:00;0,5433
2026-06-03 10:00;0,6566
2026-06-03 11:00;0,7483
2026-06-03 12:00;0,8688
2026-06-03 13:00;0,9471
2026-06-03 14:00;0,8364
2026-06-03 15:00;0,5279
2026-06-03 16:00;0,4472
2026-06-03 17:00;0,3222
2026-06-03 18:00;0,2243
2026-06-03 19:00;0,1500
2026-06-03 20:00;0,1500
2026-06-03 21:00;0,1500
2026-06-03 22:00;0,0000
2026-06-03 23:00;0,0000
2026-06-04 00:00;0,0000
2026-06-04 01:00;0,0000
2026-06-04 02:00;0,0000
2026-06-04 03:00;0,0000
2026-06-04 04:00;0,0000
2026-06-04 05:00;0,0000
2026-06-04 06:00;0,1500
2026-06-04 07:00;0,1500
2026-06-04 08:00;0,1852
2026-06-04 09:00;0,3800
2026-06-04 10:00;0,5463
2026-06-04 11:00;0,7393
2026-06-04 12:00;0,9308
2026-06-04 13:00;1,0000
2026-06-04 14:00;0,9239
2026-06-04 15:00;0,7805
2026-06-04 16:00;0,5849
2026-06-04 17:00;0,5211
2026-06-04 18:00;0,3921
2026-06-04 19:00;0,2342
2026-06-04 20:00;0,1500
2026-06-04 21:00;0,1500
2026-06-04 22:00;0,0000
2026-06-04 23:00;0,0000
2026-06-05 00:00;0,0000
2026-06-05 01:00;0,0000
2026-06-05 02:00;0,0000
2026-06-05 03:00;0,0000
2026-06-05 04:00;0,0000
2026-06-05 05:00;0,0000
2026-06-05 06:00;0,1500
2026-06-05 07:00;0,1500
2026-06-05 08:00;0,2015
2026-06-05 09:00;0,3780
2026-06-05 10:00;0,5573
2026-06-05 11:00;0,7389
2026-06-05 12:00;0,9039
2026-06-05 13:00;0,9062
2026-06-05 14:00;0,9601
2026-06-05 15:00;0,8191
2026-06-05 16:00;0,6199
2026-06-05 17:00;0,5824
2026-06-05 18:00;0,4038
2026-06-05 19:00;0,2546
2026-06-05 20:00;0,1500
2026-06-05 21:00;0,1500
2026-06-05 22:00;0,0000
2026-06-05 23:00;0,0000
2026-06-06 00:00;0,0000
2026-06-06 01:00;0,0000
2026-06-06 02:00;0,0000
2026-06-06 03:00;0,0000
2026-06-06 04:00;0,0000
2026-06-06 05:00;0,0000
2026-06-06 06:00;0,1500
2026-06-06 07:00;0,1500
2026-06-06 08:00;0,2322
2026-06-06 09:00;0,3661
2026-06-06 10:00;0,5447
2026-06-06 11:00;0,6911
2026-06-06 12:00;0,8688
2026-06-06 13:00;0,9347
2026-06-06 14:00;1,0000
2026-06-06 15:00;0,9324
2026-06-06 16:00;0,7022
2026-06-06 17:00;0,5238
2026-06-06 18:00;0,4527
2026-06-06 19:00;0,2736
2026-06-06 20:00;0,1500
2026-06-06 21:00;0,1500
2026-06-06 22:00;0,0000
2026-06-06 23:00;0,0000
2026-06-07 00:00;0,0000
2026-06-07 01:00;0,0000
2026-06-07 02:00;0,0000
2026-06-07 03:00;0,0000
2026-06-07 04:00;0,0000
2026-06-07 05:00;0,0000
2026-06-07 06:00;0,1500
2026-06-07 07:00;0,2075
2026-06-07 08:00;0,3423
2026-06-07 09:00;0,5099
2026-06-07 10:00;0,9146
2026-06-07 11:00;0,9099
2026-06-07 12:00;0,9338
2026-06-07 13:00;0,9847
2026-06-07 14:00;0,8034
2026-06-07 15:00;0,7678
2026-06-07 16:00;0,5870
2026-06-07 17:00;0,3921
2026-06-07 18:00;0,2853
2026-06-07 19:00;0,1500
2026-06-07 20:00;0,1500
2026-06-07 21:00;0,1500
2026-06-07 22:00;0,0000
2026-06-07 23:00;0,0000
2026-06-08 00:00;0,0000
2026-06-08 01:00;0,0000
2026-06-08 02:00;0,0000
2026-06-08 03:00;0,0000
2026-06-08 04:00;0,0000
2026-06-08 05:00;0,0000
2026-06-08 06:00;0,1500
2026-06-08 07:00;0,1500
2026-06-08 08:00;0,2193
2026-06-08 09:00;0,4072
2026-06-08 10:00;0,5625
2026-06-08 11:00;0,6492
2026-06-08 12:00;0,7082
2026-06-08 13:00;0,7088
2026-06-08 14:00;0,6966
2026-06-08 15:00;0,6864
2026-06-08 16:00;0,6095
2026-06-08 17:00;0,5874
2026-06-08 18:00;0,4220
2026-06-08 19:00;0,2458
2026-06-08 20:00;0,1500
2026-06-08 21:00;0,1500
2026-06-08 22:00;0,0000
2026-06-08 23:00;0,0000
2026-06-09 00:00;0,0000
2026-06-09 01:00;0,0000
2026-06-09 02:00;0,0000
2026-06-09 03:00;0,0000
2026-06-09 04:00;0,0000
2026-06-09 05:00;0,0000
2026-06-09 06:00;0,1500
2026-06-09 07:00;0,1549
2026-06-09 08:00;0,2701
2026-06-09 09:00;0,5417
2026-06-09 10:00;0,8161
2026-06-09 11:00;0,9013
2026-06-09 12:00;0,9280
2026-06-09 13:00;0,8716
2026-06-09 14:00;0,8423
2026-06-09 15:00;0,7052
2026-06-09 16:00;0,5100
2026-06-09 17:00;0,3860
2026-06-09 18:00;0,2965
2026-06-09 19:00;0,1500
2026-06-09 20:00;0,1500
2026-06-09 21:00;0,1500
2026-06-09 22:00;0,0000
2026-06-09 23:00;0,0000
2026-06-10 00:00;0,0000
2026-06-10 01:00;0,0000
2026-06-10 02:00;0,0000
2026-06-10 03:00;0,0000
2026-06-10 04:00;0,0000
2026-06-10 05:00;0,0000
2026-06-10 06:00;0,1500
2026-06-10 07:00;0,1501
2026-06-10 08:00;0,2652
2026-06-10 09:00;0,5272
2026-06-10 10:00;0,6842
2026-06-10 11:00;0,7901
2026-06-10 12:00;0,9391
2026-06-10 13:00;0,9454
2026-06-10 14:00;0,8709
2026-06-10 15:00;0,6780
2026-06-10 16:00;0,5703
2026-06-10 17:00;0,4994
2026-06-10 18:00;0,3048
2026-06-10 19:00;0,1500
2026-06-10 20:00;0,1500
2026-06-10 21:00;0,1500
2026-06-10 22:00;0,0000
2026-06-10 23:00;0,0000
2026-06-11 00:00;0,0000
2026-06-11 01:00;0,0000
2026-06-11 02:00;0,0000
2026-06-11 03:00;0,0000
2026-06-11 04:00;0,0000
2026-06-11 05:00;0,0000
2026-06-11 06:00;0,1500
2026-06-11 07:00;0,1500
2026-06-11 08:00;0,2406
2026-06-11 09:00;0,4568
2026-06-11 10:00;0,5885
2026-06-11 11:00;0,6622
2026-06-11 12:00;0,7018
2026-06-11 13:00;0,7936
2026-06-11 14:00;0,8610
2026-06-11 15:00;0,7784
2026-06-11 16:00;0,6695
2026-06-11 17:00;0,4537
2026-06-11 18:00;0,2419
2026-06-11 19:00;0,1500
2026-06-11 20:00;0,1500
2026-06-11 21:00;0,1500
2026-06-11 22:00;0,0000
2026-06-11 23:00;0,0000
2026-06-12 00:00;0,0000
2026-06-12 01:00;0,0000
2026-06-12 02:00;0,0000
2026-06-12 03:00;0,0000
2026-06-12 04:00;0,0000
2026-06-12 05:00;0,0000
2026-06-12 06:00;0,1500
2026-06-12 07:00;0,1500
2026-06-12 08:00;0,2198
2026-06-12 09:00;0,4495
2026-06-12 10:00;0,6306
2026-06-12 11:00;0,8190
2026-06-12 12:00;0,9061
2026-06-12 13:00;0,9936
2026-06-12 14:00;0,9888
2026-06-12 15:00;0,7737
2026-06-12 16:00;0,8199
2026-06-12 17:00;0,5998
2026-06-12 18:00;0,4850
2026-06-12 19:00;0,2985
2026-06-12 20:00;0,1500
2026-06-12 21:00;0,1500
2026-06-12 22:00;0,0000
2026-06-12 23:00;0,0000
2026-06-13 00:00;0,0000
2026-06-13 01:00;0,0000
2026-06-13 02:00;0,0000
2026-06-13 03:00;0,0000
2026-06-13 04:00;0,0000
2026-06-13 05:00;0,0000
2026-06-13 06:00;0,1500
2026-06-13 07:00;0,1500
2026-06-13 08:00;0,1707
2026-06-13 09:00;0,3653
2026-06-13 10:00;0,5712
2026-06-13 11:00;0,7609
2026-06-13 12:00;0,8937
2026-06-13 13:00;1,0000
2026-06-13 14:00;0,9498
2026-06-13 15:00;0,8876
2026-06-13 16:00;0,7852
2026-06-13 17:00;0,6813
2026-06-13 18:00;0,4479
2026-06-13 19:00;0,2979
2026-06-13 20:00;0,1500
2026-06-13 21:00;0,1500
2026-06-13 22:00;0,0000
2026-06-13 23:00;0,0000
2026-06-14 00:00;0,0000
2026-06-14 01:00;0,0000
2026-06-14 02:00;0,0000
2026-06-14 03:00;0,0000
2026-06-14 04:00;0,0000
2026-06-14 05:00;0,0000
2026-06-14 06:00;0,1500
2026-06-14 07:00;0,1500
2026-06-14 08:00;0,1832
2026-06-14 09:00;0,3802
2026-06-14 10:00;0,5362
2026-06-14 11:00;0,7711
2026-06-14 12:00;0,8717
2026-06-14 13:00;0,9914
2026-06-14 14:00;1,0000
2026-06-14 15:00;0,8550
2026-06-14 16:00;0,6966
2026-06-14 17:00;0,6227
2026-06-14 18:00;0,4630
2026-06-14 19:00;0,3159
2026-06-14 20:00;0,1500
2026-06-14 21:00;0,1500
2026-06-14 22:00;0,0000
2026-06-14 23:00;0,0000
2026-06-15 00:00;0,0000
2026-06-15 01:00;0,0000
2026-06-15 02:00;0,0000
2026-06-15 03:00;0,0000
2026-06-15 04:00;0,0000
2026-06-15 05:00;0,0000
2026-06-15 06:00;0,1500
2026-06-15 07:00;0,1500
2026-06-15 08:00;0,2647
2026-06-15 09:00;0,4997
2026-06-15 10:00;0,6406
2026-06-15 11:00;0,8268
2026-06-15 12:00;0,9846
2026-06-15 13:00;1,0000
2026-06-15 14:00;0,9930
2026-06-15 15:00;0,9835
2026-06-15 16:00;0,8418
2026-06-15 17:00;0,6270
2026-06-15 18:00;0,4069
2026-06-15 19:00;0,2311
2026-06-15 20:00;0,1500
2026-06-15 21:00;0,1500
2026-06-15 22:00;0,0000
2026-06-15 23:00;0,0000
2026-06-16 00:00;0,0000
2026-06-16 01:00;0,0000
2026-06-16 02:00;0,0000
2026-06-16 03:00;0,0000
2026-06-16 04:00;0,0000
2026-06-16 05:00;0,0000
2026-06-16 06:00;0,1500
2026-06-16 07:00;0,2721
2026-06-16 08:00;0,4210
2026-06-16 09:00;0,6723
2026-06-16 10:00;0,8407
2026-06-16 11:00;0,9211
2026-06-16 12:00;1,0000
2026-06-16 13:00;1,0000
2026-06-16 14:00;0,8158
2026-06-16 15:00;0,5083
2026-06-16 16:00;0,4566
2026-06-16 17:00;0,4157
2026-06-16 18:00;0,2708
2026-06-16 19:00;0,1500
2026-06-16 20:00;0,1500
2026-06-16 21:00;0,1500
2026-06-16 22:00;0,0000
2026-06-16 23:00;0,0000
2026-06-17 00:00;0,0000
2026-06-17 01:00;0,0000
2026-06-17 02:00;0,0000
2026-06-17 03:00;0,0000
2026-06-17 04:00;0,0000
2026-06-17 05:00;0,0000
2026-06-17 06:00;0,1500
2026-06-17 07:00;0,1500
2026-06-17 08:00;0,2265
2026-06-17 09:00;0,3658
2026-06-17 10:00;0,4949
2026-06-17 11:00;0,6741
2026-06-17 12:00;0,8084
2026-06-17 13:00;0,7852
2026-06-17 14:00;0,8120
2026-06-17 15:00;0,7077
2026-06-17 16:00;0,6188
2026-06-17 17:00;0,4415
2026-06-17 18:00;0,2615
2026-06-17 19:00;0,1500
2026-06-17 20:00;0,1500
2026-06-17 21:00;0,1500
2026-06-17 22:00;0,0000
2026-06-17 23:00;0,0000
2026-06-18 00:00;0,0000
2026-06-18 01:00;0,0000
2026-06-18 02:00;0,0000
2026-06-18 03:00;0,0000
2026-06-18 04:00;0,0000
2026-06-18 05:00;0,0000
2026-06-18 06:00;0,1500
2026-06-18 07:00;0,2252
2026-06-18 08:00;0,3999
2026-06-18 09:00;0,6070
2026-06-18 10:00;0,6753
2026-06-18 11:00;0,8090
2026-06-18 12:00;0,9180
2026-06-18 13:00;0,8012
2026-06-18 14:00;0,8503
2026-06-18 15:00;0,8257
2026-06-18 16:00;0,6115
2026-06-18 17:00;0,4954
2026-06-18 18:00;0,3104
2026-06-18 19:00;0,1500
2026-06-18 20:00;0,1500
2026-06-18 21:00;0,1500
2026-06-18 22:00;0,0000
2026-06-18 23:00;0,0000
2026-06-19 00:00;0,0000
2026-06-19 01:00;0,0000
2026-06-19 02:00;0,0000
2026-06-19 03:00;0,0000
2026-06-19 04:00;0,0000
2026-06-19 05:00;0,0000
2026-06-19 06:00;0,1500
2026-06-19 07:00;0,1500
2026-06-19 08:00;0,2058
2026-06-19 09:00;0,4149
2026-06-19 10:00;0,6511
2026-06-19 11:00;0,7937
2026-06-19 12:00;0,8488
2026-06-19 13:00;0,9641
2026-06-19 14:00;0,8215
2026-06-19 15:00;0,7889
2026-06-19 16:00;0,6994
2026-06-19 17:00;0,6773
2026-06-19 18:00;0,4817
2026-06-19 19:00;0,3051
2026-06-19 20:00;0,1500
2026-06-19 21:00;0,1500
2026-06-19 22:00;0,0000
2026-06-19 23:00;0,0000
2026-06-20 00:00;0,0000
2026-06-20 01:00;0,0000
2026-06-20 02:00;0,0000
2026-06-20 03:00;0,0000
2026-06-20 04:00;0,0000
2026-06-20 05:00;0,0000
2026-06-20 06:00;0,1500
2026-06-20 07:00;0,1500
2026-06-20 08:00;0,1781
2026-06-20 09:00;0,3668
2026-06-20 10:00;0,5599
2026-06-20 11:00;0,7832
2026-06-20 12:00;0,9457
2026-06-20 13:00;1,0000
2026-06-20 14:00;1,0000
2026-06-20 15:00;0,9859
2026-06-20 16:00;0,7094
2026-06-20 17:00;0,7162
2026-06-20 18:00;0,5345
2026-06-20 19:00;0,3435
2026-06-20 20:00;0,1500
2026-06-20 21:00;0,1500
2026-06-20 22:00;0,0000
2026-06-20 23:00;0,0000
2026-06-21 00:00;0,0000
2026-06-21 01:00;0,0000
2026-06-21 02:00;0,0000
2026-06-21 03:00;0,0000
2026-06-21 04:00;0,0000
2026-06-21 05:00;0,0000
2026-06-21 06:00;0,1500
2026-06-21 07:00;0,1500
2026-06-21 08:00;0,2039
2026-06-21 09:00;0,3808
2026-06-21 10:00;0,6155
2026-06-21 11:00;0,7634
2026-06-21 12:00;0,8739
2026-06-21 13:00;1,0000
2026-06-21 14:00;0,9850
2026-06-21 15:00;0,8620
2026-06-21 16:00;0,8043
2026-06-21 17:00;0,5506
2026-06-21 18:00;0,4079
2026-06-21 19:00;0,1989
2026-06-21 20:00;0,1500
2026-06-21 21:00;0,1500
2026-06-21 22:00;0,0000
2026-06-21 23:00;0,0000
2026-06-22 00:00;0,0000
2026-06-22 01:00;0,0000
2026-06-22 02:00;0,0000
2026-06-22 03:00;0,0000
2026-06-22 04:00;0,0000
2026-06-22 05:00;0,0000
2026-06-22 06:00;0,1500
2026-06-22 07:00;0,1500
2026-06-22 08:00;0,2293
2026-06-22 09:00;0,3903
2026-06-22 10:00;0,5092
2026-06-22 11:00;0,6385
2026-06-22 12:00;0,7919
2026-06-22 13:00;0,7906
2026-06-22 14:00;0,8561
2026-06-22 15:00;0,8236
2026-06-22 16:00;0,6389
2026-06-22 17:00;0,4324
2026-06-22 18:00;0,2859
2026-06-22 19:00;0,1814
2026-06-22 20:00;0,1500
2026-06-22 21:00;0,1500
2026-06-22 22:00;0,0000
2026-06-22 23:00;0,0000
2026-06-23 00:00;0,0000
2026-06-23 01:00;0,0000
2026-06-23 02:00;0,0000
2026-06-23 03:00;0,0000
2026-06-23 04:00;0,0000
2026-06-23 05:00;0,0000
2026-06-23 06:00;0,1500
2026-06-23 07:00;0,2165
2026-06-23 08:00;0,4068
2026-06-23 09:00;0,6277
2026-06-23 10:00;0,8162
2026-06-23 11:00;0,8946
2026-06-23 12:00;0,8446
2026-06-23 13:00;0,7718
2026-06-23 14:00;0,6324
2026-06-23 15:00;0,5500
2026-06-23 16:00;0,4898
2026-06-23 17:00;0,4192
2026-06-23 18:00;0,2932
2026-06-23 19:00;0,1500
2026-06-23 20:00;0,1500
2026-06-23 21:00;0,1500
2026-06-23 22:00;0,0000
2026-06-23 23:00;0,0000
2026-06-24 00:00;0,0000
2026-06-24 01:00;0,0000
2026-06-24 02:00;0,0000
2026-06-24 03:00;0,0000
2026-06-24 04:00;0,0000
2026-06-24 05:00;0,0000
2026-06-24 06:00;0,1500
2026-06-24 07:00;0,1500
2026-06-24 08:00;0,1903
2026-06-24 09:00;0,3331
2026-06-24 10:00;0,5419
2026-06-24 11:00;0,8502
2026-06-24 12:00;0,9313
2026-06-24 13:00;1,0000
2026-06-24 14:00;1,0000
2026-06-24 15:00;0,9455
2026-06-24 16:00;0,8154
2026-06-24 17:00;0,6536
2026-06-24 18:00;0,4448
2026-06-24 19:00;0,2796
2026-06-24 20:00;0,1500
2026-06-24 21:00;0,1500
2026-06-24 22:00;0,0000
2026-06-24 23:00;0,0000
2026-06-25 00:00;0,0000
2026-06-25 01:00;0,0000
2026-06-25 02:00;0,0000
2026-06-25 03:00;0,0000
2026-06-25 04:00;0,0000
2026-06-25 05:00;0,0000
2026-06-25 06:00;0,1500
2026-06-25 07:00;0,1500
2026-06-25 08:00;0,2031
2026-06-25 09:00;0,4237
2026-06-25 10:00;0,6476
2026-06-25 11:00;0,7951
2026-06-25 12:00;0,8812
2026-06-25 13:00;0,9414
2026-06-25 14:00;0,8068
2026-06-25 15:00;0,7078
2026-06-25 16:00;0,7455
2026-06-25 17:00;0,5394
2026-06-25 18:00;0,4153
2026-06-25 19:00;0,2922
2026-06-25 20:00;0,1500
2026-06-25 21:00;0,1500
2026-06-25 22:00;0,0000
2026-06-25 23:00;0,0000
2026-06-26 00:00;0,0000
2026-06-26 01:00;0,0000
2026-06-26 02:00;0,0000
2026-06-26 03:00;0,0000
2026-06-26 04:00;0,0000
2026-06-26 05:00;0,0000
2026-06-26 06:00;0,1500
2026-06-26 07:00;0,1791
2026-06-26 08:00;0,3872
2026-06-26 09:00;0,5445
2026-06-26 10:00;0,6218
2026-06-26 11:00;0,6524
2026-06-26 12:00;0,7844
2026-06-26 13:00;0,8439
2026-06-26 14:00;0,7636
2026-06-26 15:00;0,6973
2026-06-26 16:00;0,6006
2026-06-26 17:00;0,4268
2026-06-26 18:00;0,2544
2026-06-26 19:00;0,1500
2026-06-26 20:00;0,1500
2026-06-26 21:00;0,1500
2026-06-26 22:00;0,0000
2026-06-26 23:00;0,0000
2026-06-27 00:00;0,0000
2026-06-27 01:00;0,0000
2026-06-27 02:00;0,0000
2026-06-27 03:00;0,0000
2026-06-27 04:00;0,0000
2026-06-27 05:00;0,0000
2026-06-27 06:00;0,1500
2026-06-27 07:00;0,1500
2026-06-27 08:00;0,2259
2026-06-27 09:00;0,4335
2026-06-27 10:00;0,6571
2026-06-27 11:00;0,8346
2026-06-27 12:00;0,9822
2026-06-27 13:00;1,0000
2026-06-27 14:00;0,8849
2026-06-27 15:00;0,7881
2026-06-27 16:00;0,8355
2026-06-27 17:00;0,6284
2026-06-27 18:00;0,5334
2026-06-27 19:00;0,3357
2026-06-27 20:00;0,1500
2026-06-27 21:00;0,1500
2026-06-27 22:00;0,0000
2026-06-27 23:00;0,0000
2026-06-28 00:00;0,0000
2026-06-28 01:00;0,0000
2026-06-28 02:00;0,0000
2026-06-28 03:00;0,0000
2026-06-28 04:00;0,0000
2026-06-28 05:00;0,0000
2026-06-28 06:00;0,1500
2026-06-28 07:00;0,1500
2026-06-28 08:00;0,1535
2026-06-28 09:00;0,4178
2026-06-28 10:00;0,6272
2026-06-28 11:00;0,7022
2026-06-28 12:00;0,8277
2026-06-28 13:00;0,8522
2026-06-28 14:00;0,8992
2026-06-28 15:00;0,8274
2026-06-28 16:00;0,6637
2026-06-28 17:00;0,6124
2026-06-28 18:00;0,5024
2026-06-28 19:00;0,3160
2026-06-28 20:00;0,1500
2026-06-28 21:00;0,1500
2026-06-28 22:00;0,0000
2026-06-28 23:00;0,0000
2026-06-29 00:00;0,0000
2026-06-29 01:00;0,0000
2026-06-29 02:00;0,0000
2026-06-29 03:00;0,0000
2026-06-29 04:00;0,0000
2026-06-29 05:00;0,0000
2026-06-29 06:00;0,1500
2026-06-29 07:00;0,1500
2026-06-29 08:00;0,2308
2026-06-29 09:00;0,4324
2026-06-29 10:00;0,5332
2026-06-29 11:00;0,7689
2026-06-29 12:00;0,9759
2026-06-29 13:00;0,9484
2026-06-29 14:00;0,9156
2026-06-29 15:00;0,8553
2026-06-29 16:00;0,5804
2026-06-29 17:00;0,5194
2026-06-29 18:00;0,4000
2026-06-29 19:00;0,2393
2026-06-29 20:00;0,1500
2026-06-29 21:00;0,1500
2026-06-29 22:00;0,0000
2026-06-29 23:00;0,0000
2026-06-30 00:00;0,0000
2026-06-30 01:00;0,0000
2026-06-30 02:00;0,0000
2026-06-30 03:00;0,0000
2026-06-30 04:00;0,0000
2026-06-30 05:00;0,0000
2026-06-30 06:00;0,1500
2026-06-30 07:00;0,1500
2026-06-30 08:00;0,2288
2026-06-30 09:00;0,3385
2026-06-30 10:00;0,5334
2026-06-30 11:00;0,6862
2026-06-30 12:00;0,8445
2026-06-30 13:00;0,9801
2026-06-30 14:00;0,9902
2026-06-30 15:00;0,9402
2026-06-30 16:00;0,8679
2026-06-30 17:00;0,4205
2026-06-30 18:00;0,4132
2026-06-30 19:00;0,2360
2026-06-30 20:00;0,1500
2026-06-30 21:00;0,1500
2026-06-30 22:00;0,0000
2026-06-30 23:00;0,0000
2026-07-01 00:00;0,0000
2026-07-01 01:00;0,0000
2026-07-01 02:00;0,0000
2026-07-01 03:00;0,0000
2026-07-01 04:00;0,0000
2026-07-01 05:00;0,0000
2026-07-01 06:00;0,1500
2026-07-01 07:00;0,1500
2026-07-01 08:00;0,2452
2026-07-01 09:00;0,4599
2026-07-01 10:00;0,6020
2026-07-01 11:00;0,6924
2026-07-01 12:00;0,7299
2026-07-01 13:00;0,7782
2026-07-01 14:00;0,7736
2026-07-01 15:00;0,6927
2026-07-01 16:00;0,5746
2026-07-01 17:00;0,4843
2026-07-01 18:00;0,3693
2026-07-01 19:00;0,2655
2026-07-01 20:00;0,1500
2026-07-01 21:00;0,1500
2026-07-01 22:00;0,0000
2026-07-01 23:00;0,0000
2026-07-02 00:00;0,0000
2026-07-02 01:00;0,0000
2026-07-02 02:00;0,0000
2026-07-02 03:00;0,0000
2026-07-02 04:00;0,0000
2026-07-02 05:00;0,0000
2026-07-02 06:00;0,1500
2026-07-02 07:00;0,1500
2026-07-02 08:00;0,2004
2026-07-02 09:00;0,3659
2026-07-02 10:00;0,5496
2026-07-02 11:00;0,7677
2026-07-02 12:00;0,8604
2026-07-02 13:00;0,9416
2026-07-02 14:00;0,9537
2026-07-02 15:00;0,8380
2026-07-02 16:00;0,7566
2026-07-02 17:00;0,4656
2026-07-02 18:00;0,3822
2026-07-02 19:00;0,2064
2026-07-02 20:00;0,1500
2026-07-02 21:00;0,1500
2026-07-02 22:00;0,0000
2026-07-02 23:00;0,0000
2026-07-03 00:00;0,0000
2026-07-03 01:00;0,0000
2026-07-03 02:00;0,0000
2026-07-03 03:00;0,0000
2026-07-03 04:00;0,0000
2026-07-03 05:00;0,0000
2026-07-03 06:00;0,1500
2026-07-03 07:00;0,2424
2026-07-03 08:00;0,4519
2026-07-03 09:00;0,6503
2026-07-03 10:00;0,8986
2026-07-03 11:00;0,9678
2026-07-03 12:00;0,9390
2026-07-03 13:00;0,8012
2026-07-03 14:00;0,7201
2026-07-03 15:00;0,6293
2026-07-03 16:00;0,5314
2026-07-03 17:00;0,3868
2026-07-03 18:00;0,2423
2026-07-03 19:00;0,1500
2026-07-03 20:00;0,1500
2026-07-03 21:00;0,1500
2026-07-03 22:00;0,0000
2026-07-03 23:00;0,0000
2026-07-04 00:00;0,0000
2026-07-04 01:00;0,0000
2026-07-04 02:00;0,0000
2026-07-04 03:00;0,0000
2026-07-04 04:00;0,0000
2026-07-04 05:00;0,0000
2026-07-04 06:00;0,1500
2026-07-04 07:00;0,1500
2026-07-04 08:00;0,2777
2026-07-04 09:00;0,4866
2026-07-04 10:00;0,6647
2026-07-04 11:00;0,7585
2026-07-04 12:00;0,7481
2026-07-04 13:00;0,7596
2026-07-04 14:00;0,6842
2026-07-04 15:00;0,6806
2026-07-04 16:00;0,5904
2026-07-04 17:00;0,4775
2026-07-04 18:00;0,3170
2026-07-04 19:00;0,1500
2026-07-04 20:00;0,1500
2026-07-04 21:00;0,1500
2026-07-04 22:00;0,0000
2026-07-04 23:00;0,0000
2026-07-05 00:00;0,0000
2026-07-05 01:00;0,0000
2026-07-05 02:00;0,0000
2026-07-05 03:00;0,0000
2026-07-05 04:00;0,0000
2026-07-05 05:00;0,0000
2026-07-05 06:00;0,1500
2026-07-05 07:00;0,1500
2026-07-05 08:00;0,2425
2026-07-05 09:00;0,4072
2026-07-05 10:00;0,5687
2026-07-05 11:00;0,8304
2026-07-05 12:00;0,9392
2026-07-05 13:00;1,0000
2026-07-05 14:00;1,0000
2026-07-05 15:00;0,8963
2026-07-05 16:00;0,7177
2026-07-05 17:00;0,4752
2026-07-05 18:00;0,3051
2026-07-05 19:00;0,1500
2026-07-05 20:00;0,1500
2026-07-05 21:00;0,1500
2026-07-05 22:00;0,0000
2026-07-05 23:00;0,0000
2026-07-06 00:00;0,0000
2026-07-06 01:00;0,0000
2026-07-06 02:00;0,0000
2026-07-06 03:00;0,0000
2026-07-06 04:00;0,0000
2026-07-06 05:00;0,0000
2026-07-06 06:00;0,1500
2026-07-06 07:00;0,1500
2026-07-06 08:00;0,2172
2026-07-06 09:00;0,4193
2026-07-06 10:00;0,6180
2026-07-06 11:00;0,7500
2026-07-06 12:00;0,9379
2026-07-06 13:00;0,9034
2026-07-06 14:00;0,9156
2026-07-06 15:00;0,9227
2026-07-06 16:00;0,8082
2026-07-06 17:00;0,6630
2026-07-06 18:00;0,5415
2026-07-06 19:00;0,2864
2026-07-06 20:00;0,1500
2026-07-06 21:00;0,1500
2026-07-06 22:00;0,0000
2026-07-06 23:00;0,0000
2026-07-07 00:00;0,0000
2026-07-07 01:00;0,0000
2026-07-07 02:00;0,0000
2026-07-07 03:00;0,0000
2026-07-07 04:00;0,0000
2026-07-07 05:00;0,0000
2026-07-07 06:00;0,1500
2026-07-07 07:00;0,1500
2026-07-07 08:00;0,1500
2026-07-07 09:00;0,3146
2026-07-07 10:00;0,4721
2026-07-07 11:00;0,5560
2026-07-07 12:00;0,6671
2026-07-07 13:00;0,7419
2026-07-07 14:00;0,7124
2026-07-07 15:00;0,8141
2026-07-07 16:00;0,6844
2026-07-07 17:00;0,6134
2026-07-07 18:00;0,4705
2026-07-07 19:00;0,2725
2026-07-07 20:00;0,1500
2026-07-07 21:00;0,1500
2026-07-07 22:00;0,0000
2026-07-07 23:00;0,0000
2026-07-08 00:00;0,0000
2026-07-08 01:00;0,0000
2026-07-08 02:00;0,0000
2026-07-08 03:00;0,0000
2026-07-08 04:00;0,0000
2026-07-08 05:00;0,0000
2026-07-08 06:00;0,1500
2026-07-08 07:00;0,1500
2026-07-08 08:00;0,1500
2026-07-08 09:00;0,2818
2026-07-08 10:00;0,5189
2026-07-08 11:00;0,7066
2026-07-08 12:00;0,8506
2026-07-08 13:00;0,9209
2026-07-08 14:00;1,0000
2026-07-08 15:00;0,9125
2026-07-08 16:00;0,8441
2026-07-08 17:00;0,6771
2026-07-08 18:00;0,4933
2026-07-08 19:00;0,3138
2026-07-08 20:00;0,1500
2026-07-08 21:00;0,1500
2026-07-08 22:00;0,0000
2026-07-08 23:00;0,0000
2026-07-09 00:00;0,0000
2026-07-09 01:00;0,0000
2026-07-09 02:00;0,0000
2026-07-09 03:00;0,0000
2026-07-09 04:00;0,0000
2026-07-09 05:00;0,0000
2026-07-09 06:00;0,1500
2026-07-09 07:00;0,1915
2026-07-09 08:00;0,3887
2026-07-09 09:00;0,5167
2026-07-09 10:00;0,6646
2026-07-09 11:00;0,8659
2026-07-09 12:00;1,0000
2026-07-09 13:00;0,9664
2026-07-09 14:00;0,8909
2026-07-09 15:00;0,7943
2026-07-09 16:00;0,7020
2026-07-09 17:00;0,4692
2026-07-09 18:00;0,3065
2026-07-09 19:00;0,1500
2026-07-09 20:00;0,1500
2026-07-09 21:00;0,1500
2026-07-09 22:00;0,0000
2026-07-09 23:00;0,0000
2026-07-10 00:00;0,0000
2026-07-10 01:00;0,0000
2026-07-10 02:00;0,0000
2026-07-10 03:00;0,0000
2026-07-10 04:00;0,0000
2026-07-10 05:00;0,0000
2026-07-10 06:00;0,1500
2026-07-10 07:00;0,1500
2026-07-10 08:00;0,1933
2026-07-10 09:00;0,3288
2026-07-10 10:00;0,5594
2026-07-10 11:00;0,7262
2026-07-10 12:00;0,8881
2026-07-10 13:00;1,0000
2026-07-10 14:00;1,0000
2026-07-10 15:00;0,9550
2026-07-10 16:00;0,7645
2026-07-10 17:00;0,5375
2026-07-10 18:00;0,4820
2026-07-10 19:00;0,2459
2026-07-10 20:00;0,1500
2026-07-10 21:00;0,1500
2026-07-10 22:00;0,0000
2026-07-10 23:00;0,0000
2026-07-11 00:00;0,0000
2026-07-11 01:00;0,0000
2026-07-11 02:00;0,0000
2026-07-11 03:00;0,0000
2026-07-11 04:00;0,0000
2026-07-11 05:00;0,0000
2026-07-11 06:00;0,1500
2026-07-11 07:00;0,1500
2026-07-11 08:00;0,2119
2026-07-11 09:00;0,3499
2026-07-11 10:00;0,5062
2026-07-11 11:00;0,5962
2026-07-11 12:00;0,7773
2026-07-11 13:00;0,8591
2026-07-11 14:00;0,9581
2026-07-11 15:00;0,9008
2026-07-11 16:00;0,7306
2026-07-11 17:00;0,4379
2026-07-11 18:00;0,3063
2026-07-11 19:00;0,1500
2026-07-11 20:00;0,1500
2026-07-11 21:00;0,1500
2026-07-11 22:00;0,0000
2026-07-11 23:00;0,0000
2026-07-12 00:00;0,0000
2026-07-12 01:00;0,0000
2026-07-12 02:00;0,0000
2026-07-12 03:00;0,0000
2026-07-12 04:00;0,0000
2026-07-12 05:00;0,0000
2026-07-12 06:00;0,1500
2026-07-12 07:00;0,1500
2026-07-12 08:00;0,2199
2026-07-12 09:00;0,3840
2026-07-12 10:00;0,6136
2026-07-12 11:00;0,7064
2026-07-12 12:00;0,8738
2026-07-12 13:00;0,8291
2026-07-12 14:00;0,9021
2026-07-12 15:00;0,8143
2026-07-12 16:00;0,7721
2026-07-12 17:00;0,4946
2026-07-12 18:00;0,4374
2026-07-12 19:00;0,1870
2026-07-12 20:00;0,1500
2026-07-12 21:00;0,1500
2026-07-12 22:00;0,0000
2026-07-12 23:00;0,0000
2026-07-13 00:00;0,0000
2026-07-13 01:00;0,0000
2026-07-13 02:00;0,0000
2026-07-13 03:00;0,0000
2026-07-13 04:00;0,0000
2026-07-13 05:00;0,0000
2026-07-13 06:00;0,1500
2026-07-13 07:00;0,1500
2026-07-13 08:00;0,2160
2026-07-13 09:00;0,4345
2026-07-13 10:00;0,6617
2026-07-13 11:00;0,7626
2026-07-13 12:00;0,8893
2026-07-13 13:00;0,8816
2026-07-13 14:00;0,9533
2026-07-13 15:00;0,9084
2026-07-13 16:00;0,8228
2026-07-13 17:00;0,6819
2026-07-13 18:00;0,5041
2026-07-13 19:00;0,2794
2026-07-13 20:00;0,1500
2026-07-13 21:00;0,1500
2026-07-13 22:00;0,0000
2026-07-13 23:00;0,0000
2026-07-14 00:00;0,0000
2026-07-14 01:00;0,0000
2026-07-14 02:00;0,0000
2026-07-14 03:00;0,0000
2026-07-14 04:00;0,0000
2026-07-14 05:00;0,0000
2026-07-14 06:00;0,1500
2026-07-14 07:00;0,1500
2026-07-14 08:00;0,2708
2026-07-14 09:00;0,4191
2026-07-14 10:00;0,6203
2026-07-14 11:00;0,6978
2026-07-14 12:00;0,7307
2026-07-14 13:00;0,6667
2026-07-14 14:00;0,7351
2026-07-14 15:00;0,6037
2026-07-14 16:00;0,5774
2026-07-14 17:00;0,4993
2026-07-14 18:00;0,4547
2026-07-14 19:00;0,2733
2026-07-14 20:00;0,1500
2026-07-14 21:00;0,1500
2026-07-14 22:00;0,0000
2026-07-14 23:00;0,0000
2026-07-15 00:00;0,0000
2026-07-15 01:00;0,0000
2026-07-15 02:00;0,0000
2026-07-15 03:00;0,0000
2026-07-15 04:00;0,0000
2026-07-15 05:00;0,0000
2026-07-15 06:00;0,1500
2026-07-15 07:00;0,1500
2026-07-15 08:00;0,2244
2026-07-15 09:00;0,3844
2026-07-15 10:00;0,5738
2026-07-15 11:00;0,7285
2026-07-15 12:00;0,7689
2026-07-15 13:00;0,8116
2026-07-15 14:00;0,9102
2026-07-15 15:00;0,9220
2026-07-15 16:00;0,7959
2026-07-15 17:00;0,6486
2026-07-15 18:00;0,4447
2026-07-15 19:00;0,2604
2026-07-15 20:00;0,1500
2026-07-15 21:00;0,1500
2026-07-15 22:00;0,0000
2026-07-15 23:00;0,0000
2026-07-16 00:00;0,0000
2026-07-16 01:00;0,0000
2026-07-16 02:00;0,0000
2026-07-16 03:00;0,0000
2026-07-16 04:00;0,0000
2026-07-16 05:00;0,0000
2026-07-16 06:00;0,1500
2026-07-16 07:00;0,1500
2026-07-16 08:00;0,2007
2026-07-16 09:00;0,3565
2026-07-16 10:00;0,5285
2026-07-16 11:00;0,7327
2026-07-16 12:00;0,7747
2026-07-16 13:00;0,7847
2026-07-16 14:00;0,7525
2026-07-16 15:00;0,7104
2026-07-16 16:00;0,6616
2026-07-16 17:00;0,5463
2026-07-16 18:00;0,4302
2026-07-16 19:00;0,2330
2026-07-16 20:00;0,1500
2026-07-16 21:00;0,1500
2026-07-16 22:00;0,0000
2026-07-16 23:00;0,0000
2026-07-17 00:00;0,0000
2026-07-17 01:00;0,0000
2026-07-17 02:00;0,0000
2026-07-17 03:00;0,0000
2026-07-17 04:00;0,0000
2026-07-17 05:00;0,0000
2026-07-17 06:00;0,1500
2026-07-17 07:00;0,1644
2026-07-17 08:00;0,3463
2026-07-17 09:00;0,5347
2026-07-17 10:00;0,6490
2026-07-17 11:00;0,7620
2026-07-17 12:00;0,9453
2026-07-17 13:00;1,0000
2026-07-17 14:00;0,8895
2026-07-17 15:00;0,7928
2026-07-17 16:00;0,6581
2026-07-17 17:00;0,4754
2026-07-17 18:00;0,2441
2026-07-17 19:00;0,1500
2026-07-17 20:00;0,1500
2026-07-17 21:00;0,1500
2026-07-17 22:00;0,0000
2026-07-17 23:00;0,0000
2026-07-18 00:00;0,0000
2026-07-18 01:00;0,0000
2026-07-18 02:00;0,0000
2026-07-18 03:00;0,0000
2026-07-18 04:00;0,0000
2026-07-18 05:00;0,0000
2026-07-18 06:00;0,1500
2026-07-18 07:00;0,1574
2026-07-18 08:00;0,2777
2026-07-18 09:00;0,3922
2026-07-18 10:00;0,5931
2026-07-18 11:00;0,8407
2026-07-18 12:00;0,8523
2026-07-18 13:00;0,8817
2026-07-18 14:00;0,8328
2026-07-18 15:00;0,7767
2026-07-18 16:00;0,5754
2026-07-18 17:00;0,4481
2026-07-18 18:00;0,2605
2026-07-18 19:00;0,1500
2026-07-18 20:00;0,1500
2026-07-18 21:00;0,1500
2026-07-18 22:00;0,0000
2026-07-18 23:00;0,0000
2026-07-19 00:00;0,0000
2026-07-19 01:00;0,0000
2026-07-19 02:00;0,0000
2026-07-19 03:00;0,0000
2026-07-19 04:00;0,0000
2026-07-19 05:00;0,0000
2026-07-19 06:00;0,1500
2026-07-19 07:00;0,1638
2026-07-19 08:00;0,3325
2026-07-19 09:00;0,4992
2026-07-19 10:00;0,7356
2026-07-19 11:00;0,7348
2026-07-19 12:00;0,8699
2026-07-19 13:00;0,8779
2026-07-19 14:00;0,7796
2026-07-19 15:00;0,7268
2026-07-19 16:00;0,6555
2026-07-19 17:00;0,4862
2026-07-19 18:00;0,2719
2026-07-19 19:00;0,1500
2026-07-19 20:00;0,1500
2026-07-19 21:00;0,1500
2026-07-19 22:00;0,0000
2026-07-19 23:00;0,0000
2026-07-20 00:00;0,0000
2026-07-20 01:00;0,0000
2026-07-20 02:00;0,0000
2026-07-20 03:00;0,0000
2026-07-20 04:00;0,0000
2026-07-20 05:00;0,0000
2026-07-20 06:00;0,1500
2026-07-20 07:00;0,2021
2026-07-20 08:00;0,3953
2026-07-20 09:00;0,6464
2026-07-20 10:00;0,7699
2026-07-20 11:00;0,8143
2026-07-20 12:00;0,7798
2026-07-20 13:00;0,8767
2026-07-20 14:00;0,7023
2026-07-20 15:00;0,5850
2026-07-20 16:00;0,4104
2026-07-20 17:00;0,3197
2026-07-20 18:00;0,2613
2026-07-20 19:00;0,1500
2026-07-20 20:00;0,1500
2026-07-20 21:00;0,1500
2026-07-20 22:00;0,0000
2026-07-20 23:00;0,0000
2026-07-21 00:00;0,0000
2026-07-21 01:00;0,0000
2026-07-21 02:00;0,0000
2026-07-21 03:00;0,0000
2026-07-21 04:00;0,0000
2026-07-21 05:00;0,0000
2026-07-21 06:00;0,1500
2026-07-21 07:00;0,1500
2026-07-21 08:00;0,2260
2026-07-21 09:00;0,4042
2026-07-21 10:00;0,6422
2026-07-21 11:00;0,7557
2026-07-21 12:00;0,7656
2026-07-21 13:00;0,7301
2026-07-21 14:00;0,7844
2026-07-21 15:00;0,6414
2026-07-21 16:00;0,7011
2026-07-21 17:00;0,5405
2026-07-21 18:00;0,3636
2026-07-21 19:00;0,2283
2026-07-21 20:00;0,1500
2026-07-21 21:00;0,1500
2026-07-21 22:00;0,0000
2026-07-21 23:00;0,0000
2026-07-22 00:00;0,0000
2026-07-22 01:00;0,0000
2026-07-22 02:00;0,0000
2026-07-22 03:00;0,0000
2026-07-22 04:00;0,0000
2026-07-22 05:00;0,0000
2026-07-22 06:00;0,1500
2026-07-22 07:00;0,1500
2026-07-22 08:00;0,2018
2026-07-22 09:00;0,3952
2026-07-22 10:00;0,5407
2026-07-22 11:00;0,6748
2026-07-22 12:00;0,8753
2026-07-22 13:00;0,9633
2026-07-22 14:00;0,8676
2026-07-22 15:00;0,8878
2026-07-22 16:00;0,7467
2026-07-22 17:00;0,6189
2026-07-22 18:00;0,4838
2026-07-22 19:00;0,3050
2026-07-22 20:00;0,1500
2026-07-22 21:00;0,1500
2026-07-22 22:00;0,0000
2026-07-22 23:00;0,0000
2026-07-23 00:00;0,0000
2026-07-23 01:00;0,0000
2026-07-23 02:00;0,0000
2026-07-23 03:00;0,0000
2026-07-23 04:00;0,0000
2026-07-23 05:00;0,0000
2026-07-23 06:00;0,1500
2026-07-23 07:00;0,1500
2026-07-23 08:00;0,2142
2026-07-23 09:00;0,4283
2026-07-23 10:00;0,6342
2026-07-23 11:00;0,8195
2026-07-23 12:00;0,9906
2026-07-23 13:00;1,0000
2026-07-23 14:00;1,0000
2026-07-23 15:00;0,8313
2026-07-23 16:00;0,7451
2026-07-23 17:00;0,6593
2026-07-23 18:00;0,4467
2026-07-23 19:00;0,2756
2026-07-23 20:00;0,1500
2026-07-23 21:00;0,1500
2026-07-23 22:00;0,0000
2026-07-23 23:00;0,0000
2026-07-24 00:00;0,0000
2026-07-24 01:00;0,0000
2026-07-24 02:00;0,0000
2026-07-24 03:00;0,0000
2026-07-24 04:00;0,0000
2026-07-24 05:00;0,0000
2026-07-24 06:00;0,1500
2026-07-24 07:00;0,1500
2026-07-24 08:00;0,2174
2026-07-24 09:00;0,4254
2026-07-24 10:00;0,5522
2026-07-24 11:00;0,7305
2026-07-24 12:00;0,8089
2026-07-24 13:00;0,7251
2026-07-24 14:00;0,6832
2026-07-24 15:00;0,5947
2026-07-24 16:00;0,5586
2026-07-24 17:00;0,5421
2026-07-24 18:00;0,3973
2026-07-24 19:00;0,2646
2026-07-24 20:00;0,1500
2026-07-24 21:00;0,1500
2026-07-24 22:00;0,0000
2026-07-24 23:00;0,0000
2026-07-25 00:00;0,0000
2026-07-25 01:00;0,0000
2026-07-25 02:00;0,0000
2026-07-25 03:00;0,0000
2026-07-25 04:00;0,0000
2026-07-25 05:00;0,0000
2026-07-25 06:00;0,1500
2026-07-25 07:00;0,1500
2026-07-25 08:00;0,2140
2026-07-25 09:00;0,3779
2026-07-25 10:00;0,6192
2026-07-25 11:00;0,6969
2026-07-25 12:00;0,9012
2026-07-25 13:00;1,0000
2026-07-25 14:00;0,9054
2026-07-25 15:00;0,8367
2026-07-25 16:00;0,7647
2026-07-25 17:00;0,6102
2026-07-25 18:00;0,4250
2026-07-25 19:00;0,2537
2026-07-25 20:00;0,1500
2026-07-25 21:00;0,1500
2026-07-25 22:00;0,0000
2026-07-25 23:00;0,0000
2026-07-26 00:00;0,0000
2026-07-26 01:00;0,0000
2026-07-26 02:00;0,0000
2026-07-26 03:00;0,0000
2026-07-26 04:00;0,0000
2026-07-26 05:00;0,0000
2026-07-26 06:00;0,1500
2026-07-26 07:00;0,1500
2026-07-26 08:00;0,1611
2026-07-26 09:00;0,3252
2026-07-26 10:00;0,5776
2026-07-26 11:00;0,7147
2026-07-26 12:00;0,7731
2026-07-26 13:00;0,7639
2026-07-26 14:00;0,7061
2026-07-26 15:00;0,8235
2026-07-26 16:00;0,6637
2026-07-26 17:00;0,5780
2026-07-26 18:00;0,4739
2026-07-26 19:00;0,2585
2026-07-26 20:00;0,1500
2026-07-26 21:00;0,1500
2026-07-26 22:00;0,0000
2026-07-26 23:00;0,0000
2026-07-27 00:00;0,0000
2026-07-27 01:00;0,0000
2026-07-27 02:00;0,0000
2026-07-27 03:00;0,0000
2026-07-27 04:00;0,0000
2026-07-27 05:00;0,0000
2026-07-27 06:00;0,1500
2026-07-27 07:00;0,1500
2026-07-27 08:00;0,2083
2026-07-27 09:00;0,3918
2026-07-27 10:00;0,5235
2026-07-27 11:00;0,6105
2026-07-27 12:00;0,6724
2026-07-27 13:00;0,6956
2026-07-27 14:00;0,7893
2026-07-27 15:00;0,8085
2026-07-27 16:00;0,7720
2026-07-27 17:00;0,5747
2026-07-27 18:00;0,4478
2026-07-27 19:00;0,2845
2026-07-27 20:00;0,1500
2026-07-27 21:00;0,1500
2026-07-27 22:00;0,0000
2026-07-27 23:00;0,0000
2026-07-28 00:00;0,0000
2026-07-28 01:00;0,0000
2026-07-28 02:00;0,0000
2026-07-28 03:00;0,0000
2026-07-28 04:00;0,0000
2026-07-28 05:00;0,0000
2026-07-28 06:00;0,1500
2026-07-28 07:00;0,1500
2026-07-28 08:00;0,2158
2026-07-28 09:00;0,4146
2026-07-28 10:00;0,6035
2026-07-28 11:00;0,7312
2026-07-28 12:00;0,7680
2026-07-28 13:00;0,9063
2026-07-28 14:00;0,8876
2026-07-28 15:00;0,8768
2026-07-28 16:00;0,7077
2026-07-28 17:00;0,5769
2026-07-28 18:00;0,4428
2026-07-28 19:00;0,2670
2026-07-28 20:00;0,1500
2026-07-28 21:00;0,1500
2026-07-28 22:00;0,0000
2026-07-28 23:00;0,0000
2026-07-29 00:00;0,0000
2026-07-29 01:00;0,0000
2026-07-29 02:00;0,0000
2026-07-29 03:00;0,0000
2026-07-29 04:00;0,0000
2026-07-29 05:00;0,0000
2026-07-29 06:00;0,1500
2026-07-29 07:00;0,1500
2026-07-29 08:00;0,2616
2026-07-29 09:00;0,4360
2026-07-29 10:00;0,6294
2026-07-29 11:00;0,8524
2026-07-29 12:00;0,9832
2026-07-29 13:00;1,0000
2026-07-29 14:00;0,9150
2026-07-29 15:00;0,8849
2026-07-29 16:00;0,7490
2026-07-29 17:00;0,5065
2026-07-29 18:00;0,4397
2026-07-29 19:00;0,2714
2026-07-29 20:00;0,1500
2026-07-29 21:00;0,1500
2026-07-29 22:00;0,0000
2026-07-29 23:00;0,0000
2026-07-30 00:00;0,0000
2026-07-30 01:00;0,0000
2026-07-30 02:00;0,0000
2026-07-30 03:00;0,0000
2026-07-30 04:00;0,0000
2026-07-30 05:00;0,0000
2026-07-30 06:00;0,1500
2026-07-30 07:00;0,2238
2026-07-30 08:00;0,4076
2026-07-30 09:00;0,5993
2026-07-30 10:00;0,6870
2026-07-30 11:00;0,8612
2026-07-30 12:00;0,8545
2026-07-30 13:00;0,8095
2026-07-30 14:00;0,7282
2026-07-30 15:00;0,5840
2026-07-30 16:00;0,4683
2026-07-30 17:00;0,3663
2026-07-30 18:00;0,2486
2026-07-30 19:00;0,1500
2026-07-30 20:00;0,1500
2026-07-30 21:00;0,1500
2026-07-30 22:00;0,0000
2026-07-30 23:00;0,0000
2026-07-31 00:00;0,0000
2026-07-31 01:00;0,0000
2026-07-31 02:00;0,0000
2026-07-31 03:00;0,0000
2026-07-31 04:00;0,0000
2026-07-31 05:00;0,0000
2026-07-31 06:00;0,1500
2026-07-31 07:00;0,1500
2026-07-31 08:00;0,2469
2026-07-31 09:00;0,4203
2026-07-31 10:00;0,5962
2026-07-31 11:00;0,8253
2026-07-31 12:00;0,9086
2026-07-31 13:00;0,9648
2026-07-31 14:00;1,0000
2026-07-31 15:00;0,9530
2026-07-31 16:00;0,8126
2026-07-31 17:00;0,7441
2026-07-31 18:00;0,5609
2026-07-31 19:00;0,3251
2026-07-31 20:00;0,1500
2026-07-31 21:00;0,1500
2026-07-31 22:00;0,0000
2026-07-31 23:00;0,0000
2026-08-01 00:00;0,0000
2026-08-01 01:00;0,0000
2026-08-01 02:00;0,0000
2026-08-01 03:00;0,0000
2026-08-01 04:00;0,0000
2026-08-01 05:00;0,0000
2026-08-01 06:00;0,1500
2026-08-01 07:00;0,1678
2026-08-01 08:00;0,3469
2026-08-01 09:00;0,6011
2026-08-01 10:00;0,7170
2026-08-01 11:00;0,7848
2026-08-01 12:00;0,7959
2026-08-01 13:00;0,9098
2026-08-01 14:00;0,7323
2026-08-01 15:00;0,5763
2026-08-01 16:00;0,4332
2026-08-01 17:00;0,2935
2026-08-01 18:00;0,1897
2026-08-01 19:00;0,1500
2026-08-01 20:00;0,1500
2026-08-01 21:00;0,0000
2026-08-01 22:00;0,0000
2026-08-01 23:00;0,0000
2026-08-02 00:00;0,0000
2026-08-02 01:00;0,0000
2026-08-02 02:00;0,0000
2026-08-02 03:00;0,0000
2026-08-02 04:00;0,0000
2026-08-02 05:00;0,0000
2026-08-02 06:00;0,1500
2026-08-02 07:00;0,1500
2026-08-02 08:00;0,2647
2026-08-02 09:00;0,4767
2026-08-02 10:00;0,7025
2026-08-02 11:00;0,8034
2026-08-02 12:00;0,7835
2026-08-02 13:00;0,8749
2026-08-02 14:00;0,7748
2026-08-02 15:00;0,6442
2026-08-02 16:00;0,5454
2026-08-02 17:00;0,3259
2026-08-02 18:00;0,1898
2026-08-02 19:00;0,1500
2026-08-02 20:00;0,1500
2026-08-02 21:00;0,0000
2026-08-02 22:00;0,0000
2026-08-02 23:00;0,0000
2026-08-03 00:00;0,0000
2026-08-03 01:00;0,0000
2026-08-03 02:00;0,0000
2026-08-03 03:00;0,0000
2026-08-03 04:00;0,0000
2026-08-03 05:00;0,0000
2026-08-03 06:00;0,1500
2026-08-03 07:00;0,1500
2026-08-03 08:00;0,1500
2026-08-03 09:00;0,3332
2026-08-03 10:00;0,5010
2026-08-03 11:00;0,7478
2026-08-03 12:00;0,7913
2026-08-03 13:00;0,8956
2026-08-03 14:00;0,8889
2026-08-03 15:00;0,8422
2026-08-03 16:00;0,7794
2026-08-03 17:00;0,6162
2026-08-03 18:00;0,3853
2026-08-03 19:00;0,1978
2026-08-03 20:00;0,1500
2026-08-03 21:00;0,0000
2026-08-03 22:00;0,0000
2026-08-03 23:00;0,0000
2026-08-04 00:00;0,0000
2026-08-04 01:00;0,0000
2026-08-04 02:00;0,0000
2026-08-04 03:00;0,0000
2026-08-04 04:00;0,0000
2026-08-04 05:00;0,0000
2026-08-04 06:00;0,1500
2026-08-04 07:00;0,1712
2026-08-04 08:00;0,3634
2026-08-04 09:00;0,5102
2026-08-04 10:00;0,6155
2026-08-04 11:00;0,6572
2026-08-04 12:00;0,7768
2026-08-04 13:00;0,8674
2026-08-04 14:00;0,7312
2026-08-04 15:00;0,6471
2026-08-04 16:00;0,5620
2026-08-04 17:00;0,4355
2026-08-04 18:00;0,2137
2026-08-04 19:00;0,1500
2026-08-04 20:00;0,1500
2026-08-04 21:00;0,0000
2026-08-04 22:00;0,0000
2026-08-04 23:00;0,0000
2026-08-05 00:00;0,0000
2026-08-05 01:00;0,0000
2026-08-05 02:00;0,0000
2026-08-05 03:00;0,0000
2026-08-05 04:00;0,0000
2026-08-05 05:00;0,0000
2026-08-05 06:00;0,1500
2026-08-05 07:00;0,1500
2026-08-05 08:00;0,2870
2026-08-05 09:00;0,4729
2026-08-05 10:00;0,6467
2026-08-05 11:00;0,7939
2026-08-05 12:00;0,8199
2026-08-05 13:00;0,8352
2026-08-05 14:00;0,7355
2026-08-05 15:00;0,6705
2026-08-05 16:00;0,4515
2026-08-05 17:00;0,3347
2026-08-05 18:00;0,1774
2026-08-05 19:00;0,1500
2026-08-05 20:00;0,1500
2026-08-05 21:00;0,0000
2026-08-05 22:00;0,0000
2026-08-05 23:00;0,0000
2026-08-06 00:00;0,0000
2026-08-06 01:00;0,0000
2026-08-06 02:00;0,0000
2026-08-06 03:00;0,0000
2026-08-06 04:00;0,0000
2026-08-06 05:00;0,0000
2026-08-06 06:00;0,1500
2026-08-06 07:00;0,1500
2026-08-06 08:00;0,2799
2026-08-06 09:00;0,4605
2026-08-06 10:00;0,6130
2026-08-06 11:00;0,7979
2026-08-06 12:00;0,8426
2026-08-06 13:00;0,7972
2026-08-06 14:00;0,7259
2026-08-06 15:00;0,5798
2026-08-06 16:00;0,4859
2026-08-06 17:00;0,3073
2026-08-06 18:00;0,1908
2026-08-06 19:00;0,1500
2026-08-06 20:00;0,1500
2026-08-06 21:00;0,0000
2026-08-06 22:00;0,0000
2026-08-06 23:00;0,0000
2026-08-07 00:00;0,0000
2026-08-07 01:00;0,0000
2026-08-07 02:00;0,0000
2026-08-07 03:00;0,0000
2026-08-07 04:00;0,0000
2026-08-07 05:00;0,0000
2026-08-07 06:00;0,1500
2026-08-07 07:00;0,1500
2026-08-07 08:00;0,3372
2026-08-07 09:00;0,5817
2026-08-07 10:00;0,7931
2026-08-07 11:00;0,9798
2026-08-07 12:00;1,0000
2026-08-07 13:00;1,0000
2026-08-07 14:00;0,9538
2026-08-07 15:00;0,8265
2026-08-07 16:00;0,6457
2026-08-07 17:00;0,4152
2026-08-07 18:00;0,2034
2026-08-07 19:00;0,1500
2026-08-07 20:00;0,1500
2026-08-07 21:00;0,0000
2026-08-07 22:00;0,0000
2026-08-07 23:00;0,0000
2026-08-08 00:00;0,0000
2026-08-08 01:00;0,0000
2026-08-08 02:00;0,0000
2026-08-08 03:00;0,0000
2026-08-08 04:00;0,0000
2026-08-08 05:00;0,0000
2026-08-08 06:00;0,1500
2026-08-08 07:00;0,1500
2026-08-08 08:00;0,1500
2026-08-08 09:00;0,3443
2026-08-08 10:00;0,5570
2026-08-08 11:00;0,7022
2026-08-08 12:00;0,8672
2026-08-08 13:00;0,9035
2026-08-08 14:00;0,8891
2026-08-08 15:00;0,8443
2026-08-08 16:00;0,6859
2026-08-08 17:00;0,4877
2026-08-08 18:00;0,3615
2026-08-08 19:00;0,1928
2026-08-08 20:00;0,1500
2026-08-08 21:00;0,0000
2026-08-08 22:00;0,0000
2026-08-08 23:00;0,0000
2026-08-09 00:00;0,0000
2026-08-09 01:00;0,0000
2026-08-09 02:00;0,0000
2026-08-09 03:00;0,0000
2026-08-09 04:00;0,0000
2026-08-09 05:00;0,0000
2026-08-09 06:00;0,1500
2026-08-09 07:00;0,1500
2026-08-09 08:00;0,1500
2026-08-09 09:00;0,3023
2026-08-09 10:00;0,4446
2026-08-09 11:00;0,6772
2026-08-09 12:00;0,6851
2026-08-09 13:00;0,8529
2026-08-09 14:00;0,7968
2026-08-09 15:00;0,7111
2026-08-09 16:00;0,6424
2026-08-09 17:00;0,5808
2026-08-09 18:00;0,3991
2026-08-09 19:00;0,2391
2026-08-09 20:00;0,1500
2026-08-09 21:00;0,0000
2026-08-09 22:00;0,0000
2026-08-09 23:00;0,0000
2026-08-10 00:00;0,0000
2026-08-10 01:00;0,0000
2026-08-10 02:00;0,0000
2026-08-10 03:00;0,0000
2026-08-10 04:00;0,0000
2026-08-10 05:00;0,0000
2026-08-10 06:00;0,1500
2026-08-10 07:00;0,1500
2026-08-10 08:00;0,1500
2026-08-10 09:00;0,2855
2026-08-10 10:00;0,4985
2026-08-10 11:00;0,6287
2026-08-10 12:00;0,7698
2026-08-10 13:00;0,8777
2026-08-10 14:00;0,9258
2026-08-10 15:00;0,9065
2026-08-10 16:00;0,8239
2026-08-10 17:00;0,6164
2026-08-10 18:00;0,4012
2026-08-10 19:00;0,1904
2026-08-10 20:00;0,1500
2026-08-10 21:00;0,0000
2026-08-10 22:00;0,0000
2026-08-10 23:00;0,0000
2026-08-11 00:00;0,0000
2026-08-11 01:00;0,0000
2026-08-11 02:00;0,0000
2026-08-11 03:00;0,0000
2026-08-11 04:00;0,0000
2026-08-11 05:00;0,0000
2026-08-11 06:00;0,1500
2026-08-11 07:00;0,1500
2026-08-11 08:00;0,2657
2026-08-11 09:00;0,4975
2026-08-11 10:00;0,7316
2026-08-11 11:00;0,9318
2026-08-11 12:00;0,9547
2026-08-11 13:00;0,8640
2026-08-11 14:00;0,8130
2026-08-11 15:00;0,6493
2026-08-11 16:00;0,5181
2026-08-11 17:00;0,3309
2026-08-11 18:00;0,1648
2026-08-11 19:00;0,1500
2026-08-11 20:00;0,1500
2026-08-11 21:00;0,0000
2026-08-11 22:00;0,0000
2026-08-11 23:00;0,0000
2026-08-12 00:00;0,0000
2026-08-12 01:00;0,0000
2026-08-12 02:00;0,0000
2026-08-12 03:00;0,0000
2026-08-12 04:00;0,0000
2026-08-12 05:00;0,0000
2026-08-12 06:00;0,1500
2026-08-12 07:00;0,1500
2026-08-12 08:00;0,2757
2026-08-12 09:00;0,5131
2026-08-12 10:00;0,6709
2026-08-12 11:00;0,8255
2026-08-12 12:00;0,8804
2026-08-12 13:00;0,9229
2026-08-12 14:00;0,8379
2026-08-12 15:00;0,7150
2026-08-12 16:00;0,5839
2026-08-12 17:00;0,4033
2026-08-12 18:00;0,2420
2026-08-12 19:00;0,1500
2026-08-12 20:00;0,1500
2026-08-12 21:00;0,0000
2026-08-12 22:00;0,0000
2026-08-12 23:00;0,0000
2026-08-13 00:00;0,0000
2026-08-13 01:00;0,0000
2026-08-13 02:00;0,0000
2026-08-13 03:00;0,0000
2026-08-13 04:00;0,0000
2026-08-13 05:00;0,0000
2026-08-13 06:00;0,1500
2026-08-13 07:00;0,1500
2026-08-13 08:00;0,2855
2026-08-13 09:00;0,3326
2026-08-13 10:00;0,6013
2026-08-13 11:00;0,7487
2026-08-13 12:00;0,7224
2026-08-13 13:00;0,7331
2026-08-13 14:00;0,7625
2026-08-13 15:00;0,6555
2026-08-13 16:00;0,6074
2026-08-13 17:00;0,4567
2026-08-13 18:00;0,2471
2026-08-13 19:00;0,1500
2026-08-13 20:00;0,1500
2026-08-13 21:00;0,0000
2026-08-13 22:00;0,0000
2026-08-13 23:00;0,0000
2026-08-14 00:00;0,0000
2026-08-14 01:00;0,0000
2026-08-14 02:00;0,0000
2026-08-14 03:00;0,0000
2026-08-14 04:00;0,0000
2026-08-14 05:00;0,0000
2026-08-14 06:00;0,1500
2026-08-14 07:00;0,1500
2026-08-14 08:00;0,1500
2026-08-14 09:00;0,3662
2026-08-14 10:00;0,5226
2026-08-14 11:00;0,6215
2026-08-14 12:00;0,8364
2026-08-14 13:00;0,8717
2026-08-14 14:00;0,8558
2026-08-14 15:00;0,7154
2026-08-14 16:00;0,6206
2026-08-14 17:00;0,5579
2026-08-14 18:00;0,3946
2026-08-14 19:00;0,2105
2026-08-14 20:00;0,1500
2026-08-14 21:00;0,0000
2026-08-14 22:00;0,0000
2026-08-14 23:00;0,0000
2026-08-15 00:00;0,0000
2026-08-15 01:00;0,0000
2026-08-15 02:00;0,0000
2026-08-15 03:00;0,0000
2026-08-15 04:00;0,0000
2026-08-15 05:00;0,0000
2026-08-15 06:00;0,1500
2026-08-15 07:00;0,1500
2026-08-15 08:00;0,1932
2026-08-15 09:00;0,3894
2026-08-15 10:00;0,5208
2026-08-15 11:00;0,6502
2026-08-15 12:00;0,8176
2026-08-15 13:00;0,9205
2026-08-15 14:00;0,9521
2026-08-15 15:00;0,9191
2026-08-15 16:00;0,8583
2026-08-15 17:00;0,3465
2026-08-15 18:00;0,4466
2026-08-15 19:00;0,1893
2026-08-15 20:00;0,1500
2026-08-15 21:00;0,0000
2026-08-15 22:00;0,0000
2026-08-15 23:00;0,0000
2026-08-16 00:00;0,0000
2026-08-16 01:00;0,0000
2026-08-16 02:00;0,0000
2026-08-16 03:00;0,0000
2026-08-16 04:00;0,0000
2026-08-16 05:00;0,0000
2026-08-16 06:00;0,1500
2026-08-16 07:00;0,1500
2026-08-16 08:00;0,3017
2026-08-16 09:00;0,5062
2026-08-16 10:00;0,6822
2026-08-16 11:00;0,8489
2026-08-16 12:00;0,8006
2026-08-16 13:00;0,7879
2026-08-16 14:00;0,7653
2026-08-16 15:00;0,7542
2026-08-16 16:00;0,5886
2026-08-16 17:00;0,4240
2026-08-16 18:00;0,2327
2026-08-16 19:00;0,1500
2026-08-16 20:00;0,1500
2026-08-16 21:00;0,0000
2026-08-16 22:00;0,0000
2026-08-16 23:00;0,0000
2026-08-17 00:00;0,0000
2026-08-17 01:00;0,0000
2026-08-17 02:00;0,0000
2026-08-17 03:00;0,0000
2026-08-17 04:00;0,0000
2026-08-17 05:00;0,0000
2026-08-17 06:00;0,1500
2026-08-17 07:00;0,1500
2026-08-17 08:00;0,1500
2026-08-17 09:00;0,3505
2026-08-17 10:00;0,5333
2026-08-17 11:00;0,6902
2026-08-17 12:00;0,7280
2026-08-17 13:00;0,9080
2026-08-17 14:00;0,9447
2026-08-17 15:00;0,8036
2026-08-17 16:00;0,7015
2026-08-17 17:00;0,5443
2026-08-17 18:00;0,3763
2026-08-17 19:00;0,2012
2026-08-17 20:00;0,1500
2026-08-17 21:00;0,0000
2026-08-17 22:00;0,0000
2026-08-17 23:00;0,0000
2026-08-18 00:00;0,0000
2026-08-18 01:00;0,0000
2026-08-18 02:00;0,0000
2026-08-18 03:00;0,0000
2026-08-18 04:00;0,0000
2026-08-18 05:00;0,0000
2026-08-18 06:00;0,1500
2026-08-18 07:00;0,1608
2026-08-18 08:00;0,3283
2026-08-18 09:00;0,5181
2026-08-18 10:00;0,6507
2026-08-18 11:00;0,7125
2026-08-18 12:00;0,7861
2026-08-18 13:00;0,9546
2026-08-18 14:00;0,9584
2026-08-18 15:00;0,8281
2026-08-18 16:00;0,6337
2026-08-18 17:00;0,4573
2026-08-18 18:00;0,2496
2026-08-18 19:00;0,1500
2026-08-18 20:00;0,1500
2026-08-18 21:00;0,0000
2026-08-18 22:00;0,0000
2026-08-18 23:00;0,0000
2026-08-19 00:00;0,0000
2026-08-19 01:00;0,0000
2026-08-19 02:00;0,0000
2026-08-19 03:00;0,0000
2026-08-19 04:00;0,0000
2026-08-19 05:00;0,0000
2026-08-19 06:00;0,1500
2026-08-19 07:00;0,1500
2026-08-19 08:00;0,1500
2026-08-19 09:00;0,3127
2026-08-19 10:00;0,4810
2026-08-19 11:00;0,6739
2026-08-19 12:00;0,8561
2026-08-19 13:00;0,9974
2026-08-19 14:00;0,8905
2026-08-19 15:00;0,8398
2026-08-19 16:00;0,7093
2026-08-19 17:00;0,6230
2026-08-19 18:00;0,4092
2026-08-19 19:00;0,2459
2026-08-19 20:00;0,1500
2026-08-19 21:00;0,0000
2026-08-19 22:00;0,0000
2026-08-19 23:00;0,0000
2026-08-20 00:00;0,0000
2026-08-20 01:00;0,0000
2026-08-20 02:00;0,0000
2026-08-20 03:00;0,0000
2026-08-20 04:00;0,0000
2026-08-20 05:00;0,0000
2026-08-20 06:00;0,1500
2026-08-20 07:00;0,1500
2026-08-20 08:00;0,3428
2026-08-20 09:00;0,5568
2026-08-20 10:00;0,7166
2026-08-20 11:00;0,8021
2026-08-20 12:00;0,8807
2026-08-20 13:00;0,9863
2026-08-20 14:00;0,8687
2026-08-20 15:00;0,7571
2026-08-20 16:00;0,6002
2026-08-20 17:00;0,4486
2026-08-20 18:00;0,2301
2026-08-20 19:00;0,1500
2026-08-20 20:00;0,1500
2026-08-20 21:00;0,0000
2026-08-20 22:00;0,0000
2026-08-20 23:00;0,0000
2026-08-21 00:00;0,0000
2026-08-21 01:00;0,0000
2026-08-21 02:00;0,0000
2026-08-21 03:00;0,0000
2026-08-21 04:00;0,0000
2026-08-21 05:00;0,0000
2026-08-21 06:00;0,1500
2026-08-21 07:00;0,1500
2026-08-21 08:00;0,3630
2026-08-21 09:00;0,5829
2026-08-21 10:00;0,7045
2026-08-21 11:00;0,8398
2026-08-21 12:00;0,9151
2026-08-21 13:00;0,9316
2026-08-21 14:00;0,8055
2026-08-21 15:00;0,5866
2026-08-21 16:00;0,5212
2026-08-21 17:00;0,3168
2026-08-21 18:00;0,1500
2026-08-21 19:00;0,1500
2026-08-21 20:00;0,1500
2026-08-21 21:00;0,0000
2026-08-21 22:00;0,0000
2026-08-21 23:00;0,0000
2026-08-22 00:00;0,0000
2026-08-22 01:00;0,0000
2026-08-22 02:00;0,0000
2026-08-22 03:00;0,0000
2026-08-22 04:00;0,0000
2026-08-22 05:00;0,0000
2026-08-22 06:00;0,1500
2026-08-22 07:00;0,1500
2026-08-22 08:00;0,1500
2026-08-22 09:00;0,3101
2026-08-22 10:00;0,5290
2026-08-22 11:00;0,6827
2026-08-22 12:00;0,8138
2026-08-22 13:00;0,8316
2026-08-22 14:00;0,9002
2026-08-22 15:00;0,7811
2026-08-22 16:00;0,7023
2026-08-22 17:00;0,5560
2026-08-22 18:00;0,3743
2026-08-22 19:00;0,2042
2026-08-22 20:00;0,1500
2026-08-22 21:00;0,0000
2026-08-22 22:00;0,0000
2026-08-22 23:00;0,0000
2026-08-23 00:00;0,0000
2026-08-23 01:00;0,0000
2026-08-23 02:00;0,0000
2026-08-23 03:00;0,0000
2026-08-23 04:00;0,0000
2026-08-23 05:00;0,0000
2026-08-23 06:00;0,1500
2026-08-23 07:00;0,1500
2026-08-23 08:00;0,1500
2026-08-23 09:00;0,3134
2026-08-23 10:00;0,4591
2026-08-23 11:00;0,5545
2026-08-23 12:00;0,6721
2026-08-23 13:00;0,8446
2026-08-23 14:00;0,8365
2026-08-23 15:00;0,7558
2026-08-23 16:00;0,6859
2026-08-23 17:00;0,5362
2026-08-23 18:00;0,3872
2026-08-23 19:00;0,1856
2026-08-23 20:00;0,1500
2026-08-23 21:00;0,0000
2026-08-23 22:00;0,0000
2026-08-23 23:00;0,0000
2026-08-24 00:00;0,0000
2026-08-24 01:00;0,0000
2026-08-24 02:00;0,0000
2026-08-24 03:00;0,0000
2026-08-24 04:00;0,0000
2026-08-24 05:00;0,0000
2026-08-24 06:00;0,1500
2026-08-24 07:00;0,1500
2026-08-24 08:00;0,1623
2026-08-24 09:00;0,3391
2026-08-24 10:00;0,5553
2026-08-24 11:00;0,6472
2026-08-24 12:00;0,7623
2026-08-24 13:00;0,8299
2026-08-24 14:00;0,9791
2026-08-24 15:00;0,9042
2026-08-24 16:00;0,7156
2026-08-24 17:00;0,6417
2026-08-24 18:00;0,4093
2026-08-24 19:00;0,2134
2026-08-24 20:00;0,1500
2026-08-24 21:00;0,0000
2026-08-24 22:00;0,0000
2026-08-24 23:00;0,0000
2026-08-25 00:00;0,0000
2026-08-25 01:00;0,0000
2026-08-25 02:00;0,0000
2026-08-25 03:00;0,0000
2026-08-25 04:00;0,0000
2026-08-25 05:00;0,0000
2026-08-25 06:00;0,1500
2026-08-25 07:00;0,1500
2026-08-25 08:00;0,2582
2026-08-25 09:00;0,2933
2026-08-25 10:00;0,5935
2026-08-25 11:00;0,8401
2026-08-25 12:00;0,9500
2026-08-25 13:00;0,8824
2026-08-25 14:00;0,8617
2026-08-25 15:00;0,7966
2026-08-25 16:00;0,6230
2026-08-25 17:00;0,4575
2026-08-25 18:00;0,2694
2026-08-25 19:00;0,1500
2026-08-25 20:00;0,1500
2026-08-25 21:00;0,0000
2026-08-25 22:00;0,0000
2026-08-25 23:00;0,0000
2026-08-26 00:00;0,0000
2026-08-26 01:00;0,0000
2026-08-26 02:00;0,0000
2026-08-26 03:00;0,0000
2026-08-26 04:00;0,0000
2026-08-26 05:00;0,0000
2026-08-26 06:00;0,1500
2026-08-26 07:00;0,1500
2026-08-26 08:00;0,3480
2026-08-26 09:00;0,5531
2026-08-26 10:00;0,7131
2026-08-26 11:00;0,8806
2026-08-26 12:00;0,9856
2026-08-26 13:00;0,9494
2026-08-26 14:00;0,7921
2026-08-26 15:00;0,6392
2026-08-26 16:00;0,4779
2026-08-26 17:00;0,2974
2026-08-26 18:00;0,1500
2026-08-26 19:00;0,1500
2026-08-26 20:00;0,1500
2026-08-26 21:00;0,0000
2026-08-26 22:00;0,0000
2026-08-26 23:00;0,0000
2026-08-27 00:00;0,0000
2026-08-27 01:00;0,0000
2026-08-27 02:00;0,0000
2026-08-27 03:00;0,0000
2026-08-27 04:00;0,0000
2026-08-27 05:00;0,0000
2026-08-27 06:00;0,1500
2026-08-27 07:00;0,1500
2026-08-27 08:00;0,1716
2026-08-27 09:00;0,3706
2026-08-27 10:00;0,5886
2026-08-27 11:00;0,7963
2026-08-27 12:00;0,9047
2026-08-27 13:00;0,8971
2026-08-27 14:00;0,8417
2026-08-27 15:00;0,8242
2026-08-27 16:00;0,6538
2026-08-27 17:00;0,4059
2026-08-27 18:00;0,3454
2026-08-27 19:00;0,2124
2026-08-27 20:00;0,1500
2026-08-27 21:00;0,0000
2026-08-27 22:00;0,0000
2026-08-27 23:00;0,0000
2026-08-28 00:00;0,0000
2026-08-28 01:00;0,0000
2026-08-28 02:00;0,0000
2026-08-28 03:00;0,0000
2026-08-28 04:00;0,0000
2026-08-28 05:00;0,0000
2026-08-28 06:00;0,1500
2026-08-28 07:00;0,1500
2026-08-28 08:00;0,1500
2026-08-28 09:00;0,3006
2026-08-28 10:00;0,5078
2026-08-28 11:00;0,6976
2026-08-28 12:00;0,8924
2026-08-28 13:00;0,9594
2026-08-28 14:00;0,8500
2026-08-28 15:00;0,8764
2026-08-28 16:00;0,7409
2026-08-28 17:00;0,4302
2026-08-28 18:00;0,4083
2026-08-28 19:00;0,2189
2026-08-28 20:00;0,1500
2026-08-28 21:00;0,0000
2026-08-28 22:00;0,0000
2026-08-28 23:00;0,0000
2026-08-29 00:00;0,0000
2026-08-29 01:00;0,0000
2026-08-29 02:00;0,0000
2026-08-29 03:00;0,0000
2026-08-29 04:00;0,0000
2026-08-29 05:00;0,0000
2026-08-29 06:00;0,1500
2026-08-29 07:00;0,1500
2026-08-29 08:00;0,1998
2026-08-29 09:00;0,3713
2026-08-29 10:00;0,5585
2026-08-29 11:00;0,7487
2026-08-29 12:00;0,9287
2026-08-29 13:00;0,9811
2026-08-29 14:00;0,9771
2026-08-29 15:00;0,8907
2026-08-29 16:00;0,8361
2026-08-29 17:00;0,6833
2026-08-29 18:00;0,4667
2026-08-29 19:00;0,2056
2026-08-29 20:00;0,1500
2026-08-29 21:00;0,0000
2026-08-29 22:00;0,0000
2026-08-29 23:00;0,0000
2026-08-30 00:00;0,0000
2026-08-30 01:00;0,0000
2026-08-30 02:00;0,0000
2026-08-30 03:00;0,0000
2026-08-30 04:00;0,0000
2026-08-30 05:00;0,0000
2026-08-30 06:00;0,1500
2026-08-30 07:00;0,1649
2026-08-30 08:00;0,3973
2026-08-30 09:00;0,5946
2026-08-30 10:00;0,7622
2026-08-30 11:00;0,9400
2026-08-30 12:00;1,0000
2026-08-30 13:00;1,0000
2026-08-30 14:00;0,8921
2026-08-30 15:00;0,6564
2026-08-30 16:00;0,4600
2026-08-30 17:00;0,3176
2026-08-30 18:00;0,1587
2026-08-30 19:00;0,1500
2026-08-30 20:00;0,1500
2026-08-30 21:00;0,0000
2026-08-30 22:00;0,0000
2026-08-30 23:00;0,0000
2026-08-31 00:00;0,0000
2026-08-31 01:00;0,0000
2026-08-31 02:00;0,0000
2026-08-31 03:00;0,0000
2026-08-31 04:00;0,0000
2026-08-31 05:00;0,0000
2026-08-31 06:00;0,1500
2026-08-31 07:00;0,1500
2026-08-31 08:00;0,1500
2026-08-31 09:00;0,3467
2026-08-31 10:00;0,5650
2026-08-31 11:00;0,7355
2026-08-31 12:00;0,7718
2026-08-31 13:00;0,8405
2026-08-31 14:00;0,8652
2026-08-31 15:00;0,7297
2026-08-31 16:00;0,6768
2026-08-31 17:00;0,5751
2026-08-31 18:00;0,3668
2026-08-31 19:00;0,1620
2026-08-31 20:00;0,1500
2026-08-31 21:00;0,0000
2026-08-31 22:00;0,0000
2026-08-31 23:00;0,0000
2026-09-01 00:00;0,0000
2026-09-01 01:00;0,0000
2026-09-01 02:00;0,0000
2026-09-01 03:00;0,0000
2026-09-01 04:00;0,0000
2026-09-01 05:00;0,0000
2026-09-01 06:00;0,0000
2026-09-01 07:00;0,1500
2026-09-01 08:00;0,1500
2026-09-01 09:00;0,2673
2026-09-01 10:00;0,4558
2026-09-01 11:00;0,6734
2026-09-01 12:00;0,6948
2026-09-01 13:00;0,7032
2026-09-01 14:00;0,7294
2026-09-01 15:00;0,6867
2026-09-01 16:00;0,5331
2026-09-01 17:00;0,3840
2026-09-01 18:00;0,2304
2026-09-01 19:00;0,1500
2026-09-01 20:00;0,0000
2026-09-01 21:00;0,0000
2026-09-01 22:00;0,0000
2026-09-01 23:00;0,0000
2026-09-02 00:00;0,0000
2026-09-02 01:00;0,0000
2026-09-02 02:00;0,0000
2026-09-02 03:00;0,0000
2026-09-02 04:00;0,0000
2026-09-02 05:00;0,0000
2026-09-02 06:00;0,0000
2026-09-02 07:00;0,1500
2026-09-02 08:00;0,1500
2026-09-02 09:00;0,2765
2026-09-02 10:00;0,5107
2026-09-02 11:00;0,6513
2026-09-02 12:00;0,6993
2026-09-02 13:00;0,7990
2026-09-02 14:00;0,8168
2026-09-02 15:00;0,7869
2026-09-02 16:00;0,6356
2026-09-02 17:00;0,4550
2026-09-02 18:00;0,2349
2026-09-02 19:00;0,1500
2026-09-02 20:00;0,0000
2026-09-02 21:00;0,0000
2026-09-02 22:00;0,0000
2026-09-02 23:00;0,0000
2026-09-03 00:00;0,0000
2026-09-03 01:00;0,0000
2026-09-03 02:00;0,0000
2026-09-03 03:00;0,0000
2026-09-03 04:00;0,0000
2026-09-03 05:00;0,0000
2026-09-03 06:00;0,0000
2026-09-03 07:00;0,1500
2026-09-03 08:00;0,1500
2026-09-03 09:00;0,2510
2026-09-03 10:00;0,3954
2026-09-03 11:00;0,5004
2026-09-03 12:00;0,5917
2026-09-03 13:00;0,6019
2026-09-03 14:00;0,6562
2026-09-03 15:00;0,6077
2026-09-03 16:00;0,5567
2026-09-03 17:00;0,4206
2026-09-03 18:00;0,2806
2026-09-03 19:00;0,1500
2026-09-03 20:00;0,0000
2026-09-03 21:00;0,0000
2026-09-03 22:00;0,0000
2026-09-03 23:00;0,0000
2026-09-04 00:00;0,0000
2026-09-04 01:00;0,0000
2026-09-04 02:00;0,0000
2026-09-04 03:00;0,0000
2026-09-04 04:00;0,0000
2026-09-04 05:00;0,0000
2026-09-04 06:00;0,0000
2026-09-04 07:00;0,1500
2026-09-04 08:00;0,2744
2026-09-04 09:00;0,4595
2026-09-04 10:00;0,6149
2026-09-04 11:00;0,7210
2026-09-04 12:00;0,8146
2026-09-04 13:00;0,8278
2026-09-04 14:00;0,7411
2026-09-04 15:00;0,6859
2026-09-04 16:00;0,5035
2026-09-04 17:00;0,3460
2026-09-04 18:00;0,1500
2026-09-04 19:00;0,1500
2026-09-04 20:00;0,0000
2026-09-04 21:00;0,0000
2026-09-04 22:00;0,0000
2026-09-04 23:00;0,0000
2026-09-05 00:00;0,0000
2026-09-05 01:00;0,0000
2026-09-05 02:00;0,0000
2026-09-05 03:00;0,0000
2026-09-05 04:00;0,0000
2026-09-05 05:00;0,0000
2026-09-05 06:00;0,0000
2026-09-05 07:00;0,1500
2026-09-05 08:00;0,2671
2026-09-05 09:00;0,4757
2026-09-05 10:00;0,4695
2026-09-05 11:00;0,6940
2026-09-05 12:00;0,7206
2026-09-05 13:00;0,6025
2026-09-05 14:00;0,6461
2026-09-05 15:00;0,5335
2026-09-05 16:00;0,4072
2026-09-05 17:00;0,2584
2026-09-05 18:00;0,1500
2026-09-05 19:00;0,1500
2026-09-05 20:00;0,0000
2026-09-05 21:00;0,0000
2026-09-05 22:00;0,0000
2026-09-05 23:00;0,0000
2026-09-06 00:00;0,0000
2026-09-06 01:00;0,0000
2026-09-06 02:00;0,0000
2026-09-06 03:00;0,0000
2026-09-06 04:00;0,0000
2026-09-06 05:00;0,0000
2026-09-06 06:00;0,0000
2026-09-06 07:00;0,1500
2026-09-06 08:00;0,2160
2026-09-06 09:00;0,4413
2026-09-06 10:00;0,6079
2026-09-06 11:00;0,7489
2026-09-06 12:00;0,8568
2026-09-06 13:00;0,8156
2026-09-06 14:00;0,7738
2026-09-06 15:00;0,6733
2026-09-06 16:00;0,4449
2026-09-06 17:00;0,2451
2026-09-06 18:00;0,1500
2026-09-06 19:00;0,1500
2026-09-06 20:00;0,0000
2026-09-06 21:00;0,0000
2026-09-06 22:00;0,0000
2026-09-06 23:00;0,0000
2026-09-07 00:00;0,0000
2026-09-07 01:00;0,0000
2026-09-07 02:00;0,0000
2026-09-07 03:00;0,0000
2026-09-07 04:00;0,0000
2026-09-07 05:00;0,0000
2026-09-07 06:00;0,0000
2026-09-07 07:00;0,1500
2026-09-07 08:00;0,1660
2026-09-07 09:00;0,3493
2026-09-07 10:00;0,4936
2026-09-07 11:00;0,5540
2026-09-07 12:00;0,7275
2026-09-07 13:00;0,7386
2026-09-07 14:00;0,7116
2026-09-07 15:00;0,5948
2026-09-07 16:00;0,4397
2026-09-07 17:00;0,2241
2026-09-07 18:00;0,1500
2026-09-07 19:00;0,1500
2026-09-07 20:00;0,0000
2026-09-07 21:00;0,0000
2026-09-07 22:00;0,0000
2026-09-07 23:00;0,0000
2026-09-08 00:00;0,0000
2026-09-08 01:00;0,0000
2026-09-08 02:00;0,0000
2026-09-08 03:00;0,0000
2026-09-08 04:00;0,0000
2026-09-08 05:00;0,0000
2026-09-08 06:00;0,0000
2026-09-08 07:00;0,1500
2026-09-08 08:00;0,1500
2026-09-08 09:00;0,2017
2026-09-08 10:00;0,4071
2026-09-08 11:00;0,5463
2026-09-08 12:00;0,7009
2026-09-08 13:00;0,7138
2026-09-08 14:00;0,7924
2026-09-08 15:00;0,7166
2026-09-08 16:00;0,5743
2026-09-08 17:00;0,4368
2026-09-08 18:00;0,2224
2026-09-08 19:00;0,1500
2026-09-08 20:00;0,0000
2026-09-08 21:00;0,0000
2026-09-08 22:00;0,0000
2026-09-08 23:00;0,0000
2026-09-09 00:00;0,0000
2026-09-09 01:00;0,0000
2026-09-09 02:00;0,0000
2026-09-09 03:00;0,0000
2026-09-09 04:00;0,0000
2026-09-09 05:00;0,0000
2026-09-09 06:00;0,0000
2026-09-09 07:00;0,1500
2026-09-09 08:00;0,1500
2026-09-09 09:00;0,2692
2026-09-09 10:00;0,4777
2026-09-09 11:00;0,5749
2026-09-09 12:00;0,7760
2026-09-09 13:00;0,6975
2026-09-09 14:00;0,8361
2026-09-09 15:00;0,7846
2026-09-09 16:00;0,6186
2026-09-09 17:00;0,4184
2026-09-09 18:00;0,2170
2026-09-09 19:00;0,1500
2026-09-09 20:00;0,0000
2026-09-09 21:00;0,0000
2026-09-09 22:00;0,0000
2026-09-09 23:00;0,0000
2026-09-10 00:00;0,0000
2026-09-10 01:00;0,0000
2026-09-10 02:00;0,0000
2026-09-10 03:00;0,0000
2026-09-10 04:00;0,0000
2026-09-10 05:00;0,0000
2026-09-10 06:00;0,0000
2026-09-10 07:00;0,1500
2026-09-10 08:00;0,1500
2026-09-10 09:00;0,2469
2026-09-10 10:00;0,3805
2026-09-10 11:00;0,6118
2026-09-10 12:00;0,7349
2026-09-10 13:00;0,8171
2026-09-10 14:00;0,8880
2026-09-10 15:00;0,8318
2026-09-10 16:00;0,6206
2026-09-10 17:00;0,4080
2026-09-10 18:00;0,2330
2026-09-10 19:00;0,1500
2026-09-10 20:00;0,0000
2026-09-10 21:00;0,0000
2026-09-10 22:00;0,0000
2026-09-10 23:00;0,0000
2026-09-11 00:00;0,0000
2026-09-11 01:00;0,0000
2026-09-11 02:00;0,0000
2026-09-11 03:00;0,0000
2026-09-11 04:00;0,0000
2026-09-11 05:00;0,0000
2026-09-11 06:00;0,0000
2026-09-11 07:00;0,1500
2026-09-11 08:00;0,2116
2026-09-11 09:00;0,4170
2026-09-11 10:00;0,6438
2026-09-11 11:00;0,7595
2026-09-11 12:00;0,8103
2026-09-11 13:00;0,7957
2026-09-11 14:00;0,7695
2026-09-11 15:00;0,5866
2026-09-11 16:00;0,3900
2026-09-11 17:00;0,2261
2026-09-11 18:00;0,1500
2026-09-11 19:00;0,1500
2026-09-11 20:00;0,0000
2026-09-11 21:00;0,0000
2026-09-11 22:00;0,0000
2026-09-11 23:00;0,0000
2026-09-12 00:00;0,0000
2026-09-12 01:00;0,0000
2026-09-12 02:00;0,0000
2026-09-12 03:00;0,0000
2026-09-12 04:00;0,0000
2026-09-12 05:00;0,0000
2026-09-12 06:00;0,0000
2026-09-12 07:00;0,1500
2026-09-12 08:00;0,1500
2026-09-12 09:00;0,2203
2026-09-12 10:00;0,3696
2026-09-12 11:00;0,5478
2026-09-12 12:00;0,6885
2026-09-12 13:00;0,8106
2026-09-12 14:00;0,7578
2026-09-12 15:00;0,7361
2026-09-12 16:00;0,6032
2026-09-12 17:00;0,4324
2026-09-12 18:00;0,2322
2026-09-12 19:00;0,1500
2026-09-12 20:00;0,0000
2026-09-12 21:00;0,0000
2026-09-12 22:00;0,0000
2026-09-12 23:00;0,0000
2026-09-13 00:00;0,0000
2026-09-13 01:00;0,0000
2026-09-13 02:00;0,0000
2026-09-13 03:00;0,0000
2026-09-13 04:00;0,0000
2026-09-13 05:00;0,0000
2026-09-13 06:00;0,0000
2026-09-13 07:00;0,1500
2026-09-13 08:00;0,2233
2026-09-13 09:00;0,3868
2026-09-13 10:00;0,6144
2026-09-13 11:00;0,7866
2026-09-13 12:00;0,8899
2026-09-13 13:00;0,9244
2026-09-13 14:00;0,8577
2026-09-13 15:00;0,6836
2026-09-13 16:00;0,4367
2026-09-13 17:00;0,2448
2026-09-13 18:00;0,1500
2026-09-13 19:00;0,1500
2026-09-13 20:00;0,0000
2026-09-13 21:00;0,0000
2026-09-13 22:00;0,0000
2026-09-13 23:00;0,0000
2026-09-14 00:00;0,0000
2026-09-14 01:00;0,0000
2026-09-14 02:00;0,0000
2026-09-14 03:00;0,0000
2026-09-14 04:00;0,0000
2026-09-14 05:00;0,0000
2026-09-14 06:00;0,0000
2026-09-14 07:00;0,1500
2026-09-14 08:00;0,1958
2026-09-14 09:00;0,3276
2026-09-14 10:00;0,4961
2026-09-14 11:00;0,5376
2026-09-14 12:00;0,7159
2026-09-14 13:00;0,7861
2026-09-14 14:00;0,8558
2026-09-14 15:00;0,8133
2026-09-14 16:00;0,6087
2026-09-14 17:00;0,3361
2026-09-14 18:00;0,1712
2026-09-14 19:00;0,1500
2026-09-14 20:00;0,0000
2026-09-14 21:00;0,0000
2026-09-14 22:00;0,0000
2026-09-14 23:00;0,0000
2026-09-15 00:00;0,0000
2026-09-15 01:00;0,0000
2026-09-15 02:00;0,0000
2026-09-15 03:00;0,0000
2026-09-15 04:00;0,0000
2026-09-15 05:00;0,0000
2026-09-15 06:00;0,0000
2026-09-15 07:00;0,1500
2026-09-15 08:00;0,1500
2026-09-15 09:00;0,2618
2026-09-15 10:00;0,4544
2026-09-15 11:00;0,5579
2026-09-15 12:00;0,6703
2026-09-15 13:00;0,8026
2026-09-15 14:00;0,8561
2026-09-15 15:00;0,7833
2026-09-15 16:00;0,5765
2026-09-15 17:00;0,3226
2026-09-15 18:00;0,2018
2026-09-15 19:00;0,1500
2026-09-15 20:00;0,0000
2026-09-15 21:00;0,0000
2026-09-15 22:00;0,0000
2026-09-15 23:00;0,0000
2026-09-16 00:00;0,0000
2026-09-16 01:00;0,0000
2026-09-16 02:00;0,0000
2026-09-16 03:00;0,0000
2026-09-16 04:00;0,0000
2026-09-16 05:00;0,0000
2026-09-16 06:00;0,0000
2026-09-16 07:00;0,1500
2026-09-16 08:00;0,1500
2026-09-16 09:00;0,1500
2026-09-16 10:00;0,3304
2026-09-16 11:00;0,4599
2026-09-16 12:00;0,5152
2026-09-16 13:00;0,6341
2026-09-16 14:00;0,6017
2026-09-16 15:00;0,6358
2026-09-16 16:00;0,5692
2026-09-16 17:00;0,4010
2026-09-16 18:00;0,2557
2026-09-16 19:00;0,1500
2026-09-16 20:00;0,0000
2026-09-16 21:00;0,0000
2026-09-16 22:00;0,0000
2026-09-16 23:00;0,0000
2026-09-17 00:00;0,0000
2026-09-17 01:00;0,0000
2026-09-17 02:00;0,0000
2026-09-17 03:00;0,0000
2026-09-17 04:00;0,0000
2026-09-17 05:00;0,0000
2026-09-17 06:00;0,0000
2026-09-17 07:00;0,1500
2026-09-17 08:00;0,1500
2026-09-17 09:00;0,2689
2026-09-17 10:00;0,4514
2026-09-17 11:00;0,5493
2026-09-17 12:00;0,6663
2026-09-17 13:00;0,8005
2026-09-17 14:00;0,8622
2026-09-17 15:00;0,7462
2026-09-17 16:00;0,6347
2026-09-17 17:00;0,4571
2026-09-17 18:00;0,2277
2026-09-17 19:00;0,1500
2026-09-17 20:00;0,0000
2026-09-17 21:00;0,0000
2026-09-17 22:00;0,0000
2026-09-17 23:00;0,0000
2026-09-18 00:00;0,0000
2026-09-18 01:00;0,0000
2026-09-18 02:00;0,0000
2026-09-18 03:00;0,0000
2026-09-18 04:00;0,0000
2026-09-18 05:00;0,0000
2026-09-18 06:00;0,0000
2026-09-18 07:00;0,1500
2026-09-18 08:00;0,1500
2026-09-18 09:00;0,2593
2026-09-18 10:00;0,4274
2026-09-18 11:00;0,5760
2026-09-18 12:00;0,6248
2026-09-18 13:00;0,6630
2026-09-18 14:00;0,7659
2026-09-18 15:00;0,7798
2026-09-18 16:00;0,6550
2026-09-18 17:00;0,4123
2026-09-18 18:00;0,2561
2026-09-18 19:00;0,1500
2026-09-18 20:00;0,0000
2026-09-18 21:00;0,0000
2026-09-18 22:00;0,0000
2026-09-18 23:00;0,0000
2026-09-19 00:00;0,0000
2026-09-19 01:00;0,0000
2026-09-19 02:00;0,0000
2026-09-19 03:00;0,0000
2026-09-19 04:00;0,0000
2026-09-19 05:00;0,0000
2026-09-19 06:00;0,0000
2026-09-19 07:00;0,1500
2026-09-19 08:00;0,1740
2026-09-19 09:00;0,3872
2026-09-19 10:00;0,5754
2026-09-19 11:00;0,7378
2026-09-19 12:00;0,7866
2026-09-19 13:00;0,8327
2026-09-19 14:00;0,7019
2026-09-19 15:00;0,5467
2026-09-19 16:00;0,3687
2026-09-19 17:00;0,2432
2026-09-19 18:00;0,1500
2026-09-19 19:00;0,1500
2026-09-19 20:00;0,0000
2026-09-19 21:00;0,0000
2026-09-19 22:00;0,0000
2026-09-19 23:00;0,0000
2026-09-20 00:00;0,0000
2026-09-20 01:00;0,0000
2026-09-20 02:00;0,0000
2026-09-20 03:00;0,0000
2026-09-20 04:00;0,0000
2026-09-20 05:00;0,0000
2026-09-20 06:00;0,0000
2026-09-20 07:00;0,1500
2026-09-20 08:00;0,1500
2026-09-20 09:00;0,3738
2026-09-20 10:00;0,4971
2026-09-20 11:00;0,5876
2026-09-20 12:00;0,7668
2026-09-20 13:00;0,6752
2026-09-20 14:00;0,6683
2026-09-20 15:00;0,6126
2026-09-20 16:00;0,4329
2026-09-20 17:00;0,2865
2026-09-20 18:00;0,1500
2026-09-20 19:00;0,1500
2026-09-20 20:00;0,0000
2026-09-20 21:00;0,0000
2026-09-20 22:00;0,0000
2026-09-20 23:00;0,0000
2026-09-21 00:00;0,0000
2026-09-21 01:00;0,0000
2026-09-21 02:00;0,0000
2026-09-21 03:00;0,0000
2026-09-21 04:00;0,0000
2026-09-21 05:00;0,0000
2026-09-21 06:00;0,0000
2026-09-21 07:00;0,1500
2026-09-21 08:00;0,1500
2026-09-21 09:00;0,2602
2026-09-21 10:00;0,4774
2026-09-21 11:00;0,6307
2026-09-21 12:00;0,7772
2026-09-21 13:00;0,8027
2026-09-21 14:00;0,8613
2026-09-21 15:00;0,8041
2026-09-21 16:00;0,6596
2026-09-21 17:00;0,4573
2026-09-21 18:00;0,2585
2026-09-21 19:00;0,1500
2026-09-21 20:00;0,0000
2026-09-21 21:00;0,0000
2026-09-21 22:00;0,0000
2026-09-21 23:00;0,0000
2026-09-22 00:00;0,0000
2026-09-22 01:00;0,0000
2026-09-22 02:00;0,0000
2026-09-22 03:00;0,0000
2026-09-22 04:00;0,0000
2026-09-22 05:00;0,0000
2026-09-22 06:00;0,0000
2026-09-22 07:00;0,1500
2026-09-22 08:00;0,1596
2026-09-22 09:00;0,3492
2026-09-22 10:00;0,4888
2026-09-22 11:00;0,7011
2026-09-22 12:00;0,7518
2026-09-22 13:00;0,7557
2026-09-22 14:00;0,7380
2026-09-22 15:00;0,5761
2026-09-22 16:00;0,4817
2026-09-22 17:00;0,3019
2026-09-22 18:00;0,1500
2026-09-22 19:00;0,1500
2026-09-22 20:00;0,0000
2026-09-22 21:00;0,0000
2026-09-22 22:00;0,0000
2026-09-22 23:00;0,0000
2026-09-23 00:00;0,0000
2026-09-23 01:00;0,0000
2026-09-23 02:00;0,0000
2026-09-23 03:00;0,0000
2026-09-23 04:00;0,0000
2026-09-23 05:00;0,0000
2026-09-23 06:00;0,0000
2026-09-23 07:00;0,1500
2026-09-23 08:00;0,1500
2026-09-23 09:00;0,2289
2026-09-23 10:00;0,4426
2026-09-23 11:00;0,6190
2026-09-23 12:00;0,7456
2026-09-23 13:00;0,7551
2026-09-23 14:00;0,7505
2026-09-23 15:00;0,6590
2026-09-23 16:00;0,6129
2026-09-23 17:00;0,3905
2026-09-23 18:00;0,2189
2026-09-23 19:00;0,1500
2026-09-23 20:00;0,0000
2026-09-23 21:00;0,0000
2026-09-23 22:00;0,0000
2026-09-23 23:00;0,0000
2026-09-24 00:00;0,0000
2026-09-24 01:00;0,0000
2026-09-24 02:00;0,0000
2026-09-24 03:00;0,0000
2026-09-24 04:00;0,0000
2026-09-24 05:00;0,0000
2026-09-24 06:00;0,0000
2026-09-24 07:00;0,1500
2026-09-24 08:00;0,1500
2026-09-24 09:00;0,2746
2026-09-24 10:00;0,4609
2026-09-24 11:00;0,6275
2026-09-24 12:00;0,7346
2026-09-24 13:00;0,8334
2026-09-24 14:00;0,8472
2026-09-24 15:00;0,7157
2026-09-24 16:00;0,4929
2026-09-24 17:00;0,2840
2026-09-24 18:00;0,1636
2026-09-24 19:00;0,1500
2026-09-24 20:00;0,0000
2026-09-24 21:00;0,0000
2026-09-24 22:00;0,0000
2026-09-24 23:00;0,0000
2026-09-25 00:00;0,0000
2026-09-25 01:00;0,0000
2026-09-25 02:00;0,0000
2026-09-25 03:00;0,0000
2026-09-25 04:00;0,0000
2026-09-25 05:00;0,0000
2026-09-25 06:00;0,0000
2026-09-25 07:00;0,1500
2026-09-25 08:00;0,1500
2026-09-25 09:00;0,2496
2026-09-25 10:00;0,3998
2026-09-25 11:00;0,5808
2026-09-25 12:00;0,6978
2026-09-25 13:00;0,7301
2026-09-25 14:00;0,6878
2026-09-25 15:00;0,7010
2026-09-25 16:00;0,5887
2026-09-25 17:00;0,3757
2026-09-25 18:00;0,2509
2026-09-25 19:00;0,1500
2026-09-25 20:00;0,0000
2026-09-25 21:00;0,0000
2026-09-25 22:00;0,0000
2026-09-25 23:00;0,0000
2026-09-26 00:00;0,0000
2026-09-26 01:00;0,0000
2026-09-26 02:00;0,0000
2026-09-26 03:00;0,0000
2026-09-26 04:00;0,0000
2026-09-26 05:00;0,0000
2026-09-26 06:00;0,0000
2026-09-26 07:00;0,1500
2026-09-26 08:00;0,1500
2026-09-26 09:00;0,2540
2026-09-26 10:00;0,4358
2026-09-26 11:00;0,5565
2026-09-26 12:00;0,7381
2026-09-26 13:00;0,7819
2026-09-26 14:00;0,7628
2026-09-26 15:00;0,7695
2026-09-26 16:00;0,6997
2026-09-26 17:00;0,4733
2026-09-26 18:00;0,2808
2026-09-26 19:00;0,1500
2026-09-26 20:00;0,0000
2026-09-26 21:00;0,0000
2026-09-26 22:00;0,0000
2026-09-26 23:00;0,0000
2026-09-27 00:00;0,0000
2026-09-27 01:00;0,0000
2026-09-27 02:00;0,0000
2026-09-27 03:00;0,0000
2026-09-27 04:00;0,0000
2026-09-27 05:00;0,0000
2026-09-27 06:00;0,0000
2026-09-27 07:00;0,1500
2026-09-27 08:00;0,1968
2026-09-27 09:00;0,3955
2026-09-27 10:00;0,5918
2026-09-27 11:00;0,7281
2026-09-27 12:00;0,7239
2026-09-27 13:00;0,6924
2026-09-27 14:00;0,7462
2026-09-27 15:00;0,6971
2026-09-27 16:00;0,5473
2026-09-27 17:00;0,3014
2026-09-27 18:00;0,1500
2026-09-27 19:00;0,1500
2026-09-27 20:00;0,0000
2026-09-27 21:00;0,0000
2026-09-27 22:00;0,0000
2026-09-27 23:00;0,0000
2026-09-28 00:00;0,0000
2026-09-28 01:00;0,0000
2026-09-28 02:00;0,0000
2026-09-28 03:00;0,0000
2026-09-28 04:00;0,0000
2026-09-28 05:00;0,0000
2026-09-28 06:00;0,0000
2026-09-28 07:00;0,1500
2026-09-28 08:00;0,1500
2026-09-28 09:00;0,2019
2026-09-28 10:00;0,3864
2026-09-28 11:00;0,5395
2026-09-28 12:00;0,6069
2026-09-28 13:00;0,7607
2026-09-28 14:00;0,7858
2026-09-28 15:00;0,7288
2026-09-28 16:00;0,5623
2026-09-28 17:00;0,3725
2026-09-28 18:00;0,2065
2026-09-28 19:00;0,1500
2026-09-28 20:00;0,0000
2026-09-28 21:00;0,0000
2026-09-28 22:00;0,0000
2026-09-28 23:00;0,0000
2026-09-29 00:00;0,0000
2026-09-29 01:00;0,0000
2026-09-29 02:00;0,0000
2026-09-29 03:00;0,0000
2026-09-29 04:00;0,0000
2026-09-29 05:00;0,0000
2026-09-29 06:00;0,0000
2026-09-29 07:00;0,1500
2026-09-29 08:00;0,1500
2026-09-29 09:00;0,1949
2026-09-29 10:00;0,3721
2026-09-29 11:00;0,5520
2026-09-29 12:00;0,7196
2026-09-29 13:00;0,8113
2026-09-29 14:00;0,7656
2026-09-29 15:00;0,7438
2026-09-29 16:00;0,6046
2026-09-29 17:00;0,4645
2026-09-29 18:00;0,2350
2026-09-29 19:00;0,1500
2026-09-29 20:00;0,0000
2026-09-29 21:00;0,0000
2026-09-29 22:00;0,0000
2026-09-29 23:00;0,0000
2026-09-30 00:00;0,0000
2026-09-30 01:00;0,0000
2026-09-30 02:00;0,0000
2026-09-30 03:00;0,0000
2026-09-30 04:00;0,0000
2026-09-30 05:00;0,0000
2026-09-30 06:00;0,0000
2026-09-30 07:00;0,1500
2026-09-30 08:00;0,1500
2026-09-30 09:00;0,1545
2026-09-30 10:00;0,3525
2026-09-30 11:00;0,5413
2026-09-30 12:00;0,6231
2026-09-30 13:00;0,7546
2026-09-30 14:00;0,6544
2026-09-30 15:00;0,5734
2026-09-30 16:00;0,5755
2026-09-30 17:00;0,4145
2026-09-30 18:00;0,2417
2026-09-30 19:00;0,1500
2026-09-30 20:00;0,0000
2026-09-30 21:00;0,0000
2026-09-30 22:00;0,0000
2026-09-30 23:00;0,0000
2026-10-01 00:00;0,0000
2026-10-01 01:00;0,0000
2026-10-01 02:00;0,0000
2026-10-01 03:00;0,0000
2026-10-01 04:00;0,0000
2026-10-01 05:00;0,0000
2026-10-01 06:00;0,0000
2026-10-01 07:00;0,0000
2026-10-01 08:00;0,1500
2026-10-01 09:00;0,1500
2026-10-01 10:00;0,2684
2026-10-01 11:00;0,4178
2026-10-01 12:00;0,5349
2026-10-01 13:00;0,6352
2026-10-01 14:00;0,6142
2026-10-01 15:00;0,5739
2026-10-01 16:00;0,4113
2026-10-01 17:00;0,2735
2026-10-01 18:00;0,1500
2026-10-01 19:00;0,0000
2026-10-01 20:00;0,0000
2026-10-01 21:00;0,0000
2026-10-01 22:00;0,0000
2026-10-01 23:00;0,0000
2026-10-02 00:00;0,0000
2026-10-02 01:00;0,0000
2026-10-02 02:00;0,0000
2026-10-02 03:00;0,0000
2026-10-02 04:00;0,0000
2026-10-02 05:00;0,0000
2026-10-02 06:00;0,0000
2026-10-02 07:00;0,0000
2026-10-02 08:00;0,1500
2026-10-02 09:00;0,1500
2026-10-02 10:00;0,2634
2026-10-02 11:00;0,4585
2026-10-02 12:00;0,5557
2026-10-02 13:00;0,6607
2026-10-02 14:00;0,5792
2026-10-02 15:00;0,5208
2026-10-02 16:00;0,3837
2026-10-02 17:00;0,2466
2026-10-02 18:00;0,1500
2026-10-02 19:00;0,0000
2026-10-02 20:00;0,0000
2026-10-02 21:00;0,0000
2026-10-02 22:00;0,0000
2026-10-02 23:00;0,0000
2026-10-03 00:00;0,0000
2026-10-03 01:00;0,0000
2026-10-03 02:00;0,0000
2026-10-03 03:00;0,0000
2026-10-03 04:00;0,0000
2026-10-03 05:00;0,0000
2026-10-03 06:00;0,0000
2026-10-03 07:00;0,0000
2026-10-03 08:00;0,1500
2026-10-03 09:00;0,1500
2026-10-03 10:00;0,2947
2026-10-03 11:00;0,4532
2026-10-03 12:00;0,5053
2026-10-03 13:00;0,5059
2026-10-03 14:00;0,4643
2026-10-03 15:00;0,4517
2026-10-03 16:00;0,3404
2026-10-03 17:00;0,2035
2026-10-03 18:00;0,1500
2026-10-03 19:00;0,0000
2026-10-03 20:00;0,0000
2026-10-03 21:00;0,0000
2026-10-03 22:00;0,0000
2026-10-03 23:00;0,0000
2026-10-04 00:00;0,0000
2026-10-04 01:00;0,0000
2026-10-04 02:00;0,0000
2026-10-04 03:00;0,0000
2026-10-04 04:00;0,0000
2026-10-04 05:00;0,0000
2026-10-04 06:00;0,0000
2026-10-04 07:00;0,0000
2026-10-04 08:00;0,1500
2026-10-04 09:00;0,2373
2026-10-04 10:00;0,3584
2026-10-04 11:00;0,5048
2026-10-04 12:00;0,5699
2026-10-04 13:00;0,5495
2026-10-04 14:00;0,5052
2026-10-04 15:00;0,4184
2026-10-04 16:00;0,2635
2026-10-04 17:00;0,1500
2026-10-04 18:00;0,1500
2026-10-04 19:00;0,0000
2026-10-04 20:00;0,0000
2026-10-04 21:00;0,0000
2026-10-04 22:00;0,0000
2026-10-04 23:00;0,0000
2026-10-05 00:00;0,0000
2026-10-05 01:00;0,0000
2026-10-05 02:00;0,0000
2026-10-05 03:00;0,0000
2026-10-05 04:00;0,0000
2026-10-05 05:00;0,0000
2026-10-05 06:00;0,0000
2026-10-05 07:00;0,0000
2026-10-05 08:00;0,1500
2026-10-05 09:00;0,1872
2026-10-05 10:00;0,4349
2026-10-05 11:00;0,5245
2026-10-05 12:00;0,5640
2026-10-05 13:00;0,5671
2026-10-05 14:00;0,5157
2026-10-05 15:00;0,3877
2026-10-05 16:00;0,2688
2026-10-05 17:00;0,1500
2026-10-05 18:00;0,1500
2026-10-05 19:00;0,0000
2026-10-05 20:00;0,0000
2026-10-05 21:00;0,0000
2026-10-05 22:00;0,0000
2026-10-05 23:00;0,0000
2026-10-06 00:00;0,0000
2026-10-06 01:00;0,0000
2026-10-06 02:00;0,0000
2026-10-06 03:00;0,0000
2026-10-06 04:00;0,0000
2026-10-06 05:00;0,0000
2026-10-06 06:00;0,0000
2026-10-06 07:00;0,0000
2026-10-06 08:00;0,1500
2026-10-06 09:00;0,2280
2026-10-06 10:00;0,3812
2026-10-06 11:00;0,5433
2026-10-06 12:00;0,6039
2026-10-06 13:00;0,6037
2026-10-06 14:00;0,5909
2026-10-06 15:00;0,4348
2026-10-06 16:00;0,2874
2026-10-06 17:00;0,1500
2026-10-06 18:00;0,1500
2026-10-06 19:00;0,0000
2026-10-06 20:00;0,0000
2026-10-06 21:00;0,0000
2026-10-06 22:00;0,0000
2026-10-06 23:00;0,0000
2026-10-07 00:00;0,0000
2026-10-07 01:00;0,0000
2026-10-07 02:00;0,0000
2026-10-07 03:00;0,0000
2026-10-07 04:00;0,0000
2026-10-07 05:00;0,0000
2026-10-07 06:00;0,0000
2026-10-07 07:00;0,0000
2026-10-07 08:00;0,1500
2026-10-07 09:00;0,1500
2026-10-07 10:00;0,2889
2026-10-07 11:00;0,4454
2026-10-07 12:00;0,5774
2026-10-07 13:00;0,6178
2026-10-07 14:00;0,5651
2026-10-07 15:00;0,4913
2026-10-07 16:00;0,4049
2026-10-07 17:00;0,2431
2026-10-07 18:00;0,1500
2026-10-07 19:00;0,0000
2026-10-07 20:00;0,0000
2026-10-07 21:00;0,0000
2026-10-07 22:00;0,0000
2026-10-07 23:00;0,0000
2026-10-08 00:00;0,0000
2026-10-08 01:00;0,0000
2026-10-08 02:00;0,0000
2026-10-08 03:00;0,0000
2026-10-08 04:00;0,0000
2026-10-08 05:00;0,0000
2026-10-08 06:00;0,0000
2026-10-08 07:00;0,0000
2026-10-08 08:00;0,1500
2026-10-08 09:00;0,2621
2026-10-08 10:00;0,3149
2026-10-08 11:00;0,5016
2026-10-08 12:00;0,5364
2026-10-08 13:00;0,6151
2026-10-08 14:00;0,4475
2026-10-08 15:00;0,3377
2026-10-08 16:00;0,2609
2026-10-08 17:00;0,1624
2026-10-08 18:00;0,1500
2026-10-08 19:00;0,0000
2026-10-08 20:00;0,0000
2026-10-08 21:00;0,0000
2026-10-08 22:00;0,0000
2026-10-08 23:00;0,0000
2026-10-09 00:00;0,0000
2026-10-09 01:00;0,0000
2026-10-09 02:00;0,0000
2026-10-09 03:00;0,0000
2026-10-09 04:00;0,0000
2026-10-09 05:00;0,0000
2026-10-09 06:00;0,0000
2026-10-09 07:00;0,0000
2026-10-09 08:00;0,1500
2026-10-09 09:00;0,1500
2026-10-09 10:00;0,3396
2026-10-09 11:00;0,4575
2026-10-09 12:00;0,5297
2026-10-09 13:00;0,6216
2026-10-09 14:00;0,6635
2026-10-09 15:00;0,5499
2026-10-09 16:00;0,4746
2026-10-09 17:00;0,2934
2026-10-09 18:00;0,1500
2026-10-09 19:00;0,0000
2026-10-09 20:00;0,0000
2026-10-09 21:00;0,0000
2026-10-09 22:00;0,0000
2026-10-09 23:00;0,0000
2026-10-10 00:00;0,0000
2026-10-10 01:00;0,0000
2026-10-10 02:00;0,0000
2026-10-10 03:00;0,0000
2026-10-10 04:00;0,0000
2026-10-10 05:00;0,0000
2026-10-10 06:00;0,0000
2026-10-10 07:00;0,0000
2026-10-10 08:00;0,1500
2026-10-10 09:00;0,1500
2026-10-10 10:00;0,2951
2026-10-10 11:00;0,4885
2026-10-10 12:00;0,6024
2026-10-10 13:00;0,6928
2026-10-10 14:00;0,6584
2026-10-10 15:00;0,5564
2026-10-10 16:00;0,4040
2026-10-10 17:00;0,2452
2026-10-10 18:00;0,1500
2026-10-10 19:00;0,0000
2026-10-10 20:00;0,0000
2026-10-10 21:00;0,0000
2026-10-10 22:00;0,0000
2026-10-10 23:00;0,0000
2026-10-11 00:00;0,0000
2026-10-11 01:00;0,0000
2026-10-11 02:00;0,0000
2026-10-11 03:00;0,0000
2026-10-11 04:00;0,0000
2026-10-11 05:00;0,0000
2026-10-11 06:00;0,0000
2026-10-11 07:00;0,0000
2026-10-11 08:00;0,1500
2026-10-11 09:00;0,1500
2026-10-11 10:00;0,3442
2026-10-11 11:00;0,4512
2026-10-11 12:00;0,5301
2026-10-11 13:00;0,5636
2026-10-11 14:00;0,5571
2026-10-11 15:00;0,5141
2026-10-11 16:00;0,4418
2026-10-11 17:00;0,2435
2026-10-11 18:00;0,1500
2026-10-11 19:00;0,0000
2026-10-11 20:00;0,0000
2026-10-11 21:00;0,0000
2026-10-11 22:00;0,0000
2026-10-11 23:00;0,0000
2026-10-12 00:00;0,0000
2026-10-12 01:00;0,0000
2026-10-12 02:00;0,0000
2026-10-12 03:00;0,0000
2026-10-12 04:00;0,0000
2026-10-12 05:00;0,0000
2026-10-12 06:00;0,0000
2026-10-12 07:00;0,0000
2026-10-12 08:00;0,1500
2026-10-12 09:00;0,2374
2026-10-12 10:00;0,3714
2026-10-12 11:00;0,4870
2026-10-12 12:00;0,4983
2026-10-12 13:00;0,5955
2026-10-12 14:00;0,5672
2026-10-12 15:00;0,4442
2026-10-12 16:00;0,2755
2026-10-12 17:00;0,1500
2026-10-12 18:00;0,1500
2026-10-12 19:00;0,0000
2026-10-12 20:00;0,0000
2026-10-12 21:00;0,0000
2026-10-12 22:00;0,0000
2026-10-12 23:00;0,0000
2026-10-13 00:00;0,0000
2026-10-13 01:00;0,0000
2026-10-13 02:00;0,0000
2026-10-13 03:00;0,0000
2026-10-13 04:00;0,0000
2026-10-13 05:00;0,0000
2026-10-13 06:00;0,0000
2026-10-13 07:00;0,0000
2026-10-13 08:00;0,1500
2026-10-13 09:00;0,1500
2026-10-13 10:00;0,2354
2026-10-13 11:00;0,4140
2026-10-13 12:00;0,4910
2026-10-13 13:00;0,4910
2026-10-13 14:00;0,5282
2026-10-13 15:00;0,5234
2026-10-13 16:00;0,4221
2026-10-13 17:00;0,2793
2026-10-13 18:00;0,1500
2026-10-13 19:00;0,0000
2026-10-13 20:00;0,0000
2026-10-13 21:00;0,0000
2026-10-13 22:00;0,0000
2026-10-13 23:00;0,0000
2026-10-14 00:00;0,0000
2026-10-14 01:00;0,0000
2026-10-14 02:00;0,0000
2026-10-14 03:00;0,0000
2026-10-14 04:00;0,0000
2026-10-14 05:00;0,0000
2026-10-14 06:00;0,0000
2026-10-14 07:00;0,0000
2026-10-14 08:00;0,1500
2026-10-14 09:00;0,1500
2026-10-14 10:00;0,3531
2026-10-14 11:00;0,4856
2026-10-14 12:00;0,5515
2026-10-14 13:00;0,6419
2026-10-14 14:00;0,6331
2026-10-14 15:00;0,5877
2026-10-14 16:00;0,4443
2026-10-14 17:00;0,2520
2026-10-14 18:00;0,1500
2026-10-14 19:00;0,0000
2026-10-14 20:00;0,0000
2026-10-14 21:00;0,0000
2026-10-14 22:00;0,0000
2026-10-14 23:00;0,0000
2026-10-15 00:00;0,0000
2026-10-15 01:00;0,0000
2026-10-15 02:00;0,0000
2026-10-15 03:00;0,0000
2026-10-15 04:00;0,0000
2026-10-15 05:00;0,0000
2026-10-15 06:00;0,0000
2026-10-15 07:00;0,0000
2026-10-15 08:00;0,1500
2026-10-15 09:00;0,1509
2026-10-15 10:00;0,3318
2026-10-15 11:00;0,4539
2026-10-15 12:00;0,5629
2026-10-15 13:00;0,5753
2026-10-15 14:00;0,6200
2026-10-15 15:00;0,5892
2026-10-15 16:00;0,4150
2026-10-15 17:00;0,2806
2026-10-15 18:00;0,1500
2026-10-15 19:00;0,0000
2026-10-15 20:00;0,0000
2026-10-15 21:00;0,0000
2026-10-15 22:00;0,0000
2026-10-15 23:00;0,0000
2026-10-16 00:00;0,0000
2026-10-16 01:00;0,0000
2026-10-16 02:00;0,0000
2026-10-16 03:00;0,0000
2026-10-16 04:00;0,0000
2026-10-16 05:00;0,0000
2026-10-16 06:00;0,0000
2026-10-16 07:00;0,0000
2026-10-16 08:00;0,1500
2026-10-16 09:00;0,2629
2026-10-16 10:00;0,4174
2026-10-16 11:00;0,5922
2026-10-16 12:00;0,7107
2026-10-16 13:00;0,7126
2026-10-16 14:00;0,5471
2026-10-16 15:00;0,3849
2026-10-16 16:00;0,2160
2026-10-16 17:00;0,1500
2026-10-16 18:00;0,1500
2026-10-16 19:00;0,0000
2026-10-16 20:00;0,0000
2026-10-16 21:00;0,0000
2026-10-16 22:00;0,0000
2026-10-16 23:00;0,0000
2026-10-17 00:00;0,0000
2026-10-17 01:00;0,0000
2026-10-17 02:00;0,0000
2026-10-17 03:00;0,0000
2026-10-17 04:00;0,0000
2026-10-17 05:00;0,0000
2026-10-17 06:00;0,0000
2026-10-17 07:00;0,0000
2026-10-17 08:00;0,1500
2026-10-17 09:00;0,1500
2026-10-17 10:00;0,3156
2026-10-17 11:00;0,4214
2026-10-17 12:00;0,4977
2026-10-17 13:00;0,6249
2026-10-17 14:00;0,5916
2026-10-17 15:00;0,5013
2026-10-17 16:00;0,4036
2026-10-17 17:00;0,2692
2026-10-17 18:00;0,1500
2026-10-17 19:00;0,0000
2026-10-17 20:00;0,0000
2026-10-17 21:00;0,0000
2026-10-17 22:00;0,0000
2026-10-17 23:00;0,0000
2026-10-18 00:00;0,0000
2026-10-18 01:00;0,0000
2026-10-18 02:00;0,0000
2026-10-18 03:00;0,0000
2026-10-18 04:00;0,0000
2026-10-18 05:00;0,0000
2026-10-18 06:00;0,0000
2026-10-18 07:00;0,0000
2026-10-18 08:00;0,1500
2026-10-18 09:00;0,2733
2026-10-18 10:00;0,4512
2026-10-18 11:00;0,5103
2026-10-18 12:00;0,6395
2026-10-18 13:00;0,7224
2026-10-18 14:00;0,6373
2026-10-18 15:00;0,4435
2026-10-18 16:00;0,2857
2026-10-18 17:00;0,1500
2026-10-18 18:00;0,1500
2026-10-18 19:00;0,0000
2026-10-18 20:00;0,0000
2026-10-18 21:00;0,0000
2026-10-18 22:00;0,0000
2026-10-18 23:00;0,0000
2026-10-19 00:00;0,0000
2026-10-19 01:00;0,0000
2026-10-19 02:00;0,0000
2026-10-19 03:00;0,0000
2026-10-19 04:00;0,0000
2026-10-19 05:00;0,0000
2026-10-19 06:00;0,0000
2026-10-19 07:00;0,0000
2026-10-19 08:00;0,1500
2026-10-19 09:00;0,2367
2026-10-19 10:00;0,3630
2026-10-19 11:00;0,4707
2026-10-19 12:00;0,5096
2026-10-19 13:00;0,5694
2026-10-19 14:00;0,5235
2026-10-19 15:00;0,4207
2026-10-19 16:00;0,2902
2026-10-19 17:00;0,1500
2026-10-19 18:00;0,1500
2026-10-19 19:00;0,0000
2026-10-19 20:00;0,0000
2026-10-19 21:00;0,0000
2026-10-19 22:00;0,0000
2026-10-19 23:00;0,0000
2026-10-20 00:00;0,0000
2026-10-20 01:00;0,0000
2026-10-20 02:00;0,0000
2026-10-20 03:00;0,0000
2026-10-20 04:00;0,0000
2026-10-20 05:00;0,0000
2026-10-20 06:00;0,0000
2026-10-20 07:00;0,0000
2026-10-20 08:00;0,1500
2026-10-20 09:00;0,2589
2026-10-20 10:00;0,4334
2026-10-20 11:00;0,5728
2026-10-20 12:00;0,6736
2026-10-20 13:00;0,7109
2026-10-20 14:00;0,6720
2026-10-20 15:00;0,4764
2026-10-20 16:00;0,2986
2026-10-20 17:00;0,1500
2026-10-20 18:00;0,1500
2026-10-20 19:00;0,0000
2026-10-20 20:00;0,0000
2026-10-20 21:00;0,0000
2026-10-20 22:00;0,0000
2026-10-20 23:00;0,0000
2026-10-21 00:00;0,0000
2026-10-21 01:00;0,0000
2026-10-21 02:00;0,0000
2026-10-21 03:00;0,0000
2026-10-21 04:00;0,0000
2026-10-21 05:00;0,0000
2026-10-21 06:00;0,0000
2026-10-21 07:00;0,0000
2026-10-21 08:00;0,1500
2026-10-21 09:00;0,1500
2026-10-21 10:00;0,3193
2026-10-21 11:00;0,3991
2026-10-21 12:00;0,5170
2026-10-21 13:00;0,6428
2026-10-21 14:00;0,6146
2026-10-21 15:00;0,4641
2026-10-21 16:00;0,4248
2026-10-21 17:00;0,2945
2026-10-21 18:00;0,1500
2026-10-21 19:00;0,0000
2026-10-21 20:00;0,0000
2026-10-21 21:00;0,0000
2026-10-21 22:00;0,0000
2026-10-21 23:00;0,0000
2026-10-22 00:00;0,0000
2026-10-22 01:00;0,0000
2026-10-22 02:00;0,0000
2026-10-22 03:00;0,0000
2026-10-22 04:00;0,0000
2026-10-22 05:00;0,0000
2026-10-22 06:00;0,0000
2026-10-22 07:00;0,0000
2026-10-22 08:00;0,1500
2026-10-22 09:00;0,2929
2026-10-22 10:00;0,4113
2026-10-22 11:00;0,4813
2026-10-22 12:00;0,6088
2026-10-22 13:00;0,5545
2026-10-22 14:00;0,5301
2026-10-22 15:00;0,4449
2026-10-22 16:00;0,2926
2026-10-22 17:00;0,1500
2026-10-22 18:00;0,1500
2026-10-22 19:00;0,0000
2026-10-22 20:00;0,0000
2026-10-22 21:00;0,0000
2026-10-22 22:00;0,0000
2026-10-22 23:00;0,0000
2026-10-23 00:00;0,0000
2026-10-23 01:00;0,0000
2026-10-23 02:00;0,0000
2026-10-23 03:00;0,0000
2026-10-23 04:00;0,0000
2026-10-23 05:00;0,0000
2026-10-23 06:00;0,0000
2026-10-23 07:00;0,0000
2026-10-23 08:00;0,1500
2026-10-23 09:00;0,2082
2026-10-23 10:00;0,3223
2026-10-23 11:00;0,4584
2026-10-23 12:00;0,6050
2026-10-23 13:00;0,6316
2026-10-23 14:00;0,5076
2026-10-23 15:00;0,4225
2026-10-23 16:00;0,2512
2026-10-23 17:00;0,1500
2026-10-23 18:00;0,1500
2026-10-23 19:00;0,0000
2026-10-23 20:00;0,0000
2026-10-23 21:00;0,0000
2026-10-23 22:00;0,0000
2026-10-23 23:00;0,0000
2026-10-24 00:00;0,0000
2026-10-24 01:00;0,0000
2026-10-24 02:00;0,0000
2026-10-24 03:00;0,0000
2026-10-24 04:00;0,0000
2026-10-24 05:00;0,0000
2026-10-24 06:00;0,0000
2026-10-24 07:00;0,0000
2026-10-24 08:00;0,1500
2026-10-24 09:00;0,1623
2026-10-24 10:00;0,3124
2026-10-24 11:00;0,4555
2026-10-24 12:00;0,4639
2026-10-24 13:00;0,5610
2026-10-24 14:00;0,4668
2026-10-24 15:00;0,4556
2026-10-24 16:00;0,4023
2026-10-24 17:00;0,2931
2026-10-24 18:00;0,1500
2026-10-24 19:00;0,0000
2026-10-24 20:00;0,0000
2026-10-24 21:00;0,0000
2026-10-24 22:00;0,0000
2026-10-24 23:00;0,0000
2026-10-25 00:00;0,0000
2026-10-25 01:00;0,0000
2026-10-25 02:00;0,0000
2026-10-25 03:00;0,0000
2026-10-25 04:00;0,0000
2026-10-25 05:00;0,0000
2026-10-25 06:00;0,0000
2026-10-25 07:00;0,0000
2026-10-25 08:00;0,1500
2026-10-25 09:00;0,3073
2026-10-25 10:00;0,4498
2026-10-25 11:00;0,6223
2026-10-25 12:00;0,6838
2026-10-25 13:00;0,6973
2026-10-25 14:00;0,6056
2026-10-25 15:00;0,4362
2026-10-25 16:00;0,2157
2026-10-25 17:00;0,1500
2026-10-25 18:00;0,1500
2026-10-25 19:00;0,0000
2026-10-25 20:00;0,0000
2026-10-25 21:00;0,0000
2026-10-25 22:00;0,0000
2026-10-25 23:00;0,0000
2026-10-26 00:00;0,0000
2026-10-26 01:00;0,0000
2026-10-26 02:00;0,0000
2026-10-26 03:00;0,0000
2026-10-26 04:00;0,0000
2026-10-26 05:00;0,0000
2026-10-26 06:00;0,0000
2026-10-26 07:00;0,0000
2026-10-26 08:00;0,1500
2026-10-26 09:00;0,1500
2026-10-26 10:00;0,3403
2026-10-26 11:00;0,5210
2026-10-26 12:00;0,5767
2026-10-26 13:00;0,6744
2026-10-26 14:00;0,6684
2026-10-26 15:00;0,5656
2026-10-26 16:00;0,4560
2026-10-26 17:00;0,2648
2026-10-26 18:00;0,1500
2026-10-26 19:00;0,0000
2026-10-26 20:00;0,0000
2026-10-26 21:00;0,0000
2026-10-26 22:00;0,0000
2026-10-26 23:00;0,0000
2026-10-27 00:00;0,0000
2026-10-27 01:00;0,0000
2026-10-27 02:00;0,0000
2026-10-27 03:00;0,0000
2026-10-27 04:00;0,0000
2026-10-27 05:00;0,0000
2026-10-27 06:00;0,0000
2026-10-27 07:00;0,0000
2026-10-27 08:00;0,1500
2026-10-27 09:00;0,2112
2026-10-27 10:00;0,4007
2026-10-27 11:00;0,5728
2026-10-27 12:00;0,6085
2026-10-27 13:00;0,6894
2026-10-27 14:00;0,5901
2026-10-27 15:00;0,4875
2026-10-27 16:00;0,3036
2026-10-27 17:00;0,1500
2026-10-27 18:00;0,1500
2026-10-27 19:00;0,0000
2026-10-27 20:00;0,0000
2026-10-27 21:00;0,0000
2026-10-27 22:00;0,0000
2026-10-27 23:00;0,0000
2026-10-28 00:00;0,0000
2026-10-28 01:00;0,0000
2026-10-28 02:00;0,0000
2026-10-28 03:00;0,0000
2026-10-28 04:00;0,0000
2026-10-28 05:00;0,0000
2026-10-28 06:00;0,0000
2026-10-28 07:00;0,0000
2026-10-28 08:00;0,1500
2026-10-28 09:00;0,2503
2026-10-28 10:00;0,3929
2026-10-28 11:00;0,4856
2026-10-28 12:00;0,5236
2026-10-28 13:00;0,6058
2026-10-28 14:00;0,6002
2026-10-28 15:00;0,4972
2026-10-28 16:00;0,3195
2026-10-28 17:00;0,1500
2026-10-28 18:00;0,1500
2026-10-28 19:00;0,0000
2026-10-28 20:00;0,0000
2026-10-28 21:00;0,0000
2026-10-28 22:00;0,0000
2026-10-28 23:00;0,0000
2026-10-29 00:00;0,0000
2026-10-29 01:00;0,0000
2026-10-29 02:00;0,0000
2026-10-29 03:00;0,0000
2026-10-29 04:00;0,0000
2026-10-29 05:00;0,0000
2026-10-29 06:00;0,0000
2026-10-29 07:00;0,0000
2026-10-29 08:00;0,1500
2026-10-29 09:00;0,1500
2026-10-29 10:00;0,3188
2026-10-29 11:00;0,4450
2026-10-29 12:00;0,5815
2026-10-29 13:00;0,5996
2026-10-29 14:00;0,5830
2026-10-29 15:00;0,5748
2026-10-29 16:00;0,4705
2026-10-29 17:00;0,2909
2026-10-29 18:00;0,1500
2026-10-29 19:00;0,0000
2026-10-29 20:00;0,0000
2026-10-29 21:00;0,0000
2026-10-29 22:00;0,0000
2026-10-29 23:00;0,0000
2026-10-30 00:00;0,0000
2026-10-30 01:00;0,0000
2026-10-30 02:00;0,0000
2026-10-30 03:00;0,0000
2026-10-30 04:00;0,0000
2026-10-30 05:00;0,0000
2026-10-30 06:00;0,0000
2026-10-30 07:00;0,0000
2026-10-30 08:00;0,1500
2026-10-30 09:00;0,1500
2026-10-30 10:00;0,3085
2026-10-30 11:00;0,4876
2026-10-30 12:00;0,6022
2026-10-30 13:00;0,6988
2026-10-30 14:00;0,6307
2026-10-30 15:00;0,6109
2026-10-30 16:00;0,4170
2026-10-30 17:00;0,2608
2026-10-30 18:00;0,1500
2026-10-30 19:00;0,0000
2026-10-30 20:00;0,0000
2026-10-30 21:00;0,0000
2026-10-30 22:00;0,0000
2026-10-30 23:00;0,0000
2026-10-31 00:00;0,0000
2026-10-31 01:00;0,0000
2026-10-31 02:00;0,0000
2026-10-31 03:00;0,0000
2026-10-31 04:00;0,0000
2026-10-31 05:00;0,0000
2026-10-31 06:00;0,0000
2026-10-31 07:00;0,0000
2026-10-31 08:00;0,1500
2026-10-31 09:00;0,2139
2026-10-31 10:00;0,3290
2026-10-31 11:00;0,4772
2026-10-31 12:00;0,5887
2026-10-31 13:00;0,5919
2026-10-31 14:00;0,4916
2026-10-31 15:00;0,3989
2026-10-31 16:00;0,2446
2026-10-31 17:00;0,1500
2026-10-31 18:00;0,1500
2026-10-31 19:00;0,0000
2026-10-31 20:00;0,0000
2026-10-31 21:00;0,0000
2026-10-31 22:00;0,0000
2026-10-31 23:00;0,0000
2026-11-01 00:00;0,0000
2026-11-01 01:00;0,0000
2026-11-01 02:00;0,0000
2026-11-01 03:00;0,0000
2026-11-01 04:00;0,0000
2026-11-01 05:00;0,0000
2026-11-01 06:00;0,0000
2026-11-01 07:00;0,0000
2026-11-01 08:00;0,1500
2026-11-01 09:00;0,1500
2026-11-01 10:00;0,1963
2026-11-01 11:00;0,3139
2026-11-01 12:00;0,3983
2026-11-01 13:00;0,4173
2026-11-01 14:00;0,4488
2026-11-01 15:00;0,3959
2026-11-01 16:00;0,2893
2026-11-01 17:00;0,1500
2026-11-01 18:00;0,1500
2026-11-01 19:00;0,0000
2026-11-01 20:00;0,0000
2026-11-01 21:00;0,0000
2026-11-01 22:00;0,0000
2026-11-01 23:00;0,0000
2026-11-02 00:00;0,0000
2026-11-02 01:00;0,0000
2026-11-02 02:00;0,0000
2026-11-02 03:00;0,0000
2026-11-02 04:00;0,0000
2026-11-02 05:00;0,0000
2026-11-02 06:00;0,0000
2026-11-02 07:00;0,0000
2026-11-02 08:00;0,1500
2026-11-02 09:00;0,1500
2026-11-02 10:00;0,1627
2026-11-02 11:00;0,3116
2026-11-02 12:00;0,4057
2026-11-02 13:00;0,4329
2026-11-02 14:00;0,4063
2026-11-02 15:00;0,3218
2026-11-02 16:00;0,2713
2026-11-02 17:00;0,1505
2026-11-02 18:00;0,1500
2026-11-02 19:00;0,0000
2026-11-02 20:00;0,0000
2026-11-02 21:00;0,0000
2026-11-02 22:00;0,0000
2026-11-02 23:00;0,0000
2026-11-03 00:00;0,0000
2026-11-03 01:00;0,0000
2026-11-03 02:00;0,0000
2026-11-03 03:00;0,0000
2026-11-03 04:00;0,0000
2026-11-03 05:00;0,0000
2026-11-03 06:00;0,0000
2026-11-03 07:00;0,0000
2026-11-03 08:00;0,1500
2026-11-03 09:00;0,1500
2026-11-03 10:00;0,1768
2026-11-03 11:00;0,3207
2026-11-03 12:00;0,4040
2026-11-03 13:00;0,4464
2026-11-03 14:00;0,4987
2026-11-03 15:00;0,4539
2026-11-03 16:00;0,3375
2026-11-03 17:00;0,1660
2026-11-03 18:00;0,1500
2026-11-03 19:00;0,0000
2026-11-03 20:00;0,0000
2026-11-03 21:00;0,0000
2026-11-03 22:00;0,0000
2026-11-03 23:00;0,0000
2026-11-04 00:00;0,0000
2026-11-04 01:00;0,0000
2026-11-04 02:00;0,0000
2026-11-04 03:00;0,0000
2026-11-04 04:00;0,0000
2026-11-04 05:00;0,0000
2026-11-04 06:00;0,0000
2026-11-04 07:00;0,0000
2026-11-04 08:00;0,1500
2026-11-04 09:00;0,1500
2026-11-04 10:00;0,1939
2026-11-04 11:00;0,3226
2026-11-04 12:00;0,4600
2026-11-04 13:00;0,5333
2026-11-04 14:00;0,4722
2026-11-04 15:00;0,3499
2026-11-04 16:00;0,2803
2026-11-04 17:00;0,1500
2026-11-04 18:00;0,1500
2026-11-04 19:00;0,0000
2026-11-04 20:00;0,0000
2026-11-04 21:00;0,0000
2026-11-04 22:00;0,0000
2026-11-04 23:00;0,0000
2026-11-05 00:00;0,0000
2026-11-05 01:00;0,0000
2026-11-05 02:00;0,0000
2026-11-05 03:00;0,0000
2026-11-05 04:00;0,0000
2026-11-05 05:00;0,0000
2026-11-05 06:00;0,0000
2026-11-05 07:00;0,0000
2026-11-05 08:00;0,1500
2026-11-05 09:00;0,1500
2026-11-05 10:00;0,1500
2026-11-05 11:00;0,1500
2026-11-05 12:00;0,3980
2026-11-05 13:00;0,5893
2026-11-05 14:00;0,5337
2026-11-05 15:00;0,4415
2026-11-05 16:00;0,3183
2026-11-05 17:00;0,1554
2026-11-05 18:00;0,1500
2026-11-05 19:00;0,0000
2026-11-05 20:00;0,0000
2026-11-05 21:00;0,0000
2026-11-05 22:00;0,0000
2026-11-05 23:00;0,0000
2026-11-06 00:00;0,0000
2026-11-06 01:00;0,0000
2026-11-06 02:00;0,0000
2026-11-06 03:00;0,0000
2026-11-06 04:00;0,0000
2026-11-06 05:00;0,0000
2026-11-06 06:00;0,0000
2026-11-06 07:00;0,0000
2026-11-06 08:00;0,1500
2026-11-06 09:00;0,1500
2026-11-06 10:00;0,2063
2026-11-06 11:00;0,3242
2026-11-06 12:00;0,4591
2026-11-06 13:00;0,4572
2026-11-06 14:00;0,5155
2026-11-06 15:00;0,4480
2026-11-06 16:00;0,2689
2026-11-06 17:00;0,1500
2026-11-06 18:00;0,1500
2026-11-06 19:00;0,0000
2026-11-06 20:00;0,0000
2026-11-06 21:00;0,0000
2026-11-06 22:00;0,0000
2026-11-06 23:00;0,0000
2026-11-07 00:00;0,0000
2026-11-07 01:00;0,0000
2026-11-07 02:00;0,0000
2026-11-07 03:00;0,0000
2026-11-07 04:00;0,0000
2026-11-07 05:00;0,0000
2026-11-07 06:00;0,0000
2026-11-07 07:00;0,0000
2026-11-07 08:00;0,1500
2026-11-07 09:00;0,1500
2026-11-07 10:00;0,1500
2026-11-07 11:00;0,2781
2026-11-07 12:00;0,3570
2026-11-07 13:00;0,4129
2026-11-07 14:00;0,4619
2026-11-07 15:00;0,4074
2026-11-07 16:00;0,3014
2026-11-07 17:00;0,1500
2026-11-07 18:00;0,1500
2026-11-07 19:00;0,0000
2026-11-07 20:00;0,0000
2026-11-07 21:00;0,0000
2026-11-07 22:00;0,0000
2026-11-07 23:00;0,0000
2026-11-08 00:00;0,0000
2026-11-08 01:00;0,0000
2026-11-08 02:00;0,0000
2026-11-08 03:00;0,0000
2026-11-08 04:00;0,0000
2026-11-08 05:00;0,0000
2026-11-08 06:00;0,0000
2026-11-08 07:00;0,0000
2026-11-08 08:00;0,1500
2026-11-08 09:00;0,1500
2026-11-08 10:00;0,1538
2026-11-08 11:00;0,2860
2026-11-08 12:00;0,4094
2026-11-08 13:00;0,5057
2026-11-08 14:00;0,5028
2026-11-08 15:00;0,4194
2026-11-08 16:00;0,2786
2026-11-08 17:00;0,1500
2026-11-08 18:00;0,1500
2026-11-08 19:00;0,0000
2026-11-08 20:00;0,0000
2026-11-08 21:00;0,0000
2026-11-08 22:00;0,0000
2026-11-08 23:00;0,0000
2026-11-09 00:00;0,0000
2026-11-09 01:00;0,0000
2026-11-09 02:00;0,0000
2026-11-09 03:00;0,0000
2026-11-09 04:00;0,0000
2026-11-09 05:00;0,0000
2026-11-09 06:00;0,0000
2026-11-09 07:00;0,0000
2026-11-09 08:00;0,1500
2026-11-09 09:00;0,1531
2026-11-09 10:00;0,3215
2026-11-09 11:00;0,4775
2026-11-09 12:00;0,4931
2026-11-09 13:00;0,3746
2026-11-09 14:00;0,3497
2026-11-09 15:00;0,2958
2026-11-09 16:00;0,1732
2026-11-09 17:00;0,1500
2026-11-09 18:00;0,1500
2026-11-09 19:00;0,0000
2026-11-09 20:00;0,0000
2026-11-09 21:00;0,0000
2026-11-09 22:00;0,0000
2026-11-09 23:00;0,0000
2026-11-10 00:00;0,0000
2026-11-10 01:00;0,0000
2026-11-10 02:00;0,0000
2026-11-10 03:00;0,0000
2026-11-10 04:00;0,0000
2026-11-10 05:00;0,0000
2026-11-10 06:00;0,0000
2026-11-10 07:00;0,0000
2026-11-10 08:00;0,1500
2026-11-10 09:00;0,1500
2026-11-10 10:00;0,2010
2026-11-10 11:00;0,3757
2026-11-10 12:00;0,4487
2026-11-10 13:00;0,4996
2026-11-10 14:00;0,4647
2026-11-10 15:00;0,4096
2026-11-10 16:00;0,2726
2026-11-10 17:00;0,1500
2026-11-10 18:00;0,1500
2026-11-10 19:00;0,0000
2026-11-10 20:00;0,0000
2026-11-10 21:00;0,0000
2026-11-10 22:00;0,0000
2026-11-10 23:00;0,0000
2026-11-11 00:00;0,0000
2026-11-11 01:00;0,0000
2026-11-11 02:00;0,0000
2026-11-11 03:00;0,0000
2026-11-11 04:00;0,0000
2026-11-11 05:00;0,0000
2026-11-11 06:00;0,0000
2026-11-11 07:00;0,0000
2026-11-11 08:00;0,1500
2026-11-11 09:00;0,1500
2026-11-11 10:00;0,2769
2026-11-11 11:00;0,3949
2026-11-11 12:00;0,3973
2026-11-11 13:00;0,3816
2026-11-11 14:00;0,3353
2026-11-11 15:00;0,2861
2026-11-11 16:00;0,1500
2026-11-11 17:00;0,1500
2026-11-11 18:00;0,1500
2026-11-11 19:00;0,0000
2026-11-11 20:00;0,0000
2026-11-11 21:00;0,0000
2026-11-11 22:00;0,0000
2026-11-11 23:00;0,0000
2026-11-12 00:00;0,0000
2026-11-12 01:00;0,0000
2026-11-12 02:00;0,0000
2026-11-12 03:00;0,0000
2026-11-12 04:00;0,0000
2026-11-12 05:00;0,0000
2026-11-12 06:00;0,0000
2026-11-12 07:00;0,0000
2026-11-12 08:00;0,1500
2026-11-12 09:00;0,1500
2026-11-12 10:00;0,1742
2026-11-12 11:00;0,3325
2026-11-12 12:00;0,4260
2026-11-12 13:00;0,4819
2026-11-12 14:00;0,3965
2026-11-12 15:00;0,3439
2026-11-12 16:00;0,2289
2026-11-12 17:00;0,1500
2026-11-12 18:00;0,1500
2026-11-12 19:00;0,0000
2026-11-12 20:00;0,0000
2026-11-12 21:00;0,0000
2026-11-12 22:00;0,0000
2026-11-12 23:00;0,0000
2026-11-13 00:00;0,0000
2026-11-13 01:00;0,0000
2026-11-13 02:00;0,0000
2026-11-13 03:00;0,0000
2026-11-13 04:00;0,0000
2026-11-13 05:00;0,0000
2026-11-13 06:00;0,0000
2026-11-13 07:00;0,0000
2026-11-13 08:00;0,1500
2026-11-13 09:00;0,1500
2026-11-13 10:00;0,1825
2026-11-13 11:00;0,3271
2026-11-13 12:00;0,4050
2026-11-13 13:00;0,4456
2026-11-13 14:00;0,4900
2026-11-13 15:00;0,4481
2026-11-13 16:00;0,3457
2026-11-13 17:00;0,1584
2026-11-13 18:00;0,1500
2026-11-13 19:00;0,0000
2026-11-13 20:00;0,0000
2026-11-13 21:00;0,0000
2026-11-13 22:00;0,0000
2026-11-13 23:00;0,0000
2026-11-14 00:00;0,0000
2026-11-14 01:00;0,0000
2026-11-14 02:00;0,0000
2026-11-14 03:00;0,0000
2026-11-14 04:00;0,0000
2026-11-14 05:00;0,0000
2026-11-14 06:00;0,0000
2026-11-14 07:00;0,0000
2026-11-14 08:00;0,1500
2026-11-14 09:00;0,1500
2026-11-14 10:00;0,1915
2026-11-14 11:00;0,3847
2026-11-14 12:00;0,4564
2026-11-14 13:00;0,4681
2026-11-14 14:00;0,4250
2026-11-14 15:00;0,3288
2026-11-14 16:00;0,2408
2026-11-14 17:00;0,1500
2026-11-14 18:00;0,1500
2026-11-14 19:00;0,0000
2026-11-14 20:00;0,0000
2026-11-14 21:00;0,0000
2026-11-14 22:00;0,0000
2026-11-14 23:00;0,0000
2026-11-15 00:00;0,0000
2026-11-15 01:00;0,0000
2026-11-15 02:00;0,0000
2026-11-15 03:00;0,0000
2026-11-15 04:00;0,0000
2026-11-15 05:00;0,0000
2026-11-15 06:00;0,0000
2026-11-15 07:00;0,0000
2026-11-15 08:00;0,1500
2026-11-15 09:00;0,1500
2026-11-15 10:00;0,1634
2026-11-15 11:00;0,2892
2026-11-15 12:00;0,3627
2026-11-15 13:00;0,4011
2026-11-15 14:00;0,4025
2026-11-15 15:00;0,3389
2026-11-15 16:00;0,2096
2026-11-15 17:00;0,1500
2026-11-15 18:00;0,1500
2026-11-15 19:00;0,0000
2026-11-15 20:00;0,0000
2026-11-15 21:00;0,0000
2026-11-15 22:00;0,0000
2026-11-15 23:00;0,0000
2026-11-16 00:00;0,0000
2026-11-16 01:00;0,0000
2026-11-16 02:00;0,0000
2026-11-16 03:00;0,0000
2026-11-16 04:00;0,0000
2026-11-16 05:00;0,0000
2026-11-16 06:00;0,0000
2026-11-16 07:00;0,0000
2026-11-16 08:00;0,1500
2026-11-16 09:00;0,1500
2026-11-16 10:00;0,3023
2026-11-16 11:00;0,3887
2026-11-16 12:00;0,4032
2026-11-16 13:00;0,3626
2026-11-16 14:00;0,3627
2026-11-16 15:00;0,2905
2026-11-16 16:00;0,1602
2026-11-16 17:00;0,1500
2026-11-16 18:00;0,1500
2026-11-16 19:00;0,0000
2026-11-16 20:00;0,0000
2026-11-16 21:00;0,0000
2026-11-16 22:00;0,0000
2026-11-16 23:00;0,0000
2026-11-17 00:00;0,0000
2026-11-17 01:00;0,0000
2026-11-17 02:00;0,0000
2026-11-17 03:00;0,0000
2026-11-17 04:00;0,0000
2026-11-17 05:00;0,0000
2026-11-17 06:00;0,0000
2026-11-17 07:00;0,0000
2026-11-17 08:00;0,1500
2026-11-17 09:00;0,1500
2026-11-17 10:00;0,1630
2026-11-17 11:00;0,3026
2026-11-17 12:00;0,3688
2026-11-17 13:00;0,3895
2026-11-17 14:00;0,3394
2026-11-17 15:00;0,3243
2026-11-17 16:00;0,2149
2026-11-17 17:00;0,1500
2026-11-17 18:00;0,1500
2026-11-17 19:00;0,0000
2026-11-17 20:00;0,0000
2026-11-17 21:00;0,0000
2026-11-17 22:00;0,0000
2026-11-17 23:00;0,0000
2026-11-18 00:00;0,0000
2026-11-18 01:00;0,0000
2026-11-18 02:00;0,0000
2026-11-18 03:00;0,0000
2026-11-18 04:00;0,0000
2026-11-18 05:00;0,0000
2026-11-18 06:00;0,0000
2026-11-18 07:00;0,0000
2026-11-18 08:00;0,1500
2026-11-18 09:00;0,1816
2026-11-18 10:00;0,3192
2026-11-18 11:00;0,3890
2026-11-18 12:00;0,3982
2026-11-18 13:00;0,3403
2026-11-18 14:00;0,2918
2026-11-18 15:00;0,2605
2026-11-18 16:00;0,1500
2026-11-18 17:00;0,1500
2026-11-18 18:00;0,1500
2026-11-18 19:00;0,0000
2026-11-18 20:00;0,0000
2026-11-18 21:00;0,0000
2026-11-18 22:00;0,0000
2026-11-18 23:00;0,0000
2026-11-19 00:00;0,0000
2026-11-19 01:00;0,0000
2026-11-19 02:00;0,0000
2026-11-19 03:00;0,0000
2026-11-19 04:00;0,0000
2026-11-19 05:00;0,0000
2026-11-19 06:00;0,0000
2026-11-19 07:00;0,0000
2026-11-19 08:00;0,1500
2026-11-19 09:00;0,1500
2026-11-19 10:00;0,1880
2026-11-19 11:00;0,3129
2026-11-19 12:00;0,4038
2026-11-19 13:00;0,4423
2026-11-19 14:00;0,4175
2026-11-19 15:00;0,3273
2026-11-19 16:00;0,2651
2026-11-19 17:00;0,1500
2026-11-19 18:00;0,1500
2026-11-19 19:00;0,0000
2026-11-19 20:00;0,0000
2026-11-19 21:00;0,0000
2026-11-19 22:00;0,0000
2026-11-19 23:00;0,0000
2026-11-20 00:00;0,0000
2026-11-20 01:00;0,0000
2026-11-20 02:00;0,0000
2026-11-20 03:00;0,0000
2026-11-20 04:00;0,0000
2026-11-20 05:00;0,0000
2026-11-20 06:00;0,0000
2026-11-20 07:00;0,0000
2026-11-20 08:00;0,1500
2026-11-20 09:00;0,1500
2026-11-20 10:00;0,1796
2026-11-20 11:00;0,3545
2026-11-20 12:00;0,4640
2026-11-20 13:00;0,4904
2026-11-20 14:00;0,4779
2026-11-20 15:00;0,3540
2026-11-20 16:00;0,3202
2026-11-20 17:00;0,1530
2026-11-20 18:00;0,1500
2026-11-20 19:00;0,0000
2026-11-20 20:00;0,0000
2026-11-20 21:00;0,0000
2026-11-20 22:00;0,0000
2026-11-20 23:00;0,0000
2026-11-21 00:00;0,0000
2026-11-21 01:00;0,0000
2026-11-21 02:00;0,0000
2026-11-21 03:00;0,0000
2026-11-21 04:00;0,0000
2026-11-21 05:00;0,0000
2026-11-21 06:00;0,0000
2026-11-21 07:00;0,0000
2026-11-21 08:00;0,1500
2026-11-21 09:00;0,1500
2026-11-21 10:00;0,2574
2026-11-21 11:00;0,4256
2026-11-21 12:00;0,4957
2026-11-21 13:00;0,5106
2026-11-21 14:00;0,4488
2026-11-21 15:00;0,3317
2026-11-21 16:00;0,1964
2026-11-21 17:00;0,1500
2026-11-21 18:00;0,1500
2026-11-21 19:00;0,0000
2026-11-21 20:00;0,0000
2026-11-21 21:00;0,0000
2026-11-21 22:00;0,0000
2026-11-21 23:00;0,0000
2026-11-22 00:00;0,0000
2026-11-22 01:00;0,0000
2026-11-22 02:00;0,0000
2026-11-22 03:00;0,0000
2026-11-22 04:00;0,0000
2026-11-22 05:00;0,0000
2026-11-22 06:00;0,0000
2026-11-22 07:00;0,0000
2026-11-22 08:00;0,1500
2026-11-22 09:00;0,1500
2026-11-22 10:00;0,1500
2026-11-22 11:00;0,2755
2026-11-22 12:00;0,3936
2026-11-22 13:00;0,4306
2026-11-22 14:00;0,4662
2026-11-22 15:00;0,4250
2026-11-22 16:00;0,3125
2026-11-22 17:00;0,1500
2026-11-22 18:00;0,1500
2026-11-22 19:00;0,0000
2026-11-22 20:00;0,0000
2026-11-22 21:00;0,0000
2026-11-22 22:00;0,0000
2026-11-22 23:00;0,0000
2026-11-23 00:00;0,0000
2026-11-23 01:00;0,0000
2026-11-23 02:00;0,0000
2026-11-23 03:00;0,0000
2026-11-23 04:00;0,0000
2026-11-23 05:00;0,0000
2026-11-23 06:00;0,0000
2026-11-23 07:00;0,0000
2026-11-23 08:00;0,1500
2026-11-23 09:00;0,1500
2026-11-23 10:00;0,2861
2026-11-23 11:00;0,4397
2026-11-23 12:00;0,5134
2026-11-23 13:00;0,4808
2026-11-23 14:00;0,3798
2026-11-23 15:00;0,3012
2026-11-23 16:00;0,1549
2026-11-23 17:00;0,1500
2026-11-23 18:00;0,1500
2026-11-23 19:00;0,0000
2026-11-23 20:00;0,0000
2026-11-23 21:00;0,0000
2026-11-23 22:00;0,0000
2026-11-23 23:00;0,0000
2026-11-24 00:00;0,0000
2026-11-24 01:00;0,0000
2026-11-24 02:00;0,0000
2026-11-24 03:00;0,0000
2026-11-24 04:00;0,0000
2026-11-24 05:00;0,0000
2026-11-24 06:00;0,0000
2026-11-24 07:00;0,0000
2026-11-24 08:00;0,1500
2026-11-24 09:00;0,1500
2026-11-24 10:00;0,2299
2026-11-24 11:00;0,4042
2026-11-24 12:00;0,4940
2026-11-24 13:00;0,5153
2026-11-24 14:00;0,5007
2026-11-24 15:00;0,4179
2026-11-24 16:00;0,2140
2026-11-24 17:00;0,1500
2026-11-24 18:00;0,1500
2026-11-24 19:00;0,0000
2026-11-24 20:00;0,0000
2026-11-24 21:00;0,0000
2026-11-24 22:00;0,0000
2026-11-24 23:00;0,0000
2026-11-25 00:00;0,0000
2026-11-25 01:00;0,0000
2026-11-25 02:00;0,0000
2026-11-25 03:00;0,0000
2026-11-25 04:00;0,0000
2026-11-25 05:00;0,0000
2026-11-25 06:00;0,0000
2026-11-25 07:00;0,0000
2026-11-25 08:00;0,1500
2026-11-25 09:00;0,1500
2026-11-25 10:00;0,1906
2026-11-25 11:00;0,3028
2026-11-25 12:00;0,4302
2026-11-25 13:00;0,4955
2026-11-25 14:00;0,5245
2026-11-25 15:00;0,4218
2026-11-25 16:00;0,3194
2026-11-25 17:00;0,1500
2026-11-25 18:00;0,1500
2026-11-25 19:00;0,0000
2026-11-25 20:00;0,0000
2026-11-25 21:00;0,0000
2026-11-25 22:00;0,0000
2026-11-25 23:00;0,0000
2026-11-26 00:00;0,0000
2026-11-26 01:00;0,0000
2026-11-26 02:00;0,0000
2026-11-26 03:00;0,0000
2026-11-26 04:00;0,0000
2026-11-26 05:00;0,0000
2026-11-26 06:00;0,0000
2026-11-26 07:00;0,0000
2026-11-26 08:00;0,1500
2026-11-26 09:00;0,1660
2026-11-26 10:00;0,2712
2026-11-26 11:00;0,3473
2026-11-26 12:00;0,3912
2026-11-26 13:00;0,4110
2026-11-26 14:00;0,4036
2026-11-26 15:00;0,2998
2026-11-26 16:00;0,1986
2026-11-26 17:00;0,1500
2026-11-26 18:00;0,1500
2026-11-26 19:00;0,0000
2026-11-26 20:00;0,0000
2026-11-26 21:00;0,0000
2026-11-26 22:00;0,0000
2026-11-26 23:00;0,0000
2026-11-27 00:00;0,0000
2026-11-27 01:00;0,0000
2026-11-27 02:00;0,0000
2026-11-27 03:00;0,0000
2026-11-27 04:00;0,0000
2026-11-27 05:00;0,0000
2026-11-27 06:00;0,0000
2026-11-27 07:00;0,0000
2026-11-27 08:00;0,1500
2026-11-27 09:00;0,1500
2026-11-27 10:00;0,2946
2026-11-27 11:00;0,3900
2026-11-27 12:00;0,4322
2026-11-27 13:00;0,5223
2026-11-27 14:00;0,5028
2026-11-27 15:00;0,3660
2026-11-27 16:00;0,2051
2026-11-27 17:00;0,1500
2026-11-27 18:00;0,1500
2026-11-27 19:00;0,0000
2026-11-27 20:00;0,0000
2026-11-27 21:00;0,0000
2026-11-27 22:00;0,0000
2026-11-27 23:00;0,0000
2026-11-28 00:00;0,0000
2026-11-28 01:00;0,0000
2026-11-28 02:00;0,0000
2026-11-28 03:00;0,0000
2026-11-28 04:00;0,0000
2026-11-28 05:00;0,0000
2026-11-28 06:00;0,0000
2026-11-28 07:00;0,0000
2026-11-28 08:00;0,1500
2026-11-28 09:00;0,1500
2026-11-28 10:00;0,1601
2026-11-28 11:00;0,3186
2026-11-28 12:00;0,4668
2026-11-28 13:00;0,5412
2026-11-28 14:00;0,4626
2026-11-28 15:00;0,3929
2026-11-28 16:00;0,2573
2026-11-28 17:00;0,1500
2026-11-28 18:00;0,1500
2026-11-28 19:00;0,0000
2026-11-28 20:00;0,0000
2026-11-28 21:00;0,0000
2026-11-28 22:00;0,0000
2026-11-28 23:00;0,0000
2026-11-29 00:00;0,0000
2026-11-29 01:00;0,0000
2026-11-29 02:00;0,0000
2026-11-29 03:00;0,0000
2026-11-29 04:00;0,0000
2026-11-29 05:00;0,0000
2026-11-29 06:00;0,0000
2026-11-29 07:00;0,0000
2026-11-29 08:00;0,1500
2026-11-29 09:00;0,1500
2026-11-29 10:00;0,2941
2026-11-29 11:00;0,4023
2026-11-29 12:00;0,4502
2026-11-29 13:00;0,4442
2026-11-29 14:00;0,3766
2026-11-29 15:00;0,2757
2026-11-29 16:00;0,1544
2026-11-29 17:00;0,1500
2026-11-29 18:00;0,1500
2026-11-29 19:00;0,0000
2026-11-29 20:00;0,0000
2026-11-29 21:00;0,0000
2026-11-29 22:00;0,0000
2026-11-29 23:00;0,0000
2026-11-30 00:00;0,0000
2026-11-30 01:00;0,0000
2026-11-30 02:00;0,0000
2026-11-30 03:00;0,0000
2026-11-30 04:00;0,0000
2026-11-30 05:00;0,0000
2026-11-30 06:00;0,0000
2026-11-30 07:00;0,0000
2026-11-30 08:00;0,1500
2026-11-30 09:00;0,1500
2026-11-30 10:00;0,2035
2026-11-30 11:00;0,2710
2026-11-30 12:00;0,4305
2026-11-30 13:00;0,5095
2026-11-30 14:00;0,4901
2026-11-30 15:00;0,4023
2026-11-30 16:00;0,2286
2026-11-30 17:00;0,1500
2026-11-30 18:00;0,1500
2026-11-30 19:00;0,0000
2026-11-30 20:00;0,0000
2026-11-30 21:00;0,0000
2026-11-30 22:00;0,0000
2026-11-30 23:00;0,0000
2026-12-01 00:00;0,0000
2026-12-01 01:00;0,0000
2026-12-01 02:00;0,0000
2026-12-01 03:00;0,0000
2026-12-01 04:00;0,0000
2026-12-01 05:00;0,0000
2026-12-01 06:00;0,0000
2026-12-01 07:00;0,0000
2026-12-01 08:00;0,0000
2026-12-01 09:00;0,1500
2026-12-01 10:00;0,1500
2026-12-01 11:00;0,2057
2026-12-01 12:00;0,3380
2026-12-01 13:00;0,4345
2026-12-01 14:00;0,3916
2026-12-01 15:00;0,3245
2026-12-01 16:00;0,2502
2026-12-01 17:00;0,1500
2026-12-01 18:00;0,1500
2026-12-01 19:00;0,0000
2026-12-01 20:00;0,0000
2026-12-01 21:00;0,0000
2026-12-01 22:00;0,0000
2026-12-01 23:00;0,0000
2026-12-02 00:00;0,0000
2026-12-02 01:00;0,0000
2026-12-02 02:00;0,0000
2026-12-02 03:00;0,0000
2026-12-02 04:00;0,0000
2026-12-02 05:00;0,0000
2026-12-02 06:00;0,0000
2026-12-02 07:00;0,0000
2026-12-02 08:00;0,0000
2026-12-02 09:00;0,1500
2026-12-02 10:00;0,1500
2026-12-02 11:00;0,2051
2026-12-02 12:00;0,3369
2026-12-02 13:00;0,3946
2026-12-02 14:00;0,4342
2026-12-02 15:00;0,3570
2026-12-02 16:00;0,2454
2026-12-02 17:00;0,1500
2026-12-02 18:00;0,1500
2026-12-02 19:00;0,0000
2026-12-02 20:00;0,0000
2026-12-02 21:00;0,0000
2026-12-02 22:00;0,0000
2026-12-02 23:00;0,0000
2026-12-03 00:00;0,0000
2026-12-03 01:00;0,0000
2026-12-03 02:00;0,0000
2026-12-03 03:00;0,0000
2026-12-03 04:00;0,0000
2026-12-03 05:00;0,0000
2026-12-03 06:00;0,0000
2026-12-03 07:00;0,0000
2026-12-03 08:00;0,0000
2026-12-03 09:00;0,1500
2026-12-03 10:00;0,2080
2026-12-03 11:00;0,3530
2026-12-03 12:00;0,4177
2026-12-03 13:00;0,4337
2026-12-03 14:00;0,3797
2026-12-03 15:00;0,2601
2026-12-03 16:00;0,1500
2026-12-03 17:00;0,1500
2026-12-03 18:00;0,1500
2026-12-03 19:00;0,0000
2026-12-03 20:00;0,0000
2026-12-03 21:00;0,0000
2026-12-03 22:00;0,0000
2026-12-03 23:00;0,0000
2026-12-04 00:00;0,0000
2026-12-04 01:00;0,0000
2026-12-04 02:00;0,0000
2026-12-04 03:00;0,0000
2026-12-04 04:00;0,0000
2026-12-04 05:00;0,0000
2026-12-04 06:00;0,0000
2026-12-04 07:00;0,0000
2026-12-04 08:00;0,0000
2026-12-04 09:00;0,1500
2026-12-04 10:00;0,1500
2026-12-04 11:00;0,2208
2026-12-04 12:00;0,3088
2026-12-04 13:00;0,3373
2026-12-04 14:00;0,3170
2026-12-04 15:00;0,2641
2026-12-04 16:00;0,2292
2026-12-04 17:00;0,1500
2026-12-04 18:00;0,1500
2026-12-04 19:00;0,0000
2026-12-04 20:00;0,0000
2026-12-04 21:00;0,0000
2026-12-04 22:00;0,0000
2026-12-04 23:00;0,0000
2026-12-05 00:00;0,0000
2026-12-05 01:00;0,0000
2026-12-05 02:00;0,0000
2026-12-05 03:00;0,0000
2026-12-05 04:00;0,0000
2026-12-05 05:00;0,0000
2026-12-05 06:00;0,0000
2026-12-05 07:00;0,0000
2026-12-05 08:00;0,0000
2026-12-05 09:00;0,1500
2026-12-05 10:00;0,1500
2026-12-05 11:00;0,2681
2026-12-05 12:00;0,3410
2026-12-05 13:00;0,3885
2026-12-05 14:00;0,3752
2026-12-05 15:00;0,3660
2026-12-05 16:00;0,2421
2026-12-05 17:00;0,1500
2026-12-05 18:00;0,1500
2026-12-05 19:00;0,0000
2026-12-05 20:00;0,0000
2026-12-05 21:00;0,0000
2026-12-05 22:00;0,0000
2026-12-05 23:00;0,0000
2026-12-06 00:00;0,0000
2026-12-06 01:00;0,0000
2026-12-06 02:00;0,0000
2026-12-06 03:00;0,0000
2026-12-06 04:00;0,0000
2026-12-06 05:00;0,0000
2026-12-06 06:00;0,0000
2026-12-06 07:00;0,0000
2026-12-06 08:00;0,0000
2026-12-06 09:00;0,1500
2026-12-06 10:00;0,1500
2026-12-06 11:00;0,2214
2026-12-06 12:00;0,3767
2026-12-06 13:00;0,4294
2026-12-06 14:00;0,4372
2026-12-06 15:00;0,3702
2026-12-06 16:00;0,2909
2026-12-06 17:00;0,1500
2026-12-06 18:00;0,1500
2026-12-06 19:00;0,0000
2026-12-06 20:00;0,0000
2026-12-06 21:00;0,0000
2026-12-06 22:00;0,0000
2026-12-06 23:00;0,0000
2026-12-07 00:00;0,0000
2026-12-07 01:00;0,0000
2026-12-07 02:00;0,0000
2026-12-07 03:00;0,0000
2026-12-07 04:00;0,0000
2026-12-07 05:00;0,0000
2026-12-07 06:00;0,0000
2026-12-07 07:00;0,0000
2026-12-07 08:00;0,0000
2026-12-07 09:00;0,1500
2026-12-07 10:00;0,1500
2026-12-07 11:00;0,2379
2026-12-07 12:00;0,3275
2026-12-07 13:00;0,3850
2026-12-07 14:00;0,4024
2026-12-07 15:00;0,3783
2026-12-07 16:00;0,2669
2026-12-07 17:00;0,1500
2026-12-07 18:00;0,1500
2026-12-07 19:00;0,0000
2026-12-07 20:00;0,0000
2026-12-07 21:00;0,0000
2026-12-07 22:00;0,0000
2026-12-07 23:00;0,0000
2026-12-08 00:00;0,0000
2026-12-08 01:00;0,0000
2026-12-08 02:00;0,0000
2026-12-08 03:00;0,0000
2026-12-08 04:00;0,0000
2026-12-08 05:00;0,0000
2026-12-08 06:00;0,0000
2026-12-08 07:00;0,0000
2026-12-08 08:00;0,0000
2026-12-08 09:00;0,1500
2026-12-08 10:00;0,2118
2026-12-08 11:00;0,3475
2026-12-08 12:00;0,4353
2026-12-08 13:00;0,3923
2026-12-08 14:00;0,3569
2026-12-08 15:00;0,2770
2026-12-08 16:00;0,1500
2026-12-08 17:00;0,1500
2026-12-08 18:00;0,1500
2026-12-08 19:00;0,0000
2026-12-08 20:00;0,0000
2026-12-08 21:00;0,0000
2026-12-08 22:00;0,0000
2026-12-08 23:00;0,0000
2026-12-09 00:00;0,0000
2026-12-09 01:00;0,0000
2026-12-09 02:00;0,0000
2026-12-09 03:00;0,0000
2026-12-09 04:00;0,0000
2026-12-09 05:00;0,0000
2026-12-09 06:00;0,0000
2026-12-09 07:00;0,0000
2026-12-09 08:00;0,0000
2026-12-09 09:00;0,1500
2026-12-09 10:00;0,1500
2026-12-09 11:00;0,2116
2026-12-09 12:00;0,3271
2026-12-09 13:00;0,3897
2026-12-09 14:00;0,3757
2026-12-09 15:00;0,3510
2026-12-09 16:00;0,2145
2026-12-09 17:00;0,1500
2026-12-09 18:00;0,1500
2026-12-09 19:00;0,0000
2026-12-09 20:00;0,0000
2026-12-09 21:00;0,0000
2026-12-09 22:00;0,0000
2026-12-09 23:00;0,0000
2026-12-10 00:00;0,0000
2026-12-10 01:00;0,0000
2026-12-10 02:00;0,0000
2026-12-10 03:00;0,0000
2026-12-10 04:00;0,0000
2026-12-10 05:00;0,0000
2026-12-10 06:00;0,0000
2026-12-10 07:00;0,0000
2026-12-10 08:00;0,0000
2026-12-10 09:00;0,1500
2026-12-10 10:00;0,1500
2026-12-10 11:00;0,2157
2026-12-10 12:00;0,3143
2026-12-10 13:00;0,3898
2026-12-10 14:00;0,4239
2026-12-10 15:00;0,4035
2026-12-10 16:00;0,2694
2026-12-10 17:00;0,1500
2026-12-10 18:00;0,1500
2026-12-10 19:00;0,0000
2026-12-10 20:00;0,0000
2026-12-10 21:00;0,0000
2026-12-10 22:00;0,0000
2026-12-10 23:00;0,0000
2026-12-11 00:00;0,0000
2026-12-11 01:00;0,0000
2026-12-11 02:00;0,0000
2026-12-11 03:00;0,0000
2026-12-11 04:00;0,0000
2026-12-11 05:00;0,0000
2026-12-11 06:00;0,0000
2026-12-11 07:00;0,0000
2026-12-11 08:00;0,0000
2026-12-11 09:00;0,1500
2026-12-11 10:00;0,2281
2026-12-11 11:00;0,3724
2026-12-11 12:00;0,4714
2026-12-11 13:00;0,4261
2026-12-11 14:00;0,3738
2026-12-11 15:00;0,2621
2026-12-11 16:00;0,1500
2026-12-11 17:00;0,1500
2026-12-11 18:00;0,1500
2026-12-11 19:00;0,0000
2026-12-11 20:00;0,0000
2026-12-11 21:00;0,0000
2026-12-11 22:00;0,0000
2026-12-11 23:00;0,0000
2026-12-12 00:00;0,0000
2026-12-12 01:00;0,0000
2026-12-12 02:00;0,0000
2026-12-12 03:00;0,0000
2026-12-12 04:00;0,0000
2026-12-12 05:00;0,0000
2026-12-12 06:00;0,0000
2026-12-12 07:00;0,0000
2026-12-12 08:00;0,0000
2026-12-12 09:00;0,1500
2026-12-12 10:00;0,1736
2026-12-12 11:00;0,2857
2026-12-12 12:00;0,3527
2026-12-12 13:00;0,3793
2026-12-12 14:00;0,3114
2026-12-12 15:00;0,2314
2026-12-12 16:00;0,1500
2026-12-12 17:00;0,1500
2026-12-12 18:00;0,1500
2026-12-12 19:00;0,0000
2026-12-12 20:00;0,0000
2026-12-12 21:00;0,0000
2026-12-12 22:00;0,0000
2026-12-12 23:00;0,0000
2026-12-13 00:00;0,0000
2026-12-13 01:00;0,0000
2026-12-13 02:00;0,0000
2026-12-13 03:00;0,0000
2026-12-13 04:00;0,0000
2026-12-13 05:00;0,0000
2026-12-13 06:00;0,0000
2026-12-13 07:00;0,0000
2026-12-13 08:00;0,0000
2026-12-13 09:00;0,1500
2026-12-13 10:00;0,1500
2026-12-13 11:00;0,2344
2026-12-13 12:00;0,3225
2026-12-13 13:00;0,3982
2026-12-13 14:00;0,3927
2026-12-13 15:00;0,3135
2026-12-13 16:00;0,2406
2026-12-13 17:00;0,1500
2026-12-13 18:00;0,1500
2026-12-13 19:00;0,0000
2026-12-13 20:00;0,0000
2026-12-13 21:00;0,0000
2026-12-13 22:00;0,0000
2026-12-13 23:00;0,0000
2026-12-14 00:00;0,0000
2026-12-14 01:00;0,0000
2026-12-14 02:00;0,0000
2026-12-14 03:00;0,0000
2026-12-14 04:00;0,0000
2026-12-14 05:00;0,0000
2026-12-14 06:00;0,0000
2026-12-14 07:00;0,0000
2026-12-14 08:00;0,0000
2026-12-14 09:00;0,1500
2026-12-14 10:00;0,1809
2026-12-14 11:00;0,2744
2026-12-14 12:00;0,3081
2026-12-14 13:00;0,3397
2026-12-14 14:00;0,2754
2026-12-14 15:00;0,2502
2026-12-14 16:00;0,1500
2026-12-14 17:00;0,1500
2026-12-14 18:00;0,1500
2026-12-14 19:00;0,0000
2026-12-14 20:00;0,0000
2026-12-14 21:00;0,0000
2026-12-14 22:00;0,0000
2026-12-14 23:00;0,0000
2026-12-15 00:00;0,0000
2026-12-15 01:00;0,0000
2026-12-15 02:00;0,0000
2026-12-15 03:00;0,0000
2026-12-15 04:00;0,0000
2026-12-15 05:00;0,0000
2026-12-15 06:00;0,0000
2026-12-15 07:00;0,0000
2026-12-15 08:00;0,0000
2026-12-15 09:00;0,1500
2026-12-15 10:00;0,2239
2026-12-15 11:00;0,4086
2026-12-15 12:00;0,4868
2026-12-15 13:00;0,4454
2026-12-15 14:00;0,3893
2026-12-15 15:00;0,2637
2026-12-15 16:00;0,1500
2026-12-15 17:00;0,1500
2026-12-15 18:00;0,1500
2026-12-15 19:00;0,0000
2026-12-15 20:00;0,0000
2026-12-15 21:00;0,0000
2026-12-15 22:00;0,0000
2026-12-15 23:00;0,0000
2026-12-16 00:00;0,0000
2026-12-16 01:00;0,0000
2026-12-16 02:00;0,0000
2026-12-16 03:00;0,0000
2026-12-16 04:00;0,0000
2026-12-16 05:00;0,0000
2026-12-16 06:00;0,0000
2026-12-16 07:00;0,0000
2026-12-16 08:00;0,0000
2026-12-16 09:00;0,1500
2026-12-16 10:00;0,1500
2026-12-16 11:00;0,1577
2026-12-16 12:00;0,2332
2026-12-16 13:00;0,3786
2026-12-16 14:00;0,4365
2026-12-16 15:00;0,3591
2026-12-16 16:00;0,2478
2026-12-16 17:00;0,1500
2026-12-16 18:00;0,1500
2026-12-16 19:00;0,0000
2026-12-16 20:00;0,0000
2026-12-16 21:00;0,0000
2026-12-16 22:00;0,0000
2026-12-16 23:00;0,0000
2026-12-17 00:00;0,0000
2026-12-17 01:00;0,0000
2026-12-17 02:00;0,0000
2026-12-17 03:00;0,0000
2026-12-17 04:00;0,0000
2026-12-17 05:00;0,0000
2026-12-17 06:00;0,0000
2026-12-17 07:00;0,0000
2026-12-17 08:00;0,0000
2026-12-17 09:00;0,1500
2026-12-17 10:00;0,2160
2026-12-17 11:00;0,3053
2026-12-17 12:00;0,3486
2026-12-17 13:00;0,3711
2026-12-17 14:00;0,3248
2026-12-17 15:00;0,2248
2026-12-17 16:00;0,1500
2026-12-17 17:00;0,1500
2026-12-17 18:00;0,1500
2026-12-17 19:00;0,0000
2026-12-17 20:00;0,0000
2026-12-17 21:00;0,0000
2026-12-17 22:00;0,0000
2026-12-17 23:00;0,0000
2026-12-18 00:00;0,0000
2026-12-18 01:00;0,0000
2026-12-18 02:00;0,0000
2026-12-18 03:00;0,0000
2026-12-18 04:00;0,0000
2026-12-18 05:00;0,0000
2026-12-18 06:00;0,0000
2026-12-18 07:00;0,0000
2026-12-18 08:00;0,0000
2026-12-18 09:00;0,1500
2026-12-18 10:00;0,1500
2026-12-18 11:00;0,2962
2026-12-18 12:00;0,3585
2026-12-18 13:00;0,4144
2026-12-18 14:00;0,3972
2026-12-18 15:00;0,3265
2026-12-18 16:00;0,2424
2026-12-18 17:00;0,1500
2026-12-18 18:00;0,1500
2026-12-18 19:00;0,0000
2026-12-18 20:00;0,0000
2026-12-18 21:00;0,0000
2026-12-18 22:00;0,0000
2026-12-18 23:00;0,0000
2026-12-19 00:00;0,0000
2026-12-19 01:00;0,0000
2026-12-19 02:00;0,0000
2026-12-19 03:00;0,0000
2026-12-19 04:00;0,0000
2026-12-19 05:00;0,0000
2026-12-19 06:00;0,0000
2026-12-19 07:00;0,0000
2026-12-19 08:00;0,0000
2026-12-19 09:00;0,1500
2026-12-19 10:00;0,1500
2026-12-19 11:00;0,2560
2026-12-19 12:00;0,3426
2026-12-19 13:00;0,3601
2026-12-19 14:00;0,3883
2026-12-19 15:00;0,3439
2026-12-19 16:00;0,2656
2026-12-19 17:00;0,1500
2026-12-19 18:00;0,1500
2026-12-19 19:00;0,0000
2026-12-19 20:00;0,0000
2026-12-19 21:00;0,0000
2026-12-19 22:00;0,0000
2026-12-19 23:00;0,0000
2026-12-20 00:00;0,0000
2026-12-20 01:00;0,0000
2026-12-20 02:00;0,0000
2026-12-20 03:00;0,0000
2026-12-20 04:00;0,0000
2026-12-20 05:00;0,0000
2026-12-20 06:00;0,0000
2026-12-20 07:00;0,0000
2026-12-20 08:00;0,0000
2026-12-20 09:00;0,1500
2026-12-20 10:00;0,1500
2026-12-20 11:00;0,1662
2026-12-20 12:00;0,2385
2026-12-20 13:00;0,3538
2026-12-20 14:00;0,3851
2026-12-20 15:00;0,3556
2026-12-20 16:00;0,2345
2026-12-20 17:00;0,1500
2026-12-20 18:00;0,1500
2026-12-20 19:00;0,0000
2026-12-20 20:00;0,0000
2026-12-20 21:00;0,0000
2026-12-20 22:00;0,0000
2026-12-20 23:00;0,0000
2026-12-21 00:00;0,0000
2026-12-21 01:00;0,0000
2026-12-21 02:00;0,0000
2026-12-21 03:00;0,0000
2026-12-21 04:00;0,0000
2026-12-21 05:00;0,0000
2026-12-21 06:00;0,0000
2026-12-21 07:00;0,0000
2026-12-21 08:00;0,0000
2026-12-21 09:00;0,1500
2026-12-21 10:00;0,1500
2026-12-21 11:00;0,2183
2026-12-21 12:00;0,2852
2026-12-21 13:00;0,3227
2026-12-21 14:00;0,3396
2026-12-21 15:00;0,2778
2026-12-21 16:00;0,2095
2026-12-21 17:00;0,1500
2026-12-21 18:00;0,1500
2026-12-21 19:00;0,0000
2026-12-21 20:00;0,0000
2026-12-21 21:00;0,0000
2026-12-21 22:00;0,0000
2026-12-21 23:00;0,0000
2026-12-22 00:00;0,0000
2026-12-22 01:00;0,0000
2026-12-22 02:00;0,0000
2026-12-22 03:00;0,0000
2026-12-22 04:00;0,0000
2026-12-22 05:00;0,0000
2026-12-22 06:00;0,0000
2026-12-22 07:00;0,0000
2026-12-22 08:00;0,0000
2026-12-22 09:00;0,1500
2026-12-22 10:00;0,1500
2026-12-22 11:00;0,1970
2026-12-22 12:00;0,3020
2026-12-22 13:00;0,3892
2026-12-22 14:00;0,3700
2026-12-22 15:00;0,3693
2026-12-22 16:00;0,2385
2026-12-22 17:00;0,1500
2026-12-22 18:00;0,1500
2026-12-22 19:00;0,0000
2026-12-22 20:00;0,0000
2026-12-22 21:00;0,0000
2026-12-22 22:00;0,0000
2026-12-22 23:00;0,0000
2026-12-23 00:00;0,0000
2026-12-23 01:00;0,0000
2026-12-23 02:00;0,0000
2026-12-23 03:00;0,0000
2026-12-23 04:00;0,0000
2026-12-23 05:00;0,0000
2026-12-23 06:00;0,0000
2026-12-23 07:00;0,0000
2026-12-23 08:00;0,0000
2026-12-23 09:00;0,1500
2026-12-23 10:00;0,1500
2026-12-23 11:00;0,1566
2026-12-23 12:00;0,3252
2026-12-23 13:00;0,4442
2026-12-23 14:00;0,4076
2026-12-23 15:00;0,3570
2026-12-23 16:00;0,2714
2026-12-23 17:00;0,1500
2026-12-23 18:00;0,1500
2026-12-23 19:00;0,0000
2026-12-23 20:00;0,0000
2026-12-23 21:00;0,0000
2026-12-23 22:00;0,0000
2026-12-23 23:00;0,0000
2026-12-24 00:00;0,0000
2026-12-24 01:00;0,0000
2026-12-24 02:00;0,0000
2026-12-24 03:00;0,0000
2026-12-24 04:00;0,0000
2026-12-24 05:00;0,0000
2026-12-24 06:00;0,0000
2026-12-24 07:00;0,0000
2026-12-24 08:00;0,0000
2026-12-24 09:00;0,1500
2026-12-24 10:00;0,1500
2026-12-24 11:00;0,1760
2026-12-24 12:00;0,3102
2026-12-24 13:00;0,3968
2026-12-24 14:00;0,4235
2026-12-24 15:00;0,4041
2026-12-24 16:00;0,2818
2026-12-24 17:00;0,1500
2026-12-24 18:00;0,1500
2026-12-24 19:00;0,0000
2026-12-24 20:00;0,0000
2026-12-24 21:00;0,0000
2026-12-24 22:00;0,0000
2026-12-24 23:00;0,0000
2026-12-25 00:00;0,0000
2026-12-25 01:00;0,0000
2026-12-25 02:00;0,0000
2026-12-25 03:00;0,0000
2026-12-25 04:00;0,0000
2026-12-25 05:00;0,0000
2026-12-25 06:00;0,0000
2026-12-25 07:00;0,0000
2026-12-25 08:00;0,0000
2026-12-25 09:00;0,1500
2026-12-25 10:00;0,1500
2026-12-25 11:00;0,2472
2026-12-25 12:00;0,3257
2026-12-25 13:00;0,3676
2026-12-25 14:00;0,3823
2026-12-25 15:00;0,2904
2026-12-25 16:00;0,1859
2026-12-25 17:00;0,1500
2026-12-25 18:00;0,1500
2026-12-25 19:00;0,0000
2026-12-25 20:00;0,0000
2026-12-25 21:00;0,0000
2026-12-25 22:00;0,0000
2026-12-25 23:00;0,0000
2026-12-26 00:00;0,0000
2026-12-26 01:00;0,0000
2026-12-26 02:00;0,0000
2026-12-26 03:00;0,0000
2026-12-26 04:00;0,0000
2026-12-26 05:00;0,0000
2026-12-26 06:00;0,0000
2026-12-26 07:00;0,0000
2026-12-26 08:00;0,0000
2026-12-26 09:00;0,1500
2026-12-26 10:00;0,1500
2026-12-26 11:00;0,2253
2026-12-26 12:00;0,3260
2026-12-26 13:00;0,3525
2026-12-26 14:00;0,4102
2026-12-26 15:00;0,3265
2026-12-26 16:00;0,2562
2026-12-26 17:00;0,1500
2026-12-26 18:00;0,1500
2026-12-26 19:00;0,0000
2026-12-26 20:00;0,0000
2026-12-26 21:00;0,0000
2026-12-26 22:00;0,0000
2026-12-26 23:00;0,0000
2026-12-27 00:00;0,0000
2026-12-27 01:00;0,0000
2026-12-27 02:00;0,0000
2026-12-27 03:00;0,0000
2026-12-27 04:00;0,0000
2026-12-27 05:00;0,0000
2026-12-27 06:00;0,0000
2026-12-27 07:00;0,0000
2026-12-27 08:00;0,0000
2026-12-27 09:00;0,1500
2026-12-27 10:00;0,1500
2026-12-27 11:00;0,2439
2026-12-27 12:00;0,3918
2026-12-27 13:00;0,4798
2026-12-27 14:00;0,5088
2026-12-27 15:00;0,4471
2026-12-27 16:00;0,2713
2026-12-27 17:00;0,1500
2026-12-27 18:00;0,1500
2026-12-27 19:00;0,0000
2026-12-27 20:00;0,0000
2026-12-27 21:00;0,0000
2026-12-27 22:00;0,0000
2026-12-27 23:00;0,0000
2026-12-28 00:00;0,0000
2026-12-28 01:00;0,0000
2026-12-28 02:00;0,0000
2026-12-28 03:00;0,0000
2026-12-28 04:00;0,0000
2026-12-28 05:00;0,0000
2026-12-28 06:00;0,0000
2026-12-28 07:00;0,0000
2026-12-28 08:00;0,0000
2026-12-28 09:00;0,1500
2026-12-28 10:00;0,1500
2026-12-28 11:00;0,2567
2026-12-28 12:00;0,3918
2026-12-28 13:00;0,4071
2026-12-28 14:00;0,4907
2026-12-28 15:00;0,3818
2026-12-28 16:00;0,2858
2026-12-28 17:00;0,1500
2026-12-28 18:00;0,1500
2026-12-28 19:00;0,0000
2026-12-28 20:00;0,0000
2026-12-28 21:00;0,0000
2026-12-28 22:00;0,0000
2026-12-28 23:00;0,0000
2026-12-29 00:00;0,0000
2026-12-29 01:00;0,0000
2026-12-29 02:00;0,0000
2026-12-29 03:00;0,0000
2026-12-29 04:00;0,0000
2026-12-29 05:00;0,0000
2026-12-29 06:00;0,0000
2026-12-29 07:00;0,0000
2026-12-29 08:00;0,0000
2026-12-29 09:00;0,1500
2026-12-29 10:00;0,1500
2026-12-29 11:00;0,2079
2026-12-29 12:00;0,3236
2026-12-29 13:00;0,3905
2026-12-29 14:00;0,4329
2026-12-29 15:00;0,3470
2026-12-29 16:00;0,2753
2026-12-29 17:00;0,1500
2026-12-29 18:00;0,1500
2026-12-29 19:00;0,0000
2026-12-29 20:00;0,0000
2026-12-29 21:00;0,0000
2026-12-29 22:00;0,0000
2026-12-29 23:00;0,0000
2026-12-30 00:00;0,0000
2026-12-30 01:00;0,0000
2026-12-30 02:00;0,0000
2026-12-30 03:00;0,0000
2026-12-30 04:00;0,0000
2026-12-30 05:00;0,0000
2026-12-30 06:00;0,0000
2026-12-30 07:00;0,0000
2026-12-30 08:00;0,0000
2026-12-30 09:00;0,1500
2026-12-30 10:00;0,1500
2026-12-30 11:00;0,2291
2026-12-30 12:00;0,3599
2026-12-30 13:00;0,4080
2026-12-30 14:00;0,4080
2026-12-30 15:00;0,3957
2026-12-30 16:00;0,2944
2026-12-30 17:00;0,1500
2026-12-30 18:00;0,1500
2026-12-30 19:00;0,0000
2026-12-30 20:00;0,0000
2026-12-30 21:00;0,0000
2026-12-30 22:00;0,0000
2026-12-30 23:00;0,0000
2026-12-31 00:00;0,0000
2026-12-31 01:00;0,0000
2026-12-31 02:00;0,0000
2026-12-31 03:00;0,0000
2026-12-31 04:00;0,0000
2026-12-31 05:00;0,0000
2026-12-31 06:00;0,0000
2026-12-31 07:00;0,0000
2026-12-31 08:00;0,0000
2026-12-31 09:00;0,1500
2026-12-31 10:00;0,1987
2026-12-31 11:00;0,2289
2026-12-31 12:00;0,3422
2026-12-31 13:00;0,3241
2026-12-31 14:00;0,2706
2026-12-31 15:00;0,1688
2026-12-31 16:00;0,1500
2026-12-31 17:00;0,1500
2026-12-31 18:00;0,1500
2026-12-31 19:00;0,0000
2026-12-31 20:00;0,0000
2026-12-31 21:00;0,0000
2026-12-31 22:00;0,0000
2026-12-31 23:00;0,0000
