Datetime;CF
2026-01-01 00:00;0,3185
2026-01-01 01:00;0,2211
2026-01-01 02:00;0,0646
2026-01-01 03:00;0,3383
2026-01-01 04:00;0,1975
2026-01-01 05:00;0,0989
2026-01-01 06:00;0,1262
2026-01-01 07:00;0,1161
2026-01-01 08:00;0,0579
2026-01-01 09:00;0,2682
2026-01-01 10:00;0,5530
2026-01-01 11:00;0,4183
2026-01-01 12:00;0,6443
2026-01-01 13:00;0,2771
2026-01-01 14:00;0,0299
2026-01-01 15:00;0,0574
2026-01-01 16:00;0,0602
2026-01-01 17:00;0,0623
2026-01-01 18:00;0,1893
2026-01-01 19:00;0,1101
2026-01-01 20:00;0,0245
2026-01-01 21:00;0,0238
2026-01-01 22:00;0,0399
2026-01-01 23:00;0,0548
2026-01-02 00:00;0,1412
2026-01-02 01:00;0,1066
2026-01-02 02:00;0,1010
2026-01-02 03:00;0,0954
2026-01-02 04:00;0,0681
2026-01-02 05:00;0,0265
2026-01-02 06:00;0,0263
2026-01-02 07:00;0,6428
2026-01-02 08:00;0,0282
2026-01-02 09:00;0,0312
2026-01-02 10:00;0,1252
2026-01-02 11:00;0,2104
2026-01-02 12:00;0,4791
2026-01-02 13:00;0,3022
2026-01-02 14:00;0,1015
2026-01-02 15:00;0,0268
2026-01-02 16:00;0,2702
2026-01-02 17:00;0,3497
2026-01-02 18:00;0,2553
2026-01-02 19:00;0,3011
2026-01-02 20:00;0,2684
2026-01-02 21:00;0,0221
2026-01-02 22:00;0,0586
2026-01-02 23:00;0,1058
2026-01-03 00:00;0,2781
2026-01-03 01:00;0,2243
2026-01-03 02:00;0,0588
2026-01-03 03:00;0,3289
2026-01-03 04:00;0,2018
2026-01-03 05:00;0,2910
2026-01-03 06:00;0,3063
2026-01-03 07:00;0,6852
2026-01-03 08:00;0,2761
2026-01-03 09:00;0,1696
2026-01-03 10:00;0,1899
2026-01-03 11:00;0,1827
2026-01-03 12:00;0,2192
2026-01-03 13:00;0,7121
2026-01-03 14:00;0,3733
2026-01-03 15:00;0,2796
2026-01-03 16:00;0,1958
2026-01-03 17:00;0,1336
2026-01-03 18:00;0,2626
2026-01-03 19:00;0,1701
2026-01-03 20:00;0,0594
2026-01-03 21:00;0,0292
2026-01-03 22:00;0,0448
2026-01-03 23:00;0,0639
2026-01-04 00:00;0,0546
2026-01-04 01:00;0,0397
2026-01-04 02:00;0,0245
2026-01-04 03:00;0,2477
2026-01-04 04:00;0,2367
2026-01-04 05:00;0,2026
2026-01-04 06:00;0,1935
2026-01-04 07:00;0,2453
2026-01-04 08:00;0,2779
2026-01-04 09:00;0,1478
2026-01-04 10:00;0,5285
2026-01-04 11:00;0,2047
2026-01-04 12:00;0,0526
2026-01-04 13:00;0,2963
2026-01-04 14:00;0,2748
2026-01-04 15:00;0,4083
2026-01-04 16:00;0,3116
2026-01-04 17:00;0,2790
2026-01-04 18:00;0,0219
2026-01-04 19:00;0,1000
2026-01-04 20:00;0,2387
2026-01-04 21:00;0,1697
2026-01-04 22:00;0,1229
2026-01-04 23:00;0,0946
2026-01-05 00:00;0,0294
2026-01-05 01:00;0,0499
2026-01-05 02:00;0,0766
2026-01-05 03:00;0,0717
2026-01-05 04:00;0,0492
2026-01-05 05:00;0,0292
2026-01-05 06:00;0,0309
2026-01-05 07:00;0,0321
2026-01-05 08:00;0,0478
2026-01-05 09:00;0,0559
2026-01-05 10:00;0,1976
2026-01-05 11:00;0,1355
2026-01-05 12:00;0,2585
2026-01-05 13:00;0,1845
2026-01-05 14:00;0,5207
2026-01-05 15:00;0,5189
2026-01-05 16:00;0,9175
2026-01-05 17:00;0,3215
2026-01-05 18:00;0,0304
2026-01-05 19:00;0,0268
2026-01-05 20:00;0,3790
2026-01-05 21:00;0,2921
2026-01-05 22:00;0,0300
2026-01-05 23:00;0,0946
2026-01-06 00:00;0,1250
2026-01-06 01:00;0,1723
2026-01-06 02:00;0,1991
2026-01-06 03:00;0,2013
2026-01-06 04:00;0,1469
2026-01-06 05:00;0,1656
2026-01-06 06:00;0,2278
2026-01-06 07:00;0,2631
2026-01-06 08:00;0,1269
2026-01-06 09:00;0,0974
2026-01-06 10:00;0,1062
2026-01-06 11:00;0,1169
2026-01-06 12:00;0,0600
2026-01-06 13:00;0,0423
2026-01-06 14:00;0,0278
2026-01-06 15:00;0,5169
2026-01-06 16:00;1,0000
2026-01-06 17:00;0,4137
2026-01-06 18:00;0,2430
2026-01-06 19:00;0,2036
2026-01-06 20:00;0,1369
2026-01-06 21:00;0,1074
2026-01-06 22:00;0,0839
2026-01-06 23:00;0,0783
2026-01-07 00:00;0,2015
2026-01-07 01:00;0,3017
2026-01-07 02:00;0,3369
2026-01-07 03:00;0,3296
2026-01-07 04:00;0,2944
2026-01-07 05:00;0,2069
2026-01-07 06:00;0,2441
2026-01-07 07:00;0,2856
2026-01-07 08:00;0,3060
2026-01-07 09:00;0,0946
2026-01-07 10:00;0,0579
2026-01-07 11:00;0,0257
2026-01-07 12:00;0,3334
2026-01-07 13:00;0,3964
2026-01-07 14:00;0,4786
2026-01-07 15:00;0,6371
2026-01-07 16:00;0,3762
2026-01-07 17:00;0,0295
2026-01-07 18:00;0,2123
2026-01-07 19:00;0,1418
2026-01-07 20:00;0,0939
2026-01-07 21:00;0,0520
2026-01-07 22:00;0,0410
2026-01-07 23:00;0,0223
2026-01-08 00:00;0,2015
2026-01-08 01:00;0,1657
2026-01-08 02:00;0,1471
2026-01-08 03:00;0,1525
2026-01-08 04:00;0,1762
2026-01-08 05:00;0,1924
2026-01-08 06:00;0,2165
2026-01-08 07:00;0,2196
2026-01-08 08:00;0,2105
2026-01-08 09:00;0,2228
2026-01-08 10:00;0,4464
2026-01-08 11:00;0,2239
2026-01-08 12:00;0,0275
2026-01-08 13:00;0,1295
2026-01-08 14:00;0,2358
2026-01-08 15:00;0,1048
2026-01-08 16:00;0,0652
2026-01-08 17:00;0,0250
2026-01-08 18:00;0,2362
2026-01-08 19:00;0,2282
2026-01-08 20:00;0,2216
2026-01-08 21:00;0,2657
2026-01-08 22:00;0,7080
2026-01-08 23:00;0,3007
2026-01-09 00:00;0,1599
2026-01-09 01:00;0,2029
2026-01-09 02:00;0,2158
2026-01-09 03:00;0,1922
2026-01-09 04:00;0,1557
2026-01-09 05:00;0,1615
2026-01-09 06:00;0,2201
2026-01-09 07:00;0,3147
2026-01-09 08:00;0,1460
2026-01-09 09:00;0,1087
2026-01-09 10:00;0,1023
2026-01-09 11:00;0,0876
2026-01-09 12:00;0,0464
2026-01-09 13:00;0,0355
2026-01-09 14:00;0,0220
2026-01-09 15:00;0,4757
2026-01-09 16:00;1,0000
2026-01-09 17:00;0,4855
2026-01-09 18:00;0,2339
2026-01-09 19:00;0,2166
2026-01-09 20:00;0,1467
2026-01-09 21:00;0,1502
2026-01-09 22:00;0,1163
2026-01-09 23:00;0,1221
2026-01-10 00:00;0,0514
2026-01-10 01:00;0,0234
2026-01-10 02:00;0,0954
2026-01-10 03:00;0,0600
2026-01-10 04:00;0,2219
2026-01-10 05:00;0,1427
2026-01-10 06:00;0,1310
2026-01-10 07:00;0,0573
2026-01-10 08:00;0,1576
2026-01-10 09:00;0,0943
2026-01-10 10:00;0,0631
2026-01-10 11:00;0,0244
2026-01-10 12:00;0,3596
2026-01-10 13:00;1,0000
2026-01-10 14:00;0,6531
2026-01-10 15:00;0,7738
2026-01-10 16:00;0,4732
2026-01-10 17:00;0,1057
2026-01-10 18:00;0,0915
2026-01-10 19:00;0,0560
2026-01-10 20:00;0,0235
2026-01-10 21:00;0,2950
2026-01-10 22:00;0,1923
2026-01-10 23:00;0,1162
2026-01-11 00:00;0,0962
2026-01-11 01:00;0,1079
2026-01-11 02:00;0,1087
2026-01-11 03:00;0,1143
2026-01-11 04:00;0,3944
2026-01-11 05:00;0,1409
2026-01-11 06:00;0,1872
2026-01-11 07:00;0,1100
2026-01-11 08:00;0,1966
2026-01-11 09:00;0,1810
2026-01-11 10:00;0,0550
2026-01-11 11:00;0,3552
2026-01-11 12:00;0,6168
2026-01-11 13:00;0,1147
2026-01-11 14:00;0,1119
2026-01-11 15:00;0,1385
2026-01-11 16:00;0,0956
2026-01-11 17:00;0,1313
2026-01-11 18:00;0,1616
2026-01-11 19:00;0,2752
2026-01-11 20:00;0,0610
2026-01-11 21:00;0,0952
2026-01-11 22:00;0,0602
2026-01-11 23:00;0,0626
2026-01-12 00:00;0,0961
2026-01-12 01:00;0,1193
2026-01-12 02:00;0,1422
2026-01-12 03:00;0,1753
2026-01-12 04:00;0,3463
2026-01-12 05:00;0,0952
2026-01-12 06:00;0,0544
2026-01-12 07:00;0,0402
2026-01-12 08:00;0,0268
2026-01-12 09:00;0,0285
2026-01-12 10:00;0,0914
2026-01-12 11:00;0,1410
2026-01-12 12:00;0,0622
2026-01-12 13:00;0,1107
2026-01-12 14:00;0,1577
2026-01-12 15:00;0,2560
2026-01-12 16:00;0,2912
2026-01-12 17:00;0,2940
2026-01-12 18:00;0,0918
2026-01-12 19:00;0,2346
2026-01-12 20:00;0,3986
2026-01-12 21:00;0,3729
2026-01-12 22:00;0,2332
2026-01-12 23:00;0,1530
2026-01-13 00:00;0,4305
2026-01-13 01:00;0,0292
2026-01-13 02:00;0,2447
2026-01-13 03:00;0,2144
2026-01-13 04:00;0,0264
2026-01-13 05:00;0,1535
2026-01-13 06:00;0,0862
2026-01-13 07:00;0,1461
2026-01-13 08:00;0,1309
2026-01-13 09:00;0,2093
2026-01-13 10:00;0,0853
2026-01-13 11:00;0,3519
2026-01-13 12:00;0,1761
2026-01-13 13:00;0,1242
2026-01-13 14:00;0,0764
2026-01-13 15:00;0,0285
2026-01-13 16:00;0,0495
2026-01-13 17:00;0,0605
2026-01-13 18:00;0,5013
2026-01-13 19:00;0,6227
2026-01-13 20:00;0,5347
2026-01-13 21:00;0,2668
2026-01-13 22:00;0,6478
2026-01-13 23:00;0,3599
2026-01-14 00:00;0,0658
2026-01-14 01:00;0,0270
2026-01-14 02:00;0,0918
2026-01-14 03:00;0,0631
2026-01-14 04:00;0,1952
2026-01-14 05:00;0,1487
2026-01-14 06:00;0,1393
2026-01-14 07:00;0,0631
2026-01-14 08:00;0,1498
2026-01-14 09:00;0,0867
2026-01-14 10:00;0,0611
2026-01-14 11:00;0,0267
2026-01-14 12:00;0,3312
2026-01-14 13:00;1,0000
2026-01-14 14:00;0,6936
2026-01-14 15:00;0,7569
2026-01-14 16:00;0,4226
2026-01-14 17:00;0,1178
2026-01-14 18:00;0,1011
2026-01-14 19:00;0,0662
2026-01-14 20:00;0,0291
2026-01-14 21:00;0,3648
2026-01-14 22:00;0,2365
2026-01-14 23:00;0,1404
2026-01-15 00:00;0,0854
2026-01-15 01:00;0,3488
2026-01-15 02:00;0,6350
2026-01-15 03:00;0,0769
2026-01-15 04:00;0,0707
2026-01-15 05:00;0,0711
2026-01-15 06:00;0,0227
2026-01-15 07:00;0,1666
2026-01-15 08:00;0,0208
2026-01-15 09:00;0,0228
2026-01-15 10:00;0,0324
2026-01-15 11:00;0,0459
2026-01-15 12:00;0,1180
2026-01-15 13:00;0,1692
2026-01-15 14:00;0,4083
2026-01-15 15:00;0,4568
2026-01-15 16:00;0,0202
2026-01-15 17:00;0,0347
2026-01-15 18:00;0,0552
2026-01-15 19:00;0,2076
2026-01-15 20:00;0,1031
2026-01-15 21:00;0,0260
2026-01-15 22:00;0,9180
2026-01-15 23:00;0,0260
2026-01-16 00:00;0,0525
2026-01-16 01:00;0,0862
2026-01-16 02:00;0,1318
2026-01-16 03:00;0,1491
2026-01-16 04:00;0,3599
2026-01-16 05:00;0,2353
2026-01-16 06:00;0,3258
2026-01-16 07:00;0,2255
2026-01-16 08:00;0,3570
2026-01-16 09:00;0,4768
2026-01-16 10:00;0,0660
2026-01-16 11:00;0,2213
2026-01-16 12:00;0,2883
2026-01-16 13:00;0,1092
2026-01-16 14:00;0,3450
2026-01-16 15:00;0,2825
2026-01-16 16:00;0,0297
2026-01-16 17:00;0,7001
2026-01-16 18:00;0,5986
2026-01-16 19:00;0,2468
2026-01-16 20:00;0,0522
2026-01-16 21:00;0,0578
2026-01-16 22:00;0,0562
2026-01-16 23:00;0,0499
2026-01-17 00:00;0,0565
2026-01-17 01:00;0,0249
2026-01-17 02:00;0,0829
2026-01-17 03:00;0,0542
2026-01-17 04:00;0,1711
2026-01-17 05:00;0,1362
2026-01-17 06:00;0,1336
2026-01-17 07:00;0,0625
2026-01-17 08:00;0,1355
2026-01-17 09:00;0,1042
2026-01-17 10:00;0,0591
2026-01-17 11:00;0,0249
2026-01-17 12:00;0,3702
2026-01-17 13:00;1,0000
2026-01-17 14:00;0,6098
2026-01-17 15:00;0,6154
2026-01-17 16:00;0,3738
2026-01-17 17:00;0,0967
2026-01-17 18:00;0,0944
2026-01-17 19:00;0,0535
2026-01-17 20:00;0,0220
2026-01-17 21:00;0,2995
2026-01-17 22:00;0,2436
2026-01-17 23:00;0,1531
2026-01-18 00:00;0,2912
2026-01-18 01:00;0,2682
2026-01-18 02:00;0,2192
2026-01-18 03:00;0,1337
2026-01-18 04:00;0,2772
2026-01-18 05:00;0,1781
2026-01-18 06:00;0,1623
2026-01-18 07:00;0,1181
2026-01-18 08:00;0,1415
2026-01-18 09:00;0,0535
2026-01-18 10:00;0,2152
2026-01-18 11:00;0,3653
2026-01-18 12:00;0,7824
2026-01-18 13:00;0,3174
2026-01-18 14:00;0,1588
2026-01-18 15:00;0,0287
2026-01-18 16:00;0,4203
2026-01-18 17:00;0,0296
2026-01-18 18:00;0,2526
2026-01-18 19:00;0,3321
2026-01-18 20:00;0,3741
2026-01-18 21:00;0,0586
2026-01-18 22:00;0,1269
2026-01-18 23:00;0,1822
2026-01-19 00:00;0,0568
2026-01-19 01:00;0,0273
2026-01-19 02:00;0,0940
2026-01-19 03:00;0,0505
2026-01-19 04:00;0,1591
2026-01-19 05:00;0,1088
2026-01-19 06:00;0,1358
2026-01-19 07:00;0,0484
2026-01-19 08:00;0,1363
2026-01-19 09:00;0,1051
2026-01-19 10:00;0,0592
2026-01-19 11:00;0,0281
2026-01-19 12:00;0,3474
2026-01-19 13:00;1,0000
2026-01-19 14:00;0,5843
2026-01-19 15:00;0,6051
2026-01-19 16:00;0,3785
2026-01-19 17:00;0,0921
2026-01-19 18:00;0,0819
2026-01-19 19:00;0,0485
2026-01-19 20:00;0,0230
2026-01-19 21:00;0,2963
2026-01-19 22:00;0,2051
2026-01-19 23:00;0,1399
2026-01-20 00:00;0,1569
2026-01-20 01:00;0,1873
2026-01-20 02:00;0,1865
2026-01-20 03:00;0,0970
2026-01-20 04:00;0,0581
2026-01-20 05:00;0,1415
2026-01-20 06:00;0,1261
2026-01-20 07:00;0,0924
2026-01-20 08:00;0,1393
2026-01-20 09:00;0,0967
2026-01-20 10:00;0,0288
2026-01-20 11:00;0,0666
2026-01-20 12:00;0,0674
2026-01-20 13:00;0,0301
2026-01-20 14:00;1,0000
2026-01-20 15:00;0,8691
2026-01-20 16:00;0,0707
2026-01-20 17:00;0,2253
2026-01-20 18:00;0,1966
2026-01-20 19:00;0,1157
2026-01-20 20:00;0,0600
2026-01-20 21:00;0,2123
2026-01-20 22:00;0,2932
2026-01-20 23:00;0,2648
2026-01-21 00:00;0,1424
2026-01-21 01:00;0,1909
2026-01-21 02:00;0,0938
2026-01-21 03:00;0,0449
2026-01-21 04:00;0,3180
2026-01-21 05:00;0,0872
2026-01-21 06:00;0,0914
2026-01-21 07:00;0,0987
2026-01-21 08:00;0,1010
2026-01-21 09:00;0,0392
2026-01-21 10:00;0,0324
2026-01-21 11:00;0,0000
2026-01-21 12:00;0,1414
2026-01-21 13:00;0,2823
2026-01-21 14:00;0,5939
2026-01-21 15:00;0,7811
2026-01-21 16:00;0,4440
2026-01-21 17:00;0,0705
2026-01-21 18:00;0,2085
2026-01-21 19:00;0,2300
2026-01-21 20:00;0,3060
2026-01-21 21:00;0,2163
2026-01-21 22:00;0,1928
2026-01-21 23:00;0,0673
2026-01-22 00:00;0,0883
2026-01-22 01:00;0,1635
2026-01-22 02:00;0,2299
2026-01-22 03:00;0,2407
2026-01-22 04:00;0,3232
2026-01-22 05:00;0,2303
2026-01-22 06:00;0,2301
2026-01-22 07:00;0,2121
2026-01-22 08:00;0,2729
2026-01-22 09:00;0,2350
2026-01-22 10:00;0,1348
2026-01-22 11:00;0,0299
2026-01-22 12:00;0,0256
2026-01-22 13:00;1,0000
2026-01-22 14:00;0,0251
2026-01-22 15:00;0,1316
2026-01-22 16:00;0,0979
2026-01-22 17:00;0,0808
2026-01-22 18:00;0,0235
2026-01-22 19:00;0,0518
2026-01-22 20:00;0,0976
2026-01-22 21:00;0,1008
2026-01-22 22:00;0,0949
2026-01-22 23:00;0,0923
2026-01-23 00:00;0,1359
2026-01-23 01:00;0,3544
2026-01-23 02:00;0,5585
2026-01-23 03:00;0,3546
2026-01-23 04:00;0,3097
2026-01-23 05:00;0,2092
2026-01-23 06:00;0,1850
2026-01-23 07:00;0,2105
2026-01-23 08:00;0,2183
2026-01-23 09:00;0,0467
2026-01-23 10:00;0,0371
2026-01-23 11:00;0,0238
2026-01-23 12:00;0,0776
2026-01-23 13:00;0,1008
2026-01-23 14:00;0,1470
2026-01-23 15:00;0,2457
2026-01-23 16:00;0,1463
2026-01-23 17:00;0,0602
2026-01-23 18:00;0,1513
2026-01-23 19:00;0,4386
2026-01-23 20:00;0,1368
2026-01-23 21:00;0,1267
2026-01-23 22:00;0,1264
2026-01-23 23:00;0,1265
2026-01-24 00:00;0,2242
2026-01-24 01:00;0,2778
2026-01-24 02:00;0,1774
2026-01-24 03:00;0,0210
2026-01-24 04:00;0,0775
2026-01-24 05:00;0,6130
2026-01-24 06:00;0,6809
2026-01-24 07:00;0,1156
2026-01-24 08:00;0,0574
2026-01-24 09:00;0,3497
2026-01-24 10:00;0,2049
2026-01-24 11:00;0,0577
2026-01-24 12:00;0,0565
2026-01-24 13:00;0,0522
2026-01-24 14:00;0,0597
2026-01-24 15:00;0,1788
2026-01-24 16:00;0,1954
2026-01-24 17:00;0,0524
2026-01-24 18:00;0,0473
2026-01-24 19:00;0,0506
2026-01-24 20:00;0,0464
2026-01-24 21:00;0,1997
2026-01-24 22:00;0,2891
2026-01-24 23:00;0,2066
2026-01-25 00:00;0,0554
2026-01-25 01:00;0,0243
2026-01-25 02:00;0,1029
2026-01-25 03:00;0,0684
2026-01-25 04:00;0,2329
2026-01-25 05:00;0,1689
2026-01-25 06:00;0,1468
2026-01-25 07:00;0,0544
2026-01-25 08:00;0,1377
2026-01-25 09:00;0,1050
2026-01-25 10:00;0,0557
2026-01-25 11:00;0,0220
2026-01-25 12:00;0,2963
2026-01-25 13:00;1,0000
2026-01-25 14:00;0,5292
2026-01-25 15:00;0,5782
2026-01-25 16:00;0,3825
2026-01-25 17:00;0,0920
2026-01-25 18:00;0,0863
2026-01-25 19:00;0,0609
2026-01-25 20:00;0,0265
2026-01-25 21:00;0,3526
2026-01-25 22:00;0,2468
2026-01-25 23:00;0,1311
2026-01-26 00:00;0,1078
2026-01-26 01:00;0,2923
2026-01-26 02:00;0,1241
2026-01-26 03:00;0,1776
2026-01-26 04:00;0,0252
2026-01-26 05:00;0,2952
2026-01-26 06:00;0,2524
2026-01-26 07:00;0,0272
2026-01-26 08:00;0,3907
2026-01-26 09:00;0,3167
2026-01-26 10:00;0,4123
2026-01-26 11:00;0,2312
2026-01-26 12:00;0,2042
2026-01-26 13:00;0,1206
2026-01-26 14:00;0,0612
2026-01-26 15:00;0,1578
2026-01-26 16:00;0,2666
2026-01-26 17:00;0,1286
2026-01-26 18:00;0,0249
2026-01-26 19:00;0,3182
2026-01-26 20:00;0,2378
2026-01-26 21:00;0,5411
2026-01-26 22:00;0,3783
2026-01-26 23:00;0,9902
2026-01-27 00:00;0,4636
2026-01-27 01:00;0,7151
2026-01-27 02:00;0,2300
2026-01-27 03:00;0,2042
2026-01-27 04:00;0,0312
2026-01-27 05:00;0,1144
2026-01-27 06:00;0,0709
2026-01-27 07:00;0,0745
2026-01-27 08:00;0,1042
2026-01-27 09:00;0,1434
2026-01-27 10:00;0,0332
2026-01-27 11:00;0,3842
2026-01-27 12:00;0,0355
2026-01-27 13:00;1,0000
2026-01-27 14:00;0,0417
2026-01-27 15:00;0,1913
2026-01-27 16:00;0,1875
2026-01-27 17:00;0,1633
2026-01-27 18:00;0,1579
2026-01-27 19:00;0,0862
2026-01-27 20:00;0,0349
2026-01-27 21:00;0,0898
2026-01-27 22:00;0,1411
2026-01-27 23:00;0,3979
2026-01-28 00:00;0,2137
2026-01-28 01:00;0,2984
2026-01-28 02:00;0,3832
2026-01-28 03:00;0,3581
2026-01-28 04:00;0,2615
2026-01-28 05:00;0,1685
2026-01-28 06:00;0,2779
2026-01-28 07:00;0,2446
2026-01-28 08:00;0,2372
2026-01-28 09:00;0,0801
2026-01-28 10:00;0,0599
2026-01-28 11:00;0,0239
2026-01-28 12:00;0,3688
2026-01-28 13:00;0,4096
2026-01-28 14:00;0,4690
2026-01-28 15:00;0,6710
2026-01-28 16:00;0,3101
2026-01-28 17:00;0,0277
2026-01-28 18:00;0,2117
2026-01-28 19:00;0,1746
2026-01-28 20:00;0,0979
2026-01-28 21:00;0,0650
2026-01-28 22:00;0,0431
2026-01-28 23:00;0,0281
2026-01-29 00:00;0,0608
2026-01-29 01:00;0,0546
2026-01-29 02:00;0,0586
2026-01-29 03:00;0,0214
2026-01-29 04:00;0,0369
2026-01-29 05:00;0,0460
2026-01-29 06:00;0,0531
2026-01-29 07:00;0,0545
2026-01-29 08:00;0,1064
2026-01-29 09:00;0,0586
2026-01-29 10:00;0,0531
2026-01-29 11:00;0,1515
2026-01-29 12:00;0,1486
2026-01-29 13:00;0,1268
2026-01-29 14:00;0,1048
2026-01-29 15:00;0,2139
2026-01-29 16:00;0,1622
2026-01-29 17:00;0,0721
2026-01-29 18:00;0,2977
2026-01-29 19:00;0,2518
2026-01-29 20:00;0,1949
2026-01-29 21:00;0,3013
2026-01-29 22:00;1,0000
2026-01-29 23:00;0,7215
2026-01-30 00:00;0,4799
2026-01-30 01:00;0,3108
2026-01-30 02:00;0,1637
2026-01-30 03:00;0,0413
2026-01-30 04:00;0,0497
2026-01-30 05:00;0,0923
2026-01-30 06:00;0,0891
2026-01-30 07:00;0,0684
2026-01-30 08:00;0,0552
2026-01-30 09:00;0,0000
2026-01-30 10:00;0,1074
2026-01-30 11:00;0,0435
2026-01-30 12:00;0,0000
2026-01-30 13:00;0,1257
2026-01-30 14:00;0,2960
2026-01-30 15:00;0,2740
2026-01-30 16:00;0,1615
2026-01-30 17:00;0,0263
2026-01-30 18:00;0,0000
2026-01-30 19:00;0,1110
2026-01-30 20:00;0,1907
2026-01-30 21:00;0,4265
2026-01-30 22:00;0,4074
2026-01-30 23:00;0,4143
2026-01-31 00:00;0,1229
2026-01-31 01:00;0,1446
2026-01-31 02:00;0,1141
2026-01-31 03:00;0,1715
2026-01-31 04:00;0,1344
2026-01-31 05:00;0,0528
2026-01-31 06:00;0,1104
2026-01-31 07:00;0,1088
2026-01-31 08:00;0,0845
2026-01-31 09:00;0,0000
2026-01-31 10:00;0,0000
2026-01-31 11:00;0,0000
2026-01-31 12:00;0,0000
2026-01-31 13:00;1,0000
2026-01-31 14:00;0,0000
2026-01-31 15:00;0,0000
2026-01-31 16:00;0,0000
2026-01-31 17:00;0,0122
2026-01-31 18:00;0,2526
2026-01-31 19:00;0,1678
2026-01-31 20:00;0,0311
2026-01-31 21:00;0,0723
2026-01-31 22:00;0,1976
2026-01-31 23:00;0,2953
2026-02-01 00:00;0,2923
2026-02-01 01:00;0,2622
2026-02-01 02:00;0,3279
2026-02-01 03:00;0,4547
2026-02-01 04:00;0,2117
2026-02-01 05:00;0,5263
2026-02-01 06:00;0,3739
2026-02-01 07:00;0,1259
2026-02-01 08:00;0,3810
2026-02-01 09:00;0,3011
2026-02-01 10:00;0,1211
2026-02-01 11:00;0,2483
2026-02-01 12:00;0,3319
2026-02-01 13:00;0,1138
2026-02-01 14:00;0,8852
2026-02-01 15:00;1,0000
2026-02-01 16:00;0,2206
2026-02-01 17:00;0,5741
2026-02-01 18:00;0,3624
2026-02-01 19:00;0,2521
2026-02-01 20:00;0,1303
2026-02-01 21:00;0,3315
2026-02-01 22:00;0,1900
2026-02-01 23:00;0,1688
2026-02-02 00:00;0,4771
2026-02-02 01:00;0,8220
2026-02-02 02:00;0,3199
2026-02-02 03:00;0,0765
2026-02-02 04:00;0,1236
2026-02-02 05:00;0,1595
2026-02-02 06:00;0,1299
2026-02-02 07:00;0,1517
2026-02-02 08:00;0,1614
2026-02-02 09:00;0,2137
2026-02-02 10:00;0,2407
2026-02-02 11:00;0,3451
2026-02-02 12:00;0,1780
2026-02-02 13:00;0,1664
2026-02-02 14:00;0,1482
2026-02-02 15:00;0,1237
2026-02-02 16:00;0,1587
2026-02-02 17:00;0,2067
2026-02-02 18:00;0,1485
2026-02-02 19:00;0,3199
2026-02-02 20:00;0,3774
2026-02-02 21:00;0,3251
2026-02-02 22:00;0,3069
2026-02-02 23:00;0,4584
2026-02-03 00:00;0,1971
2026-02-03 01:00;0,2605
2026-02-03 02:00;0,2496
2026-02-03 03:00;0,2247
2026-02-03 04:00;0,2289
2026-02-03 05:00;0,2248
2026-02-03 06:00;0,2116
2026-02-03 07:00;0,2139
2026-02-03 08:00;0,2012
2026-02-03 09:00;0,1865
2026-02-03 10:00;0,2312
2026-02-03 11:00;0,2998
2026-02-03 12:00;0,3328
2026-02-03 13:00;0,3274
2026-02-03 14:00;0,3095
2026-02-03 15:00;0,3967
2026-02-03 16:00;0,2869
2026-02-03 17:00;0,1866
2026-02-03 18:00;0,0337
2026-02-03 19:00;0,0357
2026-02-03 20:00;0,3171
2026-02-03 21:00;0,1911
2026-02-03 22:00;0,2002
2026-02-03 23:00;0,1932
2026-02-04 00:00;0,3254
2026-02-04 01:00;0,1809
2026-02-04 02:00;0,2702
2026-02-04 03:00;0,2657
2026-02-04 04:00;0,2384
2026-02-04 05:00;0,2049
2026-02-04 06:00;0,1352
2026-02-04 07:00;0,1067
2026-02-04 08:00;0,0883
2026-02-04 09:00;0,0848
2026-02-04 10:00;0,1227
2026-02-04 11:00;0,1370
2026-02-04 12:00;0,3083
2026-02-04 13:00;0,4642
2026-02-04 14:00;0,1716
2026-02-04 15:00;0,1921
2026-02-04 16:00;0,2197
2026-02-04 17:00;0,1078
2026-02-04 18:00;0,2067
2026-02-04 19:00;0,2415
2026-02-04 20:00;0,2122
2026-02-04 21:00;0,2620
2026-02-04 22:00;0,2140
2026-02-04 23:00;0,1462
2026-02-05 00:00;0,2731
2026-02-05 01:00;0,2351
2026-02-05 02:00;0,2585
2026-02-05 03:00;0,0307
2026-02-05 04:00;0,1719
2026-02-05 05:00;0,2986
2026-02-05 06:00;0,2610
2026-02-05 07:00;0,2394
2026-02-05 08:00;0,2485
2026-02-05 09:00;0,1672
2026-02-05 10:00;0,0981
2026-02-05 11:00;0,0480
2026-02-05 12:00;0,0847
2026-02-05 13:00;0,1160
2026-02-05 14:00;0,1211
2026-02-05 15:00;0,2063
2026-02-05 16:00;0,1809
2026-02-05 17:00;0,1621
2026-02-05 18:00;0,1493
2026-02-05 19:00;0,2342
2026-02-05 20:00;0,3415
2026-02-05 21:00;0,1426
2026-02-05 22:00;0,1662
2026-02-05 23:00;0,1943
2026-02-06 00:00;0,3155
2026-02-06 01:00;0,2617
2026-02-06 02:00;0,2244
2026-02-06 03:00;0,2201
2026-02-06 04:00;0,5716
2026-02-06 05:00;0,1815
2026-02-06 06:00;0,1842
2026-02-06 07:00;0,2205
2026-02-06 08:00;0,0291
2026-02-06 09:00;0,0316
2026-02-06 10:00;0,0880
2026-02-06 11:00;0,1282
2026-02-06 12:00;0,3035
2026-02-06 13:00;0,2928
2026-02-06 14:00;0,7042
2026-02-06 15:00;0,6174
2026-02-06 16:00;0,4726
2026-02-06 17:00;0,1677
2026-02-06 18:00;0,1679
2026-02-06 19:00;0,2681
2026-02-06 20:00;0,2987
2026-02-06 21:00;0,2983
2026-02-06 22:00;0,2031
2026-02-06 23:00;0,0989
2026-02-07 00:00;0,1046
2026-02-07 01:00;0,1237
2026-02-07 02:00;0,1494
2026-02-07 03:00;0,0272
2026-02-07 04:00;0,2240
2026-02-07 05:00;0,0298
2026-02-07 06:00;0,0273
2026-02-07 07:00;0,0586
2026-02-07 08:00;0,0245
2026-02-07 09:00;0,1552
2026-02-07 10:00;0,1678
2026-02-07 11:00;0,1906
2026-02-07 12:00;0,2557
2026-02-07 13:00;0,2420
2026-02-07 14:00;0,3451
2026-02-07 15:00;0,3622
2026-02-07 16:00;0,4261
2026-02-07 17:00;0,1200
2026-02-07 18:00;0,0249
2026-02-07 19:00;1,0000
2026-02-07 20:00;0,0237
2026-02-07 21:00;0,0840
2026-02-07 22:00;0,2069
2026-02-07 23:00;0,0607
2026-02-08 00:00;0,3544
2026-02-08 01:00;0,2481
2026-02-08 02:00;0,2073
2026-02-08 03:00;0,2051
2026-02-08 04:00;0,2507
2026-02-08 05:00;0,2895
2026-02-08 06:00;0,3239
2026-02-08 07:00;0,2387
2026-02-08 08:00;0,2074
2026-02-08 09:00;0,1257
2026-02-08 10:00;0,0860
2026-02-08 11:00;0,0298
2026-02-08 12:00;0,0679
2026-02-08 13:00;0,1631
2026-02-08 14:00;0,2371
2026-02-08 15:00;0,1673
2026-02-08 16:00;0,1955
2026-02-08 17:00;0,2136
2026-02-08 18:00;0,1109
2026-02-08 19:00;0,1082
2026-02-08 20:00;0,0995
2026-02-08 21:00;0,4809
2026-02-08 22:00;0,4380
2026-02-08 23:00;0,3579
2026-02-09 00:00;0,2631
2026-02-09 01:00;0,0252
2026-02-09 02:00;0,1566
2026-02-09 03:00;0,1730
2026-02-09 04:00;0,1791
2026-02-09 05:00;0,1939
2026-02-09 06:00;0,1576
2026-02-09 07:00;0,1357
2026-02-09 08:00;0,0966
2026-02-09 09:00;0,1041
2026-02-09 10:00;0,1228
2026-02-09 11:00;0,1385
2026-02-09 12:00;0,2646
2026-02-09 13:00;1,0000
2026-02-09 14:00;0,6555
2026-02-09 15:00;0,6486
2026-02-09 16:00;1,0000
2026-02-09 17:00;0,4328
2026-02-09 18:00;0,4533
2026-02-09 19:00;0,2341
2026-02-09 20:00;0,0564
2026-02-09 21:00;0,1427
2026-02-09 22:00;0,1804
2026-02-09 23:00;0,0239
2026-02-10 00:00;0,0980
2026-02-10 01:00;0,1149
2026-02-10 02:00;0,1247
2026-02-10 03:00;0,0919
2026-02-10 04:00;0,0887
2026-02-10 05:00;0,0927
2026-02-10 06:00;0,0927
2026-02-10 07:00;0,2844
2026-02-10 08:00;0,1011
2026-02-10 09:00;0,0939
2026-02-10 10:00;0,1320
2026-02-10 11:00;0,1012
2026-02-10 12:00;0,1333
2026-02-10 13:00;0,1093
2026-02-10 14:00;0,2381
2026-02-10 15:00;0,3935
2026-02-10 16:00;0,3821
2026-02-10 17:00;0,4174
2026-02-10 18:00;0,4542
2026-02-10 19:00;0,0266
2026-02-10 20:00;0,6568
2026-02-10 21:00;0,5789
2026-02-10 22:00;0,7075
2026-02-10 23:00;0,2361
2026-02-11 00:00;0,0294
2026-02-11 01:00;1,0000
2026-02-11 02:00;0,0289
2026-02-11 03:00;0,0926
2026-02-11 04:00;0,0544
2026-02-11 05:00;0,0278
2026-02-11 06:00;0,0242
2026-02-11 07:00;0,8222
2026-02-11 08:00;0,0286
2026-02-11 09:00;0,0951
2026-02-11 10:00;0,0976
2026-02-11 11:00;0,1038
2026-02-11 12:00;0,0665
2026-02-11 13:00;0,1539
2026-02-11 14:00;0,2443
2026-02-11 15:00;0,1018
2026-02-11 16:00;0,2099
2026-02-11 17:00;0,3120
2026-02-11 18:00;0,0714
2026-02-11 19:00;0,0679
2026-02-11 20:00;0,0637
2026-02-11 21:00;0,0564
2026-02-11 22:00;0,2144
2026-02-11 23:00;0,0933
2026-02-12 00:00;0,2474
2026-02-12 01:00;0,2068
2026-02-12 02:00;0,1918
2026-02-12 03:00;0,1932
2026-02-12 04:00;0,4247
2026-02-12 05:00;0,1684
2026-02-12 06:00;0,1661
2026-02-12 07:00;0,1837
2026-02-12 08:00;0,0247
2026-02-12 09:00;0,0267
2026-02-12 10:00;0,0904
2026-02-12 11:00;0,1594
2026-02-12 12:00;0,3172
2026-02-12 13:00;0,3055
2026-02-12 14:00;0,7548
2026-02-12 15:00;0,8222
2026-02-12 16:00;0,6966
2026-02-12 17:00;0,2471
2026-02-12 18:00;0,2493
2026-02-12 19:00;0,3533
2026-02-12 20:00;0,3856
2026-02-12 21:00;0,3761
2026-02-12 22:00;0,2491
2026-02-12 23:00;0,0983
2026-02-13 00:00;0,1352
2026-02-13 01:00;0,1469
2026-02-13 02:00;0,1615
2026-02-13 03:00;0,1505
2026-02-13 04:00;0,1695
2026-02-13 05:00;0,1992
2026-02-13 06:00;0,0219
2026-02-13 07:00;0,9319
2026-02-13 08:00;0,0282
2026-02-13 09:00;0,0252
2026-02-13 10:00;0,0612
2026-02-13 11:00;0,2596
2026-02-13 12:00;0,2703
2026-02-13 13:00;0,2743
2026-02-13 14:00;0,2680
2026-02-13 15:00;0,2430
2026-02-13 16:00;0,2292
2026-02-13 17:00;0,2426
2026-02-13 18:00;0,0268
2026-02-13 19:00;0,7063
2026-02-13 20:00;0,0289
2026-02-13 21:00;0,0688
2026-02-13 22:00;0,2267
2026-02-13 23:00;0,1490
2026-02-14 00:00;0,1071
2026-02-14 01:00;0,1279
2026-02-14 02:00;0,1313
2026-02-14 03:00;0,1174
2026-02-14 04:00;0,1398
2026-02-14 05:00;0,0852
2026-02-14 06:00;0,0916
2026-02-14 07:00;0,0696
2026-02-14 08:00;0,0509
2026-02-14 09:00;0,1440
2026-02-14 10:00;1,0000
2026-02-14 11:00;0,7974
2026-02-14 12:00;0,0269
2026-02-14 13:00;0,1103
2026-02-14 14:00;0,1706
2026-02-14 15:00;0,3501
2026-02-14 16:00;0,2093
2026-02-14 17:00;0,0546
2026-02-14 18:00;0,1446
2026-02-14 19:00;0,2319
2026-02-14 20:00;0,2763
2026-02-14 21:00;0,2851
2026-02-14 22:00;0,4170
2026-02-14 23:00;0,5280
2026-02-15 00:00;0,2416
2026-02-15 01:00;0,2143
2026-02-15 02:00;0,3040
2026-02-15 03:00;0,3522
2026-02-15 04:00;0,7927
2026-02-15 05:00;0,3189
2026-02-15 06:00;0,3392
2026-02-15 07:00;0,2833
2026-02-15 08:00;0,2765
2026-02-15 09:00;0,0562
2026-02-15 10:00;0,1924
2026-02-15 11:00;0,3220
2026-02-15 12:00;0,3720
2026-02-15 13:00;0,2429
2026-02-15 14:00;0,0555
2026-02-15 15:00;0,1338
2026-02-15 16:00;0,0826
2026-02-15 17:00;0,0239
2026-02-15 18:00;0,1191
2026-02-15 19:00;0,2433
2026-02-15 20:00;0,3280
2026-02-15 21:00;0,2436
2026-02-15 22:00;0,2517
2026-02-15 23:00;0,2925
2026-02-16 00:00;0,4131
2026-02-16 01:00;0,1871
2026-02-16 02:00;0,3385
2026-02-16 03:00;0,6002
2026-02-16 04:00;0,1059
2026-02-16 05:00;0,6704
2026-02-16 06:00;0,6820
2026-02-16 07:00;0,1332
2026-02-16 08:00;0,4263
2026-02-16 09:00;0,6596
2026-02-16 10:00;0,0290
2026-02-16 11:00;0,2157
2026-02-16 12:00;0,1893
2026-02-16 13:00;0,1565
2026-02-16 14:00;0,0974
2026-02-16 15:00;0,0582
2026-02-16 16:00;0,0237
2026-02-16 17:00;0,0261
2026-02-16 18:00;0,0266
2026-02-16 19:00;0,1483
2026-02-16 20:00;0,3469
2026-02-16 21:00;0,2496
2026-02-16 22:00;0,0922
2026-02-16 23:00;0,3983
2026-02-17 00:00;0,0955
2026-02-17 01:00;0,0847
2026-02-17 02:00;0,0559
2026-02-17 03:00;0,0594
2026-02-17 04:00;0,1440
2026-02-17 05:00;0,1068
2026-02-17 06:00;0,0977
2026-02-17 07:00;0,0249
2026-02-17 08:00;0,0970
2026-02-17 09:00;0,0836
2026-02-17 10:00;0,1351
2026-02-17 11:00;0,1564
2026-02-17 12:00;0,1570
2026-02-17 13:00;0,0998
2026-02-17 14:00;0,0306
2026-02-17 15:00;0,0762
2026-02-17 16:00;0,1015
2026-02-17 17:00;0,9259
2026-02-17 18:00;0,7613
2026-02-17 19:00;0,9023
2026-02-17 20:00;0,4582
2026-02-17 21:00;0,1527
2026-02-17 22:00;0,1948
2026-02-17 23:00;0,2230
2026-02-18 00:00;0,1015
2026-02-18 01:00;0,2181
2026-02-18 02:00;0,1898
2026-02-18 03:00;0,2270
2026-02-18 04:00;0,1137
2026-02-18 05:00;0,2311
2026-02-18 06:00;0,2548
2026-02-18 07:00;0,0590
2026-02-18 08:00;0,3431
2026-02-18 09:00;0,5133
2026-02-18 10:00;0,0276
2026-02-18 11:00;0,2093
2026-02-18 12:00;0,1385
2026-02-18 13:00;0,2352
2026-02-18 14:00;0,0592
2026-02-18 15:00;0,1063
2026-02-18 16:00;0,1492
2026-02-18 17:00;0,1343
2026-02-18 18:00;0,1051
2026-02-18 19:00;0,0277
2026-02-18 20:00;0,5895
2026-02-18 21:00;0,6575
2026-02-18 22:00;0,2318
2026-02-18 23:00;0,9427
2026-02-19 00:00;0,1826
2026-02-19 01:00;0,1024
2026-02-19 02:00;0,0209
2026-02-19 03:00;0,1912
2026-02-19 04:00;0,1773
2026-02-19 05:00;0,1327
2026-02-19 06:00;0,0256
2026-02-19 07:00;0,0492
2026-02-19 08:00;0,0591
2026-02-19 09:00;0,3096
2026-02-19 10:00;0,8811
2026-02-19 11:00;0,4876
2026-02-19 12:00;0,6033
2026-02-19 13:00;0,3021
2026-02-19 14:00;0,0286
2026-02-19 15:00;0,0281
2026-02-19 16:00;1,0000
2026-02-19 17:00;0,0244
2026-02-19 18:00;0,4868
2026-02-19 19:00;0,3996
2026-02-19 20:00;0,2588
2026-02-19 21:00;0,2926
2026-02-19 22:00;0,1773
2026-02-19 23:00;0,0888
2026-02-20 00:00;0,2518
2026-02-20 01:00;0,1434
2026-02-20 02:00;0,0255
2026-02-20 03:00;0,0293
2026-02-20 04:00;0,2071
2026-02-20 05:00;0,2112
2026-02-20 06:00;0,1584
2026-02-20 07:00;0,0541
2026-02-20 08:00;0,0494
2026-02-20 09:00;0,0832
2026-02-20 10:00;0,2338
2026-02-20 11:00;0,1079
2026-02-20 12:00;0,2699
2026-02-20 13:00;0,1735
2026-02-20 14:00;0,0588
2026-02-20 15:00;0,1457
2026-02-20 16:00;1,0000
2026-02-20 17:00;0,7886
2026-02-20 18:00;0,4758
2026-02-20 19:00;0,3259
2026-02-20 20:00;0,1334
2026-02-20 21:00;0,0835
2026-02-20 22:00;0,0538
2026-02-20 23:00;0,0259
2026-02-21 00:00;0,1984
2026-02-21 01:00;0,1893
2026-02-21 02:00;0,1325
2026-02-21 03:00;0,0984
2026-02-21 04:00;0,1079
2026-02-21 05:00;0,4627
2026-02-21 06:00;0,5531
2026-02-21 07:00;0,1798
2026-02-21 08:00;0,4586
2026-02-21 09:00;0,5209
2026-02-21 10:00;0,2182
2026-02-21 11:00;0,5105
2026-02-21 12:00;0,5560
2026-02-21 13:00;0,2821
2026-02-21 14:00;0,2634
2026-02-21 15:00;0,0921
2026-02-21 16:00;0,2043
2026-02-21 17:00;0,4618
2026-02-21 18:00;0,2760
2026-02-21 19:00;0,1668
2026-02-21 20:00;0,1711
2026-02-21 21:00;0,2725
2026-02-21 22:00;0,1160
2026-02-21 23:00;0,2335
2026-02-22 00:00;0,1463
2026-02-22 01:00;0,1591
2026-02-22 02:00;0,1963
2026-02-22 03:00;0,1775
2026-02-22 04:00;0,1907
2026-02-22 05:00;0,2234
2026-02-22 06:00;0,0247
2026-02-22 07:00;1,0000
2026-02-22 08:00;0,0262
2026-02-22 09:00;0,0274
2026-02-22 10:00;0,0577
2026-02-22 11:00;0,2574
2026-02-22 12:00;0,2498
2026-02-22 13:00;0,2290
2026-02-22 14:00;0,1958
2026-02-22 15:00;0,1902
2026-02-22 16:00;0,1916
2026-02-22 17:00;0,2185
2026-02-22 18:00;0,0259
2026-02-22 19:00;0,6043
2026-02-22 20:00;0,0233
2026-02-22 21:00;0,0537
2026-02-22 22:00;0,1828
2026-02-22 23:00;0,1393
2026-02-23 00:00;0,2043
2026-02-23 01:00;0,2305
2026-02-23 02:00;0,0281
2026-02-23 03:00;0,2190
2026-02-23 04:00;0,2019
2026-02-23 05:00;0,1445
2026-02-23 06:00;0,1044
2026-02-23 07:00;0,1408
2026-02-23 08:00;0,1591
2026-02-23 09:00;0,1545
2026-02-23 10:00;0,1836
2026-02-23 11:00;0,2037
2026-02-23 12:00;0,3724
2026-02-23 13:00;0,4894
2026-02-23 14:00;0,5704
2026-02-23 15:00;0,5389
2026-02-23 16:00;0,3416
2026-02-23 17:00;0,1103
2026-02-23 18:00;0,0318
2026-02-23 19:00;0,1609
2026-02-23 20:00;0,2502
2026-02-23 21:00;0,1774
2026-02-23 22:00;0,1861
2026-02-23 23:00;0,1173
2026-02-24 00:00;0,1311
2026-02-24 01:00;0,1076
2026-02-24 02:00;0,0612
2026-02-24 03:00;0,0239
2026-02-24 04:00;0,0513
2026-02-24 05:00;0,0845
2026-02-24 06:00;0,0550
2026-02-24 07:00;0,0738
2026-02-24 08:00;0,0966
2026-02-24 09:00;0,0228
2026-02-24 10:00;0,5652
2026-02-24 11:00;0,0239
2026-02-24 12:00;0,0226
2026-02-24 13:00;0,1373
2026-02-24 14:00;0,2622
2026-02-24 15:00;0,3173
2026-02-24 16:00;0,3540
2026-02-24 17:00;0,4108
2026-02-24 18:00;0,3495
2026-02-24 19:00;0,2214
2026-02-24 20:00;0,0573
2026-02-24 21:00;0,1925
2026-02-24 22:00;0,1477
2026-02-24 23:00;0,1185
2026-02-25 00:00;0,0986
2026-02-25 01:00;0,1281
2026-02-25 02:00;0,1352
2026-02-25 03:00;0,0950
2026-02-25 04:00;0,1031
2026-02-25 05:00;0,1449
2026-02-25 06:00;0,1974
2026-02-25 07:00;0,2018
2026-02-25 08:00;0,2041
2026-02-25 09:00;0,0970
2026-02-25 10:00;0,0753
2026-02-25 11:00;0,0658
2026-02-25 12:00;0,1916
2026-02-25 13:00;0,3207
2026-02-25 14:00;0,4121
2026-02-25 15:00;0,5473
2026-02-25 16:00;0,3544
2026-02-25 17:00;0,1926
2026-02-25 18:00;0,4570
2026-02-25 19:00;0,6272
2026-02-25 20:00;0,1596
2026-02-25 21:00;0,1134
2026-02-25 22:00;0,1077
2026-02-25 23:00;0,1215
2026-02-26 00:00;0,1825
2026-02-26 01:00;0,1535
2026-02-26 02:00;0,1376
2026-02-26 03:00;0,1278
2026-02-26 04:00;0,0994
2026-02-26 05:00;0,0596
2026-02-26 06:00;0,0605
2026-02-26 07:00;0,1257
2026-02-26 08:00;0,1904
2026-02-26 09:00;0,0990
2026-02-26 10:00;0,1681
2026-02-26 11:00;0,2537
2026-02-26 12:00;0,3977
2026-02-26 13:00;0,2594
2026-02-26 14:00;0,3935
2026-02-26 15:00;0,4495
2026-02-26 16:00;0,5290
2026-02-26 17:00;0,0664
2026-02-26 18:00;0,1608
2026-02-26 19:00;0,3254
2026-02-26 20:00;0,0835
2026-02-26 21:00;0,0426
2026-02-26 22:00;0,0564
2026-02-26 23:00;0,0683
2026-02-27 00:00;0,3634
2026-02-27 01:00;0,2365
2026-02-27 02:00;0,2910
2026-02-27 03:00;0,3207
2026-02-27 04:00;0,2696
2026-02-27 05:00;0,2227
2026-02-27 06:00;0,1477
2026-02-27 07:00;0,1426
2026-02-27 08:00;0,1229
2026-02-27 09:00;0,1230
2026-02-27 10:00;0,1621
2026-02-27 11:00;0,1805
2026-02-27 12:00;0,3531
2026-02-27 13:00;0,5107
2026-02-27 14:00;0,2110
2026-02-27 15:00;0,2206
2026-02-27 16:00;0,2567
2026-02-27 17:00;0,1443
2026-02-27 18:00;0,2080
2026-02-27 19:00;0,2248
2026-02-27 20:00;0,2034
2026-02-27 21:00;0,2218
2026-02-27 22:00;0,1871
2026-02-27 23:00;0,1551
2026-02-28 00:00;0,0834
2026-02-28 01:00;0,0531
2026-02-28 02:00;0,0677
2026-02-28 03:00;0,0798
2026-02-28 04:00;0,2736
2026-02-28 05:00;0,4876
2026-02-28 06:00;0,6803
2026-02-28 07:00;0,0890
2026-02-28 08:00;0,5148
2026-02-28 09:00;0,3648
2026-02-28 10:00;0,5598
2026-02-28 11:00;0,8678
2026-02-28 12:00;0,2700
2026-02-28 13:00;0,1788
2026-02-28 14:00;0,0995
2026-02-28 15:00;0,2288
2026-02-28 16:00;0,2756
2026-02-28 17:00;0,0958
2026-02-28 18:00;0,2414
2026-02-28 19:00;0,4435
2026-02-28 20:00;0,1045
2026-02-28 21:00;0,2385
2026-02-28 22:00;0,2315
2026-02-28 23:00;0,4520
2026-03-01 00:00;0,4533
2026-03-01 01:00;0,6584
2026-03-01 02:00;0,2170
2026-03-01 03:00;0,3522
2026-03-01 04:00;0,1826
2026-03-01 05:00;0,0484
2026-03-01 06:00;0,0505
2026-03-01 07:00;0,1792
2026-03-01 08:00;0,3630
2026-03-01 09:00;0,3103
2026-03-01 10:00;0,1350
2026-03-01 11:00;0,0000
2026-03-01 12:00;0,0186
2026-03-01 13:00;0,4584
2026-03-01 14:00;0,2073
2026-03-01 15:00;0,0247
2026-03-01 16:00;0,0440
2026-03-01 17:00;0,0745
2026-03-01 18:00;0,2299
2026-03-01 19:00;0,4183
2026-03-01 20:00;0,6372
2026-03-01 21:00;0,4942
2026-03-01 22:00;0,6642
2026-03-01 23:00;0,4763
2026-03-02 00:00;0,0541
2026-03-02 01:00;0,0929
2026-03-02 02:00;0,0251
2026-03-02 03:00;0,0254
2026-03-02 04:00;0,1029
2026-03-02 05:00;0,0633
2026-03-02 06:00;0,0354
2026-03-02 07:00;0,1102
2026-03-02 08:00;0,1495
2026-03-02 09:00;0,4013
2026-03-02 10:00;0,0819
2026-03-02 11:00;0,7517
2026-03-02 12:00;1,0000
2026-03-02 13:00;0,0029
2026-03-02 14:00;1,0000
2026-03-02 15:00;1,0000
2026-03-02 16:00;0,0282
2026-03-02 17:00;0,0632
2026-03-02 18:00;0,1140
2026-03-02 19:00;0,1712
2026-03-02 20:00;0,1839
2026-03-02 21:00;0,1266
2026-03-02 22:00;0,0476
2026-03-02 23:00;0,0287
2026-03-03 00:00;0,0104
2026-03-03 01:00;0,0703
2026-03-03 02:00;0,1280
2026-03-03 03:00;0,2135
2026-03-03 04:00;0,1458
2026-03-03 05:00;0,1174
2026-03-03 06:00;0,1190
2026-03-03 07:00;0,0723
2026-03-03 08:00;0,0177
2026-03-03 09:00;0,1184
2026-03-03 10:00;0,3044
2026-03-03 11:00;0,3837
2026-03-03 12:00;0,8637
2026-03-03 13:00;1,0000
2026-03-03 14:00;0,4054
2026-03-03 15:00;0,6726
2026-03-03 16:00;1,0000
2026-03-03 17:00;0,3820
2026-03-03 18:00;0,2096
2026-03-03 19:00;0,1430
2026-03-03 20:00;0,0830
2026-03-03 21:00;0,2038
2026-03-03 22:00;0,0947
2026-03-03 23:00;0,1969
2026-03-04 00:00;0,1955
2026-03-04 01:00;0,1257
2026-03-04 02:00;0,0300
2026-03-04 03:00;0,2742
2026-03-04 04:00;0,3014
2026-03-04 05:00;0,3459
2026-03-04 06:00;0,2694
2026-03-04 07:00;0,4194
2026-03-04 08:00;0,1750
2026-03-04 09:00;0,2160
2026-03-04 10:00;0,2325
2026-03-04 11:00;0,0938
2026-03-04 12:00;0,1443
2026-03-04 13:00;0,1928
2026-03-04 14:00;0,2568
2026-03-04 15:00;0,2402
2026-03-04 16:00;0,2800
2026-03-04 17:00;0,2818
2026-03-04 18:00;0,4108
2026-03-04 19:00;0,3846
2026-03-04 20:00;0,2870
2026-03-04 21:00;0,1676
2026-03-04 22:00;0,1243
2026-03-04 23:00;0,1099
2026-03-05 00:00;0,1418
2026-03-05 01:00;0,1548
2026-03-05 02:00;0,1639
2026-03-05 03:00;0,0440
2026-03-05 04:00;0,1907
2026-03-05 05:00;0,1432
2026-03-05 06:00;0,1783
2026-03-05 07:00;0,0808
2026-03-05 08:00;0,0468
2026-03-05 09:00;0,1099
2026-03-05 10:00;0,0698
2026-03-05 11:00;0,0218
2026-03-05 12:00;0,2317
2026-03-05 13:00;0,8117
2026-03-05 14:00;0,4562
2026-03-05 15:00;0,0216
2026-03-05 16:00;0,0358
2026-03-05 17:00;0,0469
2026-03-05 18:00;0,3336
2026-03-05 19:00;0,1836
2026-03-05 20:00;0,2872
2026-03-05 21:00;0,2673
2026-03-05 22:00;1,0000
2026-03-05 23:00;0,7848
2026-03-06 00:00;0,0254
2026-03-06 01:00;0,0466
2026-03-06 02:00;0,0588
2026-03-06 03:00;0,0269
2026-03-06 04:00;0,0687
2026-03-06 05:00;0,1102
2026-03-06 06:00;0,1010
2026-03-06 07:00;0,0770
2026-03-06 08:00;0,0647
2026-03-06 09:00;0,0690
2026-03-06 10:00;0,2492
2026-03-06 11:00;0,1928
2026-03-06 12:00;0,1095
2026-03-06 13:00;0,2824
2026-03-06 14:00;0,3950
2026-03-06 15:00;0,5975
2026-03-06 16:00;1,0000
2026-03-06 17:00;0,6251
2026-03-06 18:00;0,2106
2026-03-06 19:00;0,3723
2026-03-06 20:00;0,5088
2026-03-06 21:00;0,6320
2026-03-06 22:00;0,7081
2026-03-06 23:00;0,2589
2026-03-07 00:00;0,2199
2026-03-07 01:00;0,3749
2026-03-07 02:00;0,5566
2026-03-07 03:00;0,1777
2026-03-07 04:00;0,1004
2026-03-07 05:00;0,0285
2026-03-07 06:00;0,0300
2026-03-07 07:00;0,0723
2026-03-07 08:00;0,1130
2026-03-07 09:00;0,2099
2026-03-07 10:00;0,1805
2026-03-07 11:00;0,2571
2026-03-07 12:00;0,3026
2026-03-07 13:00;0,7834
2026-03-07 14:00;0,3454
2026-03-07 15:00;0,1751
2026-03-07 16:00;0,1624
2026-03-07 17:00;0,1498
2026-03-07 18:00;0,1079
2026-03-07 19:00;0,0735
2026-03-07 20:00;0,0632
2026-03-07 21:00;0,3609
2026-03-07 22:00;0,3033
2026-03-07 23:00;0,2568
2026-03-08 00:00;0,1401
2026-03-08 01:00;0,0579
2026-03-08 02:00;0,1523
2026-03-08 03:00;0,1418
2026-03-08 04:00;0,2521
2026-03-08 05:00;0,1964
2026-03-08 06:00;0,1551
2026-03-08 07:00;0,7464
2026-03-08 08:00;0,3803
2026-03-08 09:00;0,2602
2026-03-08 10:00;0,6304
2026-03-08 11:00;0,1449
2026-03-08 12:00;0,1608
2026-03-08 13:00;0,3626
2026-03-08 14:00;0,5186
2026-03-08 15:00;0,4719
2026-03-08 16:00;0,2350
2026-03-08 17:00;0,0250
2026-03-08 18:00;0,0486
2026-03-08 19:00;0,0758
2026-03-08 20:00;0,1286
2026-03-08 21:00;0,1227
2026-03-08 22:00;0,1348
2026-03-08 23:00;0,1500
2026-03-09 00:00;0,2545
2026-03-09 01:00;0,2289
2026-03-09 02:00;0,2136
2026-03-09 03:00;0,1849
2026-03-09 04:00;0,1667
2026-03-09 05:00;0,1386
2026-03-09 06:00;0,0987
2026-03-09 07:00;0,1000
2026-03-09 08:00;0,1097
2026-03-09 09:00;0,1968
2026-03-09 10:00;0,4324
2026-03-09 11:00;0,6581
2026-03-09 12:00;0,5886
2026-03-09 13:00;1,0000
2026-03-09 14:00;0,4517
2026-03-09 15:00;0,3998
2026-03-09 16:00;0,4474
2026-03-09 17:00;0,4476
2026-03-09 18:00;0,1891
2026-03-09 19:00;0,1503
2026-03-09 20:00;0,1068
2026-03-09 21:00;0,0516
2026-03-09 22:00;0,1621
2026-03-09 23:00;0,0948
2026-03-10 00:00;0,2985
2026-03-10 01:00;0,2106
2026-03-10 02:00;0,0851
2026-03-10 03:00;0,0819
2026-03-10 04:00;0,0537
2026-03-10 05:00;0,0222
2026-03-10 06:00;0,0205
2026-03-10 07:00;0,0760
2026-03-10 08:00;0,1237
2026-03-10 09:00;0,1677
2026-03-10 10:00;0,3689
2026-03-10 11:00;0,2030
2026-03-10 12:00;0,0237
2026-03-10 13:00;1,0000
2026-03-10 14:00;0,0265
2026-03-10 15:00;0,0533
2026-03-10 16:00;0,3393
2026-03-10 17:00;0,6536
2026-03-10 18:00;0,9026
2026-03-10 19:00;1,0000
2026-03-10 20:00;0,1192
2026-03-10 21:00;0,4028
2026-03-10 22:00;0,3928
2026-03-10 23:00;0,3436
2026-03-11 00:00;0,3716
2026-03-11 01:00;0,2241
2026-03-11 02:00;0,0962
2026-03-11 03:00;0,1926
2026-03-11 04:00;0,2894
2026-03-11 05:00;0,1684
2026-03-11 06:00;0,1727
2026-03-11 07:00;0,1635
2026-03-11 08:00;0,1407
2026-03-11 09:00;0,0262
2026-03-11 10:00;0,3266
2026-03-11 11:00;0,5656
2026-03-11 12:00;0,6675
2026-03-11 13:00;0,3799
2026-03-11 14:00;0,0246
2026-03-11 15:00;0,0287
2026-03-11 16:00;0,3666
2026-03-11 17:00;0,2273
2026-03-11 18:00;0,0567
2026-03-11 19:00;0,1101
2026-03-11 20:00;0,1635
2026-03-11 21:00;0,6192
2026-03-11 22:00;0,3996
2026-03-11 23:00;0,1699
2026-03-12 00:00;0,5845
2026-03-12 01:00;0,1935
2026-03-12 02:00;0,5105
2026-03-12 03:00;0,4429
2026-03-12 04:00;0,7332
2026-03-12 05:00;0,4567
2026-03-12 06:00;0,3373
2026-03-12 07:00;0,2215
2026-03-12 08:00;0,0264
2026-03-12 09:00;0,0579
2026-03-12 10:00;0,0855
2026-03-12 11:00;0,4153
2026-03-12 12:00;0,5679
2026-03-12 13:00;0,5323
2026-03-12 14:00;0,0599
2026-03-12 15:00;0,1384
2026-03-12 16:00;0,2298
2026-03-12 17:00;0,2940
2026-03-12 18:00;0,5590
2026-03-12 19:00;0,4051
2026-03-12 20:00;0,2134
2026-03-12 21:00;0,1396
2026-03-12 22:00;0,1512
2026-03-12 23:00;0,1495
2026-03-13 00:00;0,0374
2026-03-13 01:00;0,0505
2026-03-13 02:00;0,0239
2026-03-13 03:00;0,0581
2026-03-13 04:00;0,1054
2026-03-13 05:00;0,3610
2026-03-13 06:00;0,4268
2026-03-13 07:00;0,0898
2026-03-13 08:00;0,1946
2026-03-13 09:00;0,1089
2026-03-13 10:00;0,0268
2026-03-13 11:00;1,0000
2026-03-13 12:00;1,0000
2026-03-13 13:00;0,1906
2026-03-13 14:00;0,7101
2026-03-13 15:00;0,6456
2026-03-13 16:00;0,1052
2026-03-13 17:00;0,1343
2026-03-13 18:00;0,1571
2026-03-13 19:00;0,2635
2026-03-13 20:00;0,1238
2026-03-13 21:00;0,0283
2026-03-13 22:00;0,1193
2026-03-13 23:00;0,1908
2026-03-14 00:00;0,4182
2026-03-14 01:00;1,0000
2026-03-14 02:00;0,5988
2026-03-14 03:00;0,4225
2026-03-14 04:00;0,4326
2026-03-14 05:00;0,0570
2026-03-14 06:00;0,0504
2026-03-14 07:00;0,0932
2026-03-14 08:00;0,1295
2026-03-14 09:00;0,1286
2026-03-14 10:00;0,1196
2026-03-14 11:00;0,1302
2026-03-14 12:00;0,3211
2026-03-14 13:00;0,5253
2026-03-14 14:00;0,1453
2026-03-14 15:00;0,0988
2026-03-14 16:00;0,3209
2026-03-14 17:00;0,5803
2026-03-14 18:00;0,4632
2026-03-14 19:00;0,4723
2026-03-14 20:00;0,2369
2026-03-14 21:00;0,2654
2026-03-14 22:00;0,3049
2026-03-14 23:00;0,2972
2026-03-15 00:00;0,0873
2026-03-15 01:00;0,1269
2026-03-15 02:00;0,1793
2026-03-15 03:00;0,0297
2026-03-15 04:00;0,0646
2026-03-15 05:00;0,1088
2026-03-15 06:00;0,1020
2026-03-15 07:00;0,0535
2026-03-15 08:00;0,0216
2026-03-15 09:00;0,0463
2026-03-15 10:00;0,1487
2026-03-15 11:00;0,2522
2026-03-15 12:00;0,4811
2026-03-15 13:00;0,2217
2026-03-15 14:00;0,7948
2026-03-15 15:00;0,7797
2026-03-15 16:00;0,5172
2026-03-15 17:00;0,7302
2026-03-15 18:00;0,4543
2026-03-15 19:00;0,2762
2026-03-15 20:00;0,0963
2026-03-15 21:00;0,0978
2026-03-15 22:00;0,2042
2026-03-15 23:00;0,3565
2026-03-16 00:00;0,1687
2026-03-16 01:00;0,2018
2026-03-16 02:00;0,6087
2026-03-16 03:00;0,1652
2026-03-16 04:00;0,0114
2026-03-16 05:00;0,5462
2026-03-16 06:00;0,4105
2026-03-16 07:00;0,7422
2026-03-16 08:00;0,4838
2026-03-16 09:00;0,8323
2026-03-16 10:00;0,0000
2026-03-16 11:00;0,8207
2026-03-16 12:00;0,6578
2026-03-16 13:00;0,0235
2026-03-16 14:00;0,1488
2026-03-16 15:00;0,2923
2026-03-16 16:00;0,0000
2026-03-16 17:00;0,4982
2026-03-16 18:00;0,5063
2026-03-16 19:00;0,0000
2026-03-16 20:00;0,5307
2026-03-16 21:00;0,4728
2026-03-16 22:00;0,3648
2026-03-16 23:00;0,0000
2026-03-17 00:00;0,2470
2026-03-17 01:00;0,7658
2026-03-17 02:00;0,4709
2026-03-17 03:00;0,4789
2026-03-17 04:00;0,3371
2026-03-17 05:00;0,2252
2026-03-17 06:00;0,1686
2026-03-17 07:00;0,1740
2026-03-17 08:00;0,0963
2026-03-17 09:00;0,0630
2026-03-17 10:00;0,0769
2026-03-17 11:00;0,0973
2026-03-17 12:00;0,2293
2026-03-17 13:00;0,1417
2026-03-17 14:00;0,0614
2026-03-17 15:00;1,0000
2026-03-17 16:00;1,0000
2026-03-17 17:00;0,4506
2026-03-17 18:00;0,2893
2026-03-17 19:00;0,2532
2026-03-17 20:00;0,2048
2026-03-17 21:00;0,0252
2026-03-17 22:00;0,1432
2026-03-17 23:00;0,2358
2026-03-18 00:00;0,0987
2026-03-18 01:00;0,0915
2026-03-18 02:00;0,1857
2026-03-18 03:00;0,1165
2026-03-18 04:00;0,0208
2026-03-18 05:00;0,1284
2026-03-18 06:00;0,1200
2026-03-18 07:00;0,1560
2026-03-18 08:00;0,1833
2026-03-18 09:00;0,0268
2026-03-18 10:00;0,1140
2026-03-18 11:00;0,2076
2026-03-18 12:00;0,3105
2026-03-18 13:00;0,4296
2026-03-18 14:00;0,5118
2026-03-18 15:00;0,4339
2026-03-18 16:00;1,0000
2026-03-18 17:00;1,0000
2026-03-18 18:00;1,0000
2026-03-18 19:00;0,2245
2026-03-18 20:00;0,1162
2026-03-18 21:00;0,2304
2026-03-18 22:00;0,2101
2026-03-18 23:00;0,1747
2026-03-19 00:00;0,1868
2026-03-19 01:00;0,1819
2026-03-19 02:00;0,1566
2026-03-19 03:00;0,1581
2026-03-19 04:00;0,1269
2026-03-19 05:00;0,0990
2026-03-19 06:00;0,1600
2026-03-19 07:00;0,1152
2026-03-19 08:00;0,0698
2026-03-19 09:00;0,0324
2026-03-19 10:00;0,0324
2026-03-19 11:00;0,0279
2026-03-19 12:00;0,1127
2026-03-19 13:00;0,1292
2026-03-19 14:00;0,1435
2026-03-19 15:00;0,2704
2026-03-19 16:00;0,9276
2026-03-19 17:00;1,0000
2026-03-19 18:00;1,0000
2026-03-19 19:00;1,0000
2026-03-19 20:00;0,3584
2026-03-19 21:00;0,3395
2026-03-19 22:00;0,3834
2026-03-19 23:00;0,4109
2026-03-20 00:00;0,3512
2026-03-20 01:00;0,2099
2026-03-20 02:00;0,0270
2026-03-20 03:00;0,0442
2026-03-20 04:00;0,0562
2026-03-20 05:00;0,1986
2026-03-20 06:00;0,1003
2026-03-20 07:00;0,0217
2026-03-20 08:00;0,1143
2026-03-20 09:00;0,1135
2026-03-20 10:00;0,1528
2026-03-20 11:00;0,1729
2026-03-20 12:00;0,4456
2026-03-20 13:00;0,6714
2026-03-20 14:00;0,6296
2026-03-20 15:00;0,6460
2026-03-20 16:00;0,4236
2026-03-20 17:00;0,2370
2026-03-20 18:00;0,0729
2026-03-20 19:00;0,4341
2026-03-20 20:00;0,2660
2026-03-20 21:00;0,3370
2026-03-20 22:00;0,1713
2026-03-20 23:00;0,0681
2026-03-21 00:00;0,3951
2026-03-21 01:00;0,1981
2026-03-21 02:00;0,0170
2026-03-21 03:00;0,0484
2026-03-21 04:00;0,0457
2026-03-21 05:00;0,1373
2026-03-21 06:00;0,1963
2026-03-21 07:00;0,1695
2026-03-21 08:00;0,1910
2026-03-21 09:00;0,2234
2026-03-21 10:00;0,1123
2026-03-21 11:00;0,0147
2026-03-21 12:00;0,3077
2026-03-21 13:00;1,0000
2026-03-21 14:00;0,6722
2026-03-21 15:00;0,5706
2026-03-21 16:00;1,0000
2026-03-21 17:00;0,1993
2026-03-21 18:00;0,0343
2026-03-21 19:00;0,0491
2026-03-21 20:00;0,0640
2026-03-21 21:00;0,5210
2026-03-21 22:00;0,3982
2026-03-21 23:00;0,1147
2026-03-22 00:00;0,3745
2026-03-22 01:00;0,1978
2026-03-22 02:00;0,0236
2026-03-22 03:00;0,0423
2026-03-22 04:00;0,0598
2026-03-22 05:00;0,1847
2026-03-22 06:00;0,1150
2026-03-22 07:00;0,0257
2026-03-22 08:00;0,1079
2026-03-22 09:00;0,1334
2026-03-22 10:00;0,1441
2026-03-22 11:00;0,2003
2026-03-22 12:00;0,5797
2026-03-22 13:00;0,7009
2026-03-22 14:00;0,5275
2026-03-22 15:00;0,6028
2026-03-22 16:00;0,3563
2026-03-22 17:00;0,2241
2026-03-22 18:00;0,0627
2026-03-22 19:00;0,4210
2026-03-22 20:00;0,2317
2026-03-22 21:00;0,3040
2026-03-22 22:00;0,1902
2026-03-22 23:00;0,0743
2026-03-23 00:00;0,2253
2026-03-23 01:00;0,1780
2026-03-23 02:00;0,1174
2026-03-23 03:00;0,0275
2026-03-23 04:00;0,0805
2026-03-23 05:00;0,1328
2026-03-23 06:00;0,1464
2026-03-23 07:00;0,0945
2026-03-23 08:00;0,0577
2026-03-23 09:00;0,2612
2026-03-23 10:00;0,3144
2026-03-23 11:00;0,3571
2026-03-23 12:00;0,4826
2026-03-23 13:00;1,0000
2026-03-23 14:00;0,6681
2026-03-23 15:00;0,7152
2026-03-23 16:00;1,0000
2026-03-23 17:00;0,4066
2026-03-23 18:00;0,2664
2026-03-23 19:00;0,2293
2026-03-23 20:00;0,2114
2026-03-23 21:00;0,1601
2026-03-23 22:00;0,1174
2026-03-23 23:00;0,0640
2026-03-24 00:00;0,3026
2026-03-24 01:00;0,2494
2026-03-24 02:00;0,1939
2026-03-24 03:00;0,1394
2026-03-24 04:00;0,1601
2026-03-24 05:00;0,1435
2026-03-24 06:00;0,1611
2026-03-24 07:00;0,1079
2026-03-24 08:00;0,0589
2026-03-24 09:00;0,1020
2026-03-24 10:00;0,4178
2026-03-24 11:00;0,3012
2026-03-24 12:00;0,5185
2026-03-24 13:00;0,8494
2026-03-24 14:00;0,7182
2026-03-24 15:00;0,9964
2026-03-24 16:00;1,0000
2026-03-24 17:00;0,0596
2026-03-24 18:00;0,0903
2026-03-24 19:00;0,0799
2026-03-24 20:00;0,0653
2026-03-24 21:00;0,1166
2026-03-24 22:00;0,2934
2026-03-24 23:00;0,2353
2026-03-25 00:00;0,0276
2026-03-25 01:00;0,0450
2026-03-25 02:00;0,0625
2026-03-25 03:00;0,0261
2026-03-25 04:00;0,0546
2026-03-25 05:00;0,0985
2026-03-25 06:00;0,0861
2026-03-25 07:00;0,0761
2026-03-25 08:00;0,0516
2026-03-25 09:00;0,0538
2026-03-25 10:00;0,1891
2026-03-25 11:00;0,1458
2026-03-25 12:00;0,0909
2026-03-25 13:00;0,2917
2026-03-25 14:00;0,3555
2026-03-25 15:00;0,5362
2026-03-25 16:00;1,0000
2026-03-25 17:00;0,5364
2026-03-25 18:00;0,1723
2026-03-25 19:00;0,3295
2026-03-25 20:00;0,4993
2026-03-25 21:00;0,5588
2026-03-25 22:00;0,7679
2026-03-25 23:00;0,2857
2026-03-26 00:00;0,0983
2026-03-26 01:00;0,0846
2026-03-26 02:00;0,0750
2026-03-26 03:00;0,0203
2026-03-26 04:00;0,2030
2026-03-26 05:00;0,2319
2026-03-26 06:00;0,1873
2026-03-26 07:00;0,1681
2026-03-26 08:00;0,1449
2026-03-26 09:00;0,1894
2026-03-26 10:00;0,1491
2026-03-26 11:00;0,1132
2026-03-26 12:00;0,0588
2026-03-26 13:00;0,2278
2026-03-26 14:00;0,3841
2026-03-26 15:00;0,7863
2026-03-26 16:00;1,0000
2026-03-26 17:00;0,1100
2026-03-26 18:00;0,0995
2026-03-26 19:00;0,2988
2026-03-26 20:00;0,5282
2026-03-26 21:00;0,7216
2026-03-26 22:00;1,0000
2026-03-26 23:00;0,4562
2026-03-27 00:00;0,3253
2026-03-27 01:00;0,3130
2026-03-27 02:00;0,2882
2026-03-27 03:00;0,2761
2026-03-27 04:00;0,1968
2026-03-27 05:00;0,1276
2026-03-27 06:00;0,1336
2026-03-27 07:00;0,1070
2026-03-27 08:00;0,0865
2026-03-27 09:00;0,2678
2026-03-27 10:00;0,2797
2026-03-27 11:00;0,2502
2026-03-27 12:00;0,0472
2026-03-27 13:00;0,1209
2026-03-27 14:00;0,2117
2026-03-27 15:00;0,2070
2026-03-27 16:00;0,2172
2026-03-27 17:00;0,2849
2026-03-27 18:00;0,1832
2026-03-27 19:00;0,2072
2026-03-27 20:00;0,2688
2026-03-27 21:00;0,2289
2026-03-27 22:00;0,2170
2026-03-27 23:00;0,1933
2026-03-28 00:00;0,2393
2026-03-28 01:00;0,2844
2026-03-28 02:00;0,3522
2026-03-28 03:00;0,1735
2026-03-28 04:00;0,1380
2026-03-28 05:00;0,0999
2026-03-28 06:00;0,0642
2026-03-28 07:00;0,2152
2026-03-28 08:00;0,0926
2026-03-28 09:00;0,1150
2026-03-28 10:00;0,2117
2026-03-28 11:00;0,2987
2026-03-28 12:00;0,0275
2026-03-28 13:00;0,2003
2026-03-28 14:00;0,3560
2026-03-28 15:00;0,6487
2026-03-28 16:00;1,0000
2026-03-28 17:00;0,6397
2026-03-28 18:00;0,3469
2026-03-28 19:00;0,3389
2026-03-28 20:00;0,2692
2026-03-28 21:00;0,1046
2026-03-28 22:00;0,0766
2026-03-28 23:00;0,0652
2026-03-29 00:00;0,0658
2026-03-29 01:00;0,0442
2026-03-29 02:00;0,0304
2026-03-29 03:00;0,0594
2026-03-29 04:00;0,2011
2026-03-29 05:00;0,1310
2026-03-29 06:00;0,1404
2026-03-29 07:00;0,0756
2026-03-29 08:00;0,0245
2026-03-29 09:00;0,1705
2026-03-29 10:00;0,1057
2026-03-29 11:00;0,0305
2026-03-29 12:00;0,2079
2026-03-29 13:00;0,5227
2026-03-29 14:00;0,6077
2026-03-29 15:00;0,5137
2026-03-29 16:00;1,0000
2026-03-29 17:00;0,4841
2026-03-29 18:00;0,3147
2026-03-29 19:00;0,1963
2026-03-29 20:00;0,1040
2026-03-29 21:00;0,2983
2026-03-29 22:00;0,2263
2026-03-29 23:00;0,1031
2026-03-30 00:00;0,0588
2026-03-30 01:00;0,0837
2026-03-30 02:00;0,1113
2026-03-30 03:00;0,2315
2026-03-30 04:00;0,1886
2026-03-30 05:00;0,1202
2026-03-30 06:00;0,1591
2026-03-30 07:00;0,2331
2026-03-30 08:00;0,1100
2026-03-30 09:00;0,1358
2026-03-30 10:00;0,2236
2026-03-30 11:00;0,4262
2026-03-30 12:00;0,3402
2026-03-30 13:00;1,0000
2026-03-30 14:00;0,6353
2026-03-30 15:00;0,6670
2026-03-30 16:00;0,8693
2026-03-30 17:00;0,6911
2026-03-30 18:00;0,4400
2026-03-30 19:00;0,2684
2026-03-30 20:00;0,0981
2026-03-30 21:00;0,1070
2026-03-30 22:00;0,1085
2026-03-30 23:00;0,1201
2026-03-31 00:00;0,2654
2026-03-31 01:00;0,1425
2026-03-31 02:00;0,1041
2026-03-31 03:00;0,0722
2026-03-31 04:00;0,0754
2026-03-31 05:00;0,0686
2026-03-31 06:00;0,0629
2026-03-31 07:00;0,0685
2026-03-31 08:00;0,1532
2026-03-31 09:00;0,0701
2026-03-31 10:00;0,0888
2026-03-31 11:00;0,0989
2026-03-31 12:00;0,0659
2026-03-31 13:00;0,8880
2026-03-31 14:00;0,7832
2026-03-31 15:00;0,7825
2026-03-31 16:00;0,3024
2026-03-31 17:00;1,0000
2026-03-31 18:00;0,7799
2026-03-31 19:00;0,5961
2026-03-31 20:00;0,4069
2026-03-31 21:00;0,3373
2026-03-31 22:00;0,4129
2026-03-31 23:00;0,1292
2026-04-01 00:00;0,1298
2026-04-01 01:00;0,1008
2026-04-01 02:00;0,0809
2026-04-01 03:00;0,0751
2026-04-01 04:00;0,0927
2026-04-01 05:00;0,0984
2026-04-01 06:00;0,0662
2026-04-01 07:00;0,0616
2026-04-01 08:00;0,0546
2026-04-01 09:00;0,0060
2026-04-01 10:00;0,2727
2026-04-01 11:00;0,5080
2026-04-01 12:00;0,4890
2026-04-01 13:00;0,2945
2026-04-01 14:00;0,0756
2026-04-01 15:00;0,1731
2026-04-01 16:00;0,3030
2026-04-01 17:00;0,5541
2026-04-01 18:00;0,8130
2026-04-01 19:00;1,0000
2026-04-01 20:00;0,5198
2026-04-01 21:00;0,3878
2026-04-01 22:00;0,2042
2026-04-01 23:00;0,0130
2026-04-02 00:00;0,2100
2026-04-02 01:00;0,2105
2026-04-02 02:00;0,2715
2026-04-02 03:00;0,2483
2026-04-02 04:00;0,2189
2026-04-02 05:00;0,1857
2026-04-02 06:00;0,0870
2026-04-02 07:00;0,0550
2026-04-02 08:00;0,0193
2026-04-02 09:00;0,4052
2026-04-02 10:00;0,0170
2026-04-02 11:00;0,5595
2026-04-02 12:00;0,4662
2026-04-02 13:00;0,2820
2026-04-02 14:00;0,0438
2026-04-02 15:00;0,3826
2026-04-02 16:00;1,0000
2026-04-02 17:00;0,5899
2026-04-02 18:00;1,0000
2026-04-02 19:00;1,0000
2026-04-02 20:00;0,1890
2026-04-02 21:00;0,2066
2026-04-02 22:00;0,1468
2026-04-02 23:00;0,0901
2026-04-03 00:00;0,1364
2026-04-03 01:00;0,1403
2026-04-03 02:00;0,1318
2026-04-03 03:00;0,2029
2026-04-03 04:00;0,5156
2026-04-03 05:00;0,1992
2026-04-03 06:00;0,2130
2026-04-03 07:00;0,1954
2026-04-03 08:00;0,3078
2026-04-03 09:00;0,3620
2026-04-03 10:00;0,0156
2026-04-03 11:00;0,0360
2026-04-03 12:00;0,0547
2026-04-03 13:00;0,0207
2026-04-03 14:00;0,0674
2026-04-03 15:00;0,1406
2026-04-03 16:00;0,1518
2026-04-03 17:00;0,1375
2026-04-03 18:00;0,0943
2026-04-03 19:00;0,1063
2026-04-03 20:00;0,1482
2026-04-03 21:00;0,3032
2026-04-03 22:00;1,0000
2026-04-03 23:00;0,8163
2026-04-04 00:00;0,2179
2026-04-04 01:00;0,2206
2026-04-04 02:00;0,1864
2026-04-04 03:00;0,0939
2026-04-04 04:00;0,0580
2026-04-04 05:00;0,0287
2026-04-04 06:00;0,0675
2026-04-04 07:00;0,2211
2026-04-04 08:00;0,2323
2026-04-04 09:00;0,0600
2026-04-04 10:00;0,0249
2026-04-04 11:00;1,0000
2026-04-04 12:00;1,0000
2026-04-04 13:00;0,5710
2026-04-04 14:00;0,2503
2026-04-04 15:00;0,4886
2026-04-04 16:00;0,8110
2026-04-04 17:00;0,5684
2026-04-04 18:00;0,0338
2026-04-04 19:00;0,2551
2026-04-04 20:00;0,4821
2026-04-04 21:00;0,0737
2026-04-04 22:00;0,0495
2026-04-04 23:00;0,0306
2026-04-05 00:00;0,1805
2026-04-05 01:00;0,2428
2026-04-05 02:00;0,6724
2026-04-05 03:00;0,6847
2026-04-05 04:00;0,2371
2026-04-05 05:00;0,0467
2026-04-05 06:00;0,8661
2026-04-05 07:00;0,6228
2026-04-05 08:00;0,7085
2026-04-05 09:00;0,0580
2026-04-05 10:00;0,0546
2026-04-05 11:00;0,0595
2026-04-05 12:00;0,1094
2026-04-05 13:00;0,1365
2026-04-05 14:00;0,7718
2026-04-05 15:00;0,8456
2026-04-05 16:00;0,1756
2026-04-05 17:00;0,2442
2026-04-05 18:00;0,2068
2026-04-05 19:00;0,3023
2026-04-05 20:00;0,0560
2026-04-05 21:00;0,1846
2026-04-05 22:00;0,2994
2026-04-05 23:00;0,4644
2026-04-06 00:00;0,1534
2026-04-06 01:00;0,1768
2026-04-06 02:00;0,2186
2026-04-06 03:00;0,1553
2026-04-06 04:00;0,1241
2026-04-06 05:00;0,0925
2026-04-06 06:00;0,1030
2026-04-06 07:00;0,0851
2026-04-06 08:00;0,0635
2026-04-06 09:00;0,1398
2026-04-06 10:00;0,3919
2026-04-06 11:00;0,4097
2026-04-06 12:00;0,3592
2026-04-06 13:00;1,0000
2026-04-06 14:00;0,5083
2026-04-06 15:00;0,3735
2026-04-06 16:00;0,4067
2026-04-06 17:00;0,4515
2026-04-06 18:00;0,3574
2026-04-06 19:00;0,3330
2026-04-06 20:00;0,2991
2026-04-06 21:00;0,3704
2026-04-06 22:00;0,5427
2026-04-06 23:00;0,2992
2026-04-07 00:00;0,4403
2026-04-07 01:00;0,3986
2026-04-07 02:00;0,3831
2026-04-07 03:00;0,2721
2026-04-07 04:00;0,2937
2026-04-07 05:00;0,3285
2026-04-07 06:00;0,3076
2026-04-07 07:00;0,2091
2026-04-07 08:00;0,1078
2026-04-07 09:00;0,0210
2026-04-07 10:00;0,0324
2026-04-07 11:00;0,0404
2026-04-07 12:00;0,0236
2026-04-07 13:00;0,4075
2026-04-07 14:00;0,8014
2026-04-07 15:00;0,9388
2026-04-07 16:00;1,0000
2026-04-07 17:00;0,7645
2026-04-07 18:00;0,4603
2026-04-07 19:00;0,4492
2026-04-07 20:00;0,3846
2026-04-07 21:00;0,4017
2026-04-07 22:00;0,0227
2026-04-07 23:00;0,0253
2026-04-08 00:00;0,1238
2026-04-08 01:00;0,1394
2026-04-08 02:00;0,1745
2026-04-08 03:00;0,1193
2026-04-08 04:00;0,0908
2026-04-08 05:00;0,0871
2026-04-08 06:00;0,0958
2026-04-08 07:00;0,0723
2026-04-08 08:00;0,0535
2026-04-08 09:00;0,1358
2026-04-08 10:00;0,3078
2026-04-08 11:00;0,3670
2026-04-08 12:00;0,3164
2026-04-08 13:00;0,9045
2026-04-08 14:00;0,3444
2026-04-08 15:00;0,3001
2026-04-08 16:00;0,3670
2026-04-08 17:00;0,4013
2026-04-08 18:00;0,3186
2026-04-08 19:00;0,2571
2026-04-08 20:00;0,2216
2026-04-08 21:00;0,2894
2026-04-08 22:00;0,5378
2026-04-08 23:00;0,2539
2026-04-09 00:00;0,2126
2026-04-09 01:00;0,2282
2026-04-09 02:00;0,2359
2026-04-09 03:00;0,1176
2026-04-09 04:00;0,0684
2026-04-09 05:00;0,0333
2026-04-09 06:00;0,0675
2026-04-09 07:00;0,2346
2026-04-09 08:00;0,2808
2026-04-09 09:00;0,0672
2026-04-09 10:00;0,0310
2026-04-09 11:00;1,0000
2026-04-09 12:00;1,0000
2026-04-09 13:00;0,6502
2026-04-09 14:00;0,2642
2026-04-09 15:00;0,5083
2026-04-09 16:00;0,8047
2026-04-09 17:00;0,4811
2026-04-09 18:00;0,0285
2026-04-09 19:00;0,2040
2026-04-09 20:00;0,4438
2026-04-09 21:00;0,0659
2026-04-09 22:00;0,0443
2026-04-09 23:00;0,0294
2026-04-10 00:00;0,1621
2026-04-10 01:00;0,1490
2026-04-10 02:00;0,1605
2026-04-10 03:00;0,0842
2026-04-10 04:00;0,0977
2026-04-10 05:00;0,1047
2026-04-10 06:00;0,1010
2026-04-10 07:00;0,0771
2026-04-10 08:00;0,0681
2026-04-10 09:00;0,0636
2026-04-10 10:00;0,1764
2026-04-10 11:00;0,3267
2026-04-10 12:00;0,4018
2026-04-10 13:00;0,5016
2026-04-10 14:00;0,5355
2026-04-10 15:00;0,5979
2026-04-10 16:00;0,7579
2026-04-10 17:00;0,8138
2026-04-10 18:00;0,5164
2026-04-10 19:00;0,3104
2026-04-10 20:00;0,1571
2026-04-10 21:00;0,0707
2026-04-10 22:00;0,0630
2026-04-10 23:00;0,3548
2026-04-11 00:00;0,0456
2026-04-11 01:00;0,1159
2026-04-11 02:00;0,1747
2026-04-11 03:00;0,1848
2026-04-11 04:00;0,1971
2026-04-11 05:00;0,1858
2026-04-11 06:00;0,1984
2026-04-11 07:00;0,1425
2026-04-11 08:00;0,1015
2026-04-11 09:00;0,0359
2026-04-11 10:00;0,1728
2026-04-11 11:00;0,1010
2026-04-11 12:00;0,0304
2026-04-11 13:00;0,2124
2026-04-11 14:00;0,3928
2026-04-11 15:00;0,6972
2026-04-11 16:00;1,0000
2026-04-11 17:00;0,7194
2026-04-11 18:00;0,6286
2026-04-11 19:00;0,3610
2026-04-11 20:00;0,1039
2026-04-11 21:00;0,3966
2026-04-11 22:00;0,3225
2026-04-11 23:00;0,3411
2026-04-12 00:00;0,1272
2026-04-12 01:00;0,0292
2026-04-12 02:00;0,0000
2026-04-12 03:00;0,0000
2026-04-12 04:00;0,0000
2026-04-12 05:00;0,0000
2026-04-12 06:00;0,0000
2026-04-12 07:00;0,5507
2026-04-12 08:00;0,0000
2026-04-12 09:00;0,0000
2026-04-12 10:00;0,3404
2026-04-12 11:00;0,1287
2026-04-12 12:00;0,2405
2026-04-12 13:00;1,0000
2026-04-12 14:00;0,6189
2026-04-12 15:00;0,7469
2026-04-12 16:00;1,0000
2026-04-12 17:00;0,4309
2026-04-12 18:00;0,2264
2026-04-12 19:00;0,0085
2026-04-12 20:00;0,0000
2026-04-12 21:00;0,0000
2026-04-12 22:00;0,0577
2026-04-12 23:00;0,2058
2026-04-13 00:00;0,2363
2026-04-13 01:00;0,1464
2026-04-13 02:00;0,0857
2026-04-13 03:00;0,0843
2026-04-13 04:00;0,0577
2026-04-13 05:00;0,0928
2026-04-13 06:00;0,0826
2026-04-13 07:00;0,0221
2026-04-13 08:00;0,1079
2026-04-13 09:00;0,2149
2026-04-13 10:00;0,2524
2026-04-13 11:00;0,4675
2026-04-13 12:00;0,4501
2026-04-13 13:00;0,5004
2026-04-13 14:00;0,2181
2026-04-13 15:00;0,3493
2026-04-13 16:00;0,3095
2026-04-13 17:00;0,2339
2026-04-13 18:00;0,3059
2026-04-13 19:00;0,4042
2026-04-13 20:00;0,5441
2026-04-13 21:00;0,2817
2026-04-13 22:00;0,3105
2026-04-13 23:00;0,3978
2026-04-14 00:00;0,1375
2026-04-14 01:00;0,2131
2026-04-14 02:00;0,2611
2026-04-14 03:00;0,0981
2026-04-14 04:00;0,0970
2026-04-14 05:00;0,0981
2026-04-14 06:00;0,1637
2026-04-14 07:00;0,0266
2026-04-14 08:00;0,1591
2026-04-14 09:00;0,1150
2026-04-14 10:00;0,1507
2026-04-14 11:00;0,1781
2026-04-14 12:00;0,1995
2026-04-14 13:00;0,1004
2026-04-14 14:00;0,0264
2026-04-14 15:00;0,3639
2026-04-14 16:00;1,0000
2026-04-14 17:00;0,6709
2026-04-14 18:00;0,7134
2026-04-14 19:00;1,0000
2026-04-14 20:00;0,5410
2026-04-14 21:00;0,3834
2026-04-14 22:00;0,3259
2026-04-14 23:00;0,2827
2026-04-15 00:00;0,0834
2026-04-15 01:00;0,2127
2026-04-15 02:00;0,7028
2026-04-15 03:00;0,5503
2026-04-15 04:00;0,0590
2026-04-15 05:00;0,6364
2026-04-15 06:00;0,6809
2026-04-15 07:00;0,0610
2026-04-15 08:00;0,0663
2026-04-15 09:00;0,0666
2026-04-15 10:00;0,0289
2026-04-15 11:00;0,0576
2026-04-15 12:00;0,1140
2026-04-15 13:00;0,2079
2026-04-15 14:00;0,8058
2026-04-15 15:00;0,8167
2026-04-15 16:00;0,1169
2026-04-15 17:00;0,0948
2026-04-15 18:00;0,0683
2026-04-15 19:00;0,8374
2026-04-15 20:00;0,9750
2026-04-15 21:00;0,2064
2026-04-15 22:00;1,0000
2026-04-15 23:00;0,9116
2026-04-16 00:00;0,0659
2026-04-16 01:00;0,0965
2026-04-16 02:00;0,1840
2026-04-16 03:00;0,1034
2026-04-16 04:00;0,0270
2026-04-16 05:00;0,2064
2026-04-16 06:00;0,1498
2026-04-16 07:00;0,1106
2026-04-16 08:00;0,0580
2026-04-16 09:00;0,0725
2026-04-16 10:00;0,1039
2026-04-16 11:00;0,0572
2026-04-16 12:00;0,1929
2026-04-16 13:00;0,3942
2026-04-16 14:00;0,6306
2026-04-16 15:00;1,0000
2026-04-16 16:00;1,0000
2026-04-16 17:00;1,0000
2026-04-16 18:00;0,3778
2026-04-16 19:00;0,1999
2026-04-16 20:00;0,0266
2026-04-16 21:00;0,2056
2026-04-16 22:00;0,1538
2026-04-16 23:00;0,1106
2026-04-17 00:00;0,2585
2026-04-17 01:00;0,3256
2026-04-17 02:00;0,4702
2026-04-17 03:00;0,2831
2026-04-17 04:00;0,2450
2026-04-17 05:00;0,1914
2026-04-17 06:00;0,1457
2026-04-17 07:00;0,1508
2026-04-17 08:00;0,1634
2026-04-17 09:00;0,0979
2026-04-17 10:00;0,1601
2026-04-17 11:00;0,2317
2026-04-17 12:00;0,2443
2026-04-17 13:00;0,1466
2026-04-17 14:00;0,0334
2026-04-17 15:00;0,2347
2026-04-17 16:00;0,3454
2026-04-17 17:00;0,4388
2026-04-17 18:00;0,7588
2026-04-17 19:00;1,0000
2026-04-17 20:00;0,5941
2026-04-17 21:00;0,3137
2026-04-17 22:00;0,4058
2026-04-17 23:00;0,4459
2026-04-18 00:00;0,2493
2026-04-18 01:00;0,7084
2026-04-18 02:00;0,3621
2026-04-18 03:00;0,0895
2026-04-18 04:00;0,1739
2026-04-18 05:00;0,1588
2026-04-18 06:00;0,1884
2026-04-18 07:00;0,0994
2026-04-18 08:00;0,0214
2026-04-18 09:00;0,0209
2026-04-18 10:00;0,1290
2026-04-18 11:00;0,2662
2026-04-18 12:00;0,3107
2026-04-18 13:00;0,1669
2026-04-18 14:00;0,0557
2026-04-18 15:00;0,0602
2026-04-18 16:00;0,4347
2026-04-18 17:00;0,8555
2026-04-18 18:00;0,7960
2026-04-18 19:00;1,0000
2026-04-18 20:00;0,5045
2026-04-18 21:00;0,4457
2026-04-18 22:00;0,2633
2026-04-18 23:00;0,0275
2026-04-19 00:00;0,1062
2026-04-19 01:00;0,1941
2026-04-19 02:00;0,3059
2026-04-19 03:00;0,4169
2026-04-19 04:00;0,5500
2026-04-19 05:00;0,2605
2026-04-19 06:00;0,1127
2026-04-19 07:00;0,7348
2026-04-19 08:00;0,5591
2026-04-19 09:00;0,7176
2026-04-19 10:00;0,6826
2026-04-19 11:00;0,0737
2026-04-19 12:00;0,1289
2026-04-19 13:00;0,0730
2026-04-19 14:00;0,0302
2026-04-19 15:00;0,4565
2026-04-19 16:00;0,3929
2026-04-19 17:00;0,3754
2026-04-19 18:00;0,0278
2026-04-19 19:00;0,1341
2026-04-19 20:00;0,2339
2026-04-19 21:00;0,4887
2026-04-19 22:00;0,8172
2026-04-19 23:00;0,3818
2026-04-20 00:00;0,2043
2026-04-20 01:00;0,1429
2026-04-20 02:00;0,0936
2026-04-20 03:00;0,0875
2026-04-20 04:00;0,0476
2026-04-20 05:00;0,0827
2026-04-20 06:00;0,0770
2026-04-20 07:00;0,0242
2026-04-20 08:00;0,1189
2026-04-20 09:00;0,2091
2026-04-20 10:00;0,2173
2026-04-20 11:00;0,4333
2026-04-20 12:00;0,4297
2026-04-20 13:00;0,4294
2026-04-20 14:00;0,1985
2026-04-20 15:00;0,3058
2026-04-20 16:00;0,2455
2026-04-20 17:00;0,2482
2026-04-20 18:00;0,3310
2026-04-20 19:00;0,4077
2026-04-20 20:00;0,4999
2026-04-20 21:00;0,2454
2026-04-20 22:00;0,2920
2026-04-20 23:00;0,2914
2026-04-21 00:00;0,1077
2026-04-21 01:00;0,0254
2026-04-21 02:00;0,1052
2026-04-21 03:00;0,0986
2026-04-21 04:00;0,0533
2026-04-21 05:00;0,0927
2026-04-21 06:00;0,1500
2026-04-21 07:00;0,0263
2026-04-21 08:00;0,0376
2026-04-21 09:00;0,0463
2026-04-21 10:00;0,0344
2026-04-21 11:00;0,0257
2026-04-21 12:00;0,2023
2026-04-21 13:00;0,6859
2026-04-21 14:00;0,3944
2026-04-21 15:00;0,6555
2026-04-21 16:00;1,0000
2026-04-21 17:00;0,4906
2026-04-21 18:00;0,1573
2026-04-21 19:00;0,2032
2026-04-21 20:00;0,2463
2026-04-21 21:00;0,1156
2026-04-21 22:00;0,1018
2026-04-21 23:00;0,0869
2026-04-22 00:00;0,0590
2026-04-22 01:00;0,3983
2026-04-22 02:00;0,7037
2026-04-22 03:00;0,6715
2026-04-22 04:00;0,9167
2026-04-22 05:00;0,5799
2026-04-22 06:00;0,7881
2026-04-22 07:00;0,7372
2026-04-22 08:00;0,0292
2026-04-22 09:00;0,1453
2026-04-22 10:00;0,1836
2026-04-22 11:00;0,1984
2026-04-22 12:00;0,1003
2026-04-22 13:00;0,0643
2026-04-22 14:00;0,0291
2026-04-22 15:00;0,0313
2026-04-22 16:00;0,0436
2026-04-22 17:00;0,0585
2026-04-22 18:00;0,0910
2026-04-22 19:00;0,1896
2026-04-22 20:00;0,1045
2026-04-22 21:00;0,0301
2026-04-22 22:00;1,0000
2026-04-22 23:00;1,0000
2026-04-23 00:00;0,2054
2026-04-23 01:00;0,1946
2026-04-23 02:00;0,1299
2026-04-23 03:00;0,0762
2026-04-23 04:00;0,0754
2026-04-23 05:00;0,0596
2026-04-23 06:00;0,0647
2026-04-23 07:00;0,0404
2026-04-23 08:00;0,0287
2026-04-23 09:00;0,2654
2026-04-23 10:00;0,6319
2026-04-23 11:00;0,1502
2026-04-23 12:00;0,1504
2026-04-23 13:00;0,4405
2026-04-23 14:00;0,7575
2026-04-23 15:00;0,9857
2026-04-23 16:00;1,0000
2026-04-23 17:00;0,5980
2026-04-23 18:00;0,4357
2026-04-23 19:00;0,3566
2026-04-23 20:00;0,2247
2026-04-23 21:00;0,3044
2026-04-23 22:00;0,4355
2026-04-23 23:00;0,6284
2026-04-24 00:00;0,0273
2026-04-24 01:00;0,2978
2026-04-24 02:00;0,2918
2026-04-24 03:00;0,2520
2026-04-24 04:00;0,1385
2026-04-24 05:00;0,0283
2026-04-24 06:00;0,1600
2026-04-24 07:00;0,5524
2026-04-24 08:00;0,2381
2026-04-24 09:00;0,2573
2026-04-24 10:00;0,1455
2026-04-24 11:00;0,0496
2026-04-24 12:00;0,0262
2026-04-24 13:00;0,2550
2026-04-24 14:00;0,5476
2026-04-24 15:00;0,6884
2026-04-24 16:00;0,4469
2026-04-24 17:00;0,2704
2026-04-24 18:00;0,3253
2026-04-24 19:00;0,2187
2026-04-24 20:00;0,1193
2026-04-24 21:00;0,2106
2026-04-24 22:00;0,2271
2026-04-24 23:00;0,2059
2026-04-25 00:00;0,0882
2026-04-25 01:00;0,2507
2026-04-25 02:00;0,6515
2026-04-25 03:00;0,6281
2026-04-25 04:00;0,0553
2026-04-25 05:00;0,6432
2026-04-25 06:00;0,6468
2026-04-25 07:00;0,0530
2026-04-25 08:00;0,0561
2026-04-25 09:00;0,0623
2026-04-25 10:00;0,0304
2026-04-25 11:00;0,0624
2026-04-25 12:00;0,1519
2026-04-25 13:00;0,2342
2026-04-25 14:00;0,7592
2026-04-25 15:00;0,7592
2026-04-25 16:00;0,1076
2026-04-25 17:00;0,0934
2026-04-25 18:00;0,0646
2026-04-25 19:00;0,7611
2026-04-25 20:00;0,8474
2026-04-25 21:00;0,2095
2026-04-25 22:00;0,8626
2026-04-25 23:00;0,9693
2026-04-26 00:00;0,5118
2026-04-26 01:00;0,3832
2026-04-26 02:00;0,2437
2026-04-26 03:00;0,2294
2026-04-26 04:00;0,3003
2026-04-26 05:00;0,3849
2026-04-26 06:00;0,3409
2026-04-26 07:00;0,0874
2026-04-26 08:00;0,0590
2026-04-26 09:00;0,0302
2026-04-26 10:00;0,0859
2026-04-26 11:00;0,1303
2026-04-26 12:00;0,2195
2026-04-26 13:00;0,2218
2026-04-26 14:00;0,2003
2026-04-26 15:00;0,3671
2026-04-26 16:00;1,0000
2026-04-26 17:00;0,5785
2026-04-26 18:00;0,7134
2026-04-26 19:00;1,0000
2026-04-26 20:00;0,2550
2026-04-26 21:00;0,2014
2026-04-26 22:00;0,2713
2026-04-26 23:00;0,3727
2026-04-27 00:00;0,0262
2026-04-27 01:00;0,0434
2026-04-27 02:00;0,0622
2026-04-27 03:00;0,0615
2026-04-27 04:00;0,2125
2026-04-27 05:00;0,4210
2026-04-27 06:00;0,3991
2026-04-27 07:00;0,2381
2026-04-27 08:00;0,8739
2026-04-27 09:00;1,0000
2026-04-27 10:00;1,0000
2026-04-27 11:00;0,7289
2026-04-27 12:00;0,7810
2026-04-27 13:00;0,6224
2026-04-27 14:00;0,0247
2026-04-27 15:00;0,9072
2026-04-27 16:00;0,8309
2026-04-27 17:00;0,0248
2026-04-27 18:00;0,1848
2026-04-27 19:00;0,1230
2026-04-27 20:00;0,0495
2026-04-27 21:00;0,1266
2026-04-27 22:00;0,0807
2026-04-27 23:00;0,0452
2026-04-28 00:00;0,0293
2026-04-28 01:00;0,1126
2026-04-28 02:00;0,0334
2026-04-28 03:00;0,0351
2026-04-28 04:00;0,0431
2026-04-28 05:00;0,0850
2026-04-28 06:00;0,0529
2026-04-28 07:00;0,0527
2026-04-28 08:00;0,3612
2026-04-28 09:00;0,0632
2026-04-28 10:00;0,1275
2026-04-28 11:00;0,1820
2026-04-28 12:00;0,2799
2026-04-28 13:00;1,0000
2026-04-28 14:00;1,0000
2026-04-28 15:00;1,0000
2026-04-28 16:00;1,0000
2026-04-28 17:00;0,4316
2026-04-28 18:00;0,0932
2026-04-28 19:00;0,1739
2026-04-28 20:00;0,2595
2026-04-28 21:00;0,2789
2026-04-28 22:00;0,2618
2026-04-28 23:00;0,2817
2026-04-29 00:00;0,6635
2026-04-29 01:00;0,5250
2026-04-29 02:00;0,2732
2026-04-29 03:00;0,2209
2026-04-29 04:00;0,8506
2026-04-29 05:00;0,5780
2026-04-29 06:00;0,1423
2026-04-29 07:00;0,3885
2026-04-29 08:00;0,6502
2026-04-29 09:00;0,8088
2026-04-29 10:00;0,8191
2026-04-29 11:00;0,1874
2026-04-29 12:00;0,2379
2026-04-29 13:00;0,3622
2026-04-29 14:00;0,2482
2026-04-29 15:00;0,3141
2026-04-29 16:00;0,2995
2026-04-29 17:00;0,2839
2026-04-29 18:00;0,2847
2026-04-29 19:00;0,2371
2026-04-29 20:00;0,1971
2026-04-29 21:00;0,2041
2026-04-29 22:00;0,2482
2026-04-29 23:00;0,2536
2026-04-30 00:00;0,4529
2026-04-30 01:00;0,4611
2026-04-30 02:00;0,4666
2026-04-30 03:00;0,4825
2026-04-30 04:00;0,3593
2026-04-30 05:00;0,2573
2026-04-30 06:00;0,2606
2026-04-30 07:00;0,7225
2026-04-30 08:00;0,5589
2026-04-30 09:00;0,6109
2026-04-30 10:00;0,6836
2026-04-30 11:00;0,9978
2026-04-30 12:00;1,0000
2026-04-30 13:00;1,0000
2026-04-30 14:00;0,3447
2026-04-30 15:00;0,3474
2026-04-30 16:00;0,4744
2026-04-30 17:00;0,3090
2026-04-30 18:00;0,3127
2026-04-30 19:00;0,3232
2026-04-30 20:00;0,3239
2026-04-30 21:00;0,3290
2026-04-30 22:00;0,3331
2026-04-30 23:00;0,3375
2026-05-01 00:00;0,3453
2026-05-01 01:00;0,4000
2026-05-01 02:00;0,1053
2026-05-01 03:00;0,0000
2026-05-01 04:00;0,0000
2026-05-01 05:00;0,0000
2026-05-01 06:00;0,0000
2026-05-01 07:00;0,0805
2026-05-01 08:00;0,4313
2026-05-01 09:00;0,7492
2026-05-01 10:00;0,3541
2026-05-01 11:00;0,0849
2026-05-01 12:00;0,0000
2026-05-01 13:00;0,0000
2026-05-01 14:00;0,0000
2026-05-01 15:00;0,0000
2026-05-01 16:00;0,0000
2026-05-01 17:00;0,0000
2026-05-01 18:00;0,0000
2026-05-01 19:00;0,0000
2026-05-01 20:00;0,4621
2026-05-01 21:00;0,6463
2026-05-01 22:00;0,1239
2026-05-01 23:00;0,0623
2026-05-02 00:00;0,5641
2026-05-02 01:00;1,0000
2026-05-02 02:00;0,2100
2026-05-02 03:00;0,0560
2026-05-02 04:00;0,0701
2026-05-02 05:00;0,0833
2026-05-02 06:00;0,0000
2026-05-02 07:00;0,0000
2026-05-02 08:00;0,0000
2026-05-02 09:00;0,0000
2026-05-02 10:00;0,0000
2026-05-02 11:00;0,0802
2026-05-02 12:00;0,2223
2026-05-02 13:00;0,1891
2026-05-02 14:00;0,1433
2026-05-02 15:00;0,2401
2026-05-02 16:00;0,1535
2026-05-02 17:00;0,0897
2026-05-02 18:00;0,0815
2026-05-02 19:00;0,0406
2026-05-02 20:00;0,0000
2026-05-02 21:00;0,0000
2026-05-02 22:00;0,3142
2026-05-02 23:00;0,2334
2026-05-03 00:00;0,1689
2026-05-03 01:00;0,0612
2026-05-03 02:00;0,0000
2026-05-03 03:00;0,0000
2026-05-03 04:00;0,0000
2026-05-03 05:00;0,0170
2026-05-03 06:00;0,0332
2026-05-03 07:00;0,0248
2026-05-03 08:00;0,0365
2026-05-03 09:00;0,0829
2026-05-03 10:00;0,3228
2026-05-03 11:00;0,2083
2026-05-03 12:00;0,1546
2026-05-03 13:00;0,2670
2026-05-03 14:00;0,4863
2026-05-03 15:00;0,2003
2026-05-03 16:00;0,4721
2026-05-03 17:00;0,6669
2026-05-03 18:00;0,4593
2026-05-03 19:00;0,3587
2026-05-03 20:00;0,2072
2026-05-03 21:00;0,4594
2026-05-03 22:00;0,6308
2026-05-03 23:00;0,2795
2026-05-04 00:00;0,0026
2026-05-04 01:00;0,1159
2026-05-04 02:00;0,5992
2026-05-04 03:00;0,3349
2026-05-04 04:00;0,2916
2026-05-04 05:00;0,1922
2026-05-04 06:00;0,0327
2026-05-04 07:00;0,0681
2026-05-04 08:00;0,1001
2026-05-04 09:00;0,2013
2026-05-04 10:00;0,2022
2026-05-04 11:00;0,1942
2026-05-04 12:00;0,2572
2026-05-04 13:00;0,2010
2026-05-04 14:00;0,1236
2026-05-04 15:00;0,1240
2026-05-04 16:00;0,1806
2026-05-04 17:00;0,2183
2026-05-04 18:00;0,1338
2026-05-04 19:00;0,3353
2026-05-04 20:00;0,5639
2026-05-04 21:00;0,3381
2026-05-04 22:00;0,5722
2026-05-04 23:00;0,1569
2026-05-05 00:00;0,1171
2026-05-05 01:00;0,0968
2026-05-05 02:00;0,0967
2026-05-05 03:00;0,0646
2026-05-05 04:00;0,0824
2026-05-05 05:00;0,1286
2026-05-05 06:00;0,1025
2026-05-05 07:00;0,0222
2026-05-05 08:00;0,0566
2026-05-05 09:00;0,1575
2026-05-05 10:00;0,6311
2026-05-05 11:00;0,5418
2026-05-05 12:00;0,4514
2026-05-05 13:00;0,5207
2026-05-05 14:00;0,5527
2026-05-05 15:00;0,6153
2026-05-05 16:00;0,5171
2026-05-05 17:00;0,3927
2026-05-05 18:00;0,2063
2026-05-05 19:00;0,1172
2026-05-05 20:00;0,0472
2026-05-05 21:00;0,0487
2026-05-05 22:00;0,0747
2026-05-05 23:00;0,0969
2026-05-06 00:00;0,4992
2026-05-06 01:00;0,0268
2026-05-06 02:00;0,0266
2026-05-06 03:00;0,3835
2026-05-06 04:00;0,0246
2026-05-06 05:00;0,0269
2026-05-06 06:00;0,0641
2026-05-06 07:00;0,1584
2026-05-06 08:00;0,7409
2026-05-06 09:00;0,7496
2026-05-06 10:00;0,1020
2026-05-06 11:00;0,0741
2026-05-06 12:00;0,0541
2026-05-06 13:00;0,3142
2026-05-06 14:00;0,5656
2026-05-06 15:00;0,4432
2026-05-06 16:00;1,0000
2026-05-06 17:00;0,6406
2026-05-06 18:00;0,4161
2026-05-06 19:00;0,2454
2026-05-06 20:00;0,1086
2026-05-06 21:00;0,2916
2026-05-06 22:00;0,3139
2026-05-06 23:00;0,1737
2026-05-07 00:00;0,0618
2026-05-07 01:00;0,0954
2026-05-07 02:00;0,1039
2026-05-07 03:00;0,0619
2026-05-07 04:00;0,0263
2026-05-07 05:00;0,0863
2026-05-07 06:00;0,1728
2026-05-07 07:00;0,0878
2026-05-07 08:00;0,0880
2026-05-07 09:00;0,1450
2026-05-07 10:00;0,0231
2026-05-07 11:00;0,1571
2026-05-07 12:00;0,3338
2026-05-07 13:00;0,7403
2026-05-07 14:00;0,4381
2026-05-07 15:00;0,3280
2026-05-07 16:00;0,2891
2026-05-07 17:00;0,2956
2026-05-07 18:00;0,2351
2026-05-07 19:00;0,1467
2026-05-07 20:00;0,0293
2026-05-07 21:00;0,3890
2026-05-07 22:00;0,5463
2026-05-07 23:00;0,0323
2026-05-08 00:00;0,1370
2026-05-08 01:00;0,1773
2026-05-08 02:00;0,1966
2026-05-08 03:00;0,2246
2026-05-08 04:00;0,1509
2026-05-08 05:00;0,2762
2026-05-08 06:00;0,3108
2026-05-08 07:00;0,2434
2026-05-08 08:00;0,1492
2026-05-08 09:00;0,2264
2026-05-08 10:00;0,2369
2026-05-08 11:00;0,2098
2026-05-08 12:00;0,0885
2026-05-08 13:00;0,3569
2026-05-08 14:00;0,6749
2026-05-08 15:00;0,1707
2026-05-08 16:00;0,4293
2026-05-08 17:00;0,7432
2026-05-08 18:00;0,2821
2026-05-08 19:00;0,2529
2026-05-08 20:00;0,2083
2026-05-08 21:00;0,2182
2026-05-08 22:00;0,3173
2026-05-08 23:00;0,1066
2026-05-09 00:00;0,6521
2026-05-09 01:00;0,8105
2026-05-09 02:00;0,0818
2026-05-09 03:00;0,0203
2026-05-09 04:00;0,0239
2026-05-09 05:00;0,0919
2026-05-09 06:00;0,1257
2026-05-09 07:00;0,0745
2026-05-09 08:00;0,0234
2026-05-09 09:00;0,2456
2026-05-09 10:00;0,0200
2026-05-09 11:00;0,2014
2026-05-09 12:00;0,2940
2026-05-09 13:00;0,5033
2026-05-09 14:00;0,0565
2026-05-09 15:00;0,0286
2026-05-09 16:00;0,8293
2026-05-09 17:00;0,0309
2026-05-09 18:00;0,0289
2026-05-09 19:00;0,2201
2026-05-09 20:00;0,3878
2026-05-09 21:00;0,4088
2026-05-09 22:00;0,4778
2026-05-09 23:00;0,5118
2026-05-10 00:00;0,4783
2026-05-10 01:00;0,1434
2026-05-10 02:00;0,1031
2026-05-10 03:00;0,0611
2026-05-10 04:00;0,3052
2026-05-10 05:00;0,5519
2026-05-10 06:00;0,5763
2026-05-10 07:00;0,0650
2026-05-10 08:00;0,0706
2026-05-10 09:00;0,0679
2026-05-10 10:00;0,1338
2026-05-10 11:00;0,1989
2026-05-10 12:00;0,0562
2026-05-10 13:00;0,0894
2026-05-10 14:00;0,1886
2026-05-10 15:00;1,0000
2026-05-10 16:00;1,0000
2026-05-10 17:00;0,0560
2026-05-10 18:00;0,2614
2026-05-10 19:00;0,4597
2026-05-10 20:00;0,1944
2026-05-10 21:00;0,1035
2026-05-10 22:00;0,0249
2026-05-10 23:00;1,0000
2026-05-11 00:00;0,0624
2026-05-11 01:00;0,0937
2026-05-11 02:00;0,1519
2026-05-11 03:00;0,0309
2026-05-11 04:00;0,0828
2026-05-11 05:00;0,1284
2026-05-11 06:00;0,0577
2026-05-11 07:00;0,0555
2026-05-11 08:00;0,0639
2026-05-11 09:00;0,1791
2026-05-11 10:00;0,1146
2026-05-11 11:00;0,3743
2026-05-11 12:00;0,3896
2026-05-11 13:00;0,4358
2026-05-11 14:00;0,4748
2026-05-11 15:00;1,0000
2026-05-11 16:00;1,0000
2026-05-11 17:00;0,5332
2026-05-11 18:00;0,0998
2026-05-11 19:00;0,0614
2026-05-11 20:00;0,0290
2026-05-11 21:00;0,1488
2026-05-11 22:00;0,1557
2026-05-11 23:00;0,1916
2026-05-12 00:00;0,2930
2026-05-12 01:00;0,1343
2026-05-12 02:00;0,1953
2026-05-12 03:00;0,0975
2026-05-12 04:00;0,0518
2026-05-12 05:00;0,0744
2026-05-12 06:00;0,1174
2026-05-12 07:00;0,0452
2026-05-12 08:00;0,1141
2026-05-12 09:00;0,1604
2026-05-12 10:00;0,2316
2026-05-12 11:00;0,2423
2026-05-12 12:00;0,0361
2026-05-12 13:00;0,1573
2026-05-12 14:00;0,2706
2026-05-12 15:00;0,3312
2026-05-12 16:00;0,4270
2026-05-12 17:00;0,5068
2026-05-12 18:00;0,5705
2026-05-12 19:00;0,4559
2026-05-12 20:00;0,3766
2026-05-12 21:00;0,4504
2026-05-12 22:00;0,3535
2026-05-12 23:00;0,2468
2026-05-13 00:00;0,7468
2026-05-13 01:00;0,6995
2026-05-13 02:00;0,3372
2026-05-13 03:00;0,0545
2026-05-13 04:00;0,0632
2026-05-13 05:00;0,0270
2026-05-13 06:00;0,0534
2026-05-13 07:00;0,3724
2026-05-13 08:00;0,7073
2026-05-13 09:00;1,0000
2026-05-13 10:00;0,6358
2026-05-13 11:00;0,4347
2026-05-13 12:00;0,2444
2026-05-13 13:00;0,1648
2026-05-13 14:00;0,2220
2026-05-13 15:00;0,1521
2026-05-13 16:00;0,0974
2026-05-13 17:00;0,0585
2026-05-13 18:00;0,1145
2026-05-13 19:00;0,1399
2026-05-13 20:00;0,7713
2026-05-13 21:00;0,9048
2026-05-13 22:00;0,2990
2026-05-13 23:00;0,2061
2026-05-14 00:00;0,0063
2026-05-14 01:00;0,0799
2026-05-14 02:00;0,1527
2026-05-14 03:00;0,1342
2026-05-14 04:00;0,0320
2026-05-14 05:00;0,0765
2026-05-14 06:00;0,0017
2026-05-14 07:00;0,0306
2026-05-14 08:00;0,1773
2026-05-14 09:00;0,3009
2026-05-14 10:00;0,8711
2026-05-14 11:00;0,5548
2026-05-14 12:00;0,7474
2026-05-14 13:00;0,6216
2026-05-14 14:00;0,1376
2026-05-14 15:00;0,2515
2026-05-14 16:00;0,1823
2026-05-14 17:00;0,1151
2026-05-14 18:00;0,0653
2026-05-14 19:00;0,0804
2026-05-14 20:00;0,0968
2026-05-14 21:00;0,2926
2026-05-14 22:00;0,3314
2026-05-14 23:00;0,3337
2026-05-15 00:00;0,7284
2026-05-15 01:00;0,8156
2026-05-15 02:00;0,3887
2026-05-15 03:00;0,0596
2026-05-15 04:00;0,0545
2026-05-15 05:00;0,0232
2026-05-15 06:00;0,0475
2026-05-15 07:00;0,3582
2026-05-15 08:00;0,5429
2026-05-15 09:00;0,8433
2026-05-15 10:00;0,5992
2026-05-15 11:00;0,3215
2026-05-15 12:00;0,1696
2026-05-15 13:00;0,1328
2026-05-15 14:00;0,1834
2026-05-15 15:00;0,1321
2026-05-15 16:00;0,0936
2026-05-15 17:00;0,0610
2026-05-15 18:00;0,1157
2026-05-15 19:00;0,1631
2026-05-15 20:00;0,7294
2026-05-15 21:00;0,9038
2026-05-15 22:00;0,2567
2026-05-15 23:00;0,1949
2026-05-16 00:00;0,1306
2026-05-16 01:00;0,1241
2026-05-16 02:00;0,1093
2026-05-16 03:00;0,2205
2026-05-16 04:00;0,2340
2026-05-16 05:00;0,2462
2026-05-16 06:00;0,1658
2026-05-16 07:00;0,2173
2026-05-16 08:00;0,2573
2026-05-16 09:00;0,4949
2026-05-16 10:00;0,5753
2026-05-16 11:00;0,1015
2026-05-16 12:00;0,2298
2026-05-16 13:00;0,3722
2026-05-16 14:00;0,4657
2026-05-16 15:00;0,3297
2026-05-16 16:00;0,3571
2026-05-16 17:00;0,3179
2026-05-16 18:00;0,1171
2026-05-16 19:00;0,3229
2026-05-16 20:00;0,6308
2026-05-16 21:00;0,3285
2026-05-16 22:00;0,2420
2026-05-16 23:00;0,1026
2026-05-17 00:00;0,7095
2026-05-17 01:00;0,9219
2026-05-17 02:00;0,3969
2026-05-17 03:00;0,0588
2026-05-17 04:00;0,6402
2026-05-17 05:00;0,4660
2026-05-17 06:00;0,7819
2026-05-17 07:00;0,0295
2026-05-17 08:00;0,0552
2026-05-17 09:00;0,7003
2026-05-17 10:00;0,5121
2026-05-17 11:00;0,0513
2026-05-17 12:00;0,0454
2026-05-17 13:00;0,0485
2026-05-17 14:00;0,0525
2026-05-17 15:00;0,0557
2026-05-17 16:00;0,4201
2026-05-17 17:00;0,4184
2026-05-17 18:00;0,2013
2026-05-17 19:00;0,1333
2026-05-17 20:00;0,0603
2026-05-17 21:00;0,2265
2026-05-17 22:00;0,3699
2026-05-17 23:00;0,8094
2026-05-18 00:00;0,5530
2026-05-18 01:00;0,5080
2026-05-18 02:00;0,3379
2026-05-18 03:00;0,2636
2026-05-18 04:00;0,3362
2026-05-18 05:00;0,4271
2026-05-18 06:00;0,0515
2026-05-18 07:00;0,1182
2026-05-18 08:00;0,1818
2026-05-18 09:00;0,2868
2026-05-18 10:00;0,2014
2026-05-18 11:00;0,1592
2026-05-18 12:00;0,3762
2026-05-18 13:00;0,1764
2026-05-18 14:00;0,0304
2026-05-18 15:00;0,0325
2026-05-18 16:00;0,3959
2026-05-18 17:00;0,6560
2026-05-18 18:00;0,2180
2026-05-18 19:00;0,1513
2026-05-18 20:00;0,1050
2026-05-18 21:00;0,2266
2026-05-18 22:00;0,2063
2026-05-18 23:00;0,1499
2026-05-19 00:00;0,0262
2026-05-19 01:00;1,0000
2026-05-19 02:00;0,0276
2026-05-19 03:00;0,0279
2026-05-19 04:00;0,0772
2026-05-19 05:00;0,1491
2026-05-19 06:00;0,0966
2026-05-19 07:00;0,1867
2026-05-19 08:00;0,0604
2026-05-19 09:00;0,1997
2026-05-19 10:00;0,5708
2026-05-19 11:00;0,2987
2026-05-19 12:00;0,0493
2026-05-19 13:00;0,1958
2026-05-19 14:00;0,3318
2026-05-19 15:00;0,2602
2026-05-19 16:00;0,1329
2026-05-19 17:00;0,0203
2026-05-19 18:00;0,0712
2026-05-19 19:00;0,1250
2026-05-19 20:00;0,2075
2026-05-19 21:00;0,2607
2026-05-19 22:00;0,1500
2026-05-19 23:00;0,0207
2026-05-20 00:00;0,1775
2026-05-20 01:00;0,2182
2026-05-20 02:00;0,2778
2026-05-20 03:00;0,0271
2026-05-20 04:00;0,1730
2026-05-20 05:00;0,2850
2026-05-20 06:00;0,1684
2026-05-20 07:00;0,1481
2026-05-20 08:00;0,0898
2026-05-20 09:00;0,0234
2026-05-20 10:00;1,0000
2026-05-20 11:00;0,0240
2026-05-20 12:00;0,1472
2026-05-20 13:00;0,2817
2026-05-20 14:00;0,3508
2026-05-20 15:00;1,0000
2026-05-20 16:00;1,0000
2026-05-20 17:00;0,2105
2026-05-20 18:00;0,1943
2026-05-20 19:00;0,1149
2026-05-20 20:00;0,0298
2026-05-20 21:00;0,0602
2026-05-20 22:00;0,1375
2026-05-20 23:00;0,2187
2026-05-21 00:00;0,4224
2026-05-21 01:00;0,0291
2026-05-21 02:00;0,0317
2026-05-21 03:00;0,4304
2026-05-21 04:00;0,0286
2026-05-21 05:00;0,0284
2026-05-21 06:00;0,0584
2026-05-21 07:00;0,1529
2026-05-21 08:00;0,6424
2026-05-21 09:00;0,7639
2026-05-21 10:00;0,1131
2026-05-21 11:00;0,0828
2026-05-21 12:00;0,0565
2026-05-21 13:00;0,2979
2026-05-21 14:00;0,6146
2026-05-21 15:00;0,5218
2026-05-21 16:00;1,0000
2026-05-21 17:00;0,6598
2026-05-21 18:00;0,4206
2026-05-21 19:00;0,2775
2026-05-21 20:00;0,1106
2026-05-21 21:00;0,2840
2026-05-21 22:00;0,2958
2026-05-21 23:00;0,1647
2026-05-22 00:00;0,1848
2026-05-22 01:00;0,2716
2026-05-22 02:00;0,1650
2026-05-22 03:00;0,0556
2026-05-22 04:00;0,1108
2026-05-22 05:00;0,1634
2026-05-22 06:00;0,0489
2026-05-22 07:00;0,0452
2026-05-22 08:00;0,0562
2026-05-22 09:00;0,0576
2026-05-22 10:00;0,1288
2026-05-22 11:00;0,0847
2026-05-22 12:00;0,0465
2026-05-22 13:00;0,0443
2026-05-22 14:00;0,0465
2026-05-22 15:00;0,0480
2026-05-22 16:00;0,1216
2026-05-22 17:00;0,1988
2026-05-22 18:00;0,9417
2026-05-22 19:00;0,6455
2026-05-22 20:00;0,4661
2026-05-22 21:00;0,7819
2026-05-22 22:00;0,8237
2026-05-22 23:00;1,0000
2026-05-23 00:00;0,4460
2026-05-23 01:00;0,1260
2026-05-23 02:00;0,3745
2026-05-23 03:00;0,2636
2026-05-23 04:00;0,1230
2026-05-23 05:00;0,2233
2026-05-23 06:00;0,1515
2026-05-23 07:00;0,1324
2026-05-23 08:00;0,1654
2026-05-23 09:00;0,1428
2026-05-23 10:00;0,1608
2026-05-23 11:00;0,1481
2026-05-23 12:00;0,0922
2026-05-23 13:00;0,0549
2026-05-23 14:00;0,0268
2026-05-23 15:00;1,0000
2026-05-23 16:00;1,0000
2026-05-23 17:00;0,0508
2026-05-23 18:00;0,0817
2026-05-23 19:00;0,0880
2026-05-23 20:00;0,0476
2026-05-23 21:00;0,1138
2026-05-23 22:00;0,1118
2026-05-23 23:00;0,1164
2026-05-24 00:00;0,0526
2026-05-24 01:00;0,1376
2026-05-24 02:00;0,2039
2026-05-24 03:00;0,2028
2026-05-24 04:00;0,1685
2026-05-24 05:00;0,1075
2026-05-24 06:00;0,1164
2026-05-24 07:00;1,0000
2026-05-24 08:00;0,8189
2026-05-24 09:00;0,1458
2026-05-24 10:00;0,3579
2026-05-24 11:00;0,1914
2026-05-24 12:00;0,2897
2026-05-24 13:00;0,3059
2026-05-24 14:00;0,2968
2026-05-24 15:00;0,2112
2026-05-24 16:00;0,4434
2026-05-24 17:00;0,6060
2026-05-24 18:00;0,4078
2026-05-24 19:00;0,2216
2026-05-24 20:00;0,0475
2026-05-24 21:00;0,1224
2026-05-24 22:00;0,7667
2026-05-24 23:00;0,5350
2026-05-25 00:00;0,9316
2026-05-25 01:00;1,0000
2026-05-25 02:00;0,3110
2026-05-25 03:00;0,1712
2026-05-25 04:00;0,1612
2026-05-25 05:00;0,1950
2026-05-25 06:00;0,1361
2026-05-25 07:00;0,0860
2026-05-25 08:00;0,0252
2026-05-25 09:00;0,0259
2026-05-25 10:00;0,1575
2026-05-25 11:00;0,2789
2026-05-25 12:00;0,3706
2026-05-25 13:00;0,3190
2026-05-25 14:00;0,2492
2026-05-25 15:00;0,2956
2026-05-25 16:00;0,2308
2026-05-25 17:00;0,1923
2026-05-25 18:00;0,2162
2026-05-25 19:00;0,1463
2026-05-25 20:00;0,0917
2026-05-25 21:00;0,0554
2026-05-25 22:00;0,4485
2026-05-25 23:00;0,2791
2026-05-26 00:00;0,0285
2026-05-26 01:00;0,0427
2026-05-26 02:00;0,0656
2026-05-26 03:00;0,0645
2026-05-26 04:00;0,0560
2026-05-26 05:00;0,0572
2026-05-26 06:00;0,0530
2026-05-26 07:00;0,0624
2026-05-26 08:00;0,0646
2026-05-26 09:00;0,1956
2026-05-26 10:00;0,5824
2026-05-26 11:00;0,3029
2026-05-26 12:00;0,5443
2026-05-26 13:00;0,3441
2026-05-26 14:00;0,5328
2026-05-26 15:00;0,3746
2026-05-26 16:00;0,2550
2026-05-26 17:00;0,8742
2026-05-26 18:00;0,5234
2026-05-26 19:00;0,6200
2026-05-26 20:00;0,0262
2026-05-26 21:00;0,1608
2026-05-26 22:00;0,2314
2026-05-26 23:00;0,1769
2026-05-27 00:00;0,9363
2026-05-27 01:00;1,0000
2026-05-27 02:00;0,3997
2026-05-27 03:00;0,2007
2026-05-27 04:00;0,2038
2026-05-27 05:00;0,2045
2026-05-27 06:00;0,1332
2026-05-27 07:00;0,0812
2026-05-27 08:00;0,0229
2026-05-27 09:00;0,0237
2026-05-27 10:00;0,1123
2026-05-27 11:00;0,2132
2026-05-27 12:00;0,3743
2026-05-27 13:00;0,3318
2026-05-27 14:00;0,2949
2026-05-27 15:00;0,3173
2026-05-27 16:00;0,2414
2026-05-27 17:00;0,1577
2026-05-27 18:00;0,1722
2026-05-27 19:00;0,1289
2026-05-27 20:00;0,0804
2026-05-27 21:00;0,0551
2026-05-27 22:00;0,4443
2026-05-27 23:00;0,3612
2026-05-28 00:00;0,2360
2026-05-28 01:00;0,2610
2026-05-28 02:00;0,2994
2026-05-28 03:00;0,3534
2026-05-28 04:00;0,0603
2026-05-28 05:00;0,3898
2026-05-28 06:00;0,3750
2026-05-28 07:00;0,1231
2026-05-28 08:00;0,0831
2026-05-28 09:00;0,0262
2026-05-28 10:00;0,0604
2026-05-28 11:00;0,4546
2026-05-28 12:00;0,6236
2026-05-28 13:00;0,7645
2026-05-28 14:00;0,8094
2026-05-28 15:00;0,8088
2026-05-28 16:00;0,3355
2026-05-28 17:00;0,5031
2026-05-28 18:00;0,1352
2026-05-28 19:00;0,1849
2026-05-28 20:00;0,2256
2026-05-28 21:00;0,1836
2026-05-28 22:00;0,0284
2026-05-28 23:00;0,0599
2026-05-29 00:00;0,1002
2026-05-29 01:00;0,0969
2026-05-29 02:00;0,0984
2026-05-29 03:00;0,0847
2026-05-29 04:00;0,0532
2026-05-29 05:00;0,3292
2026-05-29 06:00;0,1776
2026-05-29 07:00;0,0970
2026-05-29 08:00;0,2688
2026-05-29 09:00;0,3053
2026-05-29 10:00;0,3535
2026-05-29 11:00;0,3761
2026-05-29 12:00;0,3964
2026-05-29 13:00;1,0000
2026-05-29 14:00;0,6433
2026-05-29 15:00;0,6067
2026-05-29 16:00;0,4507
2026-05-29 17:00;0,2813
2026-05-29 18:00;0,1816
2026-05-29 19:00;0,1381
2026-05-29 20:00;0,1240
2026-05-29 21:00;0,0136
2026-05-29 22:00;0,1350
2026-05-29 23:00;0,2933
2026-05-30 00:00;0,0764
2026-05-30 01:00;0,2765
2026-05-30 02:00;0,2359
2026-05-30 03:00;0,3004
2026-05-30 04:00;0,5436
2026-05-30 05:00;0,0700
2026-05-30 06:00;0,0705
2026-05-30 07:00;0,0350
2026-05-30 08:00;0,0263
2026-05-30 09:00;0,0081
2026-05-30 10:00;0,1812
2026-05-30 11:00;0,1163
2026-05-30 12:00;0,0388
2026-05-30 13:00;0,2542
2026-05-30 14:00;0,4672
2026-05-30 15:00;0,8110
2026-05-30 16:00;0,5540
2026-05-30 17:00;0,2464
2026-05-30 18:00;0,7424
2026-05-30 19:00;1,0000
2026-05-30 20:00;0,4030
2026-05-30 21:00;0,4546
2026-05-30 22:00;0,5604
2026-05-30 23:00;0,3074
2026-05-31 00:00;0,1185
2026-05-31 01:00;0,1185
2026-05-31 02:00;0,1035
2026-05-31 03:00;0,0569
2026-05-31 04:00;0,1090
2026-05-31 05:00;0,1403
2026-05-31 06:00;0,0988
2026-05-31 07:00;0,0206
2026-05-31 08:00;0,0503
2026-05-31 09:00;0,0186
2026-05-31 10:00;0,1308
2026-05-31 11:00;0,2650
2026-05-31 12:00;0,0498
2026-05-31 13:00;0,0982
2026-05-31 14:00;0,1504
2026-05-31 15:00;0,8315
2026-05-31 16:00;0,9392
2026-05-31 17:00;0,6226
2026-05-31 18:00;0,6840
2026-05-31 19:00;0,3735
2026-05-31 20:00;0,0524
2026-05-31 21:00;0,0358
2026-05-31 22:00;0,0155
2026-05-31 23:00;0,0616
2026-06-01 00:00;0,0608
2026-06-01 01:00;0,0627
2026-06-01 02:00;0,0594
2026-06-01 03:00;0,1303
2026-06-01 04:00;0,0884
2026-06-01 05:00;0,1225
2026-06-01 06:00;0,0559
2026-06-01 07:00;0,0664
2026-06-01 08:00;0,0792
2026-06-01 09:00;0,2287
2026-06-01 10:00;0,1713
2026-06-01 11:00;0,1090
2026-06-01 12:00;0,0476
2026-06-01 13:00;0,1334
2026-06-01 14:00;0,2125
2026-06-01 15:00;0,8164
2026-06-01 16:00;1,0000
2026-06-01 17:00;0,1437
2026-06-01 18:00;0,8503
2026-06-01 19:00;0,4432
2026-06-01 20:00;0,0451
2026-06-01 21:00;0,1016
2026-06-01 22:00;0,0715
2026-06-01 23:00;0,0412
2026-06-02 00:00;0,1803
2026-06-02 01:00;0,2134
2026-06-02 02:00;0,2222
2026-06-02 03:00;0,1184
2026-06-02 04:00;0,3242
2026-06-02 05:00;0,2511
2026-06-02 06:00;0,0751
2026-06-02 07:00;0,1722
2026-06-02 08:00;0,5614
2026-06-02 09:00;0,3892
2026-06-02 10:00;0,2382
2026-06-02 11:00;0,2552
2026-06-02 12:00;0,2465
2026-06-02 13:00;0,3873
2026-06-02 14:00;0,4627
2026-06-02 15:00;0,1142
2026-06-02 16:00;0,1588
2026-06-02 17:00;0,2374
2026-06-02 18:00;0,2149
2026-06-02 19:00;0,2009
2026-06-02 20:00;0,2456
2026-06-02 21:00;0,1411
2026-06-02 22:00;0,1904
2026-06-02 23:00;0,2662
2026-06-03 00:00;0,2114
2026-06-03 01:00;0,2379
2026-06-03 02:00;0,1762
2026-06-03 03:00;0,2421
2026-06-03 04:00;0,2071
2026-06-03 05:00;0,2055
2026-06-03 06:00;0,2273
2026-06-03 07:00;0,0338
2026-06-03 08:00;0,0707
2026-06-03 09:00;0,1124
2026-06-03 10:00;0,0773
2026-06-03 11:00;0,0576
2026-06-03 12:00;0,1297
2026-06-03 13:00;0,2985
2026-06-03 14:00;0,5173
2026-06-03 15:00;0,3540
2026-06-03 16:00;0,3796
2026-06-03 17:00;0,4112
2026-06-03 18:00;0,4020
2026-06-03 19:00;0,5440
2026-06-03 20:00;0,0294
2026-06-03 21:00;0,0318
2026-06-03 22:00;0,2055
2026-06-03 23:00;0,2641
2026-06-04 00:00;0,3183
2026-06-04 01:00;0,4529
2026-06-04 02:00;0,0506
2026-06-04 03:00;0,1159
2026-06-04 04:00;0,1994
2026-06-04 05:00;0,0716
2026-06-04 06:00;0,0392
2026-06-04 07:00;0,0166
2026-06-04 08:00;0,0187
2026-06-04 09:00;0,0467
2026-06-04 10:00;0,0728
2026-06-04 11:00;0,1095
2026-06-04 12:00;0,1467
2026-06-04 13:00;0,4625
2026-06-04 14:00;0,6922
2026-06-04 15:00;0,5970
2026-06-04 16:00;0,0295
2026-06-04 17:00;0,5979
2026-06-04 18:00;0,5655
2026-06-04 19:00;0,3384
2026-06-04 20:00;0,0571
2026-06-04 21:00;0,0287
2026-06-04 22:00;0,0247
2026-06-04 23:00;0,1926
2026-06-05 00:00;0,0243
2026-06-05 01:00;0,0624
2026-06-05 02:00;0,0942
2026-06-05 03:00;0,0240
2026-06-05 04:00;0,0827
2026-06-05 05:00;0,1370
2026-06-05 06:00;0,1137
2026-06-05 07:00;0,0985
2026-06-05 08:00;0,0586
2026-06-05 09:00;0,0473
2026-06-05 10:00;0,8836
2026-06-05 11:00;0,5355
2026-06-05 12:00;0,7196
2026-06-05 13:00;1,0000
2026-06-05 14:00;0,7319
2026-06-05 15:00;0,7766
2026-06-05 16:00;0,8186
2026-06-05 17:00;0,0629
2026-06-05 18:00;0,0302
2026-06-05 19:00;0,1835
2026-06-05 20:00;0,3412
2026-06-05 21:00;0,1700
2026-06-05 22:00;0,1760
2026-06-05 23:00;0,1835
2026-06-06 00:00;0,1301
2026-06-06 01:00;0,1690
2026-06-06 02:00;0,1772
2026-06-06 03:00;0,1450
2026-06-06 04:00;0,0741
2026-06-06 05:00;0,0245
2026-06-06 06:00;0,3265
2026-06-06 07:00;0,9065
2026-06-06 08:00;0,6303
2026-06-06 09:00;0,4854
2026-06-06 10:00;1,0000
2026-06-06 11:00;0,3832
2026-06-06 12:00;0,3387
2026-06-06 13:00;0,3802
2026-06-06 14:00;0,5019
2026-06-06 15:00;0,2354
2026-06-06 16:00;0,0960
2026-06-06 17:00;0,1556
2026-06-06 18:00;0,1691
2026-06-06 19:00;0,2211
2026-06-06 20:00;0,5651
2026-06-06 21:00;0,8446
2026-06-06 22:00;0,0247
2026-06-06 23:00;0,4534
2026-06-07 00:00;0,0555
2026-06-07 01:00;0,0969
2026-06-07 02:00;0,3307
2026-06-07 03:00;0,1769
2026-06-07 04:00;0,1505
2026-06-07 05:00;0,0941
2026-06-07 06:00;0,1848
2026-06-07 07:00;0,3515
2026-06-07 08:00;0,0528
2026-06-07 09:00;0,1245
2026-06-07 10:00;0,0742
2026-06-07 11:00;0,5048
2026-06-07 12:00;0,7031
2026-06-07 13:00;1,0000
2026-06-07 14:00;0,5699
2026-06-07 15:00;0,4411
2026-06-07 16:00;0,3484
2026-06-07 17:00;0,2341
2026-06-07 18:00;0,1119
2026-06-07 19:00;0,2394
2026-06-07 20:00;0,3518
2026-06-07 21:00;0,2613
2026-06-07 22:00;0,1032
2026-06-07 23:00;0,0575
2026-06-08 00:00;0,2772
2026-06-08 01:00;0,1677
2026-06-08 02:00;0,0987
2026-06-08 03:00;0,2517
2026-06-08 04:00;0,2815
2026-06-08 05:00;0,3420
2026-06-08 06:00;0,2594
2026-06-08 07:00;0,1635
2026-06-08 08:00;0,0583
2026-06-08 09:00;0,0249
2026-06-08 10:00;0,1606
2026-06-08 11:00;0,3171
2026-06-08 12:00;0,3020
2026-06-08 13:00;1,0000
2026-06-08 14:00;0,7901
2026-06-08 15:00;0,1338
2026-06-08 16:00;1,0000
2026-06-08 17:00;1,0000
2026-06-08 18:00;1,0000
2026-06-08 19:00;0,3776
2026-06-08 20:00;0,1307
2026-06-08 21:00;0,1662
2026-06-08 22:00;0,1378
2026-06-08 23:00;0,1325
2026-06-09 00:00;0,1250
2026-06-09 01:00;0,1552
2026-06-09 02:00;0,1902
2026-06-09 03:00;0,0535
2026-06-09 04:00;0,0502
2026-06-09 05:00;0,0597
2026-06-09 06:00;0,0250
2026-06-09 07:00;0,1769
2026-06-09 08:00;0,0242
2026-06-09 09:00;0,4205
2026-06-09 10:00;0,2500
2026-06-09 11:00;0,0522
2026-06-09 12:00;0,0887
2026-06-09 13:00;0,1019
2026-06-09 14:00;0,0958
2026-06-09 15:00;0,2220
2026-06-09 16:00;0,2045
2026-06-09 17:00;0,2063
2026-06-09 18:00;0,3904
2026-06-09 19:00;0,2989
2026-06-09 20:00;0,2012
2026-06-09 21:00;0,6510
2026-06-09 22:00;1,0000
2026-06-09 23:00;0,0660
2026-06-10 00:00;0,0779
2026-06-10 01:00;0,0842
2026-06-10 02:00;0,0856
2026-06-10 03:00;0,0197
2026-06-10 04:00;0,1994
2026-06-10 05:00;0,0207
2026-06-10 06:00;0,0344
2026-06-10 07:00;0,0432
2026-06-10 08:00;0,4164
2026-06-10 09:00;0,4416
2026-06-10 10:00;0,2644
2026-06-10 11:00;0,3367
2026-06-10 12:00;0,4183
2026-06-10 13:00;0,6480
2026-06-10 14:00;0,6251
2026-06-10 15:00;0,6446
2026-06-10 16:00;1,0000
2026-06-10 17:00;0,7856
2026-06-10 18:00;0,7908
2026-06-10 19:00;0,4196
2026-06-10 20:00;0,0140
2026-06-10 21:00;0,0813
2026-06-10 22:00;0,0518
2026-06-10 23:00;0,0135
2026-06-11 00:00;0,0915
2026-06-11 01:00;0,0231
2026-06-11 02:00;0,1991
2026-06-11 03:00;0,1610
2026-06-11 04:00;0,0990
2026-06-11 05:00;0,0264
2026-06-11 06:00;0,0268
2026-06-11 07:00;0,1669
2026-06-11 08:00;0,3108
2026-06-11 09:00;0,3076
2026-06-11 10:00;0,1766
2026-06-11 11:00;0,0520
2026-06-11 12:00;0,0262
2026-06-11 13:00;0,0613
2026-06-11 14:00;0,1094
2026-06-11 15:00;0,3734
2026-06-11 16:00;1,0000
2026-06-11 17:00;0,7911
2026-06-11 18:00;0,1427
2026-06-11 19:00;0,1361
2026-06-11 20:00;0,4883
2026-06-11 21:00;0,3806
2026-06-11 22:00;0,2255
2026-06-11 23:00;0,0287
2026-06-12 00:00;0,1062
2026-06-12 01:00;0,1947
2026-06-12 02:00;0,5443
2026-06-12 03:00;0,3679
2026-06-12 04:00;0,2577
2026-06-12 05:00;0,1016
2026-06-12 06:00;0,1373
2026-06-12 07:00;0,1742
2026-06-12 08:00;0,2170
2026-06-12 09:00;0,2266
2026-06-12 10:00;0,1680
2026-06-12 11:00;0,1113
2026-06-12 12:00;0,0601
2026-06-12 13:00;0,0990
2026-06-12 14:00;0,1344
2026-06-12 15:00;0,1346
2026-06-12 16:00;0,3046
2026-06-12 17:00;0,5149
2026-06-12 18:00;0,7818
2026-06-12 19:00;1,0000
2026-06-12 20:00;0,5797
2026-06-12 21:00;0,3622
2026-06-12 22:00;0,2075
2026-06-12 23:00;0,1383
2026-06-13 00:00;0,3317
2026-06-13 01:00;0,1973
2026-06-13 02:00;0,0243
2026-06-13 03:00;0,0252
2026-06-13 04:00;0,0616
2026-06-13 05:00;0,0815
2026-06-13 06:00;0,0651
2026-06-13 07:00;0,1987
2026-06-13 08:00;0,0917
2026-06-13 09:00;0,1448
2026-06-13 10:00;0,2142
2026-06-13 11:00;0,3339
2026-06-13 12:00;0,3300
2026-06-13 13:00;0,8629
2026-06-13 14:00;0,5441
2026-06-13 15:00;0,0950
2026-06-13 16:00;0,4440
2026-06-13 17:00;0,6900
2026-06-13 18:00;0,8187
2026-06-13 19:00;1,0000
2026-06-13 20:00;0,3282
2026-06-13 21:00;0,2596
2026-06-13 22:00;0,8676
2026-06-13 23:00;0,5095
2026-06-14 00:00;0,0595
2026-06-14 01:00;0,1097
2026-06-14 02:00;0,1632
2026-06-14 03:00;0,1706
2026-06-14 04:00;0,0660
2026-06-14 05:00;0,0991
2026-06-14 06:00;0,0616
2026-06-14 07:00;0,0995
2026-06-14 08:00;0,0296
2026-06-14 09:00;0,0665
2026-06-14 10:00;0,0818
2026-06-14 11:00;0,0947
2026-06-14 12:00;0,0270
2026-06-14 13:00;0,1788
2026-06-14 14:00;0,5322
2026-06-14 15:00;1,0000
2026-06-14 16:00;1,0000
2026-06-14 17:00;1,0000
2026-06-14 18:00;1,0000
2026-06-14 19:00;1,0000
2026-06-14 20:00;0,2001
2026-06-14 21:00;0,1244
2026-06-14 22:00;0,1395
2026-06-14 23:00;0,1431
2026-06-15 00:00;0,1876
2026-06-15 01:00;0,2148
2026-06-15 02:00;0,2201
2026-06-15 03:00;0,0540
2026-06-15 04:00;0,0470
2026-06-15 05:00;0,0825
2026-06-15 06:00;0,0882
2026-06-15 07:00;0,1224
2026-06-15 08:00;0,2271
2026-06-15 09:00;0,4045
2026-06-15 10:00;0,6416
2026-06-15 11:00;0,1029
2026-06-15 12:00;0,2196
2026-06-15 13:00;0,3963
2026-06-15 14:00;0,5338
2026-06-15 15:00;0,5734
2026-06-15 16:00;1,0000
2026-06-15 17:00;0,6070
2026-06-15 18:00;0,7028
2026-06-15 19:00;1,0000
2026-06-15 20:00;0,3111
2026-06-15 21:00;0,2033
2026-06-15 22:00;0,2403
2026-06-15 23:00;0,2981
2026-06-16 00:00;0,2458
2026-06-16 01:00;0,1631
2026-06-16 02:00;0,0933
2026-06-16 03:00;0,2922
2026-06-16 04:00;0,3234
2026-06-16 05:00;0,3160
2026-06-16 06:00;0,2213
2026-06-16 07:00;0,1465
2026-06-16 08:00;0,0516
2026-06-16 09:00;0,0228
2026-06-16 10:00;0,1454
2026-06-16 11:00;0,2403
2026-06-16 12:00;0,2677
2026-06-16 13:00;1,0000
2026-06-16 14:00;0,7382
2026-06-16 15:00;0,1630
2026-06-16 16:00;1,0000
2026-06-16 17:00;1,0000
2026-06-16 18:00;1,0000
2026-06-16 19:00;0,4419
2026-06-16 20:00;0,1486
2026-06-16 21:00;0,2245
2026-06-16 22:00;0,2046
2026-06-16 23:00;0,1551
2026-06-17 00:00;0,4545
2026-06-17 01:00;0,8715
2026-06-17 02:00;0,3738
2026-06-17 03:00;0,1134
2026-06-17 04:00;0,0683
2026-06-17 05:00;0,0204
2026-06-17 06:00;0,0663
2026-06-17 07:00;0,1566
2026-06-17 08:00;0,0670
2026-06-17 09:00;0,1359
2026-06-17 10:00;0,0238
2026-06-17 11:00;0,3723
2026-06-17 12:00;0,3923
2026-06-17 13:00;1,0000
2026-06-17 14:00;0,7549
2026-06-17 15:00;0,8214
2026-06-17 16:00;0,4382
2026-06-17 17:00;0,0249
2026-06-17 18:00;0,0226
2026-06-17 19:00;1,0000
2026-06-17 20:00;0,0235
2026-06-17 21:00;0,2481
2026-06-17 22:00;0,7397
2026-06-17 23:00;0,4361
2026-06-18 00:00;0,0628
2026-06-18 01:00;0,1113
2026-06-18 02:00;0,3980
2026-06-18 03:00;0,2276
2026-06-18 04:00;0,1481
2026-06-18 05:00;0,0974
2026-06-18 06:00;0,2074
2026-06-18 07:00;0,3858
2026-06-18 08:00;0,0643
2026-06-18 09:00;0,1366
2026-06-18 10:00;0,0996
2026-06-18 11:00;0,7644
2026-06-18 12:00;0,8855
2026-06-18 13:00;1,0000
2026-06-18 14:00;0,6038
2026-06-18 15:00;0,5180
2026-06-18 16:00;0,3161
2026-06-18 17:00;0,1983
2026-06-18 18:00;0,0980
2026-06-18 19:00;0,2754
2026-06-18 20:00;0,3780
2026-06-18 21:00;0,2189
2026-06-18 22:00;0,0802
2026-06-18 23:00;0,0582
2026-06-19 00:00;0,6582
2026-06-19 01:00;0,4028
2026-06-19 02:00;0,0786
2026-06-19 03:00;0,3162
2026-06-19 04:00;0,2616
2026-06-19 05:00;0,1204
2026-06-19 06:00;0,2642
2026-06-19 07:00;0,8624
2026-06-19 08:00;0,4543
2026-06-19 09:00;0,4337
2026-06-19 10:00;0,8340
2026-06-19 11:00;0,3872
2026-06-19 12:00;0,4690
2026-06-19 13:00;0,4928
2026-06-19 14:00;0,5028
2026-06-19 15:00;0,3063
2026-06-19 16:00;0,2126
2026-06-19 17:00;0,1625
2026-06-19 18:00;0,1139
2026-06-19 19:00;0,0725
2026-06-19 20:00;0,0322
2026-06-19 21:00;1,0000
2026-06-19 22:00;1,0000
2026-06-19 23:00;0,1099
2026-06-20 00:00;0,2656
2026-06-20 01:00;0,0861
2026-06-20 02:00;0,2012
2026-06-20 03:00;0,3117
2026-06-20 04:00;0,1909
2026-06-20 05:00;0,0773
2026-06-20 06:00;0,2148
2026-06-20 07:00;0,2098
2026-06-20 08:00;0,1846
2026-06-20 09:00;0,0615
2026-06-20 10:00;0,2536
2026-06-20 11:00;0,4015
2026-06-20 12:00;0,2454
2026-06-20 13:00;0,1428
2026-06-20 14:00;0,0446
2026-06-20 15:00;0,4646
2026-06-20 16:00;1,0000
2026-06-20 17:00;0,4393
2026-06-20 18:00;0,5574
2026-06-20 19:00;1,0000
2026-06-20 20:00;0,4699
2026-06-20 21:00;0,4205
2026-06-20 22:00;0,3533
2026-06-20 23:00;0,0574
2026-06-21 00:00;0,4206
2026-06-21 01:00;1,0000
2026-06-21 02:00;0,4820
2026-06-21 03:00;0,1335
2026-06-21 04:00;0,0719
2026-06-21 05:00;0,0212
2026-06-21 06:00;0,0739
2026-06-21 07:00;0,1798
2026-06-21 08:00;0,0717
2026-06-21 09:00;0,1287
2026-06-21 10:00;0,0202
2026-06-21 11:00;0,3045
2026-06-21 12:00;0,4052
2026-06-21 13:00;1,0000
2026-06-21 14:00;0,7683
2026-06-21 15:00;0,9862
2026-06-21 16:00;0,5160
2026-06-21 17:00;0,0267
2026-06-21 18:00;0,0282
2026-06-21 19:00;1,0000
2026-06-21 20:00;0,0291
2026-06-21 21:00;0,2953
2026-06-21 22:00;0,6693
2026-06-21 23:00;0,3855
2026-06-22 00:00;0,1858
2026-06-22 01:00;0,0211
2026-06-22 02:00;0,1255
2026-06-22 03:00;0,1247
2026-06-22 04:00;0,1000
2026-06-22 05:00;0,0626
2026-06-22 06:00;0,1096
2026-06-22 07:00;0,1400
2026-06-22 08:00;0,1763
2026-06-22 09:00;0,1799
2026-06-22 10:00;0,3545
2026-06-22 11:00;0,5632
2026-06-22 12:00;0,5240
2026-06-22 13:00;0,3392
2026-06-22 14:00;0,1187
2026-06-22 15:00;0,0662
2026-06-22 16:00;0,1278
2026-06-22 17:00;0,2105
2026-06-22 18:00;0,3383
2026-06-22 19:00;0,5799
2026-06-22 20:00;0,7413
2026-06-22 21:00;0,6590
2026-06-22 22:00;1,0000
2026-06-22 23:00;0,8568
2026-06-23 00:00;0,3408
2026-06-23 01:00;0,3539
2026-06-23 02:00;0,3023
2026-06-23 03:00;0,3776
2026-06-23 04:00;0,2919
2026-06-23 05:00;0,1710
2026-06-23 06:00;0,3252
2026-06-23 07:00;0,3289
2026-06-23 08:00;0,5907
2026-06-23 09:00;0,6846
2026-06-23 10:00;0,4391
2026-06-23 11:00;0,1676
2026-06-23 12:00;0,3001
2026-06-23 13:00;0,4358
2026-06-23 14:00;0,5940
2026-06-23 15:00;0,8118
2026-06-23 16:00;1,0000
2026-06-23 17:00;0,7487
2026-06-23 18:00;0,6544
2026-06-23 19:00;0,3741
2026-06-23 20:00;0,0939
2026-06-23 21:00;0,1892
2026-06-23 22:00;0,5525
2026-06-23 23:00;0,2389
2026-06-24 00:00;0,0998
2026-06-24 01:00;0,0261
2026-06-24 02:00;0,0530
2026-06-24 03:00;0,1687
2026-06-24 04:00;0,1284
2026-06-24 05:00;0,0549
2026-06-24 06:00;0,0598
2026-06-24 07:00;0,1982
2026-06-24 08:00;0,0924
2026-06-24 09:00;0,0517
2026-06-24 10:00;0,0219
2026-06-24 11:00;0,2712
2026-06-24 12:00;0,2791
2026-06-24 13:00;0,3608
2026-06-24 14:00;0,5406
2026-06-24 15:00;0,4888
2026-06-24 16:00;1,0000
2026-06-24 17:00;1,0000
2026-06-24 18:00;1,0000
2026-06-24 19:00;1,0000
2026-06-24 20:00;0,1034
2026-06-24 21:00;0,2297
2026-06-24 22:00;0,2263
2026-06-24 23:00;0,2994
2026-06-25 00:00;0,2413
2026-06-25 01:00;0,3557
2026-06-25 02:00;0,2263
2026-06-25 03:00;0,1712
2026-06-25 04:00;0,2550
2026-06-25 05:00;0,1037
2026-06-25 06:00;0,2214
2026-06-25 07:00;0,1906
2026-06-25 08:00;0,1421
2026-06-25 09:00;0,1622
2026-06-25 10:00;0,2096
2026-06-25 11:00;0,2413
2026-06-25 12:00;0,4021
2026-06-25 13:00;1,0000
2026-06-25 14:00;1,0000
2026-06-25 15:00;0,8573
2026-06-25 16:00;1,0000
2026-06-25 17:00;0,5021
2026-06-25 18:00;0,4427
2026-06-25 19:00;0,3136
2026-06-25 20:00;0,2087
2026-06-25 21:00;0,0654
2026-06-25 22:00;0,0487
2026-06-25 23:00;0,0326
2026-06-26 00:00;0,1043
2026-06-26 01:00;0,0554
2026-06-26 02:00;0,1494
2026-06-26 03:00;0,1619
2026-06-26 04:00;0,1055
2026-06-26 05:00;0,0260
2026-06-26 06:00;0,0824
2026-06-26 07:00;0,1091
2026-06-26 08:00;0,1262
2026-06-26 09:00;0,0752
2026-06-26 10:00;0,2072
2026-06-26 11:00;0,1396
2026-06-26 12:00;0,3565
2026-06-26 13:00;1,0000
2026-06-26 14:00;1,0000
2026-06-26 15:00;0,8828
2026-06-26 16:00;1,0000
2026-06-26 17:00;0,5996
2026-06-26 18:00;0,7087
2026-06-26 19:00;1,0000
2026-06-26 20:00;0,3307
2026-06-26 21:00;0,0968
2026-06-26 22:00;0,1028
2026-06-26 23:00;0,1123
2026-06-27 00:00;0,0570
2026-06-27 01:00;0,1079
2026-06-27 02:00;0,1121
2026-06-27 03:00;0,0975
2026-06-27 04:00;0,0285
2026-06-27 05:00;0,0298
2026-06-27 06:00;0,1544
2026-06-27 07:00;0,0277
2026-06-27 08:00;0,1460
2026-06-27 09:00;0,0987
2026-06-27 10:00;0,0269
2026-06-27 11:00;0,1105
2026-06-27 12:00;0,2996
2026-06-27 13:00;0,3420
2026-06-27 14:00;0,4489
2026-06-27 15:00;0,4687
2026-06-27 16:00;1,0000
2026-06-27 17:00;1,0000
2026-06-27 18:00;0,4452
2026-06-27 19:00;0,3350
2026-06-27 20:00;0,3028
2026-06-27 21:00;0,1501
2026-06-27 22:00;0,1111
2026-06-27 23:00;0,0586
2026-06-28 00:00;0,1059
2026-06-28 01:00;0,0295
2026-06-28 02:00;0,0684
2026-06-28 03:00;0,2072
2026-06-28 04:00;0,1446
2026-06-28 05:00;0,0704
2026-06-28 06:00;0,0707
2026-06-28 07:00;0,2069
2026-06-28 08:00;0,1201
2026-06-28 09:00;0,0655
2026-06-28 10:00;0,0357
2026-06-28 11:00;0,3983
2026-06-28 12:00;0,3953
2026-06-28 13:00;0,5316
2026-06-28 14:00;0,6062
2026-06-28 15:00;0,4792
2026-06-28 16:00;1,0000
2026-06-28 17:00;1,0000
2026-06-28 18:00;0,8898
2026-06-28 19:00;1,0000
2026-06-28 20:00;0,0954
2026-06-28 21:00;0,1901
2026-06-28 22:00;0,2012
2026-06-28 23:00;0,2532
2026-06-29 00:00;0,1172
2026-06-29 01:00;0,1285
2026-06-29 02:00;0,1222
2026-06-29 03:00;0,0484
2026-06-29 04:00;0,2753
2026-06-29 05:00;0,5101
2026-06-29 06:00;0,4369
2026-06-29 07:00;0,0857
2026-06-29 08:00;0,4071
2026-06-29 09:00;0,5609
2026-06-29 10:00;0,0871
2026-06-29 11:00;0,0504
2026-06-29 12:00;0,1367
2026-06-29 13:00;0,3639
2026-06-29 14:00;0,5146
2026-06-29 15:00;0,8728
2026-06-29 16:00;1,0000
2026-06-29 17:00;0,7426
2026-06-29 18:00;1,0000
2026-06-29 19:00;1,0000
2026-06-29 20:00;0,3823
2026-06-29 21:00;0,1552
2026-06-29 22:00;0,2920
2026-06-29 23:00;0,3800
2026-06-30 00:00;0,1296
2026-06-30 01:00;0,0879
2026-06-30 02:00;0,1596
2026-06-30 03:00;0,1751
2026-06-30 04:00;0,1301
2026-06-30 05:00;0,0615
2026-06-30 06:00;0,1123
2026-06-30 07:00;0,1202
2026-06-30 08:00;0,1416
2026-06-30 09:00;0,1089
2026-06-30 10:00;0,2112
2026-06-30 11:00;0,1551
2026-06-30 12:00;0,3604
2026-06-30 13:00;1,0000
2026-06-30 14:00;1,0000
2026-06-30 15:00;0,9195
2026-06-30 16:00;1,0000
2026-06-30 17:00;0,8257
2026-06-30 18:00;0,8922
2026-06-30 19:00;1,0000
2026-06-30 20:00;0,3726
2026-06-30 21:00;0,1329
2026-06-30 22:00;0,1322
2026-06-30 23:00;0,1304
2026-07-01 00:00;0,1316
2026-07-01 01:00;0,1256
2026-07-01 02:00;0,1483
2026-07-01 03:00;0,0364
2026-07-01 04:00;0,0939
2026-07-01 05:00;0,1661
2026-07-01 06:00;0,2592
2026-07-01 07:00;0,2310
2026-07-01 08:00;0,1964
2026-07-01 09:00;0,2301
2026-07-01 10:00;0,1216
2026-07-01 11:00;0,0000
2026-07-01 12:00;0,0000
2026-07-01 13:00;0,2922
2026-07-01 14:00;0,5783
2026-07-01 15:00;0,5463
2026-07-01 16:00;0,3542
2026-07-01 17:00;0,1230
2026-07-01 18:00;0,3063
2026-07-01 19:00;0,1563
2026-07-01 20:00;0,5418
2026-07-01 21:00;0,2716
2026-07-01 22:00;0,4195
2026-07-01 23:00;0,5468
2026-07-02 00:00;0,4453
2026-07-02 01:00;0,2586
2026-07-02 02:00;0,0880
2026-07-02 03:00;0,2745
2026-07-02 04:00;0,1518
2026-07-02 05:00;0,0000
2026-07-02 06:00;0,0279
2026-07-02 07:00;0,2490
2026-07-02 08:00;0,2963
2026-07-02 09:00;0,4213
2026-07-02 10:00;0,2524
2026-07-02 11:00;0,3745
2026-07-02 12:00;0,4416
2026-07-02 13:00;0,2056
2026-07-02 14:00;0,0322
2026-07-02 15:00;0,0025
2026-07-02 16:00;0,0608
2026-07-02 17:00;0,1359
2026-07-02 18:00;0,9835
2026-07-02 19:00;1,0000
2026-07-02 20:00;1,0000
2026-07-02 21:00;1,0000
2026-07-02 22:00;1,0000
2026-07-02 23:00;0,2624
2026-07-03 00:00;0,3092
2026-07-03 01:00;0,2090
2026-07-03 02:00;0,1595
2026-07-03 03:00;0,1617
2026-07-03 04:00;0,1777
2026-07-03 05:00;0,1724
2026-07-03 06:00;0,1526
2026-07-03 07:00;0,0976
2026-07-03 08:00;0,0663
2026-07-03 09:00;0,0350
2026-07-03 10:00;0,0986
2026-07-03 11:00;0,1964
2026-07-03 12:00;0,2914
2026-07-03 13:00;1,0000
2026-07-03 14:00;0,6412
2026-07-03 15:00;0,6896
2026-07-03 16:00;1,0000
2026-07-03 17:00;0,8821
2026-07-03 18:00;0,8269
2026-07-03 19:00;1,0000
2026-07-03 20:00;0,5529
2026-07-03 21:00;0,2222
2026-07-03 22:00;0,2824
2026-07-03 23:00;0,2735
2026-07-04 00:00;1,0000
2026-07-04 01:00;1,0000
2026-07-04 02:00;0,2039
2026-07-04 03:00;0,1921
2026-07-04 04:00;0,1240
2026-07-04 05:00;0,0821
2026-07-04 06:00;0,2329
2026-07-04 07:00;0,1461
2026-07-04 08:00;0,0707
2026-07-04 09:00;0,0422
2026-07-04 10:00;0,1692
2026-07-04 11:00;0,2621
2026-07-04 12:00;0,4484
2026-07-04 13:00;0,2682
2026-07-04 14:00;0,1300
2026-07-04 15:00;0,2077
2026-07-04 16:00;0,3364
2026-07-04 17:00;0,4814
2026-07-04 18:00;0,6774
2026-07-04 19:00;0,5449
2026-07-04 20:00;0,3297
2026-07-04 21:00;0,1110
2026-07-04 22:00;0,0864
2026-07-04 23:00;0,0648
2026-07-05 00:00;0,2559
2026-07-05 01:00;0,2720
2026-07-05 02:00;0,2656
2026-07-05 03:00;0,1989
2026-07-05 04:00;0,1340
2026-07-05 05:00;0,1535
2026-07-05 06:00;0,0983
2026-07-05 07:00;0,2982
2026-07-05 08:00;0,3915
2026-07-05 09:00;0,1104
2026-07-05 10:00;0,1725
2026-07-05 11:00;0,2199
2026-07-05 12:00;0,3083
2026-07-05 13:00;0,8420
2026-07-05 14:00;0,2867
2026-07-05 15:00;0,1335
2026-07-05 16:00;0,1483
2026-07-05 17:00;0,1480
2026-07-05 18:00;0,0624
2026-07-05 19:00;1,0000
2026-07-05 20:00;1,0000
2026-07-05 21:00;1,0000
2026-07-05 22:00;1,0000
2026-07-05 23:00;1,0000
2026-07-06 00:00;0,1454
2026-07-06 01:00;0,2027
2026-07-06 02:00;0,2594
2026-07-06 03:00;0,2453
2026-07-06 04:00;0,2808
2026-07-06 05:00;0,2986
2026-07-06 06:00;0,3253
2026-07-06 07:00;0,3135
2026-07-06 08:00;0,3049
2026-07-06 09:00;0,2261
2026-07-06 10:00;0,1605
2026-07-06 11:00;0,0926
2026-07-06 12:00;0,0312
2026-07-06 13:00;0,3383
2026-07-06 14:00;0,6283
2026-07-06 15:00;0,6294
2026-07-06 16:00;0,3562
2026-07-06 17:00;0,0719
2026-07-06 18:00;0,0321
2026-07-06 19:00;1,0000
2026-07-06 20:00;0,0308
2026-07-06 21:00;0,1459
2026-07-06 22:00;0,2560
2026-07-06 23:00;0,3676
2026-07-07 00:00;0,5778
2026-07-07 01:00;0,3782
2026-07-07 02:00;0,1662
2026-07-07 03:00;0,3571
2026-07-07 04:00;0,3425
2026-07-07 05:00;0,2662
2026-07-07 06:00;0,1993
2026-07-07 07:00;0,3012
2026-07-07 08:00;0,3527
2026-07-07 09:00;0,3271
2026-07-07 10:00;0,2201
2026-07-07 11:00;0,1214
2026-07-07 12:00;0,0910
2026-07-07 13:00;0,3716
2026-07-07 14:00;0,7085
2026-07-07 15:00;0,8325
2026-07-07 16:00;0,5189
2026-07-07 17:00;0,1493
2026-07-07 18:00;0,2888
2026-07-07 19:00;0,4934
2026-07-07 20:00;0,5735
2026-07-07 21:00;0,6322
2026-07-07 22:00;1,0000
2026-07-07 23:00;0,2536
2026-07-08 00:00;0,9351
2026-07-08 01:00;1,0000
2026-07-08 02:00;0,4767
2026-07-08 03:00;0,5152
2026-07-08 04:00;0,3322
2026-07-08 05:00;0,1889
2026-07-08 06:00;0,1045
2026-07-08 07:00;0,3105
2026-07-08 08:00;0,4872
2026-07-08 09:00;0,7786
2026-07-08 10:00;0,4627
2026-07-08 11:00;0,1967
2026-07-08 12:00;0,0848
2026-07-08 13:00;0,2862
2026-07-08 14:00;0,5533
2026-07-08 15:00;0,5523
2026-07-08 16:00;0,3191
2026-07-08 17:00;0,1521
2026-07-08 18:00;0,1101
2026-07-08 19:00;0,4109
2026-07-08 20:00;0,6504
2026-07-08 21:00;0,3555
2026-07-08 22:00;0,2689
2026-07-08 23:00;0,2430
2026-07-09 00:00;0,0644
2026-07-09 01:00;0,2162
2026-07-09 02:00;0,3601
2026-07-09 03:00;0,0586
2026-07-09 04:00;0,0855
2026-07-09 05:00;0,0234
2026-07-09 06:00;0,0257
2026-07-09 07:00;0,0413
2026-07-09 08:00;0,0495
2026-07-09 09:00;0,0881
2026-07-09 10:00;0,5785
2026-07-09 11:00;0,5776
2026-07-09 12:00;0,7649
2026-07-09 13:00;1,0000
2026-07-09 14:00;0,3638
2026-07-09 15:00;0,2057
2026-07-09 16:00;0,5051
2026-07-09 17:00;0,1733
2026-07-09 18:00;0,0577
2026-07-09 19:00;0,0446
2026-07-09 20:00;0,0310
2026-07-09 21:00;0,0634
2026-07-09 22:00;1,0000
2026-07-09 23:00;1,0000
2026-07-10 00:00;0,5971
2026-07-10 01:00;0,4173
2026-07-10 02:00;0,1654
2026-07-10 03:00;0,4423
2026-07-10 04:00;0,4105
2026-07-10 05:00;0,3695
2026-07-10 06:00;0,2402
2026-07-10 07:00;0,2916
2026-07-10 08:00;0,3500
2026-07-10 09:00;0,4007
2026-07-10 10:00;0,2706
2026-07-10 11:00;0,1586
2026-07-10 12:00;0,1047
2026-07-10 13:00;0,3905
2026-07-10 14:00;0,6040
2026-07-10 15:00;0,6926
2026-07-10 16:00;0,3617
2026-07-10 17:00;0,1426
2026-07-10 18:00;0,3048
2026-07-10 19:00;0,4864
2026-07-10 20:00;0,5647
2026-07-10 21:00;0,6358
2026-07-10 22:00;1,0000
2026-07-10 23:00;0,2449
2026-07-11 00:00;0,0519
2026-07-11 01:00;0,1226
2026-07-11 02:00;0,1696
2026-07-11 03:00;0,0811
2026-07-11 04:00;0,0570
2026-07-11 05:00;0,1581
2026-07-11 06:00;0,1084
2026-07-11 07:00;0,0254
2026-07-11 08:00;0,3037
2026-07-11 09:00;0,3094
2026-07-11 10:00;0,0843
2026-07-11 11:00;0,0889
2026-07-11 12:00;0,2326
2026-07-11 13:00;0,3438
2026-07-11 14:00;0,4234
2026-07-11 15:00;0,6530
2026-07-11 16:00;1,0000
2026-07-11 17:00;0,8599
2026-07-11 18:00;0,9790
2026-07-11 19:00;1,0000
2026-07-11 20:00;0,4009
2026-07-11 21:00;0,1300
2026-07-11 22:00;0,1881
2026-07-11 23:00;0,0966
2026-07-12 00:00;0,1089
2026-07-12 01:00;0,1180
2026-07-12 02:00;0,1267
2026-07-12 03:00;0,2092
2026-07-12 04:00;0,1082
2026-07-12 05:00;0,0243
2026-07-12 06:00;0,0469
2026-07-12 07:00;0,1302
2026-07-12 08:00;0,2482
2026-07-12 09:00;0,3083
2026-07-12 10:00;0,1146
2026-07-12 11:00;0,3122
2026-07-12 12:00;0,4478
2026-07-12 13:00;1,0000
2026-07-12 14:00;0,6758
2026-07-12 15:00;0,3563
2026-07-12 16:00;0,2432
2026-07-12 17:00;0,1895
2026-07-12 18:00;0,2074
2026-07-12 19:00;0,3706
2026-07-12 20:00;0,6224
2026-07-12 21:00;0,5365
2026-07-12 22:00;0,2801
2026-07-12 23:00;0,0658
2026-07-13 00:00;0,0915
2026-07-13 01:00;0,0607
2026-07-13 02:00;0,0271
2026-07-13 03:00;0,0297
2026-07-13 04:00;0,1160
2026-07-13 05:00;0,1968
2026-07-13 06:00;0,1395
2026-07-13 07:00;0,0857
2026-07-13 08:00;0,0313
2026-07-13 09:00;0,1025
2026-07-13 10:00;0,1990
2026-07-13 11:00;0,2089
2026-07-13 12:00;0,6002
2026-07-13 13:00;1,0000
2026-07-13 14:00;0,5479
2026-07-13 15:00;0,3052
2026-07-13 16:00;0,3146
2026-07-13 17:00;0,2979
2026-07-13 18:00;0,4651
2026-07-13 19:00;0,4002
2026-07-13 20:00;0,5196
2026-07-13 21:00;0,2653
2026-07-13 22:00;0,4099
2026-07-13 23:00;0,0882
2026-07-14 00:00;0,4751
2026-07-14 01:00;0,0270
2026-07-14 02:00;0,3464
2026-07-14 03:00;0,2898
2026-07-14 04:00;0,2539
2026-07-14 05:00;0,2841
2026-07-14 06:00;0,2557
2026-07-14 07:00;0,1759
2026-07-14 08:00;0,1151
2026-07-14 09:00;0,2465
2026-07-14 10:00;0,2163
2026-07-14 11:00;0,1488
2026-07-14 12:00;0,3155
2026-07-14 13:00;0,4117
2026-07-14 14:00;0,4385
2026-07-14 15:00;0,4038
2026-07-14 16:00;0,3794
2026-07-14 17:00;0,2799
2026-07-14 18:00;0,1535
2026-07-14 19:00;1,0000
2026-07-14 20:00;0,9929
2026-07-14 21:00;0,8564
2026-07-14 22:00;0,2260
2026-07-14 23:00;0,1449
2026-07-15 00:00;0,1466
2026-07-15 01:00;0,1247
2026-07-15 02:00;0,0982
2026-07-15 03:00;0,1963
2026-07-15 04:00;0,2000
2026-07-15 05:00;0,1910
2026-07-15 06:00;0,2851
2026-07-15 07:00;0,0484
2026-07-15 08:00;0,0582
2026-07-15 09:00;0,0652
2026-07-15 10:00;0,1654
2026-07-15 11:00;0,2542
2026-07-15 12:00;0,3504
2026-07-15 13:00;1,0000
2026-07-15 14:00;0,8472
2026-07-15 15:00;0,8926
2026-07-15 16:00;1,0000
2026-07-15 17:00;1,0000
2026-07-15 18:00;0,9580
2026-07-15 19:00;1,0000
2026-07-15 20:00;0,5885
2026-07-15 21:00;0,2163
2026-07-15 22:00;0,2223
2026-07-15 23:00;0,2558
2026-07-16 00:00;0,5764
2026-07-16 01:00;0,2996
2026-07-16 02:00;0,5967
2026-07-16 03:00;0,3679
2026-07-16 04:00;0,1068
2026-07-16 05:00;0,2485
2026-07-16 06:00;0,2754
2026-07-16 07:00;0,0567
2026-07-16 08:00;0,5272
2026-07-16 09:00;0,7796
2026-07-16 10:00;1,0000
2026-07-16 11:00;0,6344
2026-07-16 12:00;0,4224
2026-07-16 13:00;0,5289
2026-07-16 14:00;0,2486
2026-07-16 15:00;0,2850
2026-07-16 16:00;0,7453
2026-07-16 17:00;0,4833
2026-07-16 18:00;0,2739
2026-07-16 19:00;0,1379
2026-07-16 20:00;0,0219
2026-07-16 21:00;0,1679
2026-07-16 22:00;0,0201
2026-07-16 23:00;0,0245
2026-07-17 00:00;0,2094
2026-07-17 01:00;0,1326
2026-07-17 02:00;0,0526
2026-07-17 03:00;0,3736
2026-07-17 04:00;0,2524
2026-07-17 05:00;0,2105
2026-07-17 06:00;0,2267
2026-07-17 07:00;0,0271
2026-07-17 08:00;0,3498
2026-07-17 09:00;0,5984
2026-07-17 10:00;0,2468
2026-07-17 11:00;0,0596
2026-07-17 12:00;0,1790
2026-07-17 13:00;0,2304
2026-07-17 14:00;0,4480
2026-07-17 15:00;0,7707
2026-07-17 16:00;0,7795
2026-07-17 17:00;0,5041
2026-07-17 18:00;0,1883
2026-07-17 19:00;0,0546
2026-07-17 20:00;0,3791
2026-07-17 21:00;0,4520
2026-07-17 22:00;0,1244
2026-07-17 23:00;0,1604
2026-07-18 00:00;0,0560
2026-07-18 01:00;0,0515
2026-07-18 02:00;0,0492
2026-07-18 03:00;0,1910
2026-07-18 04:00;0,4843
2026-07-18 05:00;0,2608
2026-07-18 06:00;0,0514
2026-07-18 07:00;0,2525
2026-07-18 08:00;0,2120
2026-07-18 09:00;0,0596
2026-07-18 10:00;0,1509
2026-07-18 11:00;0,4238
2026-07-18 12:00;0,3703
2026-07-18 13:00;0,4298
2026-07-18 14:00;1,0000
2026-07-18 15:00;1,0000
2026-07-18 16:00;0,6450
2026-07-18 17:00;1,0000
2026-07-18 18:00;1,0000
2026-07-18 19:00;0,9960
2026-07-18 20:00;0,8130
2026-07-18 21:00;0,5329
2026-07-18 22:00;0,2501
2026-07-18 23:00;0,2401
2026-07-19 00:00;0,1858
2026-07-19 01:00;0,1839
2026-07-19 02:00;0,1503
2026-07-19 03:00;0,3221
2026-07-19 04:00;0,1633
2026-07-19 05:00;0,0284
2026-07-19 06:00;0,1394
2026-07-19 07:00;0,2758
2026-07-19 08:00;0,1461
2026-07-19 09:00;0,2801
2026-07-19 10:00;0,1690
2026-07-19 11:00;0,0604
2026-07-19 12:00;0,5601
2026-07-19 13:00;0,3287
2026-07-19 14:00;0,0237
2026-07-19 15:00;0,7103
2026-07-19 16:00;1,0000
2026-07-19 17:00;0,8044
2026-07-19 18:00;0,0304
2026-07-19 19:00;0,6656
2026-07-19 20:00;0,4729
2026-07-19 21:00;0,3854
2026-07-19 22:00;0,2310
2026-07-19 23:00;0,0544
2026-07-20 00:00;0,2653
2026-07-20 01:00;0,1987
2026-07-20 02:00;0,1209
2026-07-20 03:00;0,1676
2026-07-20 04:00;0,1257
2026-07-20 05:00;0,1257
2026-07-20 06:00;0,0798
2026-07-20 07:00;0,0662
2026-07-20 08:00;0,0439
2026-07-20 09:00;0,3353
2026-07-20 10:00;0,2926
2026-07-20 11:00;0,2832
2026-07-20 12:00;0,4414
2026-07-20 13:00;0,4936
2026-07-20 14:00;0,4661
2026-07-20 15:00;1,0000
2026-07-20 16:00;1,0000
2026-07-20 17:00;1,0000
2026-07-20 18:00;1,0000
2026-07-20 19:00;1,0000
2026-07-20 20:00;0,9053
2026-07-20 21:00;0,6132
2026-07-20 22:00;0,3697
2026-07-20 23:00;0,1556
2026-07-21 00:00;1,0000
2026-07-21 01:00;1,0000
2026-07-21 02:00;0,3661
2026-07-21 03:00;0,4457
2026-07-21 04:00;0,3327
2026-07-21 05:00;0,1516
2026-07-21 06:00;0,1099
2026-07-21 07:00;0,1392
2026-07-21 08:00;0,1652
2026-07-21 09:00;0,2145
2026-07-21 10:00;0,2787
2026-07-21 11:00;0,3890
2026-07-21 12:00;0,4450
2026-07-21 13:00;0,2833
2026-07-21 14:00;0,1905
2026-07-21 15:00;0,1214
2026-07-21 16:00;0,1697
2026-07-21 17:00;0,1755
2026-07-21 18:00;0,2561
2026-07-21 19:00;0,4504
2026-07-21 20:00;0,5696
2026-07-21 21:00;0,3961
2026-07-21 22:00;0,6629
2026-07-21 23:00;0,1174
2026-07-22 00:00;1,0000
2026-07-22 01:00;1,0000
2026-07-22 02:00;0,7510
2026-07-22 03:00;0,5836
2026-07-22 04:00;0,5207
2026-07-22 05:00;0,3640
2026-07-22 06:00;0,3086
2026-07-22 07:00;0,2659
2026-07-22 08:00;0,1959
2026-07-22 09:00;0,0852
2026-07-22 10:00;0,2552
2026-07-22 11:00;0,4625
2026-07-22 12:00;0,7404
2026-07-22 13:00;1,0000
2026-07-22 14:00;0,5132
2026-07-22 15:00;0,3773
2026-07-22 16:00;0,3334
2026-07-22 17:00;0,2515
2026-07-22 18:00;0,2523
2026-07-22 19:00;0,1613
2026-07-22 20:00;0,0595
2026-07-22 21:00;0,0998
2026-07-22 22:00;0,0993
2026-07-22 23:00;0,0862
2026-07-23 00:00;0,0998
2026-07-23 01:00;0,0636
2026-07-23 02:00;0,0281
2026-07-23 03:00;0,0291
2026-07-23 04:00;0,1261
2026-07-23 05:00;0,1964
2026-07-23 06:00;0,1517
2026-07-23 07:00;0,0963
2026-07-23 08:00;0,0336
2026-07-23 09:00;0,1122
2026-07-23 10:00;0,2212
2026-07-23 11:00;0,2277
2026-07-23 12:00;0,6250
2026-07-23 13:00;1,0000
2026-07-23 14:00;0,6325
2026-07-23 15:00;0,3377
2026-07-23 16:00;0,3509
2026-07-23 17:00;0,3226
2026-07-23 18:00;0,5187
2026-07-23 19:00;0,4896
2026-07-23 20:00;0,6521
2026-07-23 21:00;0,2865
2026-07-23 22:00;0,4691
2026-07-23 23:00;0,0853
2026-07-24 00:00;0,4368
2026-07-24 01:00;0,4345
2026-07-24 02:00;0,3924
2026-07-24 03:00;0,3030
2026-07-24 04:00;0,2125
2026-07-24 05:00;0,1575
2026-07-24 06:00;0,0978
2026-07-24 07:00;0,1088
2026-07-24 08:00;0,0950
2026-07-24 09:00;0,4210
2026-07-24 10:00;0,2531
2026-07-24 11:00;0,1512
2026-07-24 12:00;0,7807
2026-07-24 13:00;1,0000
2026-07-24 14:00;1,0000
2026-07-24 15:00;1,0000
2026-07-24 16:00;1,0000
2026-07-24 17:00;0,8301
2026-07-24 18:00;0,6904
2026-07-24 19:00;0,4229
2026-07-24 20:00;0,0275
2026-07-24 21:00;0,1474
2026-07-24 22:00;0,0818
2026-07-24 23:00;0,0249
2026-07-25 00:00;0,7606
2026-07-25 01:00;1,0000
2026-07-25 02:00;0,6251
2026-07-25 03:00;0,2798
2026-07-25 04:00;0,1618
2026-07-25 05:00;0,0745
2026-07-25 06:00;0,0871
2026-07-25 07:00;0,1759
2026-07-25 08:00;0,2667
2026-07-25 09:00;0,3347
2026-07-25 10:00;0,2685
2026-07-25 11:00;0,2192
2026-07-25 12:00;0,1614
2026-07-25 13:00;0,4428
2026-07-25 14:00;0,7661
2026-07-25 15:00;0,7454
2026-07-25 16:00;0,4094
2026-07-25 17:00;0,0711
2026-07-25 18:00;0,1759
2026-07-25 19:00;0,1713
2026-07-25 20:00;0,1593
2026-07-25 21:00;0,0668
2026-07-25 22:00;0,0716
2026-07-25 23:00;0,0662
2026-07-26 00:00;0,1100
2026-07-26 01:00;0,1237
2026-07-26 02:00;0,1520
2026-07-26 03:00;0,2680
2026-07-26 04:00;0,1623
2026-07-26 05:00;0,0321
2026-07-26 06:00;0,0651
2026-07-26 07:00;0,1632
2026-07-26 08:00;0,2842
2026-07-26 09:00;0,3381
2026-07-26 10:00;0,1014
2026-07-26 11:00;0,2960
2026-07-26 12:00;0,4364
2026-07-26 13:00;1,0000
2026-07-26 14:00;0,6396
2026-07-26 15:00;0,3828
2026-07-26 16:00;0,3226
2026-07-26 17:00;0,2063
2026-07-26 18:00;0,1989
2026-07-26 19:00;0,4447
2026-07-26 20:00;0,6653
2026-07-26 21:00;0,5142
2026-07-26 22:00;0,2931
2026-07-26 23:00;0,0588
2026-07-27 00:00;0,2889
2026-07-27 01:00;0,2316
2026-07-27 02:00;0,1941
2026-07-27 03:00;0,1749
2026-07-27 04:00;0,1837
2026-07-27 05:00;0,1967
2026-07-27 06:00;0,1349
2026-07-27 07:00;0,0863
2026-07-27 08:00;0,0514
2026-07-27 09:00;0,0562
2026-07-27 10:00;0,1763
2026-07-27 11:00;0,3040
2026-07-27 12:00;0,3739
2026-07-27 13:00;1,0000
2026-07-27 14:00;0,3482
2026-07-27 15:00;0,4891
2026-07-27 16:00;0,3889
2026-07-27 17:00;0,3546
2026-07-27 18:00;0,4407
2026-07-27 19:00;0,3178
2026-07-27 20:00;0,2162
2026-07-27 21:00;0,1127
2026-07-27 22:00;0,0891
2026-07-27 23:00;0,0644
2026-07-28 00:00;0,1361
2026-07-28 01:00;0,1254
2026-07-28 02:00;0,1046
2026-07-28 03:00;0,2221
2026-07-28 04:00;0,2480
2026-07-28 05:00;0,2568
2026-07-28 06:00;0,3349
2026-07-28 07:00;0,0616
2026-07-28 08:00;0,0688
2026-07-28 09:00;0,0630
2026-07-28 10:00;0,1719
2026-07-28 11:00;0,2597
2026-07-28 12:00;0,3226
2026-07-28 13:00;1,0000
2026-07-28 14:00;0,7749
2026-07-28 15:00;0,6988
2026-07-28 16:00;1,0000
2026-07-28 17:00;1,0000
2026-07-28 18:00;0,7377
2026-07-28 19:00;1,0000
2026-07-28 20:00;0,6303
2026-07-28 21:00;0,2249
2026-07-28 22:00;0,2427
2026-07-28 23:00;0,3386
2026-07-29 00:00;0,0285
2026-07-29 01:00;0,0425
2026-07-29 02:00;0,0583
2026-07-29 03:00;0,1047
2026-07-29 04:00;0,1523
2026-07-29 05:00;0,1819
2026-07-29 06:00;0,2055
2026-07-29 07:00;0,3611
2026-07-29 08:00;0,3887
2026-07-29 09:00;0,1678
2026-07-29 10:00;0,2688
2026-07-29 11:00;0,2327
2026-07-29 12:00;0,3203
2026-07-29 13:00;1,0000
2026-07-29 14:00;1,0000
2026-07-29 15:00;1,0000
2026-07-29 16:00;1,0000
2026-07-29 17:00;0,7749
2026-07-29 18:00;0,2428
2026-07-29 19:00;0,2998
2026-07-29 20:00;0,3609
2026-07-29 21:00;0,0787
2026-07-29 22:00;0,1207
2026-07-29 23:00;0,1792
2026-07-30 00:00;0,4505
2026-07-30 01:00;0,4462
2026-07-30 02:00;0,3936
2026-07-30 03:00;0,3143
2026-07-30 04:00;0,2543
2026-07-30 05:00;0,1821
2026-07-30 06:00;0,1556
2026-07-30 07:00;0,1488
2026-07-30 08:00;0,1430
2026-07-30 09:00;0,4658
2026-07-30 10:00;0,3293
2026-07-30 11:00;0,1901
2026-07-30 12:00;0,6692
2026-07-30 13:00;1,0000
2026-07-30 14:00;1,0000
2026-07-30 15:00;1,0000
2026-07-30 16:00;1,0000
2026-07-30 17:00;1,0000
2026-07-30 18:00;1,0000
2026-07-30 19:00;0,5884
2026-07-30 20:00;0,1084
2026-07-30 21:00;0,2323
2026-07-30 22:00;0,1723
2026-07-30 23:00;0,1103
2026-07-31 00:00;0,4304
2026-07-31 01:00;0,4297
2026-07-31 02:00;0,2113
2026-07-31 03:00;0,1116
2026-07-31 04:00;0,1370
2026-07-31 05:00;0,1496
2026-07-31 06:00;0,1817
2026-07-31 07:00;0,1469
2026-07-31 08:00;0,1221
2026-07-31 09:00;0,1264
2026-07-31 10:00;0,3031
2026-07-31 11:00;0,4579
2026-07-31 12:00;0,6680
2026-07-31 13:00;1,0000
2026-07-31 14:00;0,1939
2026-07-31 15:00;0,2272
2026-07-31 16:00;0,4088
2026-07-31 17:00;0,6234
2026-07-31 18:00;0,5886
2026-07-31 19:00;0,5487
2026-07-31 20:00;0,5231
2026-07-31 21:00;0,3246
2026-07-31 22:00;0,3039
2026-07-31 23:00;0,3016
2026-08-01 00:00;0,3052
2026-08-01 01:00;0,5374
2026-08-01 02:00;0,1766
2026-08-01 03:00;0,1026
2026-08-01 04:00;0,1344
2026-08-01 05:00;0,1284
2026-08-01 06:00;0,0278
2026-08-01 07:00;0,0948
2026-08-01 08:00;0,1833
2026-08-01 09:00;0,1610
2026-08-01 10:00;0,0000
2026-08-01 11:00;0,2221
2026-08-01 12:00;0,3005
2026-08-01 13:00;0,1914
2026-08-01 14:00;0,0512
2026-08-01 15:00;0,0339
2026-08-01 16:00;0,0796
2026-08-01 17:00;0,0977
2026-08-01 18:00;0,2126
2026-08-01 19:00;1,0000
2026-08-01 20:00;0,9489
2026-08-01 21:00;0,6129
2026-08-01 22:00;0,3394
2026-08-01 23:00;0,0039
2026-08-02 00:00;0,5916
2026-08-02 01:00;0,3435
2026-08-02 02:00;0,0858
2026-08-02 03:00;0,0352
2026-08-02 04:00;0,0349
2026-08-02 05:00;0,0178
2026-08-02 06:00;0,0778
2026-08-02 07:00;0,0243
2026-08-02 08:00;0,0000
2026-08-02 09:00;0,1155
2026-08-02 10:00;0,0807
2026-08-02 11:00;0,0829
2026-08-02 12:00;0,5656
2026-08-02 13:00;1,0000
2026-08-02 14:00;1,0000
2026-08-02 15:00;0,8009
2026-08-02 16:00;1,0000
2026-08-02 17:00;0,5546
2026-08-02 18:00;0,4342
2026-08-02 19:00;0,3179
2026-08-02 20:00;0,1900
2026-08-02 21:00;0,2506
2026-08-02 22:00;0,3737
2026-08-02 23:00;0,2078
2026-08-03 00:00;0,0000
2026-08-03 01:00;0,0728
2026-08-03 02:00;0,0989
2026-08-03 03:00;0,1057
2026-08-03 04:00;0,0000
2026-08-03 05:00;0,0000
2026-08-03 06:00;0,0226
2026-08-03 07:00;0,0000
2026-08-03 08:00;0,2162
2026-08-03 09:00;0,1460
2026-08-03 10:00;0,5253
2026-08-03 11:00;0,3055
2026-08-03 12:00;0,5550
2026-08-03 13:00;0,6370
2026-08-03 14:00;1,0000
2026-08-03 15:00;0,7652
2026-08-03 16:00;1,0000
2026-08-03 17:00;0,6203
2026-08-03 18:00;0,7888
2026-08-03 19:00;0,2044
2026-08-03 20:00;0,1290
2026-08-03 21:00;0,0205
2026-08-03 22:00;0,1140
2026-08-03 23:00;0,2215
2026-08-04 00:00;0,2150
2026-08-04 01:00;0,1618
2026-08-04 02:00;0,1203
2026-08-04 03:00;0,1711
2026-08-04 04:00;0,0887
2026-08-04 05:00;0,0190
2026-08-04 06:00;0,0200
2026-08-04 07:00;0,0809
2026-08-04 08:00;0,1410
2026-08-04 09:00;0,1618
2026-08-04 10:00;0,1717
2026-08-04 11:00;0,1996
2026-08-04 12:00;0,0251
2026-08-04 13:00;0,2253
2026-08-04 14:00;0,4031
2026-08-04 15:00;0,4787
2026-08-04 16:00;1,0000
2026-08-04 17:00;0,5371
2026-08-04 18:00;0,4061
2026-08-04 19:00;0,3114
2026-08-04 20:00;0,1665
2026-08-04 21:00;0,0837
2026-08-04 22:00;0,1925
2026-08-04 23:00;0,2799
2026-08-05 00:00;0,1003
2026-08-05 01:00;0,1747
2026-08-05 02:00;0,2383
2026-08-05 03:00;0,2418
2026-08-05 04:00;0,2332
2026-08-05 05:00;0,2537
2026-08-05 06:00;0,1754
2026-08-05 07:00;0,1304
2026-08-05 08:00;0,1074
2026-08-05 09:00;0,1610
2026-08-05 10:00;0,1718
2026-08-05 11:00;0,1472
2026-08-05 12:00;0,1385
2026-08-05 13:00;0,2565
2026-08-05 14:00;0,4152
2026-08-05 15:00;0,6023
2026-08-05 16:00;1,0000
2026-08-05 17:00;0,6279
2026-08-05 18:00;0,5155
2026-08-05 19:00;0,3847
2026-08-05 20:00;0,1676
2026-08-05 21:00;0,2854
2026-08-05 22:00;1,0000
2026-08-05 23:00;0,6120
2026-08-06 00:00;0,2233
2026-08-06 01:00;0,2098
2026-08-06 02:00;0,1447
2026-08-06 03:00;0,1366
2026-08-06 04:00;0,1597
2026-08-06 05:00;0,0865
2026-08-06 06:00;0,0600
2026-08-06 07:00;0,2366
2026-08-06 08:00;0,4018
2026-08-06 09:00;0,3374
2026-08-06 10:00;0,2816
2026-08-06 11:00;0,1861
2026-08-06 12:00;0,3197
2026-08-06 13:00;0,1740
2026-08-06 14:00;0,0254
2026-08-06 15:00;0,6713
2026-08-06 16:00;0,4042
2026-08-06 17:00;0,2282
2026-08-06 18:00;0,0707
2026-08-06 19:00;0,8856
2026-08-06 20:00;1,0000
2026-08-06 21:00;0,2180
2026-08-06 22:00;0,0587
2026-08-06 23:00;0,2928
2026-08-07 00:00;0,8456
2026-08-07 01:00;1,0000
2026-08-07 02:00;0,3230
2026-08-07 03:00;0,1745
2026-08-07 04:00;0,1376
2026-08-07 05:00;0,0745
2026-08-07 06:00;0,0742
2026-08-07 07:00;0,0864
2026-08-07 08:00;0,0876
2026-08-07 09:00;0,1187
2026-08-07 10:00;0,1756
2026-08-07 11:00;0,2715
2026-08-07 12:00;0,2017
2026-08-07 13:00;0,1641
2026-08-07 14:00;0,1737
2026-08-07 15:00;0,7898
2026-08-07 16:00;0,9446
2026-08-07 17:00;0,7097
2026-08-07 18:00;0,6474
2026-08-07 19:00;0,2266
2026-08-07 20:00;0,1991
2026-08-07 21:00;0,1075
2026-08-07 22:00;0,1062
2026-08-07 23:00;0,0921
2026-08-08 00:00;0,1769
2026-08-08 01:00;0,2113
2026-08-08 02:00;0,1113
2026-08-08 03:00;0,1452
2026-08-08 04:00;0,1357
2026-08-08 05:00;0,1068
2026-08-08 06:00;0,1995
2026-08-08 07:00;0,0655
2026-08-08 08:00;0,2453
2026-08-08 09:00;0,3716
2026-08-08 10:00;0,2977
2026-08-08 11:00;0,3839
2026-08-08 12:00;0,4805
2026-08-08 13:00;0,9986
2026-08-08 14:00;0,1775
2026-08-08 15:00;0,1393
2026-08-08 16:00;0,2979
2026-08-08 17:00;0,4356
2026-08-08 18:00;0,3187
2026-08-08 19:00;0,3096
2026-08-08 20:00;0,2441
2026-08-08 21:00;0,1360
2026-08-08 22:00;0,1413
2026-08-08 23:00;0,1269
2026-08-09 00:00;0,1941
2026-08-09 01:00;0,1889
2026-08-09 02:00;0,1499
2026-08-09 03:00;0,0536
2026-08-09 04:00;0,1256
2026-08-09 05:00;0,1263
2026-08-09 06:00;0,1241
2026-08-09 07:00;0,1365
2026-08-09 08:00;0,1789
2026-08-09 09:00;0,1318
2026-08-09 10:00;0,4138
2026-08-09 11:00;0,1543
2026-08-09 12:00;0,2895
2026-08-09 13:00;0,4809
2026-08-09 14:00;0,6336
2026-08-09 15:00;0,6708
2026-08-09 16:00;1,0000
2026-08-09 17:00;0,7086
2026-08-09 18:00;0,6268
2026-08-09 19:00;0,3367
2026-08-09 20:00;0,0840
2026-08-09 21:00;0,0492
2026-08-09 22:00;0,0246
2026-08-09 23:00;0,1444
2026-08-10 00:00;0,1393
2026-08-10 01:00;0,3769
2026-08-10 02:00;0,1363
2026-08-10 03:00;0,1783
2026-08-10 04:00;0,0556
2026-08-10 05:00;0,1732
2026-08-10 06:00;0,1173
2026-08-10 07:00;0,0580
2026-08-10 08:00;0,0958
2026-08-10 09:00;0,2057
2026-08-10 10:00;0,1770
2026-08-10 11:00;0,0252
2026-08-10 12:00;0,1809
2026-08-10 13:00;0,3437
2026-08-10 14:00;0,5815
2026-08-10 15:00;0,5613
2026-08-10 16:00;1,0000
2026-08-10 17:00;0,7688
2026-08-10 18:00;0,3673
2026-08-10 19:00;0,2647
2026-08-10 20:00;0,1498
2026-08-10 21:00;0,0876
2026-08-10 22:00;0,1300
2026-08-10 23:00;0,1364
2026-08-11 00:00;0,1020
2026-08-11 01:00;0,1669
2026-08-11 02:00;0,2245
2026-08-11 03:00;0,1173
2026-08-11 04:00;0,0985
2026-08-11 05:00;0,0626
2026-08-11 06:00;0,0638
2026-08-11 07:00;0,0558
2026-08-11 08:00;0,1843
2026-08-11 09:00;0,1386
2026-08-11 10:00;0,1746
2026-08-11 11:00;0,2051
2026-08-11 12:00;0,2636
2026-08-11 13:00;0,9216
2026-08-11 14:00;0,5543
2026-08-11 15:00;0,3845
2026-08-11 16:00;0,3701
2026-08-11 17:00;0,2664
2026-08-11 18:00;0,3512
2026-08-11 19:00;0,2270
2026-08-11 20:00;0,0898
2026-08-11 21:00;0,2304
2026-08-11 22:00;0,2002
2026-08-11 23:00;0,2053
2026-08-12 00:00;0,0256
2026-08-12 01:00;0,0835
2026-08-12 02:00;0,1344
2026-08-12 03:00;0,1600
2026-08-12 04:00;0,1400
2026-08-12 05:00;0,1253
2026-08-12 06:00;0,1064
2026-08-12 07:00;0,5855
2026-08-12 08:00;0,2812
2026-08-12 09:00;0,2146
2026-08-12 10:00;0,2547
2026-08-12 11:00;0,1850
2026-08-12 12:00;0,2525
2026-08-12 13:00;0,2752
2026-08-12 14:00;0,2083
2026-08-12 15:00;0,2606
2026-08-12 16:00;0,1674
2026-08-12 17:00;0,7176
2026-08-12 18:00;0,6531
2026-08-12 19:00;0,5379
2026-08-12 20:00;0,0278
2026-08-12 21:00;0,0279
2026-08-12 22:00;0,0706
2026-08-12 23:00;0,1134
2026-08-13 00:00;0,1842
2026-08-13 01:00;0,1683
2026-08-13 02:00;0,1709
2026-08-13 03:00;0,2876
2026-08-13 04:00;0,2249
2026-08-13 05:00;0,1055
2026-08-13 06:00;0,2800
2026-08-13 07:00;0,1566
2026-08-13 08:00;0,0305
2026-08-13 09:00;0,2191
2026-08-13 10:00;0,4808
2026-08-13 11:00;0,3109
2026-08-13 12:00;0,0877
2026-08-13 13:00;0,2298
2026-08-13 14:00;0,3455
2026-08-13 15:00;0,3460
2026-08-13 16:00;1,0000
2026-08-13 17:00;0,8928
2026-08-13 18:00;1,0000
2026-08-13 19:00;1,0000
2026-08-13 20:00;0,5428
2026-08-13 21:00;0,3144
2026-08-13 22:00;0,2018
2026-08-13 23:00;0,2751
2026-08-14 00:00;0,1102
2026-08-14 01:00;0,1034
2026-08-14 02:00;0,0892
2026-08-14 03:00;0,0605
2026-08-14 04:00;0,0638
2026-08-14 05:00;0,0667
2026-08-14 06:00;0,1414
2026-08-14 07:00;0,6380
2026-08-14 08:00;0,2616
2026-08-14 09:00;0,2544
2026-08-14 10:00;0,1388
2026-08-14 11:00;0,0482
2026-08-14 12:00;0,1400
2026-08-14 13:00;0,2699
2026-08-14 14:00;0,4013
2026-08-14 15:00;0,4482
2026-08-14 16:00;1,0000
2026-08-14 17:00;0,9676
2026-08-14 18:00;0,8950
2026-08-14 19:00;1,0000
2026-08-14 20:00;0,2339
2026-08-14 21:00;0,1715
2026-08-14 22:00;0,1236
2026-08-14 23:00;0,1142
2026-08-15 00:00;0,1471
2026-08-15 01:00;0,3315
2026-08-15 02:00;0,1300
2026-08-15 03:00;0,2049
2026-08-15 04:00;0,0528
2026-08-15 05:00;0,1919
2026-08-15 06:00;0,1481
2026-08-15 07:00;0,0578
2026-08-15 08:00;0,0979
2026-08-15 09:00;0,2525
2026-08-15 10:00;0,2171
2026-08-15 11:00;0,0303
2026-08-15 12:00;0,2403
2026-08-15 13:00;0,3959
2026-08-15 14:00;0,5578
2026-08-15 15:00;0,5699
2026-08-15 16:00;1,0000
2026-08-15 17:00;0,7264
2026-08-15 18:00;0,3509
2026-08-15 19:00;0,2533
2026-08-15 20:00;0,1262
2026-08-15 21:00;0,0782
2026-08-15 22:00;0,0990
2026-08-15 23:00;0,1133
2026-08-16 00:00;0,2353
2026-08-16 01:00;0,1936
2026-08-16 02:00;0,1647
2026-08-16 03:00;0,1994
2026-08-16 04:00;0,1037
2026-08-16 05:00;0,0273
2026-08-16 06:00;0,0265
2026-08-16 07:00;0,0906
2026-08-16 08:00;0,1675
2026-08-16 09:00;0,1578
2026-08-16 10:00;0,1699
2026-08-16 11:00;0,2284
2026-08-16 12:00;0,0264
2026-08-16 13:00;0,2430
2026-08-16 14:00;0,4692
2026-08-16 15:00;0,5459
2026-08-16 16:00;1,0000
2026-08-16 17:00;0,4962
2026-08-16 18:00;0,4250
2026-08-16 19:00;0,2789
2026-08-16 20:00;0,2027
2026-08-16 21:00;0,0944
2026-08-16 22:00;0,2370
2026-08-16 23:00;0,3449
2026-08-17 00:00;0,0840
2026-08-17 01:00;0,1710
2026-08-17 02:00;0,2676
2026-08-17 03:00;0,2822
2026-08-17 04:00;0,2738
2026-08-17 05:00;0,2326
2026-08-17 06:00;0,1706
2026-08-17 07:00;0,1491
2026-08-17 08:00;0,1171
2026-08-17 09:00;0,1807
2026-08-17 10:00;0,1596
2026-08-17 11:00;0,1746
2026-08-17 12:00;0,1645
2026-08-17 13:00;0,2962
2026-08-17 14:00;0,3931
2026-08-17 15:00;0,5255
2026-08-17 16:00;1,0000
2026-08-17 17:00;0,5848
2026-08-17 18:00;0,5291
2026-08-17 19:00;0,3508
2026-08-17 20:00;0,1259
2026-08-17 21:00;0,2339
2026-08-17 22:00;1,0000
2026-08-17 23:00;0,7699
2026-08-18 00:00;0,2112
2026-08-18 01:00;0,2438
2026-08-18 02:00;0,2708
2026-08-18 03:00;0,0952
2026-08-18 04:00;0,1719
2026-08-18 05:00;0,2081
2026-08-18 06:00;0,0534
2026-08-18 07:00;0,2091
2026-08-18 08:00;0,2853
2026-08-18 09:00;0,2650
2026-08-18 10:00;0,2064
2026-08-18 11:00;0,2207
2026-08-18 12:00;0,2528
2026-08-18 13:00;0,1825
2026-08-18 14:00;0,0772
2026-08-18 15:00;0,5837
2026-08-18 16:00;1,0000
2026-08-18 17:00;0,5476
2026-08-18 18:00;0,0814
2026-08-18 19:00;0,1432
2026-08-18 20:00;0,2003
2026-08-18 21:00;0,0754
2026-08-18 22:00;0,1076
2026-08-18 23:00;0,1367
2026-08-19 00:00;1,0000
2026-08-19 01:00;1,0000
2026-08-19 02:00;0,5950
2026-08-19 03:00;0,3647
2026-08-19 04:00;0,2926
2026-08-19 05:00;0,1770
2026-08-19 06:00;0,0245
2026-08-19 07:00;0,0448
2026-08-19 08:00;0,0575
2026-08-19 09:00;0,0418
2026-08-19 10:00;0,0258
2026-08-19 11:00;0,0875
2026-08-19 12:00;0,1385
2026-08-19 13:00;0,3441
2026-08-19 14:00;0,5137
2026-08-19 15:00;0,5281
2026-08-19 16:00;0,3331
2026-08-19 17:00;0,0836
2026-08-19 18:00;0,1787
2026-08-19 19:00;0,1139
2026-08-19 20:00;0,0537
2026-08-19 21:00;0,0966
2026-08-19 22:00;0,0800
2026-08-19 23:00;0,0619
2026-08-20 00:00;0,0937
2026-08-20 01:00;0,1054
2026-08-20 02:00;0,1508
2026-08-20 03:00;0,1675
2026-08-20 04:00;0,1424
2026-08-20 05:00;0,1580
2026-08-20 06:00;0,1374
2026-08-20 07:00;0,0854
2026-08-20 08:00;0,0251
2026-08-20 09:00;0,0283
2026-08-20 10:00;0,0459
2026-08-20 11:00;0,0566
2026-08-20 12:00;0,0518
2026-08-20 13:00;0,1384
2026-08-20 14:00;0,2239
2026-08-20 15:00;0,3379
2026-08-20 16:00;1,0000
2026-08-20 17:00;1,0000
2026-08-20 18:00;1,0000
2026-08-20 19:00;1,0000
2026-08-20 20:00;0,5278
2026-08-20 21:00;0,2974
2026-08-20 22:00;0,1947
2026-08-20 23:00;0,0514
2026-08-21 00:00;0,0266
2026-08-21 01:00;0,1511
2026-08-21 02:00;0,2783
2026-08-21 03:00;0,2728
2026-08-21 04:00;0,2095
2026-08-21 05:00;0,1116
2026-08-21 06:00;0,4870
2026-08-21 07:00;0,8824
2026-08-21 08:00;0,2840
2026-08-21 09:00;0,1825
2026-08-21 10:00;0,1300
2026-08-21 11:00;0,0616
2026-08-21 12:00;0,0247
2026-08-21 13:00;0,2248
2026-08-21 14:00;0,4129
2026-08-21 15:00;0,4368
2026-08-21 16:00;1,0000
2026-08-21 17:00;0,5794
2026-08-21 18:00;0,3438
2026-08-21 19:00;0,2443
2026-08-21 20:00;0,1557
2026-08-21 21:00;0,0995
2026-08-21 22:00;0,0794
2026-08-21 23:00;0,0515
2026-08-22 00:00;0,0299
2026-08-22 01:00;0,1315
2026-08-22 02:00;0,2075
2026-08-22 03:00;0,1417
2026-08-22 04:00;0,1515
2026-08-22 05:00;0,1995
2026-08-22 06:00;0,0919
2026-08-22 07:00;0,1348
2026-08-22 08:00;0,1533
2026-08-22 09:00;0,1232
2026-08-22 10:00;0,1578
2026-08-22 11:00;0,1783
2026-08-22 12:00;0,1730
2026-08-22 13:00;0,1291
2026-08-22 14:00;0,0514
2026-08-22 15:00;0,8219
2026-08-22 16:00;1,0000
2026-08-22 17:00;1,0000
2026-08-22 18:00;0,9273
2026-08-22 19:00;1,0000
2026-08-22 20:00;0,2444
2026-08-22 21:00;0,0640
2026-08-22 22:00;0,1322
2026-08-22 23:00;0,1999
2026-08-23 00:00;0,1538
2026-08-23 01:00;0,1850
2026-08-23 02:00;0,1956
2026-08-23 03:00;0,2086
2026-08-23 04:00;0,1678
2026-08-23 05:00;0,1157
2026-08-23 06:00;0,0646
2026-08-23 07:00;0,1036
2026-08-23 08:00;0,1161
2026-08-23 09:00;0,1058
2026-08-23 10:00;0,0776
2026-08-23 11:00;0,0506
2026-08-23 12:00;0,3071
2026-08-23 13:00;1,0000
2026-08-23 14:00;0,9263
2026-08-23 15:00;1,0000
2026-08-23 16:00;1,0000
2026-08-23 17:00;0,9191
2026-08-23 18:00;0,6749
2026-08-23 19:00;1,0000
2026-08-23 20:00;0,2375
2026-08-23 21:00;0,1066
2026-08-23 22:00;0,1440
2026-08-23 23:00;0,1506
2026-08-24 00:00;0,0844
2026-08-24 01:00;0,0891
2026-08-24 02:00;0,1109
2026-08-24 03:00;0,0545
2026-08-24 04:00;0,0356
2026-08-24 05:00;0,0207
2026-08-24 06:00;0,0509
2026-08-24 07:00;0,0229
2026-08-24 08:00;0,0211
2026-08-24 09:00;0,0558
2026-08-24 10:00;0,2436
2026-08-24 11:00;0,4604
2026-08-24 12:00;0,5498
2026-08-24 13:00;1,0000
2026-08-24 14:00;0,4838
2026-08-24 15:00;0,9247
2026-08-24 16:00;1,0000
2026-08-24 17:00;0,2513
2026-08-24 18:00;0,2228
2026-08-24 19:00;0,2681
2026-08-24 20:00;0,3886
2026-08-24 21:00;0,1546
2026-08-24 22:00;0,1366
2026-08-24 23:00;0,1090
2026-08-25 00:00;0,1470
2026-08-25 01:00;0,1852
2026-08-25 02:00;0,2059
2026-08-25 03:00;0,2943
2026-08-25 04:00;0,6806
2026-08-25 05:00;0,2350
2026-08-25 06:00;0,2316
2026-08-25 07:00;0,3270
2026-08-25 08:00;0,1436
2026-08-25 09:00;0,0685
2026-08-25 10:00;0,1751
2026-08-25 11:00;0,3099
2026-08-25 12:00;0,5665
2026-08-25 13:00;1,0000
2026-08-25 14:00;0,7362
2026-08-25 15:00;0,4333
2026-08-25 16:00;1,0000
2026-08-25 17:00;1,0000
2026-08-25 18:00;1,0000
2026-08-25 19:00;1,0000
2026-08-25 20:00;0,1791
2026-08-25 21:00;0,1534
2026-08-25 22:00;0,1944
2026-08-25 23:00;0,2090
2026-08-26 00:00;0,0506
2026-08-26 01:00;0,1151
2026-08-26 02:00;0,1827
2026-08-26 03:00;0,1696
2026-08-26 04:00;0,3964
2026-08-26 05:00;0,1209
2026-08-26 06:00;0,1514
2026-08-26 07:00;0,1257
2026-08-26 08:00;0,2908
2026-08-26 09:00;0,1603
2026-08-26 10:00;0,0818
2026-08-26 11:00;0,6211
2026-08-26 12:00;0,4381
2026-08-26 13:00;0,6625
2026-08-26 14:00;0,4271
2026-08-26 15:00;0,1773
2026-08-26 16:00;1,0000
2026-08-26 17:00;0,7838
2026-08-26 18:00;0,7723
2026-08-26 19:00;1,0000
2026-08-26 20:00;0,0521
2026-08-26 21:00;0,0223
2026-08-26 22:00;0,0507
2026-08-26 23:00;0,0806
2026-08-27 00:00;0,0233
2026-08-27 01:00;0,0605
2026-08-27 02:00;0,0290
2026-08-27 03:00;0,2872
2026-08-27 04:00;0,2330
2026-08-27 05:00;0,2319
2026-08-27 06:00;0,0292
2026-08-27 07:00;0,1409
2026-08-27 08:00;0,2260
2026-08-27 09:00;0,3184
2026-08-27 10:00;0,3780
2026-08-27 11:00;0,0281
2026-08-27 12:00;0,2200
2026-08-27 13:00;0,3023
2026-08-27 14:00;0,8153
2026-08-27 15:00;1,0000
2026-08-27 16:00;1,0000
2026-08-27 17:00;1,0000
2026-08-27 18:00;1,0000
2026-08-27 19:00;1,0000
2026-08-27 20:00;0,1692
2026-08-27 21:00;0,4130
2026-08-27 22:00;0,2516
2026-08-27 23:00;0,0622
2026-08-28 00:00;0,1698
2026-08-28 01:00;0,1812
2026-08-28 02:00;0,2043
2026-08-28 03:00;0,3822
2026-08-28 04:00;0,2373
2026-08-28 05:00;0,1008
2026-08-28 06:00;0,2916
2026-08-28 07:00;0,1489
2026-08-28 08:00;0,0268
2026-08-28 09:00;0,1872
2026-08-28 10:00;0,4165
2026-08-28 11:00;0,2871
2026-08-28 12:00;0,0775
2026-08-28 13:00;0,2173
2026-08-28 14:00;0,3912
2026-08-28 15:00;0,3583
2026-08-28 16:00;1,0000
2026-08-28 17:00;1,0000
2026-08-28 18:00;1,0000
2026-08-28 19:00;1,0000
2026-08-28 20:00;0,4909
2026-08-28 21:00;0,3004
2026-08-28 22:00;0,1894
2026-08-28 23:00;0,2432
2026-08-29 00:00;0,1950
2026-08-29 01:00;0,1760
2026-08-29 02:00;0,1346
2026-08-29 03:00;0,0952
2026-08-29 04:00;0,1015
2026-08-29 05:00;0,1347
2026-08-29 06:00;0,0671
2026-08-29 07:00;0,1744
2026-08-29 08:00;0,2704
2026-08-29 09:00;0,4117
2026-08-29 10:00;0,2412
2026-08-29 11:00;0,0878
2026-08-29 12:00;0,1732
2026-08-29 13:00;0,3917
2026-08-29 14:00;0,5289
2026-08-29 15:00;0,4821
2026-08-29 16:00;1,0000
2026-08-29 17:00;0,5248
2026-08-29 18:00;0,5177
2026-08-29 19:00;0,3032
2026-08-29 20:00;0,1374
2026-08-29 21:00;0,2934
2026-08-29 22:00;0,3024
2026-08-29 23:00;0,1361
2026-08-30 00:00;0,0524
2026-08-30 01:00;0,0325
2026-08-30 02:00;0,0168
2026-08-30 03:00;0,0214
2026-08-30 04:00;0,1043
2026-08-30 05:00;0,0233
2026-08-30 06:00;0,0197
2026-08-30 07:00;0,0358
2026-08-30 08:00;0,0579
2026-08-30 09:00;0,0426
2026-08-30 10:00;0,0204
2026-08-30 11:00;0,3107
2026-08-30 12:00;0,3475
2026-08-30 13:00;1,0000
2026-08-30 14:00;0,7131
2026-08-30 15:00;0,6015
2026-08-30 16:00;1,0000
2026-08-30 17:00;0,7747
2026-08-30 18:00;0,7925
2026-08-30 19:00;1,0000
2026-08-30 20:00;0,2729
2026-08-30 21:00;0,0490
2026-08-30 22:00;0,0523
2026-08-30 23:00;0,0544
2026-08-31 00:00;0,1187
2026-08-31 01:00;0,1590
2026-08-31 02:00;0,2210
2026-08-31 03:00;0,3559
2026-08-31 04:00;0,7602
2026-08-31 05:00;0,2964
2026-08-31 06:00;0,1263
2026-08-31 07:00;0,0138
2026-08-31 08:00;0,2230
2026-08-31 09:00;0,0172
2026-08-31 10:00;0,1323
2026-08-31 11:00;0,2260
2026-08-31 12:00;0,4018
2026-08-31 13:00;1,0000
2026-08-31 14:00;1,0000
2026-08-31 15:00;0,6256
2026-08-31 16:00;1,0000
2026-08-31 17:00;0,4512
2026-08-31 18:00;0,6966
2026-08-31 19:00;0,3330
2026-08-31 20:00;0,0397
2026-08-31 21:00;0,0722
2026-08-31 22:00;0,0728
2026-08-31 23:00;0,0975
2026-09-01 00:00;0,0971
2026-09-01 01:00;0,1218
2026-09-01 02:00;0,1494
2026-09-01 03:00;0,1432
2026-09-01 04:00;0,1664
2026-09-01 05:00;0,1656
2026-09-01 06:00;0,1766
2026-09-01 07:00;0,0435
2026-09-01 08:00;0,1153
2026-09-01 09:00;0,1405
2026-09-01 10:00;0,0370
2026-09-01 11:00;0,2422
2026-09-01 12:00;0,1500
2026-09-01 13:00;0,2176
2026-09-01 14:00;0,4368
2026-09-01 15:00;0,3728
2026-09-01 16:00;0,7371
2026-09-01 17:00;0,5903
2026-09-01 18:00;0,5873
2026-09-01 19:00;0,1509
2026-09-01 20:00;0,2132
2026-09-01 21:00;0,2406
2026-09-01 22:00;0,0347
2026-09-01 23:00;0,0660
2026-09-02 00:00;0,4148
2026-09-02 01:00;0,6575
2026-09-02 02:00;0,1704
2026-09-02 03:00;0,2183
2026-09-02 04:00;0,0603
2026-09-02 05:00;0,0444
2026-09-02 06:00;0,0284
2026-09-02 07:00;0,1310
2026-09-02 08:00;0,0302
2026-09-02 09:00;0,2964
2026-09-02 10:00;0,6332
2026-09-02 11:00;0,4002
2026-09-02 12:00;0,0562
2026-09-02 13:00;0,0798
2026-09-02 14:00;0,0962
2026-09-02 15:00;0,0606
2026-09-02 16:00;0,0764
2026-09-02 17:00;0,0931
2026-09-02 18:00;0,0313
2026-09-02 19:00;0,0808
2026-09-02 20:00;0,1468
2026-09-02 21:00;0,1116
2026-09-02 22:00;0,5532
2026-09-02 23:00;0,4071
2026-09-03 00:00;0,1936
2026-09-03 01:00;0,1442
2026-09-03 02:00;0,0693
2026-09-03 03:00;0,0623
2026-09-03 04:00;0,0916
2026-09-03 05:00;0,1000
2026-09-03 06:00;0,2131
2026-09-03 07:00;0,2214
2026-09-03 08:00;0,3744
2026-09-03 09:00;0,4332
2026-09-03 10:00;0,7359
2026-09-03 11:00;0,7187
2026-09-03 12:00;1,0000
2026-09-03 13:00;1,0000
2026-09-03 14:00;0,8042
2026-09-03 15:00;0,2914
2026-09-03 16:00;0,3481
2026-09-03 17:00;0,3895
2026-09-03 18:00;0,2433
2026-09-03 19:00;0,0498
2026-09-03 20:00;0,0628
2026-09-03 21:00;0,0833
2026-09-03 22:00;0,0754
2026-09-03 23:00;0,0545
2026-09-04 00:00;0,1793
2026-09-04 01:00;0,4071
2026-09-04 02:00;0,3295
2026-09-04 03:00;0,2144
2026-09-04 04:00;0,3855
2026-09-04 05:00;0,2053
2026-09-04 06:00;0,2628
2026-09-04 07:00;0,4227
2026-09-04 08:00;0,1545
2026-09-04 09:00;0,1447
2026-09-04 10:00;0,1077
2026-09-04 11:00;0,0994
2026-09-04 12:00;0,2417
2026-09-04 13:00;0,1942
2026-09-04 14:00;0,1554
2026-09-04 15:00;0,2839
2026-09-04 16:00;0,3715
2026-09-04 17:00;0,5092
2026-09-04 18:00;0,5562
2026-09-04 19:00;0,4987
2026-09-04 20:00;0,4632
2026-09-04 21:00;0,5036
2026-09-04 22:00;0,3148
2026-09-04 23:00;0,1780
2026-09-05 00:00;0,1955
2026-09-05 01:00;0,1721
2026-09-05 02:00;0,1711
2026-09-05 03:00;0,1078
2026-09-05 04:00;0,1041
2026-09-05 05:00;0,1083
2026-09-05 06:00;0,1237
2026-09-05 07:00;0,0990
2026-09-05 08:00;0,0536
2026-09-05 09:00;0,0890
2026-09-05 10:00;0,3214
2026-09-05 11:00;0,5587
2026-09-05 12:00;0,5863
2026-09-05 13:00;1,0000
2026-09-05 14:00;0,4826
2026-09-05 15:00;0,2868
2026-09-05 16:00;0,0544
2026-09-05 17:00;0,2762
2026-09-05 18:00;0,3810
2026-09-05 19:00;0,2095
2026-09-05 20:00;0,0250
2026-09-05 21:00;0,1766
2026-09-05 22:00;0,2202
2026-09-05 23:00;0,2788
2026-09-06 00:00;0,2476
2026-09-06 01:00;0,1929
2026-09-06 02:00;0,1816
2026-09-06 03:00;0,0233
2026-09-06 04:00;0,4608
2026-09-06 05:00;0,0248
2026-09-06 06:00;0,0990
2026-09-06 07:00;0,0536
2026-09-06 08:00;0,1231
2026-09-06 09:00;0,2025
2026-09-06 10:00;0,2577
2026-09-06 11:00;0,4423
2026-09-06 12:00;0,3782
2026-09-06 13:00;0,3151
2026-09-06 14:00;0,2156
2026-09-06 15:00;0,2276
2026-09-06 16:00;0,2557
2026-09-06 17:00;0,2670
2026-09-06 18:00;0,1714
2026-09-06 19:00;0,1011
2026-09-06 20:00;0,0222
2026-09-06 21:00;0,2482
2026-09-06 22:00;0,4281
2026-09-06 23:00;0,2689
2026-09-07 00:00;0,0277
2026-09-07 01:00;0,0286
2026-09-07 02:00;0,0595
2026-09-07 03:00;0,1648
2026-09-07 04:00;0,1083
2026-09-07 05:00;0,0585
2026-09-07 06:00;0,0905
2026-09-07 07:00;0,0793
2026-09-07 08:00;0,0674
2026-09-07 09:00;0,1468
2026-09-07 10:00;0,1833
2026-09-07 11:00;0,2621
2026-09-07 12:00;0,3990
2026-09-07 13:00;0,5445
2026-09-07 14:00;0,5409
2026-09-07 15:00;0,3974
2026-09-07 16:00;0,2791
2026-09-07 17:00;0,3082
2026-09-07 18:00;0,0315
2026-09-07 19:00;0,0637
2026-09-07 20:00;0,0980
2026-09-07 21:00;0,1787
2026-09-07 22:00;0,1384
2026-09-07 23:00;0,1150
2026-09-08 00:00;0,3344
2026-09-08 01:00;0,2785
2026-09-08 02:00;0,1845
2026-09-08 03:00;0,1452
2026-09-08 04:00;0,1266
2026-09-08 05:00;0,1252
2026-09-08 06:00;0,2438
2026-09-08 07:00;0,1940
2026-09-08 08:00;0,1947
2026-09-08 09:00;0,1316
2026-09-08 10:00;0,1805
2026-09-08 11:00;0,1935
2026-09-08 12:00;0,1342
2026-09-08 13:00;0,0850
2026-09-08 14:00;0,0274
2026-09-08 15:00;0,1030
2026-09-08 16:00;0,0896
2026-09-08 17:00;0,0686
2026-09-08 18:00;0,0278
2026-09-08 19:00;1,0000
2026-09-08 20:00;0,0278
2026-09-08 21:00;0,0675
2026-09-08 22:00;0,0952
2026-09-08 23:00;0,1041
2026-09-09 00:00;0,1539
2026-09-09 01:00;0,2129
2026-09-09 02:00;0,1957
2026-09-09 03:00;0,2662
2026-09-09 04:00;0,5062
2026-09-09 05:00;0,1986
2026-09-09 06:00;0,2274
2026-09-09 07:00;0,1138
2026-09-09 08:00;0,1163
2026-09-09 09:00;0,0321
2026-09-09 10:00;0,0546
2026-09-09 11:00;0,0630
2026-09-09 12:00;0,0951
2026-09-09 13:00;0,1069
2026-09-09 14:00;0,1380
2026-09-09 15:00;0,0984
2026-09-09 16:00;0,2767
2026-09-09 17:00;0,4536
2026-09-09 18:00;0,5491
2026-09-09 19:00;1,0000
2026-09-09 20:00;0,3835
2026-09-09 21:00;0,0230
2026-09-09 22:00;0,1509
2026-09-09 23:00;0,2456
2026-09-10 00:00;0,9324
2026-09-10 01:00;0,5580
2026-09-10 02:00;0,1063
2026-09-10 03:00;0,1085
2026-09-10 04:00;0,0737
2026-09-10 05:00;0,1153
2026-09-10 06:00;0,1113
2026-09-10 07:00;0,0981
2026-09-10 08:00;0,1097
2026-09-10 09:00;0,1211
2026-09-10 10:00;0,0813
2026-09-10 11:00;0,2223
2026-09-10 12:00;0,2267
2026-09-10 13:00;0,4370
2026-09-10 14:00;0,5146
2026-09-10 15:00;0,7293
2026-09-10 16:00;0,7036
2026-09-10 17:00;0,5026
2026-09-10 18:00;0,4595
2026-09-10 19:00;0,2559
2026-09-10 20:00;0,1549
2026-09-10 21:00;0,0725
2026-09-10 22:00;0,0819
2026-09-10 23:00;0,0879
2026-09-11 00:00;0,1505
2026-09-11 01:00;0,1348
2026-09-11 02:00;0,1834
2026-09-11 03:00;0,0523
2026-09-11 04:00;0,0562
2026-09-11 05:00;0,1449
2026-09-11 06:00;0,2310
2026-09-11 07:00;0,7054
2026-09-11 08:00;0,3374
2026-09-11 09:00;0,3552
2026-09-11 10:00;0,1781
2026-09-11 11:00;0,4012
2026-09-11 12:00;0,5892
2026-09-11 13:00;0,3390
2026-09-11 14:00;0,1344
2026-09-11 15:00;0,2129
2026-09-11 16:00;0,3023
2026-09-11 17:00;0,4521
2026-09-11 18:00;0,5403
2026-09-11 19:00;1,0000
2026-09-11 20:00;0,4380
2026-09-11 21:00;0,4538
2026-09-11 22:00;0,2977
2026-09-11 23:00;0,1528
2026-09-12 00:00;0,7664
2026-09-12 01:00;1,0000
2026-09-12 02:00;0,0334
2026-09-12 03:00;0,0351
2026-09-12 04:00;0,0682
2026-09-12 05:00;0,1000
2026-09-12 06:00;0,0883
2026-09-12 07:00;0,0278
2026-09-12 08:00;0,0298
2026-09-12 09:00;0,4133
2026-09-12 10:00;0,3570
2026-09-12 11:00;0,4100
2026-09-12 12:00;0,0581
2026-09-12 13:00;0,2255
2026-09-12 14:00;0,4573
2026-09-12 15:00;0,3449
2026-09-12 16:00;0,3038
2026-09-12 17:00;0,2734
2026-09-12 18:00;0,1818
2026-09-12 19:00;0,1640
2026-09-12 20:00;0,1890
2026-09-12 21:00;0,0914
2026-09-12 22:00;0,3685
2026-09-12 23:00;0,4561
2026-09-13 00:00;0,0583
2026-09-13 01:00;0,0938
2026-09-13 02:00;0,1333
2026-09-13 03:00;0,0540
2026-09-13 04:00;0,0564
2026-09-13 05:00;0,1062
2026-09-13 06:00;0,0995
2026-09-13 07:00;0,1432
2026-09-13 08:00;0,0487
2026-09-13 09:00;0,0229
2026-09-13 10:00;0,1022
2026-09-13 11:00;0,1803
2026-09-13 12:00;0,3348
2026-09-13 13:00;0,2335
2026-09-13 14:00;0,1031
2026-09-13 15:00;0,5417
2026-09-13 16:00;0,9371
2026-09-13 17:00;0,5299
2026-09-13 18:00;0,3711
2026-09-13 19:00;0,2447
2026-09-13 20:00;0,1195
2026-09-13 21:00;0,1901
2026-09-13 22:00;0,1723
2026-09-13 23:00;0,1771
2026-09-14 00:00;0,2258
2026-09-14 01:00;0,2250
2026-09-14 02:00;0,2283
2026-09-14 03:00;0,2135
2026-09-14 04:00;0,5225
2026-09-14 05:00;0,1770
2026-09-14 06:00;0,1018
2026-09-14 07:00;0,1438
2026-09-14 08:00;0,1563
2026-09-14 09:00;0,3419
2026-09-14 10:00;0,2288
2026-09-14 11:00;0,0871
2026-09-14 12:00;0,1936
2026-09-14 13:00;0,3708
2026-09-14 14:00;0,5423
2026-09-14 15:00;0,7709
2026-09-14 16:00;1,0000
2026-09-14 17:00;0,8679
2026-09-14 18:00;0,3616
2026-09-14 19:00;0,2146
2026-09-14 20:00;0,0819
2026-09-14 21:00;0,1627
2026-09-14 22:00;0,1872
2026-09-14 23:00;0,2363
2026-09-15 00:00;0,2713
2026-09-15 01:00;0,9686
2026-09-15 02:00;0,4108
2026-09-15 03:00;0,2927
2026-09-15 04:00;0,6768
2026-09-15 05:00;0,1113
2026-09-15 06:00;0,0680
2026-09-15 07:00;0,0739
2026-09-15 08:00;0,0918
2026-09-15 09:00;0,2124
2026-09-15 10:00;0,4834
2026-09-15 11:00;0,1290
2026-09-15 12:00;0,1300
2026-09-15 13:00;0,1898
2026-09-15 14:00;0,2312
2026-09-15 15:00;0,4407
2026-09-15 16:00;0,4005
2026-09-15 17:00;0,4341
2026-09-15 18:00;0,6107
2026-09-15 19:00;0,6239
2026-09-15 20:00;0,0676
2026-09-15 21:00;0,4582
2026-09-15 22:00;0,6319
2026-09-15 23:00;0,2810
2026-09-16 00:00;0,2178
2026-09-16 01:00;0,6356
2026-09-16 02:00;0,2269
2026-09-16 03:00;0,2659
2026-09-16 04:00;0,2063
2026-09-16 05:00;0,2037
2026-09-16 06:00;0,2034
2026-09-16 07:00;0,6446
2026-09-16 08:00;0,2614
2026-09-16 09:00;0,2345
2026-09-16 10:00;0,2289
2026-09-16 11:00;0,1790
2026-09-16 12:00;0,0854
2026-09-16 13:00;0,1692
2026-09-16 14:00;0,2898
2026-09-16 15:00;0,3671
2026-09-16 16:00;1,0000
2026-09-16 17:00;0,8523
2026-09-16 18:00;0,0595
2026-09-16 19:00;0,1482
2026-09-16 20:00;0,1908
2026-09-16 21:00;0,1304
2026-09-16 22:00;0,1047
2026-09-16 23:00;0,0624
2026-09-17 00:00;0,0725
2026-09-17 01:00;0,0463
2026-09-17 02:00;0,0261
2026-09-17 03:00;0,1900
2026-09-17 04:00;0,1439
2026-09-17 05:00;0,0714
2026-09-17 06:00;0,0921
2026-09-17 07:00;0,2271
2026-09-17 08:00;0,1252
2026-09-17 09:00;0,2021
2026-09-17 10:00;0,1566
2026-09-17 11:00;0,0955
2026-09-17 12:00;0,5086
2026-09-17 13:00;0,7723
2026-09-17 14:00;0,6583
2026-09-17 15:00;0,7094
2026-09-17 16:00;1,0000
2026-09-17 17:00;0,6766
2026-09-17 18:00;0,4041
2026-09-17 19:00;0,3285
2026-09-17 20:00;0,2239
2026-09-17 21:00;0,1845
2026-09-17 22:00;0,1287
2026-09-17 23:00;0,0931
2026-09-18 00:00;0,1825
2026-09-18 01:00;0,1380
2026-09-18 02:00;0,1034
2026-09-18 03:00;0,0443
2026-09-18 04:00;0,0193
2026-09-18 05:00;0,1003
2026-09-18 06:00;0,1304
2026-09-18 07:00;0,0804
2026-09-18 08:00;0,0549
2026-09-18 09:00;0,0218
2026-09-18 10:00;0,1200
2026-09-18 11:00;0,3060
2026-09-18 12:00;0,2645
2026-09-18 13:00;0,9911
2026-09-18 14:00;0,4595
2026-09-18 15:00;0,5096
2026-09-18 16:00;0,2421
2026-09-18 17:00;0,6401
2026-09-18 18:00;0,6318
2026-09-18 19:00;0,8427
2026-09-18 20:00;0,0845
2026-09-18 21:00;0,1319
2026-09-18 22:00;0,0265
2026-09-18 23:00;0,3654
2026-09-19 00:00;0,1647
2026-09-19 01:00;0,1630
2026-09-19 02:00;0,1392
2026-09-19 03:00;0,1525
2026-09-19 04:00;0,1465
2026-09-19 05:00;0,1418
2026-09-19 06:00;0,1287
2026-09-19 07:00;0,0325
2026-09-19 08:00;0,1245
2026-09-19 09:00;0,4530
2026-09-19 10:00;0,7635
2026-09-19 11:00;0,3152
2026-09-19 12:00;0,3282
2026-09-19 13:00;0,3858
2026-09-19 14:00;0,3881
2026-09-19 15:00;0,4353
2026-09-19 16:00;1,0000
2026-09-19 17:00;0,8217
2026-09-19 18:00;0,5958
2026-09-19 19:00;0,4233
2026-09-19 20:00;0,2032
2026-09-19 21:00;0,0513
2026-09-19 22:00;0,0453
2026-09-19 23:00;0,0513
2026-09-20 00:00;1,0000
2026-09-20 01:00;1,0000
2026-09-20 02:00;0,5996
2026-09-20 03:00;0,1881
2026-09-20 04:00;0,2036
2026-09-20 05:00;0,1782
2026-09-20 06:00;0,1794
2026-09-20 07:00;0,0226
2026-09-20 08:00;0,0844
2026-09-20 09:00;0,4153
2026-09-20 10:00;0,4672
2026-09-20 11:00;0,4469
2026-09-20 12:00;0,3101
2026-09-20 13:00;0,4004
2026-09-20 14:00;0,4902
2026-09-20 15:00;0,4608
2026-09-20 16:00;0,2754
2026-09-20 17:00;0,0593
2026-09-20 18:00;0,0271
2026-09-20 19:00;0,0662
2026-09-20 20:00;0,1050
2026-09-20 21:00;0,1555
2026-09-20 22:00;0,0961
2026-09-20 23:00;0,0252
2026-09-21 00:00;0,2412
2026-09-21 01:00;0,2122
2026-09-21 02:00;0,1631
2026-09-21 03:00;0,0932
2026-09-21 04:00;0,0290
2026-09-21 05:00;0,1854
2026-09-21 06:00;0,1467
2026-09-21 07:00;0,1295
2026-09-21 08:00;0,1516
2026-09-21 09:00;0,2298
2026-09-21 10:00;0,3876
2026-09-21 11:00;0,3737
2026-09-21 12:00;0,0290
2026-09-21 13:00;0,1802
2026-09-21 14:00;0,2814
2026-09-21 15:00;0,2601
2026-09-21 16:00;1,0000
2026-09-21 17:00;0,5581
2026-09-21 18:00;0,8649
2026-09-21 19:00;0,9780
2026-09-21 20:00;0,2245
2026-09-21 21:00;0,0848
2026-09-21 22:00;0,0638
2026-09-21 23:00;0,0571
2026-09-22 00:00;0,2035
2026-09-22 01:00;0,5693
2026-09-22 02:00;0,2052
2026-09-22 03:00;0,2489
2026-09-22 04:00;0,1996
2026-09-22 05:00;0,1831
2026-09-22 06:00;0,1807
2026-09-22 07:00;0,7381
2026-09-22 08:00;0,2864
2026-09-22 09:00;0,3203
2026-09-22 10:00;0,2813
2026-09-22 11:00;0,2558
2026-09-22 12:00;0,1237
2026-09-22 13:00;0,2273
2026-09-22 14:00;0,3421
2026-09-22 15:00;0,3736
2026-09-22 16:00;1,0000
2026-09-22 17:00;0,7842
2026-09-22 18:00;0,0574
2026-09-22 19:00;0,1374
2026-09-22 20:00;0,1995
2026-09-22 21:00;0,1546
2026-09-22 22:00;0,1006
2026-09-22 23:00;0,0650
2026-09-23 00:00;0,2211
2026-09-23 01:00;0,6111
2026-09-23 02:00;0,2358
2026-09-23 03:00;0,3062
2026-09-23 04:00;0,2130
2026-09-23 05:00;0,2302
2026-09-23 06:00;0,2102
2026-09-23 07:00;0,6369
2026-09-23 08:00;0,2481
2026-09-23 09:00;0,2899
2026-09-23 10:00;0,2767
2026-09-23 11:00;0,2156
2026-09-23 12:00;0,1078
2026-09-23 13:00;0,2098
2026-09-23 14:00;0,2910
2026-09-23 15:00;0,3079
2026-09-23 16:00;0,8005
2026-09-23 17:00;0,7022
2026-09-23 18:00;0,0457
2026-09-23 19:00;0,1026
2026-09-23 20:00;0,1637
2026-09-23 21:00;0,1192
2026-09-23 22:00;0,0787
2026-09-23 23:00;0,0436
2026-09-24 00:00;0,0257
2026-09-24 01:00;0,0650
2026-09-24 02:00;0,0892
2026-09-24 03:00;0,0219
2026-09-24 04:00;0,1499
2026-09-24 05:00;0,2718
2026-09-24 06:00;0,1144
2026-09-24 07:00;0,1346
2026-09-24 08:00;0,0707
2026-09-24 09:00;0,1848
2026-09-24 10:00;0,1809
2026-09-24 11:00;0,1946
2026-09-24 12:00;0,4204
2026-09-24 13:00;1,0000
2026-09-24 14:00;0,7106
2026-09-24 15:00;0,6330
2026-09-24 16:00;1,0000
2026-09-24 17:00;0,8570
2026-09-24 18:00;0,6307
2026-09-24 19:00;0,3882
2026-09-24 20:00;0,1873
2026-09-24 21:00;0,1394
2026-09-24 22:00;0,0945
2026-09-24 23:00;0,0299
2026-09-25 00:00;0,2854
2026-09-25 01:00;0,2470
2026-09-25 02:00;0,2279
2026-09-25 03:00;0,0295
2026-09-25 04:00;1,0000
2026-09-25 05:00;0,0281
2026-09-25 06:00;0,1546
2026-09-25 07:00;0,1349
2026-09-25 08:00;0,1418
2026-09-25 09:00;0,1722
2026-09-25 10:00;0,3021
2026-09-25 11:00;0,1407
2026-09-25 12:00;0,1775
2026-09-25 13:00;0,1783
2026-09-25 14:00;0,1345
2026-09-25 15:00;0,1775
2026-09-25 16:00;0,1609
2026-09-25 17:00;0,1390
2026-09-25 18:00;0,0543
2026-09-25 19:00;0,0900
2026-09-25 20:00;0,1424
2026-09-25 21:00;0,1574
2026-09-25 22:00;0,3232
2026-09-25 23:00;0,2019
2026-09-26 00:00;0,0257
2026-09-26 01:00;0,0382
2026-09-26 02:00;0,0570
2026-09-26 03:00;0,0536
2026-09-26 04:00;0,0890
2026-09-26 05:00;0,1510
2026-09-26 06:00;0,1100
2026-09-26 07:00;0,0298
2026-09-26 08:00;0,1502
2026-09-26 09:00;0,1610
2026-09-26 10:00;0,1164
2026-09-26 11:00;0,0825
2026-09-26 12:00;0,2373
2026-09-26 13:00;0,4159
2026-09-26 14:00;0,6406
2026-09-26 15:00;0,8278
2026-09-26 16:00;1,0000
2026-09-26 17:00;0,8372
2026-09-26 18:00;0,7250
2026-09-26 19:00;0,4553
2026-09-26 20:00;0,2105
2026-09-26 21:00;0,0910
2026-09-26 22:00;0,1245
2026-09-26 23:00;0,1465
2026-09-27 00:00;0,2039
2026-09-27 01:00;0,1000
2026-09-27 02:00;0,0964
2026-09-27 03:00;0,1554
2026-09-27 04:00;0,1121
2026-09-27 05:00;0,0680
2026-09-27 06:00;0,0748
2026-09-27 07:00;0,0447
2026-09-27 08:00;0,0290
2026-09-27 09:00;0,1987
2026-09-27 10:00;0,1909
2026-09-27 11:00;0,1947
2026-09-27 12:00;0,7866
2026-09-27 13:00;1,0000
2026-09-27 14:00;0,8349
2026-09-27 15:00;0,4030
2026-09-27 16:00;0,2573
2026-09-27 17:00;0,1354
2026-09-27 18:00;0,0939
2026-09-27 19:00;0,0843
2026-09-27 20:00;0,0641
2026-09-27 21:00;0,0930
2026-09-27 22:00;0,1601
2026-09-27 23:00;0,2166
2026-09-28 00:00;0,2040
2026-09-28 01:00;0,2145
2026-09-28 02:00;0,2039
2026-09-28 03:00;0,1599
2026-09-28 04:00;0,1372
2026-09-28 05:00;0,1565
2026-09-28 06:00;0,1496
2026-09-28 07:00;0,0987
2026-09-28 08:00;0,0608
2026-09-28 09:00;0,0985
2026-09-28 10:00;0,3845
2026-09-28 11:00;0,7126
2026-09-28 12:00;0,7144
2026-09-28 13:00;1,0000
2026-09-28 14:00;0,4506
2026-09-28 15:00;0,2673
2026-09-28 16:00;0,0558
2026-09-28 17:00;0,2835
2026-09-28 18:00;0,3566
2026-09-28 19:00;0,2122
2026-09-28 20:00;0,0316
2026-09-28 21:00;0,2153
2026-09-28 22:00;0,2295
2026-09-28 23:00;0,2852
2026-09-29 00:00;0,2933
2026-09-29 01:00;0,1675
2026-09-29 02:00;0,2287
2026-09-29 03:00;0,2031
2026-09-29 04:00;0,1883
2026-09-29 05:00;0,1333
2026-09-29 06:00;0,2117
2026-09-29 07:00;0,0299
2026-09-29 08:00;0,0289
2026-09-29 09:00;0,1946
2026-09-29 10:00;0,2502
2026-09-29 11:00;0,1240
2026-09-29 12:00;0,1810
2026-09-29 13:00;0,3902
2026-09-29 14:00;0,6422
2026-09-29 15:00;0,8083
2026-09-29 16:00;1,0000
2026-09-29 17:00;0,9877
2026-09-29 18:00;0,8532
2026-09-29 19:00;0,4485
2026-09-29 20:00;0,1723
2026-09-29 21:00;0,4492
2026-09-29 22:00;0,2365
2026-09-29 23:00;0,2948
2026-09-30 00:00;0,2289
2026-09-30 01:00;0,2201
2026-09-30 02:00;0,1893
2026-09-30 03:00;0,1498
2026-09-30 04:00;0,1323
2026-09-30 05:00;0,1220
2026-09-30 06:00;0,1404
2026-09-30 07:00;0,1088
2026-09-30 08:00;0,0592
2026-09-30 09:00;0,0838
2026-09-30 10:00;0,2689
2026-09-30 11:00;0,4446
2026-09-30 12:00;0,5067
2026-09-30 13:00;1,0000
2026-09-30 14:00;0,3994
2026-09-30 15:00;0,2317
2026-09-30 16:00;0,0532
2026-09-30 17:00;0,2433
2026-09-30 18:00;0,3470
2026-09-30 19:00;0,1864
2026-09-30 20:00;0,0342
2026-09-30 21:00;0,1578
2026-09-30 22:00;0,1799
2026-09-30 23:00;0,2090
2026-10-01 00:00;0,2093
2026-10-01 01:00;0,9505
2026-10-01 02:00;0,3742
2026-10-01 03:00;0,3057
2026-10-01 04:00;0,2966
2026-10-01 05:00;0,2450
2026-10-01 06:00;0,0162
2026-10-01 07:00;1,0000
2026-10-01 08:00;0,0117
2026-10-01 09:00;0,0330
2026-10-01 10:00;0,1448
2026-10-01 11:00;0,2656
2026-10-01 12:00;0,2373
2026-10-01 13:00;0,2280
2026-10-01 14:00;0,1875
2026-10-01 15:00;0,1414
2026-10-01 16:00;0,0967
2026-10-01 17:00;0,0491
2026-10-01 18:00;0,3520
2026-10-01 19:00;0,3007
2026-10-01 20:00;0,2520
2026-10-01 21:00;0,2235
2026-10-01 22:00;0,1577
2026-10-01 23:00;0,0877
2026-10-02 00:00;0,2751
2026-10-02 01:00;0,1460
2026-10-02 02:00;0,0429
2026-10-02 03:00;0,0867
2026-10-02 04:00;0,0589
2026-10-02 05:00;0,0432
2026-10-02 06:00;0,0467
2026-10-02 07:00;0,0511
2026-10-02 08:00;0,0471
2026-10-02 09:00;0,3672
2026-10-02 10:00;1,0000
2026-10-02 11:00;0,5077
2026-10-02 12:00;0,5672
2026-10-02 13:00;0,8284
2026-10-02 14:00;0,0592
2026-10-02 15:00;0,0634
2026-10-02 16:00;0,0804
2026-10-02 17:00;0,0887
2026-10-02 18:00;0,0219
2026-10-02 19:00;0,2503
2026-10-02 20:00;0,4993
2026-10-02 21:00;0,3784
2026-10-02 22:00;0,0224
2026-10-02 23:00;0,3221
2026-10-03 00:00;0,2265
2026-10-03 01:00;0,8021
2026-10-03 02:00;0,2898
2026-10-03 03:00;0,3548
2026-10-03 04:00;1,0000
2026-10-03 05:00;0,3232
2026-10-03 06:00;0,1793
2026-10-03 07:00;0,2083
2026-10-03 08:00;0,1901
2026-10-03 09:00;0,2842
2026-10-03 10:00;0,3911
2026-10-03 11:00;0,0248
2026-10-03 12:00;0,0627
2026-10-03 13:00;0,0486
2026-10-03 14:00;0,0260
2026-10-03 15:00;0,0910
2026-10-03 16:00;0,0704
2026-10-03 17:00;0,0582
2026-10-03 18:00;0,2171
2026-10-03 19:00;0,2546
2026-10-03 20:00;0,2766
2026-10-03 21:00;0,1666
2026-10-03 22:00;0,2136
2026-10-03 23:00;0,0285
2026-10-04 00:00;0,0528
2026-10-04 01:00;0,0839
2026-10-04 02:00;0,1169
2026-10-04 03:00;0,1390
2026-10-04 04:00;0,0271
2026-10-04 05:00;0,0948
2026-10-04 06:00;0,1246
2026-10-04 07:00;0,0230
2026-10-04 08:00;0,0398
2026-10-04 09:00;0,0536
2026-10-04 10:00;0,0559
2026-10-04 11:00;0,5660
2026-10-04 12:00;0,5244
2026-10-04 13:00;1,0000
2026-10-04 14:00;0,4005
2026-10-04 15:00;0,3564
2026-10-04 16:00;0,5104
2026-10-04 17:00;0,2725
2026-10-04 18:00;0,2139
2026-10-04 19:00;0,2123
2026-10-04 20:00;0,1676
2026-10-04 21:00;0,1956
2026-10-04 22:00;0,1738
2026-10-04 23:00;0,0866
2026-10-05 00:00;0,2901
2026-10-05 01:00;0,1912
2026-10-05 02:00;0,0846
2026-10-05 03:00;0,0864
2026-10-05 04:00;0,0777
2026-10-05 05:00;0,1257
2026-10-05 06:00;0,0827
2026-10-05 07:00;0,0709
2026-10-05 08:00;0,0515
2026-10-05 09:00;0,0538
2026-10-05 10:00;0,0573
2026-10-05 11:00;0,4517
2026-10-05 12:00;0,2987
2026-10-05 13:00;0,4500
2026-10-05 14:00;0,3348
2026-10-05 15:00;0,2831
2026-10-05 16:00;0,2041
2026-10-05 17:00;0,1153
2026-10-05 18:00;0,0841
2026-10-05 19:00;0,0607
2026-10-05 20:00;0,0259
2026-10-05 21:00;0,1044
2026-10-05 22:00;0,1486
2026-10-05 23:00;0,1845
2026-10-06 00:00;0,1686
2026-10-06 01:00;0,5562
2026-10-06 02:00;0,2975
2026-10-06 03:00;0,2525
2026-10-06 04:00;0,5424
2026-10-06 05:00;0,1861
2026-10-06 06:00;0,2184
2026-10-06 07:00;0,2567
2026-10-06 08:00;0,2490
2026-10-06 09:00;0,4692
2026-10-06 10:00;0,3345
2026-10-06 11:00;0,5284
2026-10-06 12:00;0,0224
2026-10-06 13:00;0,0492
2026-10-06 14:00;0,0696
2026-10-06 15:00;0,0402
2026-10-06 16:00;0,0333
2026-10-06 17:00;0,0192
2026-10-06 18:00;0,5703
2026-10-06 19:00;0,3377
2026-10-06 20:00;0,1146
2026-10-06 21:00;0,0261
2026-10-06 22:00;0,0615
2026-10-06 23:00;0,0951
2026-10-07 00:00;0,0229
2026-10-07 01:00;0,0502
2026-10-07 02:00;0,0639
2026-10-07 03:00;0,0853
2026-10-07 04:00;0,0953
2026-10-07 05:00;0,1369
2026-10-07 06:00;0,1570
2026-10-07 07:00;0,0978
2026-10-07 08:00;0,0559
2026-10-07 09:00;0,4291
2026-10-07 10:00;0,7646
2026-10-07 11:00;0,5350
2026-10-07 12:00;0,5145
2026-10-07 13:00;0,5586
2026-10-07 14:00;0,5358
2026-10-07 15:00;0,1254
2026-10-07 16:00;0,1299
2026-10-07 17:00;0,1532
2026-10-07 18:00;0,0271
2026-10-07 19:00;0,2705
2026-10-07 20:00;0,2679
2026-10-07 21:00;0,2427
2026-10-07 22:00;0,1546
2026-10-07 23:00;0,0596
2026-10-08 00:00;0,0228
2026-10-08 01:00;0,0537
2026-10-08 02:00;0,0803
2026-10-08 03:00;0,0956
2026-10-08 04:00;0,1315
2026-10-08 05:00;0,1353
2026-10-08 06:00;0,1493
2026-10-08 07:00;0,0993
2026-10-08 08:00;0,0533
2026-10-08 09:00;0,3401
2026-10-08 10:00;0,6756
2026-10-08 11:00;0,4439
2026-10-08 12:00;0,4255
2026-10-08 13:00;0,4527
2026-10-08 14:00;0,4387
2026-10-08 15:00;0,1280
2026-10-08 16:00;0,1484
2026-10-08 17:00;0,1468
2026-10-08 18:00;0,0240
2026-10-08 19:00;0,2690
2026-10-08 20:00;0,2645
2026-10-08 21:00;0,2670
2026-10-08 22:00;0,1513
2026-10-08 23:00;0,0483
2026-10-09 00:00;0,1321
2026-10-09 01:00;0,1686
2026-10-09 02:00;0,1892
2026-10-09 03:00;0,1693
2026-10-09 04:00;0,0542
2026-10-09 05:00;0,1274
2026-10-09 06:00;0,1259
2026-10-09 07:00;0,0948
2026-10-09 08:00;0,0305
2026-10-09 09:00;0,0953
2026-10-09 10:00;0,0974
2026-10-09 11:00;0,4561
2026-10-09 12:00;0,5336
2026-10-09 13:00;0,8648
2026-10-09 14:00;0,4286
2026-10-09 15:00;0,5565
2026-10-09 16:00;0,2773
2026-10-09 17:00;0,0339
2026-10-09 18:00;0,1090
2026-10-09 19:00;0,2388
2026-10-09 20:00;0,3604
2026-10-09 21:00;0,3433
2026-10-09 22:00;0,1134
2026-10-09 23:00;0,0662
2026-10-10 00:00;0,0889
2026-10-10 01:00;0,1096
2026-10-10 02:00;0,1491
2026-10-10 03:00;0,1387
2026-10-10 04:00;0,1322
2026-10-10 05:00;0,1217
2026-10-10 06:00;0,1306
2026-10-10 07:00;0,0907
2026-10-10 08:00;0,0241
2026-10-10 09:00;0,0951
2026-10-10 10:00;0,2488
2026-10-10 11:00;0,4039
2026-10-10 12:00;0,3878
2026-10-10 13:00;0,3941
2026-10-10 14:00;0,4439
2026-10-10 15:00;0,4443
2026-10-10 16:00;0,0252
2026-10-10 17:00;0,0760
2026-10-10 18:00;0,1468
2026-10-10 19:00;0,0780
2026-10-10 20:00;0,0272
2026-10-10 21:00;0,1020
2026-10-10 22:00;0,1260
2026-10-10 23:00;0,1517
2026-10-11 00:00;0,6552
2026-10-11 01:00;0,4035
2026-10-11 02:00;0,1397
2026-10-11 03:00;0,1052
2026-10-11 04:00;0,1737
2026-10-11 05:00;0,2243
2026-10-11 06:00;0,1775
2026-10-11 07:00;0,1334
2026-10-11 08:00;0,0989
2026-10-11 09:00;0,0935
2026-10-11 10:00;0,2641
2026-10-11 11:00;0,4793
2026-10-11 12:00;0,3856
2026-10-11 13:00;0,2370
2026-10-11 14:00;0,1250
2026-10-11 15:00;0,1812
2026-10-11 16:00;0,1704
2026-10-11 17:00;0,2049
2026-10-11 18:00;0,2378
2026-10-11 19:00;0,2033
2026-10-11 20:00;0,1859
2026-10-11 21:00;0,1980
2026-10-11 22:00;0,1409
2026-10-11 23:00;0,0939
2026-10-12 00:00;0,0700
2026-10-12 01:00;0,2268
2026-10-12 02:00;0,0858
2026-10-12 03:00;0,0885
2026-10-12 04:00;0,0856
2026-10-12 05:00;0,0746
2026-10-12 06:00;0,1124
2026-10-12 07:00;0,0690
2026-10-12 08:00;0,0307
2026-10-12 09:00;0,1649
2026-10-12 10:00;0,1722
2026-10-12 11:00;0,3156
2026-10-12 12:00;0,0316
2026-10-12 13:00;0,1439
2026-10-12 14:00;0,2807
2026-10-12 15:00;0,5917
2026-10-12 16:00;0,4401
2026-10-12 17:00;0,3893
2026-10-12 18:00;0,3568
2026-10-12 19:00;0,0534
2026-10-12 20:00;0,0264
2026-10-12 21:00;0,0265
2026-10-12 22:00;0,0852
2026-10-12 23:00;0,1430
2026-10-13 00:00;0,0600
2026-10-13 01:00;0,1176
2026-10-13 02:00;0,1470
2026-10-13 03:00;0,1541
2026-10-13 04:00;0,1282
2026-10-13 05:00;0,1007
2026-10-13 06:00;0,0792
2026-10-13 07:00;0,0582
2026-10-13 08:00;0,1038
2026-10-13 09:00;0,3290
2026-10-13 10:00;0,1063
2026-10-13 11:00;0,0734
2026-10-13 12:00;0,0330
2026-10-13 13:00;0,2904
2026-10-13 14:00;0,2990
2026-10-13 15:00;0,2843
2026-10-13 16:00;0,6672
2026-10-13 17:00;0,4011
2026-10-13 18:00;0,1142
2026-10-13 19:00;0,2936
2026-10-13 20:00;0,4388
2026-10-13 21:00;0,3283
2026-10-13 22:00;0,0282
2026-10-13 23:00;0,0621
2026-10-14 00:00;0,0232
2026-10-14 01:00;0,0507
2026-10-14 02:00;0,2994
2026-10-14 03:00;0,1543
2026-10-14 04:00;0,1233
2026-10-14 05:00;0,0629
2026-10-14 06:00;0,1380
2026-10-14 07:00;0,1133
2026-10-14 08:00;0,0768
2026-10-14 09:00;0,2265
2026-10-14 10:00;0,5327
2026-10-14 11:00;0,3187
2026-10-14 12:00;0,1933
2026-10-14 13:00;0,0977
2026-10-14 14:00;0,0274
2026-10-14 15:00;0,3281
2026-10-14 16:00;0,2145
2026-10-14 17:00;0,0608
2026-10-14 18:00;0,1314
2026-10-14 19:00;0,0486
2026-10-14 20:00;0,1441
2026-10-14 21:00;0,0877
2026-10-14 22:00;0,2158
2026-10-14 23:00;0,3222
2026-10-15 00:00;0,7962
2026-10-15 01:00;0,5173
2026-10-15 02:00;0,1479
2026-10-15 03:00;0,1443
2026-10-15 04:00;0,0929
2026-10-15 05:00;0,0474
2026-10-15 06:00;0,0225
2026-10-15 07:00;0,0853
2026-10-15 08:00;0,1326
2026-10-15 09:00;0,3205
2026-10-15 10:00;0,5768
2026-10-15 11:00;0,0540
2026-10-15 12:00;0,0817
2026-10-15 13:00;0,1573
2026-10-15 14:00;0,2074
2026-10-15 15:00;0,1752
2026-10-15 16:00;0,2056
2026-10-15 17:00;0,1900
2026-10-15 18:00;0,0287
2026-10-15 19:00;1,0000
2026-10-15 20:00;0,0293
2026-10-15 21:00;0,4431
2026-10-15 22:00;0,0294
2026-10-15 23:00;0,4084
2026-10-16 00:00;0,0796
2026-10-16 01:00;0,6140
2026-10-16 02:00;0,6025
2026-10-16 03:00;0,0773
2026-10-16 04:00;0,0834
2026-10-16 05:00;0,0731
2026-10-16 06:00;0,0852
2026-10-16 07:00;0,0953
2026-10-16 08:00;0,2864
2026-10-16 09:00;0,3748
2026-10-16 10:00;0,3944
2026-10-16 11:00;0,0730
2026-10-16 12:00;0,0783
2026-10-16 13:00;0,0805
2026-10-16 14:00;0,2372
2026-10-16 15:00;0,2591
2026-10-16 16:00;0,5190
2026-10-16 17:00;0,2142
2026-10-16 18:00;0,4756
2026-10-16 19:00;0,3214
2026-10-16 20:00;0,0813
2026-10-16 21:00;0,0589
2026-10-16 22:00;0,0442
2026-10-16 23:00;0,0787
2026-10-17 00:00;0,0606
2026-10-17 01:00;0,1111
2026-10-17 02:00;0,0633
2026-10-17 03:00;0,0311
2026-10-17 04:00;0,0505
2026-10-17 05:00;0,0587
2026-10-17 06:00;0,0534
2026-10-17 07:00;0,0917
2026-10-17 08:00;0,3257
2026-10-17 09:00;0,3689
2026-10-17 10:00;0,0513
2026-10-17 11:00;0,0526
2026-10-17 12:00;0,0597
2026-10-17 13:00;0,1401
2026-10-17 14:00;0,2207
2026-10-17 15:00;0,1358
2026-10-17 16:00;0,0912
2026-10-17 17:00;0,0559
2026-10-17 18:00;0,0253
2026-10-17 19:00;0,0581
2026-10-17 20:00;0,0953
2026-10-17 21:00;0,0906
2026-10-17 22:00;1,0000
2026-10-17 23:00;0,6446
2026-10-18 00:00;0,1900
2026-10-18 01:00;0,1655
2026-10-18 02:00;0,1214
2026-10-18 03:00;0,1256
2026-10-18 04:00;0,1259
2026-10-18 05:00;0,1101
2026-10-18 06:00;0,0828
2026-10-18 07:00;0,0543
2026-10-18 08:00;0,0240
2026-10-18 09:00;0,0560
2026-10-18 10:00;0,0906
2026-10-18 11:00;0,1211
2026-10-18 12:00;0,3842
2026-10-18 13:00;0,8006
2026-10-18 14:00;0,5527
2026-10-18 15:00;0,4713
2026-10-18 16:00;0,8660
2026-10-18 17:00;0,3861
2026-10-18 18:00;0,3123
2026-10-18 19:00;0,3295
2026-10-18 20:00;0,3200
2026-10-18 21:00;0,1121
2026-10-18 22:00;0,0283
2026-10-18 23:00;0,2133
2026-10-19 00:00;0,2043
2026-10-19 01:00;0,6492
2026-10-19 02:00;0,2473
2026-10-19 03:00;0,2653
2026-10-19 04:00;0,8906
2026-10-19 05:00;0,2731
2026-10-19 06:00;0,1814
2026-10-19 07:00;0,1808
2026-10-19 08:00;0,2133
2026-10-19 09:00;0,2967
2026-10-19 10:00;0,3613
2026-10-19 11:00;0,0237
2026-10-19 12:00;0,0473
2026-10-19 13:00;0,0370
2026-10-19 14:00;0,0247
2026-10-19 15:00;0,1042
2026-10-19 16:00;0,0731
2026-10-19 17:00;0,0615
2026-10-19 18:00;0,2416
2026-10-19 19:00;0,2663
2026-10-19 20:00;0,2341
2026-10-19 21:00;0,1504
2026-10-19 22:00;0,1973
2026-10-19 23:00;0,0289
2026-10-20 00:00;0,6337
2026-10-20 01:00;0,4417
2026-10-20 02:00;0,1453
2026-10-20 03:00;0,1284
2026-10-20 04:00;0,1060
2026-10-20 05:00;0,0671
2026-10-20 06:00;0,0281
2026-10-20 07:00;0,0944
2026-10-20 08:00;0,1584
2026-10-20 09:00;0,3498
2026-10-20 10:00;0,5301
2026-10-20 11:00;0,0581
2026-10-20 12:00;0,1100
2026-10-20 13:00;0,2184
2026-10-20 14:00;0,3470
2026-10-20 15:00;0,2273
2026-10-20 16:00;0,2254
2026-10-20 17:00;0,2459
2026-10-20 18:00;0,0287
2026-10-20 19:00;1,0000
2026-10-20 20:00;0,0279
2026-10-20 21:00;0,3577
2026-10-20 22:00;0,0274
2026-10-20 23:00;0,4348
2026-10-21 00:00;0,1646
2026-10-21 01:00;0,1278
2026-10-21 02:00;0,1273
2026-10-21 03:00;0,1084
2026-10-21 04:00;0,1172
2026-10-21 05:00;0,1116
2026-10-21 06:00;0,0870
2026-10-21 07:00;0,0610
2026-10-21 08:00;0,0236
2026-10-21 09:00;0,0513
2026-10-21 10:00;0,0935
2026-10-21 11:00;0,1314
2026-10-21 12:00;0,4116
2026-10-21 13:00;0,8803
2026-10-21 14:00;0,5648
2026-10-21 15:00;0,4853
2026-10-21 16:00;0,9789
2026-10-21 17:00;0,4175
2026-10-21 18:00;0,2746
2026-10-21 19:00;0,2758
2026-10-21 20:00;0,2852
2026-10-21 21:00;0,0989
2026-10-21 22:00;0,0254
2026-10-21 23:00;0,1844
2026-10-22 00:00;0,2501
2026-10-22 01:00;0,2001
2026-10-22 02:00;0,0839
2026-10-22 03:00;0,0972
2026-10-22 04:00;0,1010
2026-10-22 05:00;0,1557
2026-10-22 06:00;0,0994
2026-10-22 07:00;0,0685
2026-10-22 08:00;0,0508
2026-10-22 09:00;0,0497
2026-10-22 10:00;0,0563
2026-10-22 11:00;0,4909
2026-10-22 12:00;0,2894
2026-10-22 13:00;0,4718
2026-10-22 14:00;0,3196
2026-10-22 15:00;0,3021
2026-10-22 16:00;0,2374
2026-10-22 17:00;0,1431
2026-10-22 18:00;0,0961
2026-10-22 19:00;0,0670
2026-10-22 20:00;0,0296
2026-10-22 21:00;0,1133
2026-10-22 22:00;0,1483
2026-10-22 23:00;0,1976
2026-10-23 00:00;0,1936
2026-10-23 01:00;0,1501
2026-10-23 02:00;0,1491
2026-10-23 03:00;0,1439
2026-10-23 04:00;0,1660
2026-10-23 05:00;0,1739
2026-10-23 06:00;0,1405
2026-10-23 07:00;0,1062
2026-10-23 08:00;0,0521
2026-10-23 09:00;0,2087
2026-10-23 10:00;0,2408
2026-10-23 11:00;0,3823
2026-10-23 12:00;0,5104
2026-10-23 13:00;0,6641
2026-10-23 14:00;0,0734
2026-10-23 15:00;0,1497
2026-10-23 16:00;0,2013
2026-10-23 17:00;0,3332
2026-10-23 18:00;0,2189
2026-10-23 19:00;0,1171
2026-10-23 20:00;0,0273
2026-10-23 21:00;0,3137
2026-10-23 22:00;0,3182
2026-10-23 23:00;0,2147
2026-10-24 00:00;0,0500
2026-10-24 01:00;0,0731
2026-10-24 02:00;0,0865
2026-10-24 03:00;0,0925
2026-10-24 04:00;0,1603
2026-10-24 05:00;0,0195
2026-10-24 06:00;0,1226
2026-10-24 07:00;0,2069
2026-10-24 08:00;0,0288
2026-10-24 09:00;0,0921
2026-10-24 10:00;0,1174
2026-10-24 11:00;0,2656
2026-10-24 12:00;0,2624
2026-10-24 13:00;0,5107
2026-10-24 14:00;0,2146
2026-10-24 15:00;0,2418
2026-10-24 16:00;0,3909
2026-10-24 17:00;0,0513
2026-10-24 18:00;0,1350
2026-10-24 19:00;0,1488
2026-10-24 20:00;0,1435
2026-10-24 21:00;0,1547
2026-10-24 22:00;0,3447
2026-10-24 23:00;0,4668
2026-10-25 00:00;0,6363
2026-10-25 01:00;0,3391
2026-10-25 02:00;0,1084
2026-10-25 03:00;0,1352
2026-10-25 04:00;0,0854
2026-10-25 05:00;0,0541
2026-10-25 06:00;0,0270
2026-10-25 07:00;0,0980
2026-10-25 08:00;0,1915
2026-10-25 09:00;0,3922
2026-10-25 10:00;0,6660
2026-10-25 11:00;0,0645
2026-10-25 12:00;0,1015
2026-10-25 13:00;0,1789
2026-10-25 14:00;0,2441
2026-10-25 15:00;0,2029
2026-10-25 16:00;0,1917
2026-10-25 17:00;0,1910
2026-10-25 18:00;0,0245
2026-10-25 19:00;1,0000
2026-10-25 20:00;0,0219
2026-10-25 21:00;0,3188
2026-10-25 22:00;0,0243
2026-10-25 23:00;0,3753
2026-10-26 00:00;0,1483
2026-10-26 01:00;0,1780
2026-10-26 02:00;0,1901
2026-10-26 03:00;0,1883
2026-10-26 04:00;0,0625
2026-10-26 05:00;0,3138
2026-10-26 06:00;0,3650
2026-10-26 07:00;0,0540
2026-10-26 08:00;0,3348
2026-10-26 09:00;0,2940
2026-10-26 10:00;0,3551
2026-10-26 11:00;0,4782
2026-10-26 12:00;0,4743
2026-10-26 13:00;0,9140
2026-10-26 14:00;0,4296
2026-10-26 15:00;0,4284
2026-10-26 16:00;0,0910
2026-10-26 17:00;0,1415
2026-10-26 18:00;0,1051
2026-10-26 19:00;0,0937
2026-10-26 20:00;0,0858
2026-10-26 21:00;0,0889
2026-10-26 22:00;0,0786
2026-10-26 23:00;0,0622
2026-10-27 00:00;0,1298
2026-10-27 01:00;0,1208
2026-10-27 02:00;0,0855
2026-10-27 03:00;0,1171
2026-10-27 04:00;0,1264
2026-10-27 05:00;0,1445
2026-10-27 06:00;0,1522
2026-10-27 07:00;0,2028
2026-10-27 08:00;0,0322
2026-10-27 09:00;0,0909
2026-10-27 10:00;0,4653
2026-10-27 11:00;0,6998
2026-10-27 12:00;0,7018
2026-10-27 13:00;0,8966
2026-10-27 14:00;0,5690
2026-10-27 15:00;0,4509
2026-10-27 16:00;0,0806
2026-10-27 17:00;0,3648
2026-10-27 18:00;0,2204
2026-10-27 19:00;0,2190
2026-10-27 20:00;0,2251
2026-10-27 21:00;0,2551
2026-10-27 22:00;0,2579
2026-10-27 23:00;0,0470
2026-10-28 00:00;0,0552
2026-10-28 01:00;0,0566
2026-10-28 02:00;0,0543
2026-10-28 03:00;0,0235
2026-10-28 04:00;0,7820
2026-10-28 05:00;0,0265
2026-10-28 06:00;0,0623
2026-10-28 07:00;0,0792
2026-10-28 08:00;0,0912
2026-10-28 09:00;0,2300
2026-10-28 10:00;0,1731
2026-10-28 11:00;0,2200
2026-10-28 12:00;0,1575
2026-10-28 13:00;0,2153
2026-10-28 14:00;0,2483
2026-10-28 15:00;0,2868
2026-10-28 16:00;0,2259
2026-10-28 17:00;0,1824
2026-10-28 18:00;0,0305
2026-10-28 19:00;0,1114
2026-10-28 20:00;0,2282
2026-10-28 21:00;0,1231
2026-10-28 22:00;0,1207
2026-10-28 23:00;0,1264
2026-10-29 00:00;0,2477
2026-10-29 01:00;0,2823
2026-10-29 02:00;0,3038
2026-10-29 03:00;0,2075
2026-10-29 04:00;0,1908
2026-10-29 05:00;0,1585
2026-10-29 06:00;0,2050
2026-10-29 07:00;0,1151
2026-10-29 08:00;0,0245
2026-10-29 09:00;0,4610
2026-10-29 10:00;0,2332
2026-10-29 11:00;0,0224
2026-10-29 12:00;0,0508
2026-10-29 13:00;0,1846
2026-10-29 14:00;0,2923
2026-10-29 15:00;0,2872
2026-10-29 16:00;0,9746
2026-10-29 17:00;0,3647
2026-10-29 18:00;0,1030
2026-10-29 19:00;0,1969
2026-10-29 20:00;0,3404
2026-10-29 21:00;0,2191
2026-10-29 22:00;0,1779
2026-10-29 23:00;0,2697
2026-10-30 00:00;0,0424
2026-10-30 01:00;0,0834
2026-10-30 02:00;0,0413
2026-10-30 03:00;0,0035
2026-10-30 04:00;0,0135
2026-10-30 05:00;0,0356
2026-10-30 06:00;0,0404
2026-10-30 07:00;0,0686
2026-10-30 08:00;0,2603
2026-10-30 09:00;0,3129
2026-10-30 10:00;0,0216
2026-10-30 11:00;0,0222
2026-10-30 12:00;0,0277
2026-10-30 13:00;0,0867
2026-10-30 14:00;0,1466
2026-10-30 15:00;0,1180
2026-10-30 16:00;0,0620
2026-10-30 17:00;0,0162
2026-10-30 18:00;0,0000
2026-10-30 19:00;0,0251
2026-10-30 20:00;0,0581
2026-10-30 21:00;0,0575
2026-10-30 22:00;1,0000
2026-10-30 23:00;0,6488
2026-10-31 00:00;0,2429
2026-10-31 01:00;0,1982
2026-10-31 02:00;0,1878
2026-10-31 03:00;0,1868
2026-10-31 04:00;0,1220
2026-10-31 05:00;0,0472
2026-10-31 06:00;0,0905
2026-10-31 07:00;0,0130
2026-10-31 08:00;0,0176
2026-10-31 09:00;0,2508
2026-10-31 10:00;0,8310
2026-10-31 11:00;0,4008
2026-10-31 12:00;0,4778
2026-10-31 13:00;0,7310
2026-10-31 14:00;0,0431
2026-10-31 15:00;0,0473
2026-10-31 16:00;0,0201
2026-10-31 17:00;0,0035
2026-10-31 18:00;0,0000
2026-10-31 19:00;0,1497
2026-10-31 20:00;0,3543
2026-10-31 21:00;0,2668
2026-10-31 22:00;0,0018
2026-10-31 23:00;0,0839
2026-11-01 00:00;0,0824
2026-11-01 01:00;0,0820
2026-11-01 02:00;0,1581
2026-11-01 03:00;0,1524
2026-11-01 04:00;0,1600
2026-11-01 05:00;0,1128
2026-11-01 06:00;0,1174
2026-11-01 07:00;0,1183
2026-11-01 08:00;0,1089
2026-11-01 09:00;0,1133
2026-11-01 10:00;0,1067
2026-11-01 11:00;0,1419
2026-11-01 12:00;0,1420
2026-11-01 13:00;0,6608
2026-11-01 14:00;0,6265
2026-11-01 15:00;0,6656
2026-11-01 16:00;0,3453
2026-11-01 17:00;0,3289
2026-11-01 18:00;0,2225
2026-11-01 19:00;0,3248
2026-11-01 20:00;0,3747
2026-11-01 21:00;0,2013
2026-11-01 22:00;0,2696
2026-11-01 23:00;0,2114
2026-11-02 00:00;0,2476
2026-11-02 01:00;0,2679
2026-11-02 02:00;0,3295
2026-11-02 03:00;0,3027
2026-11-02 04:00;0,5763
2026-11-02 05:00;0,2304
2026-11-02 06:00;0,2404
2026-11-02 07:00;0,4908
2026-11-02 08:00;0,1565
2026-11-02 09:00;0,2328
2026-11-02 10:00;0,3149
2026-11-02 11:00;0,0569
2026-11-02 12:00;0,0539
2026-11-02 13:00;0,2065
2026-11-02 14:00;0,3717
2026-11-02 15:00;0,3358
2026-11-02 16:00;0,2660
2026-11-02 17:00;0,2242
2026-11-02 18:00;0,0462
2026-11-02 19:00;0,1751
2026-11-02 20:00;0,3205
2026-11-02 21:00;0,2441
2026-11-02 22:00;0,2618
2026-11-02 23:00;0,1808
2026-11-03 00:00;0,2108
2026-11-03 01:00;0,2704
2026-11-03 02:00;0,3116
2026-11-03 03:00;0,2035
2026-11-03 04:00;0,1995
2026-11-03 05:00;0,1828
2026-11-03 06:00;0,1698
2026-11-03 07:00;0,1545
2026-11-03 08:00;0,2414
2026-11-03 09:00;0,1184
2026-11-03 10:00;0,0720
2026-11-03 11:00;0,0310
2026-11-03 12:00;0,0288
2026-11-03 13:00;0,0631
2026-11-03 14:00;0,0870
2026-11-03 15:00;0,0620
2026-11-03 16:00;0,1645
2026-11-03 17:00;0,2441
2026-11-03 18:00;0,1501
2026-11-03 19:00;0,0312
2026-11-03 20:00;0,0590
2026-11-03 21:00;0,1331
2026-11-03 22:00;0,1702
2026-11-03 23:00;0,1813
2026-11-04 00:00;0,2998
2026-11-04 01:00;0,1834
2026-11-04 02:00;0,0683
2026-11-04 03:00;0,1194
2026-11-04 04:00;0,2338
2026-11-04 05:00;0,2294
2026-11-04 06:00;0,0974
2026-11-04 07:00;0,1623
2026-11-04 08:00;0,1980
2026-11-04 09:00;0,0506
2026-11-04 10:00;0,0535
2026-11-04 11:00;0,0610
2026-11-04 12:00;0,5272
2026-11-04 13:00;0,4235
2026-11-04 14:00;0,4336
2026-11-04 15:00;0,5412
2026-11-04 16:00;0,2990
2026-11-04 17:00;0,3034
2026-11-04 18:00;0,3748
2026-11-04 19:00;0,2471
2026-11-04 20:00;0,0717
2026-11-04 21:00;0,0734
2026-11-04 22:00;0,1220
2026-11-04 23:00;0,1799
2026-11-05 00:00;0,0474
2026-11-05 01:00;0,0424
2026-11-05 02:00;0,0436
2026-11-05 03:00;0,1886
2026-11-05 04:00;0,1007
2026-11-05 05:00;0,0115
2026-11-05 06:00;0,0416
2026-11-05 07:00;0,0462
2026-11-05 08:00;0,0134
2026-11-05 09:00;0,0977
2026-11-05 10:00;0,7754
2026-11-05 11:00;0,5708
2026-11-05 12:00;0,6411
2026-11-05 13:00;0,1880
2026-11-05 14:00;0,3029
2026-11-05 15:00;0,3333
2026-11-05 16:00;0,3864
2026-11-05 17:00;0,3526
2026-11-05 18:00;0,3290
2026-11-05 19:00;0,1561
2026-11-05 20:00;0,0138
2026-11-05 21:00;0,0154
2026-11-05 22:00;0,0277
2026-11-05 23:00;0,0478
2026-11-06 00:00;0,1412
2026-11-06 01:00;0,1641
2026-11-06 02:00;0,2051
2026-11-06 03:00;0,2712
2026-11-06 04:00;0,2177
2026-11-06 05:00;0,1475
2026-11-06 06:00;0,1269
2026-11-06 07:00;0,1397
2026-11-06 08:00;0,1346
2026-11-06 09:00;0,0243
2026-11-06 10:00;0,1645
2026-11-06 11:00;0,3111
2026-11-06 12:00;0,4674
2026-11-06 13:00;0,2795
2026-11-06 14:00;0,0888
2026-11-06 15:00;0,3926
2026-11-06 16:00;0,3266
2026-11-06 17:00;0,3157
2026-11-06 18:00;0,0757
2026-11-06 19:00;0,0478
2026-11-06 20:00;0,0202
2026-11-06 21:00;0,1290
2026-11-06 22:00;0,0902
2026-11-06 23:00;0,0267
2026-11-07 00:00;0,1822
2026-11-07 01:00;0,1811
2026-11-07 02:00;0,1626
2026-11-07 03:00;0,1647
2026-11-07 04:00;0,1701
2026-11-07 05:00;0,0646
2026-11-07 06:00;0,1055
2026-11-07 07:00;0,1234
2026-11-07 08:00;0,1694
2026-11-07 09:00;0,2276
2026-11-07 10:00;0,1372
2026-11-07 11:00;0,0725
2026-11-07 12:00;0,0368
2026-11-07 13:00;0,2085
2026-11-07 14:00;0,3987
2026-11-07 15:00;0,3985
2026-11-07 16:00;0,2448
2026-11-07 17:00;0,0782
2026-11-07 18:00;0,0054
2026-11-07 19:00;0,0874
2026-11-07 20:00;0,1569
2026-11-07 21:00;0,1739
2026-11-07 22:00;0,1369
2026-11-07 23:00;0,1165
2026-11-08 00:00;0,2055
2026-11-08 01:00;0,2191
2026-11-08 02:00;0,2279
2026-11-08 03:00;0,2382
2026-11-08 04:00;0,2466
2026-11-08 05:00;0,1075
2026-11-08 06:00;0,1600
2026-11-08 07:00;0,1974
2026-11-08 08:00;0,2181
2026-11-08 09:00;0,2565
2026-11-08 10:00;0,1766
2026-11-08 11:00;0,0866
2026-11-08 12:00;0,0382
2026-11-08 13:00;0,2135
2026-11-08 14:00;0,3703
2026-11-08 15:00;0,3328
2026-11-08 16:00;0,2135
2026-11-08 17:00;0,0709
2026-11-08 18:00;0,0052
2026-11-08 19:00;0,0877
2026-11-08 20:00;0,1596
2026-11-08 21:00;0,1848
2026-11-08 22:00;0,1331
2026-11-08 23:00;0,0936
2026-11-09 00:00;0,1571
2026-11-09 01:00;0,4485
2026-11-09 02:00;0,1872
2026-11-09 03:00;0,1048
2026-11-09 04:00;0,0262
2026-11-09 05:00;0,1435
2026-11-09 06:00;0,1320
2026-11-09 07:00;0,1347
2026-11-09 08:00;0,1466
2026-11-09 09:00;0,1474
2026-11-09 10:00;0,0882
2026-11-09 11:00;0,2876
2026-11-09 12:00;0,1664
2026-11-09 13:00;0,1983
2026-11-09 14:00;0,2261
2026-11-09 15:00;0,3017
2026-11-09 16:00;0,2128
2026-11-09 17:00;0,1441
2026-11-09 18:00;0,1122
2026-11-09 19:00;0,0942
2026-11-09 20:00;0,0670
2026-11-09 21:00;0,1768
2026-11-09 22:00;0,1867
2026-11-09 23:00;0,1921
2026-11-10 00:00;0,1973
2026-11-10 01:00;0,0232
2026-11-10 02:00;0,0978
2026-11-10 03:00;0,1597
2026-11-10 04:00;0,1122
2026-11-10 05:00;0,1471
2026-11-10 06:00;0,0640
2026-11-10 07:00;0,0637
2026-11-10 08:00;0,1351
2026-11-10 09:00;0,0875
2026-11-10 10:00;0,2160
2026-11-10 11:00;0,1097
2026-11-10 12:00;0,1617
2026-11-10 13:00;0,2720
2026-11-10 14:00;0,3466
2026-11-10 15:00;0,3999
2026-11-10 16:00;0,2438
2026-11-10 17:00;0,1303
2026-11-10 18:00;0,1896
2026-11-10 19:00;0,1067
2026-11-10 20:00;0,0278
2026-11-10 21:00;0,3328
2026-11-10 22:00;0,1653
2026-11-10 23:00;0,0289
2026-11-11 00:00;0,2020
2026-11-11 01:00;0,1519
2026-11-11 02:00;0,2263
2026-11-11 03:00;0,2315
2026-11-11 04:00;0,0255
2026-11-11 05:00;0,3366
2026-11-11 06:00;0,2223
2026-11-11 07:00;0,0642
2026-11-11 08:00;0,0582
2026-11-11 09:00;0,3878
2026-11-11 10:00;0,5440
2026-11-11 11:00;0,5551
2026-11-11 12:00;0,5545
2026-11-11 13:00;0,0314
2026-11-11 14:00;0,2547
2026-11-11 15:00;0,2199
2026-11-11 16:00;0,0278
2026-11-11 17:00;0,0479
2026-11-11 18:00;0,0575
2026-11-11 19:00;0,0598
2026-11-11 20:00;0,2219
2026-11-11 21:00;0,1970
2026-11-11 22:00;0,0615
2026-11-11 23:00;0,2553
2026-11-12 00:00;0,7352
2026-11-12 01:00;0,1181
2026-11-12 02:00;0,1901
2026-11-12 03:00;0,0583
2026-11-12 04:00;0,1546
2026-11-12 05:00;0,0532
2026-11-12 06:00;0,0381
2026-11-12 07:00;0,0236
2026-11-12 08:00;0,3561
2026-11-12 09:00;0,7339
2026-11-12 10:00;0,7755
2026-11-12 11:00;0,2250
2026-11-12 12:00;0,2003
2026-11-12 13:00;0,2113
2026-11-12 14:00;0,0554
2026-11-12 15:00;0,0545
2026-11-12 16:00;0,0616
2026-11-12 17:00;0,0580
2026-11-12 18:00;0,0631
2026-11-12 19:00;0,1108
2026-11-12 20:00;0,2112
2026-11-12 21:00;0,0528
2026-11-12 22:00;0,0569
2026-11-12 23:00;0,1843
2026-11-13 00:00;0,1543
2026-11-13 01:00;0,1466
2026-11-13 02:00;0,1285
2026-11-13 03:00;0,2703
2026-11-13 04:00;0,0513
2026-11-13 05:00;0,2746
2026-11-13 06:00;0,2218
2026-11-13 07:00;0,0983
2026-11-13 08:00;0,1808
2026-11-13 09:00;0,0514
2026-11-13 10:00;0,1002
2026-11-13 11:00;0,1283
2026-11-13 12:00;0,2230
2026-11-13 13:00;0,0222
2026-11-13 14:00;0,3014
2026-11-13 15:00;0,4583
2026-11-13 16:00;0,0600
2026-11-13 17:00;0,4044
2026-11-13 18:00;0,4042
2026-11-13 19:00;0,1158
2026-11-13 20:00;0,0711
2026-11-13 21:00;0,1066
2026-11-13 22:00;0,3055
2026-11-13 23:00;0,1655
2026-11-14 00:00;0,1729
2026-11-14 01:00;0,2474
2026-11-14 02:00;0,2713
2026-11-14 03:00;0,0241
2026-11-14 04:00;0,0845
2026-11-14 05:00;0,1446
2026-11-14 06:00;0,1434
2026-11-14 07:00;0,1270
2026-11-14 08:00;0,0933
2026-11-14 09:00;0,1300
2026-11-14 10:00;0,0576
2026-11-14 11:00;0,2261
2026-11-14 12:00;0,4166
2026-11-14 13:00;0,3791
2026-11-14 14:00;0,3879
2026-11-14 15:00;0,3940
2026-11-14 16:00;0,4292
2026-11-14 17:00;0,3904
2026-11-14 18:00;0,3243
2026-11-14 19:00;0,2123
2026-11-14 20:00;0,1033
2026-11-14 21:00;0,1630
2026-11-14 22:00;0,0562
2026-11-14 23:00;0,1547
2026-11-15 00:00;0,1049
2026-11-15 01:00;0,0271
2026-11-15 02:00;0,0549
2026-11-15 03:00;0,0616
2026-11-15 04:00;0,0781
2026-11-15 05:00;0,0984
2026-11-15 06:00;0,1346
2026-11-15 07:00;0,0556
2026-11-15 08:00;0,0814
2026-11-15 09:00;0,0913
2026-11-15 10:00;0,0232
2026-11-15 11:00;0,6035
2026-11-15 12:00;0,4253
2026-11-15 13:00;0,6600
2026-11-15 14:00;0,3162
2026-11-15 15:00;0,2157
2026-11-15 16:00;0,0286
2026-11-15 17:00;0,0283
2026-11-15 18:00;0,0283
2026-11-15 19:00;0,0800
2026-11-15 20:00;0,1304
2026-11-15 21:00;0,1231
2026-11-15 22:00;0,0911
2026-11-15 23:00;0,0559
2026-11-16 00:00;0,1352
2026-11-16 01:00;0,0842
2026-11-16 02:00;0,1341
2026-11-16 03:00;0,2135
2026-11-16 04:00;0,1014
2026-11-16 05:00;0,2849
2026-11-16 06:00;0,2099
2026-11-16 07:00;0,3144
2026-11-16 08:00;0,2196
2026-11-16 09:00;0,1623
2026-11-16 10:00;0,0935
2026-11-16 11:00;0,2524
2026-11-16 12:00;0,2626
2026-11-16 13:00;0,1683
2026-11-16 14:00;0,0853
2026-11-16 15:00;0,1396
2026-11-16 16:00;0,1724
2026-11-16 17:00;0,1668
2026-11-16 18:00;0,0264
2026-11-16 19:00;0,0851
2026-11-16 20:00;0,1455
2026-11-16 21:00;0,0594
2026-11-16 22:00;0,1208
2026-11-16 23:00;0,1881
2026-11-17 00:00;0,0272
2026-11-17 01:00;0,0302
2026-11-17 02:00;0,0940
2026-11-17 03:00;0,0909
2026-11-17 04:00;0,0924
2026-11-17 05:00;0,0579
2026-11-17 06:00;0,0632
2026-11-17 07:00;0,0607
2026-11-17 08:00;0,0677
2026-11-17 09:00;0,0575
2026-11-17 10:00;0,0515
2026-11-17 11:00;0,0999
2026-11-17 12:00;0,1108
2026-11-17 13:00;0,5618
2026-11-17 14:00;0,4968
2026-11-17 15:00;0,5060
2026-11-17 16:00;0,2690
2026-11-17 17:00;0,2519
2026-11-17 18:00;0,1662
2026-11-17 19:00;0,2256
2026-11-17 20:00;0,2699
2026-11-17 21:00;0,1359
2026-11-17 22:00;0,2079
2026-11-17 23:00;0,1515
2026-11-18 00:00;0,0568
2026-11-18 01:00;0,0507
2026-11-18 02:00;0,0506
2026-11-18 03:00;0,1946
2026-11-18 04:00;0,3665
2026-11-18 05:00;0,2380
2026-11-18 06:00;0,4373
2026-11-18 07:00;0,3646
2026-11-18 08:00;0,3984
2026-11-18 09:00;0,6829
2026-11-18 10:00;0,2249
2026-11-18 11:00;0,0642
2026-11-18 12:00;0,3244
2026-11-18 13:00;0,1621
2026-11-18 14:00;0,2005
2026-11-18 15:00;0,0652
2026-11-18 16:00;0,0678
2026-11-18 17:00;0,0642
2026-11-18 18:00;0,1576
2026-11-18 19:00;0,1003
2026-11-18 20:00;0,0614
2026-11-18 21:00;0,0680
2026-11-18 22:00;0,0702
2026-11-18 23:00;0,0671
2026-11-19 00:00;0,2496
2026-11-19 01:00;0,1224
2026-11-19 02:00;0,1952
2026-11-19 03:00;0,1822
2026-11-19 04:00;0,1984
2026-11-19 05:00;0,1271
2026-11-19 06:00;0,1162
2026-11-19 07:00;0,1187
2026-11-19 08:00;0,0854
2026-11-19 09:00;0,1596
2026-11-19 10:00;0,0423
2026-11-19 11:00;0,0653
2026-11-19 12:00;0,0737
2026-11-19 13:00;0,1002
2026-11-19 14:00;0,1397
2026-11-19 15:00;0,2260
2026-11-19 16:00;0,1823
2026-11-19 17:00;0,1483
2026-11-19 18:00;0,2338
2026-11-19 19:00;0,2864
2026-11-19 20:00;0,3702
2026-11-19 21:00;0,4116
2026-11-19 22:00;0,7453
2026-11-19 23:00;0,2026
2026-11-20 00:00;0,2234
2026-11-20 01:00;0,7474
2026-11-20 02:00;0,2656
2026-11-20 03:00;0,2075
2026-11-20 04:00;0,1323
2026-11-20 05:00;0,2612
2026-11-20 06:00;0,1982
2026-11-20 07:00;0,2647
2026-11-20 08:00;0,3130
2026-11-20 09:00;0,5170
2026-11-20 10:00;0,1028
2026-11-20 11:00;0,1607
2026-11-20 12:00;0,1658
2026-11-20 13:00;0,0938
2026-11-20 14:00;0,0315
2026-11-20 15:00;0,0424
2026-11-20 16:00;0,0615
2026-11-20 17:00;0,2243
2026-11-20 18:00;0,2892
2026-11-20 19:00;0,2409
2026-11-20 20:00;0,1686
2026-11-20 21:00;0,2501
2026-11-20 22:00;0,0622
2026-11-20 23:00;0,2290
2026-11-21 00:00;0,1398
2026-11-21 01:00;0,1009
2026-11-21 02:00;0,1638
2026-11-21 03:00;0,2277
2026-11-21 04:00;0,1106
2026-11-21 05:00;0,2727
2026-11-21 06:00;0,2109
2026-11-21 07:00;0,2896
2026-11-21 08:00;0,2125
2026-11-21 09:00;0,1566
2026-11-21 10:00;0,1100
2026-11-21 11:00;0,3255
2026-11-21 12:00;0,3002
2026-11-21 13:00;0,2175
2026-11-21 14:00;0,0968
2026-11-21 15:00;0,1493
2026-11-21 16:00;0,1399
2026-11-21 17:00;0,1456
2026-11-21 18:00;0,0236
2026-11-21 19:00;0,0861
2026-11-21 20:00;0,1504
2026-11-21 21:00;0,0669
2026-11-21 22:00;0,1045
2026-11-21 23:00;0,1443
2026-11-22 00:00;0,2923
2026-11-22 01:00;0,1031
2026-11-22 02:00;0,2123
2026-11-22 03:00;0,2294
2026-11-22 04:00;0,3033
2026-11-22 05:00;0,1358
2026-11-22 06:00;0,0990
2026-11-22 07:00;0,1037
2026-11-22 08:00;0,0983
2026-11-22 09:00;0,1296
2026-11-22 10:00;0,2796
2026-11-22 11:00;0,5144
2026-11-22 12:00;0,6853
2026-11-22 13:00;0,2834
2026-11-22 14:00;0,1008
2026-11-22 15:00;0,1510
2026-11-22 16:00;0,2024
2026-11-22 17:00;0,2084
2026-11-22 18:00;0,0634
2026-11-22 19:00;0,2575
2026-11-22 20:00;0,4702
2026-11-22 21:00;0,0623
2026-11-22 22:00;0,0629
2026-11-22 23:00;0,0683
2026-11-23 00:00;0,2172
2026-11-23 01:00;0,2130
2026-11-23 02:00;0,2186
2026-11-23 03:00;0,1681
2026-11-23 04:00;0,3197
2026-11-23 05:00;0,1090
2026-11-23 06:00;0,1569
2026-11-23 07:00;0,1534
2026-11-23 08:00;0,2249
2026-11-23 09:00;0,0557
2026-11-23 10:00;0,0280
2026-11-23 11:00;0,1330
2026-11-23 12:00;0,0271
2026-11-23 13:00;0,1086
2026-11-23 14:00;0,1166
2026-11-23 15:00;0,2286
2026-11-23 16:00;0,1429
2026-11-23 17:00;0,0877
2026-11-23 18:00;0,2520
2026-11-23 19:00;0,2924
2026-11-23 20:00;0,3154
2026-11-23 21:00;0,2473
2026-11-23 22:00;0,1920
2026-11-23 23:00;0,1291
2026-11-24 00:00;0,0266
2026-11-24 01:00;0,0433
2026-11-24 02:00;0,0557
2026-11-24 03:00;0,0257
2026-11-24 04:00;0,1070
2026-11-24 05:00;0,1940
2026-11-24 06:00;0,2975
2026-11-24 07:00;0,1708
2026-11-24 08:00;0,2568
2026-11-24 09:00;0,2511
2026-11-24 10:00;0,2631
2026-11-24 11:00;0,0285
2026-11-24 12:00;0,3839
2026-11-24 13:00;0,8045
2026-11-24 14:00;0,5305
2026-11-24 15:00;0,6127
2026-11-24 16:00;0,6491
2026-11-24 17:00;0,5011
2026-11-24 18:00;0,3417
2026-11-24 19:00;0,2088
2026-11-24 20:00;0,0602
2026-11-24 21:00;0,1022
2026-11-24 22:00;0,0831
2026-11-24 23:00;0,0596
2026-11-25 00:00;0,0872
2026-11-25 01:00;0,0640
2026-11-25 02:00;0,0295
2026-11-25 03:00;0,0573
2026-11-25 04:00;0,1880
2026-11-25 05:00;0,0850
2026-11-25 06:00;0,0809
2026-11-25 07:00;0,0442
2026-11-25 08:00;0,0528
2026-11-25 09:00;0,0282
2026-11-25 10:00;0,0682
2026-11-25 11:00;0,2511
2026-11-25 12:00;0,3894
2026-11-25 13:00;0,8240
2026-11-25 14:00;0,2095
2026-11-25 15:00;0,3432
2026-11-25 16:00;0,3397
2026-11-25 17:00;0,2917
2026-11-25 18:00;0,2480
2026-11-25 19:00;0,1821
2026-11-25 20:00;0,1152
2026-11-25 21:00;0,1275
2026-11-25 22:00;0,0722
2026-11-25 23:00;0,0296
2026-11-26 00:00;0,1387
2026-11-26 01:00;0,1205
2026-11-26 02:00;0,1428
2026-11-26 03:00;0,1250
2026-11-26 04:00;0,0509
2026-11-26 05:00;0,1437
2026-11-26 06:00;0,0982
2026-11-26 07:00;0,0266
2026-11-26 08:00;0,1645
2026-11-26 09:00;0,1415
2026-11-26 10:00;0,7316
2026-11-26 11:00;0,4936
2026-11-26 12:00;0,4129
2026-11-26 13:00;0,8069
2026-11-26 14:00;0,5081
2026-11-26 15:00;0,0982
2026-11-26 16:00;0,0701
2026-11-26 17:00;0,0591
2026-11-26 18:00;0,1531
2026-11-26 19:00;0,1320
2026-11-26 20:00;0,1239
2026-11-26 21:00;0,0200
2026-11-26 22:00;0,0346
2026-11-26 23:00;0,0455
2026-11-27 00:00;0,1780
2026-11-27 01:00;0,2426
2026-11-27 02:00;0,3348
2026-11-27 03:00;0,3632
2026-11-27 04:00;0,4193
2026-11-27 05:00;0,1488
2026-11-27 06:00;0,1988
2026-11-27 07:00;0,4129
2026-11-27 08:00;0,1881
2026-11-27 09:00;0,0505
2026-11-27 10:00;0,0680
2026-11-27 11:00;0,0823
2026-11-27 12:00;0,0413
2026-11-27 13:00;0,1050
2026-11-27 14:00;0,1959
2026-11-27 15:00;0,0444
2026-11-27 16:00;0,1318
2026-11-27 17:00;0,2267
2026-11-27 18:00;0,0130
2026-11-27 19:00;0,0499
2026-11-27 20:00;0,0882
2026-11-27 21:00;0,3085
2026-11-27 22:00;0,1748
2026-11-27 23:00;0,0747
2026-11-28 00:00;0,1102
2026-11-28 01:00;0,0235
2026-11-28 02:00;0,0543
2026-11-28 03:00;0,0476
2026-11-28 04:00;0,0656
2026-11-28 05:00;0,0731
2026-11-28 06:00;0,1305
2026-11-28 07:00;0,0515
2026-11-28 08:00;0,0925
2026-11-28 09:00;0,1019
2026-11-28 10:00;0,0239
2026-11-28 11:00;0,7073
2026-11-28 12:00;0,5298
2026-11-28 13:00;0,8439
2026-11-28 14:00;0,3225
2026-11-28 15:00;0,2074
2026-11-28 16:00;0,0186
2026-11-28 17:00;0,0177
2026-11-28 18:00;0,0165
2026-11-28 19:00;0,0661
2026-11-28 20:00;0,1060
2026-11-28 21:00;0,1082
2026-11-28 22:00;0,0734
2026-11-28 23:00;0,0399
2026-11-29 00:00;0,0395
2026-11-29 01:00;0,0053
2026-11-29 02:00;0,0954
2026-11-29 03:00;0,1755
2026-11-29 04:00;0,0304
2026-11-29 05:00;0,0360
2026-11-29 06:00;0,1583
2026-11-29 07:00;0,2918
2026-11-29 08:00;0,0351
2026-11-29 09:00;0,0368
2026-11-29 10:00;0,0406
2026-11-29 11:00;0,0366
2026-11-29 12:00;0,1628
2026-11-29 13:00;0,3865
2026-11-29 14:00;0,6789
2026-11-29 15:00;0,1866
2026-11-29 16:00;0,1614
2026-11-29 17:00;0,1587
2026-11-29 18:00;0,0240
2026-11-29 19:00;0,0937
2026-11-29 20:00;0,1462
2026-11-29 21:00;0,1329
2026-11-29 22:00;0,0668
2026-11-29 23:00;0,1379
2026-11-30 00:00;0,5336
2026-11-30 01:00;0,5430
2026-11-30 02:00;0,0279
2026-11-30 03:00;0,1737
2026-11-30 04:00;0,1055
2026-11-30 05:00;0,0370
2026-11-30 06:00;0,0355
2026-11-30 07:00;0,0316
2026-11-30 08:00;0,0278
2026-11-30 09:00;0,0219
2026-11-30 10:00;0,2339
2026-11-30 11:00;0,4448
2026-11-30 12:00;0,0326
2026-11-30 13:00;0,1165
2026-11-30 14:00;0,0732
2026-11-30 15:00;0,0252
2026-11-30 16:00;0,0278
2026-11-30 17:00;0,0241
2026-11-30 18:00;0,0254
2026-11-30 19:00;0,0182
2026-11-30 20:00;0,3095
2026-11-30 21:00;0,3779
2026-11-30 22:00;0,0524
2026-11-30 23:00;0,0992
2026-12-01 00:00;0,0983
2026-12-01 01:00;0,1782
2026-12-01 02:00;0,1613
2026-12-01 03:00;0,1465
2026-12-01 04:00;0,2947
2026-12-01 05:00;0,1451
2026-12-01 06:00;0,1703
2026-12-01 07:00;0,2106
2026-12-01 08:00;0,2222
2026-12-01 09:00;0,0917
2026-12-01 10:00;0,0927
2026-12-01 11:00;0,0869
2026-12-01 12:00;0,0547
2026-12-01 13:00;1,0000
2026-12-01 14:00;0,0563
2026-12-01 15:00;0,0581
2026-12-01 16:00;0,0697
2026-12-01 17:00;0,0915
2026-12-01 18:00;0,1337
2026-12-01 19:00;0,2042
2026-12-01 20:00;0,2380
2026-12-01 21:00;0,1866
2026-12-01 22:00;0,3979
2026-12-01 23:00;0,1870
2026-12-02 00:00;0,1851
2026-12-02 01:00;0,1713
2026-12-02 02:00;0,1671
2026-12-02 03:00;0,1649
2026-12-02 04:00;0,2619
2026-12-02 05:00;0,1600
2026-12-02 06:00;0,2007
2026-12-02 07:00;0,0697
2026-12-02 08:00;0,1336
2026-12-02 09:00;0,1517
2026-12-02 10:00;0,0419
2026-12-02 11:00;0,3091
2026-12-02 12:00;0,3573
2026-12-02 13:00;0,3164
2026-12-02 14:00;0,2756
2026-12-02 15:00;0,2875
2026-12-02 16:00;0,2178
2026-12-02 17:00;0,1742
2026-12-02 18:00;0,2561
2026-12-02 19:00;0,1912
2026-12-02 20:00;0,3527
2026-12-02 21:00;0,2321
2026-12-02 22:00;0,0992
2026-12-02 23:00;0,0374
2026-12-03 00:00;0,0606
2026-12-03 01:00;0,1563
2026-12-03 02:00;0,1748
2026-12-03 03:00;0,1802
2026-12-03 04:00;0,3922
2026-12-03 05:00;0,1721
2026-12-03 06:00;0,1569
2026-12-03 07:00;0,2077
2026-12-03 08:00;0,2441
2026-12-03 09:00;0,0685
2026-12-03 10:00;0,0621
2026-12-03 11:00;0,0668
2026-12-03 12:00;0,0329
2026-12-03 13:00;1,0000
2026-12-03 14:00;0,0300
2026-12-03 15:00;0,0288
2026-12-03 16:00;0,0455
2026-12-03 17:00;0,0570
2026-12-03 18:00;0,0892
2026-12-03 19:00;0,1262
2026-12-03 20:00;0,1801
2026-12-03 21:00;0,1218
2026-12-03 22:00;0,3545
2026-12-03 23:00;0,1385
2026-12-04 00:00;0,2688
2026-12-04 01:00;0,1395
2026-12-04 02:00;0,0637
2026-12-04 03:00;0,0676
2026-12-04 04:00;0,0425
2026-12-04 05:00;0,0243
2026-12-04 06:00;0,0499
2026-12-04 07:00;0,1422
2026-12-04 08:00;0,0954
2026-12-04 09:00;0,0924
2026-12-04 10:00;0,1225
2026-12-04 11:00;0,2479
2026-12-04 12:00;0,3249
2026-12-04 13:00;0,4196
2026-12-04 14:00;0,3560
2026-12-04 15:00;0,3056
2026-12-04 16:00;0,2497
2026-12-04 17:00;0,2330
2026-12-04 18:00;0,2681
2026-12-04 19:00;0,2905
2026-12-04 20:00;0,3471
2026-12-04 21:00;0,0509
2026-12-04 22:00;0,1306
2026-12-04 23:00;0,0876
2026-12-05 00:00;0,0554
2026-12-05 01:00;0,0544
2026-12-05 02:00;0,0521
2026-12-05 03:00;0,1455
2026-12-05 04:00;0,1042
2026-12-05 05:00;0,0616
2026-12-05 06:00;0,0802
2026-12-05 07:00;0,0684
2026-12-05 08:00;0,0549
2026-12-05 09:00;0,0933
2026-12-05 10:00;0,1402
2026-12-05 11:00;0,2092
2026-12-05 12:00;0,2163
2026-12-05 13:00;0,3515
2026-12-05 14:00;0,5052
2026-12-05 15:00;0,4403
2026-12-05 16:00;0,3891
2026-12-05 17:00;0,2484
2026-12-05 18:00;0,0275
2026-12-05 19:00;0,0664
2026-12-05 20:00;0,1010
2026-12-05 21:00;0,1295
2026-12-05 22:00;0,0857
2026-12-05 23:00;0,0476
2026-12-06 00:00;0,2044
2026-12-06 01:00;0,1389
2026-12-06 02:00;0,0817
2026-12-06 03:00;0,0920
2026-12-06 04:00;0,1735
2026-12-06 05:00;0,2617
2026-12-06 06:00;0,2099
2026-12-06 07:00;0,2738
2026-12-06 08:00;0,0485
2026-12-06 09:00;0,0937
2026-12-06 10:00;0,1050
2026-12-06 11:00;0,0638
2026-12-06 12:00;0,0894
2026-12-06 13:00;0,0998
2026-12-06 14:00;0,1241
2026-12-06 15:00;0,4162
2026-12-06 16:00;0,2294
2026-12-06 17:00;0,0991
2026-12-06 18:00;0,0993
2026-12-06 19:00;0,2168
2026-12-06 20:00;0,2384
2026-12-06 21:00;0,3281
2026-12-06 22:00;0,3348
2026-12-06 23:00;0,3116
2026-12-07 00:00;0,3447
2026-12-07 01:00;0,2796
2026-12-07 02:00;0,2131
2026-12-07 03:00;0,1295
2026-12-07 04:00;0,1201
2026-12-07 05:00;0,1028
2026-12-07 06:00;0,0964
2026-12-07 07:00;0,1484
2026-12-07 08:00;0,0597
2026-12-07 09:00;0,1006
2026-12-07 10:00;0,1159
2026-12-07 11:00;0,1247
2026-12-07 12:00;0,2280
2026-12-07 13:00;0,3869
2026-12-07 14:00;0,5783
2026-12-07 15:00;0,4868
2026-12-07 16:00;0,6410
2026-12-07 17:00;0,1380
2026-12-07 18:00;0,1523
2026-12-07 19:00;0,0584
2026-12-07 20:00;0,0604
2026-12-07 21:00;0,0270
2026-12-07 22:00;0,6564
2026-12-07 23:00;0,0271
2026-12-08 00:00;0,0613
2026-12-08 01:00;0,0294
2026-12-08 02:00;0,1745
2026-12-08 03:00;0,0280
2026-12-08 04:00;0,1715
2026-12-08 05:00;0,1048
2026-12-08 06:00;0,0323
2026-12-08 07:00;0,0282
2026-12-08 08:00;0,0287
2026-12-08 09:00;0,0274
2026-12-08 10:00;0,2207
2026-12-08 11:00;0,3357
2026-12-08 12:00;0,4106
2026-12-08 13:00;0,8042
2026-12-08 14:00;0,6683
2026-12-08 15:00;0,4540
2026-12-08 16:00;0,1981
2026-12-08 17:00;0,1774
2026-12-08 18:00;0,3144
2026-12-08 19:00;0,5026
2026-12-08 20:00;0,1025
2026-12-08 21:00;0,1482
2026-12-08 22:00;0,2202
2026-12-08 23:00;0,0936
2026-12-09 00:00;0,0236
2026-12-09 01:00;0,0882
2026-12-09 02:00;0,1473
2026-12-09 03:00;0,1083
2026-12-09 04:00;0,1938
2026-12-09 05:00;0,0987
2026-12-09 06:00;0,1155
2026-12-09 07:00;0,1039
2026-12-09 08:00;0,0717
2026-12-09 09:00;0,0290
2026-12-09 10:00;0,1615
2026-12-09 11:00;0,3302
2026-12-09 12:00;0,2698
2026-12-09 13:00;0,3102
2026-12-09 14:00;0,3356
2026-12-09 15:00;0,3687
2026-12-09 16:00;0,3103
2026-12-09 17:00;0,2969
2026-12-09 18:00;0,2037
2026-12-09 19:00;0,1492
2026-12-09 20:00;0,1410
2026-12-09 21:00;0,1841
2026-12-09 22:00;0,4366
2026-12-09 23:00;0,1377
2026-12-10 00:00;0,1094
2026-12-10 01:00;0,0910
2026-12-10 02:00;0,0691
2026-12-10 03:00;0,0650
2026-12-10 04:00;0,2117
2026-12-10 05:00;0,3882
2026-12-10 06:00;0,0322
2026-12-10 07:00;0,1741
2026-12-10 08:00;0,2033
2026-12-10 09:00;0,2537
2026-12-10 10:00;0,8325
2026-12-10 11:00;0,5141
2026-12-10 12:00;0,0280
2026-12-10 13:00;0,0616
2026-12-10 14:00;0,0982
2026-12-10 15:00;0,1313
2026-12-10 16:00;0,0739
2026-12-10 17:00;0,0216
2026-12-10 18:00;0,0230
2026-12-10 19:00;0,1824
2026-12-10 20:00;0,3055
2026-12-10 21:00;0,2936
2026-12-10 22:00;0,2096
2026-12-10 23:00;0,0547
2026-12-11 00:00;0,1944
2026-12-11 01:00;0,1865
2026-12-11 02:00;0,0514
2026-12-11 03:00;0,0235
2026-12-11 04:00;0,0650
2026-12-11 05:00;0,0876
2026-12-11 06:00;0,0612
2026-12-11 07:00;0,0283
2026-12-11 08:00;0,0688
2026-12-11 09:00;0,0964
2026-12-11 10:00;0,0813
2026-12-11 11:00;0,0557
2026-12-11 12:00;0,0234
2026-12-11 13:00;0,6844
2026-12-11 14:00;0,5223
2026-12-11 15:00;0,5522
2026-12-11 16:00;0,9813
2026-12-11 17:00;0,4263
2026-12-11 18:00;0,5315
2026-12-11 19:00;0,0707
2026-12-11 20:00;0,1703
2026-12-11 21:00;0,1430
2026-12-11 22:00;0,1131
2026-12-11 23:00;0,0844
2026-12-12 00:00;0,0632
2026-12-12 01:00;0,0276
2026-12-12 02:00;0,0277
2026-12-12 03:00;0,0279
2026-12-12 04:00;0,0676
2026-12-12 05:00;0,1027
2026-12-12 06:00;0,0672
2026-12-12 07:00;0,0635
2026-12-12 08:00;0,0593
2026-12-12 09:00;0,1096
2026-12-12 10:00;0,0286
2026-12-12 11:00;0,2071
2026-12-12 12:00;0,2238
2026-12-12 13:00;0,3577
2026-12-12 14:00;0,4597
2026-12-12 15:00;0,5449
2026-12-12 16:00;0,3316
2026-12-12 17:00;0,0664
2026-12-12 18:00;0,2196
2026-12-12 19:00;0,3790
2026-12-12 20:00;0,4541
2026-12-12 21:00;0,2217
2026-12-12 22:00;0,2224
2026-12-12 23:00;0,2296
2026-12-13 00:00;0,2969
2026-12-13 01:00;0,2868
2026-12-13 02:00;0,3155
2026-12-13 03:00;0,2154
2026-12-13 04:00;0,2004
2026-12-13 05:00;0,1718
2026-12-13 06:00;0,1596
2026-12-13 07:00;0,1693
2026-12-13 08:00;0,1745
2026-12-13 09:00;0,1035
2026-12-13 10:00;0,0626
2026-12-13 11:00;0,0261
2026-12-13 12:00;0,3978
2026-12-13 13:00;0,3668
2026-12-13 14:00;0,3659
2026-12-13 15:00;0,3147
2026-12-13 16:00;0,2127
2026-12-13 17:00;0,0867
2026-12-13 18:00;0,2207
2026-12-13 19:00;0,1283
2026-12-13 20:00;0,0477
2026-12-13 21:00;0,0581
2026-12-13 22:00;0,1612
2026-12-13 23:00;0,1095
2026-12-14 00:00;0,2420
2026-12-14 01:00;0,1849
2026-12-14 02:00;0,2920
2026-12-14 03:00;0,2494
2026-12-14 04:00;0,1431
2026-12-14 05:00;0,1827
2026-12-14 06:00;0,2004
2026-12-14 07:00;0,2846
2026-12-14 08:00;0,2072
2026-12-14 09:00;0,2023
2026-12-14 10:00;0,1811
2026-12-14 11:00;0,1410
2026-12-14 12:00;0,1894
2026-12-14 13:00;0,1563
2026-12-14 14:00;0,3273
2026-12-14 15:00;0,2370
2026-12-14 16:00;0,3511
2026-12-14 17:00;0,2828
2026-12-14 18:00;0,2583
2026-12-14 19:00;0,1454
2026-12-14 20:00;0,0261
2026-12-14 21:00;0,0519
2026-12-14 22:00;0,0216
2026-12-14 23:00;0,0796
2026-12-15 00:00;0,1205
2026-12-15 01:00;0,1481
2026-12-15 02:00;0,1764
2026-12-15 03:00;0,2592
2026-12-15 04:00;0,0803
2026-12-15 05:00;0,1867
2026-12-15 06:00;0,2023
2026-12-15 07:00;0,0895
2026-12-15 08:00;0,2095
2026-12-15 09:00;0,1025
2026-12-15 10:00;0,0570
2026-12-15 11:00;0,0169
2026-12-15 12:00;0,3434
2026-12-15 13:00;0,2299
2026-12-15 14:00;0,2918
2026-12-15 15:00;0,2248
2026-12-15 16:00;0,2573
2026-12-15 17:00;0,1910
2026-12-15 18:00;0,2076
2026-12-15 19:00;0,3847
2026-12-15 20:00;0,2098
2026-12-15 21:00;0,1302
2026-12-15 22:00;0,1217
2026-12-15 23:00;0,1324
2026-12-16 00:00;0,1365
2026-12-16 01:00;0,1259
2026-12-16 02:00;0,1388
2026-12-16 03:00;0,1380
2026-12-16 04:00;0,2458
2026-12-16 05:00;0,1425
2026-12-16 06:00;0,1794
2026-12-16 07:00;0,0537
2026-12-16 08:00;0,1293
2026-12-16 09:00;0,1146
2026-12-16 10:00;0,0246
2026-12-16 11:00;0,3146
2026-12-16 12:00;0,4312
2026-12-16 13:00;0,3594
2026-12-16 14:00;0,2921
2026-12-16 15:00;0,3576
2026-12-16 16:00;0,2859
2026-12-16 17:00;0,2210
2026-12-16 18:00;0,3373
2026-12-16 19:00;0,2385
2026-12-16 20:00;0,3981
2026-12-16 21:00;0,2777
2026-12-16 22:00;0,1133
2026-12-16 23:00;0,0322
2026-12-17 00:00;0,4224
2026-12-17 01:00;0,2607
2026-12-17 02:00;0,0570
2026-12-17 03:00;0,0615
2026-12-17 04:00;0,0664
2026-12-17 05:00;0,0615
2026-12-17 06:00;0,5715
2026-12-17 07:00;0,7033
2026-12-17 08:00;0,1686
2026-12-17 09:00;0,0556
2026-12-17 10:00;0,0641
2026-12-17 11:00;0,0590
2026-12-17 12:00;0,0511
2026-12-17 13:00;0,1458
2026-12-17 14:00;0,2759
2026-12-17 15:00;0,1902
2026-12-17 16:00;0,1820
2026-12-17 17:00;0,4412
2026-12-17 18:00;0,3367
2026-12-17 19:00;0,2495
2026-12-17 20:00;0,1649
2026-12-17 21:00;0,0630
2026-12-17 22:00;0,1944
2026-12-17 23:00;0,1723
2026-12-18 00:00;0,0511
2026-12-18 01:00;0,0588
2026-12-18 02:00;0,0295
2026-12-18 03:00;0,0616
2026-12-18 04:00;0,0542
2026-12-18 05:00;0,0511
2026-12-18 06:00;0,0751
2026-12-18 07:00;0,1688
2026-12-18 08:00;0,0719
2026-12-18 09:00;0,0785
2026-12-18 10:00;0,0616
2026-12-18 11:00;0,0539
2026-12-18 12:00;0,0234
2026-12-18 13:00;0,8241
2026-12-18 14:00;0,0260
2026-12-18 15:00;0,2175
2026-12-18 16:00;0,1339
2026-12-18 17:00;0,0508
2026-12-18 18:00;0,0935
2026-12-18 19:00;0,1239
2026-12-18 20:00;0,2006
2026-12-18 21:00;0,1916
2026-12-18 22:00;0,2025
2026-12-18 23:00;0,2263
2026-12-19 00:00;0,1942
2026-12-19 01:00;0,3871
2026-12-19 02:00;0,1819
2026-12-19 03:00;0,3285
2026-12-19 04:00;0,3146
2026-12-19 05:00;0,2906
2026-12-19 06:00;0,1969
2026-12-19 07:00;0,1887
2026-12-19 08:00;0,1521
2026-12-19 09:00;0,0631
2026-12-19 10:00;0,0650
2026-12-19 11:00;0,0556
2026-12-19 12:00;0,1008
2026-12-19 13:00;0,0693
2026-12-19 14:00;0,0542
2026-12-19 15:00;0,0516
2026-12-19 16:00;0,0389
2026-12-19 17:00;0,0250
2026-12-19 18:00;0,1376
2026-12-19 19:00;0,1878
2026-12-19 20:00;0,0482
2026-12-19 21:00;0,0573
2026-12-19 22:00;0,3981
2026-12-19 23:00;0,2170
2026-12-20 00:00;0,2104
2026-12-20 01:00;0,1894
2026-12-20 02:00;0,0812
2026-12-20 03:00;0,1381
2026-12-20 04:00;0,0618
2026-12-20 05:00;0,1367
2026-12-20 06:00;0,2123
2026-12-20 07:00;0,2364
2026-12-20 08:00;0,1751
2026-12-20 09:00;0,0680
2026-12-20 10:00;0,0286
2026-12-20 11:00;0,0262
2026-12-20 12:00;0,1437
2026-12-20 13:00;0,1521
2026-12-20 14:00;0,1610
2026-12-20 15:00;0,2895
2026-12-20 16:00;0,2846
2026-12-20 17:00;0,2045
2026-12-20 18:00;0,2077
2026-12-20 19:00;0,1307
2026-12-20 20:00;0,0692
2026-12-20 21:00;0,1173
2026-12-20 22:00;0,0402
2026-12-20 23:00;0,0782
2026-12-21 00:00;0,0382
2026-12-21 01:00;1,0000
2026-12-21 02:00;0,0470
2026-12-21 03:00;0,1095
2026-12-21 04:00;0,0774
2026-12-21 05:00;0,0456
2026-12-21 06:00;0,0400
2026-12-21 07:00;0,0766
2026-12-21 08:00;0,1315
2026-12-21 09:00;0,0406
2026-12-21 10:00;0,0512
2026-12-21 11:00;0,0732
2026-12-21 12:00;0,0630
2026-12-21 13:00;0,0792
2026-12-21 14:00;0,0949
2026-12-21 15:00;0,0883
2026-12-21 16:00;0,0827
2026-12-21 17:00;0,0912
2026-12-21 18:00;0,1341
2026-12-21 19:00;0,2641
2026-12-21 20:00;0,4751
2026-12-21 21:00;0,1942
2026-12-21 22:00;0,5037
2026-12-21 23:00;0,1583
2026-12-22 00:00;0,0290
2026-12-22 01:00;0,0457
2026-12-22 02:00;0,0670
2026-12-22 03:00;0,0310
2026-12-22 04:00;0,0982
2026-12-22 05:00;0,1790
2026-12-22 06:00;0,1695
2026-12-22 07:00;0,1094
2026-12-22 08:00;0,0526
2026-12-22 09:00;0,0715
2026-12-22 10:00;0,0741
2026-12-22 11:00;0,0795
2026-12-22 12:00;0,1443
2026-12-22 13:00;0,4126
2026-12-22 14:00;0,6478
2026-12-22 15:00;0,5837
2026-12-22 16:00;0,4919
2026-12-22 17:00;0,2733
2026-12-22 18:00;0,2970
2026-12-22 19:00;0,1724
2026-12-22 20:00;0,0276
2026-12-22 21:00;0,0283
2026-12-22 22:00;0,0602
2026-12-22 23:00;0,0853
2026-12-23 00:00;0,2567
2026-12-23 01:00;0,1658
2026-12-23 02:00;0,0720
2026-12-23 03:00;0,0712
2026-12-23 04:00;0,0477
2026-12-23 05:00;0,0259
2026-12-23 06:00;0,0501
2026-12-23 07:00;0,1115
2026-12-23 08:00;0,0768
2026-12-23 09:00;0,0905
2026-12-23 10:00;0,1534
2026-12-23 11:00;0,2843
2026-12-23 12:00;0,3593
2026-12-23 13:00;0,3817
2026-12-23 14:00;0,3803
2026-12-23 15:00;0,3075
2026-12-23 16:00;0,2370
2026-12-23 17:00;0,1757
2026-12-23 18:00;0,1689
2026-12-23 19:00;0,1974
2026-12-23 20:00;0,2568
2026-12-23 21:00;0,0463
2026-12-23 22:00;0,1291
2026-12-23 23:00;0,0870
2026-12-24 00:00;0,0287
2026-12-24 01:00;0,0261
2026-12-24 02:00;0,1323
2026-12-24 03:00;0,0295
2026-12-24 04:00;0,0621
2026-12-24 05:00;0,1045
2026-12-24 06:00;0,1042
2026-12-24 07:00;0,0866
2026-12-24 08:00;0,0860
2026-12-24 09:00;0,0660
2026-12-24 10:00;0,0814
2026-12-24 11:00;0,1232
2026-12-24 12:00;0,1400
2026-12-24 13:00;0,2783
2026-12-24 14:00;0,3973
2026-12-24 15:00;0,3969
2026-12-24 16:00;0,5906
2026-12-24 17:00;0,1289
2026-12-24 18:00;0,1938
2026-12-24 19:00;0,1059
2026-12-24 20:00;0,1388
2026-12-24 21:00;0,1890
2026-12-24 22:00;0,1957
2026-12-24 23:00;0,1807
2026-12-25 00:00;0,2226
2026-12-25 01:00;0,5117
2026-12-25 02:00;0,2052
2026-12-25 03:00;0,3648
2026-12-25 04:00;0,3566
2026-12-25 05:00;0,2795
2026-12-25 06:00;0,1887
2026-12-25 07:00;0,1812
2026-12-25 08:00;0,1361
2026-12-25 09:00;0,0571
2026-12-25 10:00;0,0563
2026-12-25 11:00;0,0598
2026-12-25 12:00;0,1162
2026-12-25 13:00;0,0904
2026-12-25 14:00;0,0636
2026-12-25 15:00;0,0621
2026-12-25 16:00;0,0422
2026-12-25 17:00;0,0233
2026-12-25 18:00;0,1397
2026-12-25 19:00;0,1975
2026-12-25 20:00;0,0602
2026-12-25 21:00;0,0571
2026-12-25 22:00;0,3076
2026-12-25 23:00;0,1968
2026-12-26 00:00;0,1587
2026-12-26 01:00;0,3559
2026-12-26 02:00;0,0987
2026-12-26 03:00;0,0560
2026-12-26 04:00;0,1216
2026-12-26 05:00;0,0750
2026-12-26 06:00;0,0887
2026-12-26 07:00;0,0974
2026-12-26 08:00;0,0971
2026-12-26 09:00;0,0574
2026-12-26 10:00;0,3581
2026-12-26 11:00;0,2128
2026-12-26 12:00;0,3670
2026-12-26 13:00;0,3457
2026-12-26 14:00;0,3874
2026-12-26 15:00;0,0564
2026-12-26 16:00;0,3727
2026-12-26 17:00;0,2045
2026-12-26 18:00;0,2180
2026-12-26 19:00;0,2224
2026-12-26 20:00;0,2041
2026-12-26 21:00;0,0566
2026-12-26 22:00;0,0671
2026-12-26 23:00;0,0954
2026-12-27 00:00;0,0885
2026-12-27 01:00;0,0970
2026-12-27 02:00;0,1004
2026-12-27 03:00;0,1050
2026-12-27 04:00;0,0263
2026-12-27 05:00;0,1584
2026-12-27 06:00;0,1553
2026-12-27 07:00;0,1338
2026-12-27 08:00;0,1551
2026-12-27 09:00;0,0298
2026-12-27 10:00;0,0592
2026-12-27 11:00;0,1660
2026-12-27 12:00;0,2900
2026-12-27 13:00;0,4200
2026-12-27 14:00;0,4025
2026-12-27 15:00;0,4605
2026-12-27 16:00;0,2637
2026-12-27 17:00;0,0321
2026-12-27 18:00;0,1079
2026-12-27 19:00;0,1525
2026-12-27 20:00;0,2314
2026-12-27 21:00;0,1124
2026-12-27 22:00;0,0793
2026-12-27 23:00;0,0558
2026-12-28 00:00;0,1852
2026-12-28 01:00;0,1671
2026-12-28 02:00;0,1203
2026-12-28 03:00;0,1156
2026-12-28 04:00;0,1497
2026-12-28 05:00;0,2034
2026-12-28 06:00;0,2724
2026-12-28 07:00;0,2082
2026-12-28 08:00;0,1790
2026-12-28 09:00;0,0918
2026-12-28 10:00;0,1845
2026-12-28 11:00;0,1529
2026-12-28 12:00;0,1883
2026-12-28 13:00;0,2523
2026-12-28 14:00;0,3013
2026-12-28 15:00;0,3248
2026-12-28 16:00;0,1561
2026-12-28 17:00;0,1015
2026-12-28 18:00;0,1594
2026-12-28 19:00;0,4204
2026-12-28 20:00;0,1566
2026-12-28 21:00;0,0680
2026-12-28 22:00;0,0649
2026-12-28 23:00;0,0466
2026-12-29 00:00;0,1417
2026-12-29 01:00;0,0231
2026-12-29 02:00;0,0964
2026-12-29 03:00;0,1345
2026-12-29 04:00;0,2775
2026-12-29 05:00;0,1507
2026-12-29 06:00;0,1310
2026-12-29 07:00;0,3271
2026-12-29 08:00;0,1338
2026-12-29 09:00;0,2193
2026-12-29 10:00;0,2349
2026-12-29 11:00;0,2097
2026-12-29 12:00;0,1466
2026-12-29 13:00;0,0252
2026-12-29 14:00;0,0270
2026-12-29 15:00;0,3398
2026-12-29 16:00;0,2066
2026-12-29 17:00;0,0672
2026-12-29 18:00;0,1615
2026-12-29 19:00;0,3466
2026-12-29 20:00;0,4885
2026-12-29 21:00;0,2744
2026-12-29 22:00;0,2353
2026-12-29 23:00;0,1763
2026-12-30 00:00;0,1609
2026-12-30 01:00;0,2151
2026-12-30 02:00;0,2883
2026-12-30 03:00;0,1624
2026-12-30 04:00;0,1599
2026-12-30 05:00;0,1606
2026-12-30 06:00;0,1480
2026-12-30 07:00;0,1602
2026-12-30 08:00;0,1515
2026-12-30 09:00;0,1864
2026-12-30 10:00;0,1716
2026-12-30 11:00;0,1589
2026-12-30 12:00;0,0552
2026-12-30 13:00;0,1574
2026-12-30 14:00;0,2462
2026-12-30 15:00;0,3830
2026-12-30 16:00;0,2689
2026-12-30 17:00;0,1538
2026-12-30 18:00;0,0866
2026-12-30 19:00;0,0835
2026-12-30 20:00;0,0987
2026-12-30 21:00;0,1415
2026-12-30 22:00;0,2109
2026-12-30 23:00;0,0901
2026-12-31 00:00;0,1821
2026-12-31 01:00;0,1842
2026-12-31 02:00;0,1963
2026-12-31 03:00;0,1619
2026-12-31 04:00;0,1654
2026-12-31 05:00;0,1721
2026-12-31 06:00;0,1451
2026-12-31 07:00;0,1265
2026-12-31 08:00;0,1000
2026-12-31 09:00;0,0696
2026-12-31 10:00;0,1019
2026-12-31 11:00;0,1063
2026-12-31 12:00;0,1541
2026-12-31 13:00;0,6117
2026-12-31 14:00;0,4645
2026-12-31 15:00;0,3886
2026-12-31 16:00;0,2170
2026-12-31 17:00;0,1540
2026-12-31 18:00;0,1955
2026-12-31 19:00;0,1803
2026-12-31 20:00;0,1818
2026-12-31 21:00;0,2177
2026-12-31 22:00;0,1884
2026-12-31 23:00;0,0628
