Datetime;CF
2026-01-01 00:00;0,5475
2026-01-01 01:00;0,6776
2026-01-01 02:00;0,5315
2026-01-01 03:00;0,6638
2026-01-01 04:00;0,7502
2026-01-01 05:00;0,7295
2026-01-01 06:00;0,6495
2026-01-01 07:00;0,6871
2026-01-01 08:00;0,7253
2026-01-01 09:00;0,6205
2026-01-01 10:00;0,4149
2026-01-01 11:00;0,7693
2026-01-01 12:00;0,7324
2026-01-01 13:00;0,7525
2026-01-01 14:00;0,7921
2026-01-01 15:00;0,2606
2026-01-01 16:00;0,0590
2026-01-01 17:00;0,0362
2026-01-01 18:00;0,0378
2026-01-01 19:00;0,0576
2026-01-01 20:00;0,0411
2026-01-01 21:00;0,0278
2026-01-01 22:00;0,0713
2026-01-01 23:00;0,0292
2026-01-02 00:00;0,8024
2026-01-02 01:00;0,8200
2026-01-02 02:00;0,7547
2026-01-02 03:00;0,7987
2026-01-02 04:00;0,8819
2026-01-02 05:00;0,7918
2026-01-02 06:00;0,6790
2026-01-02 07:00;0,7566
2026-01-02 08:00;0,6928
2026-01-02 09:00;0,6536
2026-01-02 10:00;0,6048
2026-01-02 11:00;0,0303
2026-01-02 12:00;0,2567
2026-01-02 13:00;0,4662
2026-01-02 14:00;0,7113
2026-01-02 15:00;0,5993
2026-01-02 16:00;0,7890
2026-01-02 17:00;0,0288
2026-01-02 18:00;0,1081
2026-01-02 19:00;0,0855
2026-01-02 20:00;0,2684
2026-01-02 21:00;0,3669
2026-01-02 22:00;0,1926
2026-01-02 23:00;0,0323
2026-01-03 00:00;0,6656
2026-01-03 01:00;0,5414
2026-01-03 02:00;0,7316
2026-01-03 03:00;0,3541
2026-01-03 04:00;0,4841
2026-01-03 05:00;0,6438
2026-01-03 06:00;0,0984
2026-01-03 07:00;0,2332
2026-01-03 08:00;0,0947
2026-01-03 09:00;0,5069
2026-01-03 10:00;0,5070
2026-01-03 11:00;0,8182
2026-01-03 12:00;0,6445
2026-01-03 13:00;0,7888
2026-01-03 14:00;0,6721
2026-01-03 15:00;0,6962
2026-01-03 16:00;0,3071
2026-01-03 17:00;0,4301
2026-01-03 18:00;0,5814
2026-01-03 19:00;0,2449
2026-01-03 20:00;0,6423
2026-01-03 21:00;0,3967
2026-01-03 22:00;0,2393
2026-01-03 23:00;0,2140
2026-01-04 00:00;0,1153
2026-01-04 01:00;0,0567
2026-01-04 02:00;0,0336
2026-01-04 03:00;0,0936
2026-01-04 04:00;0,1518
2026-01-04 05:00;0,0307
2026-01-04 06:00;0,3696
2026-01-04 07:00;0,4084
2026-01-04 08:00;0,5708
2026-01-04 09:00;0,2475
2026-01-04 10:00;0,4041
2026-01-04 11:00;0,5835
2026-01-04 12:00;0,6423
2026-01-04 13:00;0,0904
2026-01-04 14:00;0,6843
2026-01-04 15:00;0,6696
2026-01-04 16:00;0,3636
2026-01-04 17:00;0,7155
2026-01-04 18:00;0,6002
2026-01-04 19:00;0,2880
2026-01-04 20:00;0,7681
2026-01-04 21:00;0,8069
2026-01-04 22:00;0,8724
2026-01-04 23:00;0,7777
2026-01-05 00:00;0,1153
2026-01-05 01:00;0,1206
2026-01-05 02:00;0,7128
2026-01-05 03:00;0,6998
2026-01-05 04:00;0,4504
2026-01-05 05:00;0,7994
2026-01-05 06:00;0,9404
2026-01-05 07:00;0,9611
2026-01-05 08:00;1,0000
2026-01-05 09:00;0,4729
2026-01-05 10:00;0,3020
2026-01-05 11:00;0,4052
2026-01-05 12:00;0,7341
2026-01-05 13:00;0,3303
2026-01-05 14:00;0,7478
2026-01-05 15:00;0,6944
2026-01-05 16:00;0,2846
2026-01-05 17:00;0,3326
2026-01-05 18:00;0,2365
2026-01-05 19:00;0,1124
2026-01-05 20:00;0,6849
2026-01-05 21:00;0,7802
2026-01-05 22:00;0,3643
2026-01-05 23:00;0,7653
2026-01-06 00:00;0,2562
2026-01-06 01:00;0,2698
2026-01-06 02:00;0,2094
2026-01-06 03:00;0,1178
2026-01-06 04:00;0,5009
2026-01-06 05:00;0,5735
2026-01-06 06:00;0,5180
2026-01-06 07:00;0,1517
2026-01-06 08:00;0,2296
2026-01-06 09:00;0,5767
2026-01-06 10:00;0,7063
2026-01-06 11:00;0,6131
2026-01-06 12:00;0,6873
2026-01-06 13:00;0,7550
2026-01-06 14:00;0,8305
2026-01-06 15:00;0,7625
2026-01-06 16:00;0,6304
2026-01-06 17:00;0,6571
2026-01-06 18:00;0,3617
2026-01-06 19:00;0,4020
2026-01-06 20:00;0,2829
2026-01-06 21:00;0,4674
2026-01-06 22:00;0,8132
2026-01-06 23:00;0,8274
2026-01-07 00:00;0,7146
2026-01-07 01:00;0,0000
2026-01-07 02:00;0,7699
2026-01-07 03:00;0,7554
2026-01-07 04:00;0,0000
2026-01-07 05:00;0,1765
2026-01-07 06:00;0,0916
2026-01-07 07:00;0,0000
2026-01-07 08:00;0,4039
2026-01-07 09:00;0,3879
2026-01-07 10:00;0,4155
2026-01-07 11:00;0,4012
2026-01-07 12:00;0,1957
2026-01-07 13:00;0,0000
2026-01-07 14:00;0,7593
2026-01-07 15:00;0,7128
2026-01-07 16:00;0,1448
2026-01-07 17:00;0,7562
2026-01-07 18:00;0,7186
2026-01-07 19:00;0,6136
2026-01-07 20:00;0,7280
2026-01-07 21:00;0,8049
2026-01-07 22:00;0,3145
2026-01-07 23:00;0,3609
2026-01-08 00:00;0,7704
2026-01-08 01:00;0,2179
2026-01-08 02:00;0,7847
2026-01-08 03:00;0,7837
2026-01-08 04:00;0,3937
2026-01-08 05:00;0,3801
2026-01-08 06:00;0,8187
2026-01-08 07:00;0,5947
2026-01-08 08:00;0,6982
2026-01-08 09:00;0,5994
2026-01-08 10:00;0,1296
2026-01-08 11:00;0,3920
2026-01-08 12:00;0,6937
2026-01-08 13:00;0,2791
2026-01-08 14:00;0,0899
2026-01-08 15:00;0,1633
2026-01-08 16:00;0,2223
2026-01-08 17:00;0,5474
2026-01-08 18:00;0,6619
2026-01-08 19:00;0,5899
2026-01-08 20:00;0,5452
2026-01-08 21:00;0,5843
2026-01-08 22:00;0,3810
2026-01-08 23:00;0,7055
2026-01-09 00:00;0,2324
2026-01-09 01:00;0,2064
2026-01-09 02:00;0,2266
2026-01-09 03:00;0,5407
2026-01-09 04:00;0,2927
2026-01-09 05:00;0,5300
2026-01-09 06:00;0,6800
2026-01-09 07:00;0,2521
2026-01-09 08:00;0,6541
2026-01-09 09:00;0,7397
2026-01-09 10:00;0,7017
2026-01-09 11:00;0,8407
2026-01-09 12:00;0,8969
2026-01-09 13:00;0,9164
2026-01-09 14:00;0,8533
2026-01-09 15:00;0,8143
2026-01-09 16:00;0,1063
2026-01-09 17:00;0,2143
2026-01-09 18:00;0,2461
2026-01-09 19:00;0,0743
2026-01-09 20:00;0,0317
2026-01-09 21:00;0,7974
2026-01-09 22:00;0,6979
2026-01-09 23:00;0,9202
2026-01-10 00:00;0,7921
2026-01-10 01:00;0,2786
2026-01-10 02:00;0,8658
2026-01-10 03:00;0,8770
2026-01-10 04:00;0,1094
2026-01-10 05:00;0,1215
2026-01-10 06:00;0,1228
2026-01-10 07:00;0,0686
2026-01-10 08:00;0,0291
2026-01-10 09:00;0,2236
2026-01-10 10:00;0,5366
2026-01-10 11:00;0,6479
2026-01-10 12:00;0,6336
2026-01-10 13:00;0,1075
2026-01-10 14:00;0,6597
2026-01-10 15:00;0,6553
2026-01-10 16:00;0,5559
2026-01-10 17:00;0,6573
2026-01-10 18:00;0,2353
2026-01-10 19:00;0,1177
2026-01-10 20:00;0,7105
2026-01-10 21:00;0,4272
2026-01-10 22:00;0,4167
2026-01-10 23:00;0,8695
2026-01-11 00:00;0,7887
2026-01-11 01:00;0,3614
2026-01-11 02:00;0,7368
2026-01-11 03:00;0,7676
2026-01-11 04:00;0,0946
2026-01-11 05:00;0,8264
2026-01-11 06:00;0,7392
2026-01-11 07:00;0,0830
2026-01-11 08:00;0,6711
2026-01-11 09:00;0,6792
2026-01-11 10:00;0,0967
2026-01-11 11:00;0,7870
2026-01-11 12:00;0,8668
2026-01-11 13:00;0,4318
2026-01-11 14:00;0,8503
2026-01-11 15:00;0,9108
2026-01-11 16:00;0,1074
2026-01-11 17:00;0,6716
2026-01-11 18:00;0,7230
2026-01-11 19:00;0,2172
2026-01-11 20:00;0,4606
2026-01-11 21:00;0,4569
2026-01-11 22:00;0,4473
2026-01-11 23:00;0,2802
2026-01-12 00:00;0,6227
2026-01-12 01:00;0,0137
2026-01-12 02:00;0,1190
2026-01-12 03:00;0,0774
2026-01-12 04:00;0,0501
2026-01-12 05:00;0,0297
2026-01-12 06:00;0,6121
2026-01-12 07:00;0,6542
2026-01-12 08:00;0,4364
2026-01-12 09:00;0,6156
2026-01-12 10:00;0,4383
2026-01-12 11:00;0,7092
2026-01-12 12:00;0,6349
2026-01-12 13:00;0,6636
2026-01-12 14:00;0,7399
2026-01-12 15:00;0,7040
2026-01-12 16:00;0,7950
2026-01-12 17:00;0,7575
2026-01-12 18:00;0,8426
2026-01-12 19:00;0,7628
2026-01-12 20:00;0,5724
2026-01-12 21:00;0,5292
2026-01-12 22:00;0,4783
2026-01-12 23:00;0,2493
2026-01-13 00:00;0,6807
2026-01-13 01:00;0,6327
2026-01-13 02:00;0,6229
2026-01-13 03:00;0,6856
2026-01-13 04:00;0,5861
2026-01-13 05:00;0,5120
2026-01-13 06:00;0,2307
2026-01-13 07:00;0,0925
2026-01-13 08:00;0,5052
2026-01-13 09:00;0,5612
2026-01-13 10:00;0,1116
2026-01-13 11:00;0,0353
2026-01-13 12:00;0,1160
2026-01-13 13:00;0,5380
2026-01-13 14:00;0,6023
2026-01-13 15:00;0,6057
2026-01-13 16:00;0,6417
2026-01-13 17:00;0,5411
2026-01-13 18:00;0,0327
2026-01-13 19:00;0,1169
2026-01-13 20:00;0,6293
2026-01-13 21:00;0,5795
2026-01-13 22:00;0,6658
2026-01-13 23:00;0,0354
2026-01-14 00:00;0,8132
2026-01-14 01:00;0,1147
2026-01-14 02:00;0,1787
2026-01-14 03:00;0,2508
2026-01-14 04:00;0,3936
2026-01-14 05:00;0,5753
2026-01-14 06:00;0,1052
2026-01-14 07:00;0,3949
2026-01-14 08:00;0,2399
2026-01-14 09:00;0,2152
2026-01-14 10:00;0,5274
2026-01-14 11:00;0,2212
2026-01-14 12:00;0,2385
2026-01-14 13:00;0,3729
2026-01-14 14:00;0,2234
2026-01-14 15:00;0,6388
2026-01-14 16:00;0,6445
2026-01-14 17:00;0,6905
2026-01-14 18:00;0,6293
2026-01-14 19:00;0,5708
2026-01-14 20:00;0,7500
2026-01-14 21:00;0,6960
2026-01-14 22:00;0,3976
2026-01-14 23:00;0,7923
2026-01-15 00:00;0,5092
2026-01-15 01:00;0,4273
2026-01-15 02:00;0,3787
2026-01-15 03:00;0,4908
2026-01-15 04:00;0,4837
2026-01-15 05:00;0,0281
2026-01-15 06:00;0,3446
2026-01-15 07:00;0,6276
2026-01-15 08:00;0,7739
2026-01-15 09:00;0,7551
2026-01-15 10:00;0,7388
2026-01-15 11:00;0,8201
2026-01-15 12:00;0,8856
2026-01-15 13:00;0,7727
2026-01-15 14:00;0,7346
2026-01-15 15:00;0,7857
2026-01-15 16:00;0,8276
2026-01-15 17:00;0,8677
2026-01-15 18:00;0,2951
2026-01-15 19:00;0,5591
2026-01-15 20:00;0,4906
2026-01-15 21:00;0,0360
2026-01-15 22:00;0,0313
2026-01-15 23:00;0,0335
2026-01-16 00:00;0,5755
2026-01-16 01:00;0,3960
2026-01-16 02:00;0,2788
2026-01-16 03:00;0,1082
2026-01-16 04:00;0,1060
2026-01-16 05:00;0,3503
2026-01-16 06:00;0,5200
2026-01-16 07:00;0,0976
2026-01-16 08:00;0,5999
2026-01-16 09:00;0,5629
2026-01-16 10:00;0,1064
2026-01-16 11:00;0,8353
2026-01-16 12:00;0,7673
2026-01-16 13:00;0,3584
2026-01-16 14:00;0,7364
2026-01-16 15:00;0,7257
2026-01-16 16:00;0,1113
2026-01-16 17:00;0,0643
2026-01-16 18:00;0,0327
2026-01-16 19:00;0,6522
2026-01-16 20:00;0,7802
2026-01-16 21:00;0,7710
2026-01-16 22:00;0,0982
2026-01-16 23:00;0,6232
2026-01-17 00:00;0,3560
2026-01-17 01:00;0,3539
2026-01-17 02:00;0,2465
2026-01-17 03:00;0,6222
2026-01-17 04:00;0,3257
2026-01-17 05:00;0,2444
2026-01-17 06:00;0,1024
2026-01-17 07:00;0,2336
2026-01-17 08:00;0,1131
2026-01-17 09:00;0,1023
2026-01-17 10:00;0,3310
2026-01-17 11:00;0,7821
2026-01-17 12:00;0,7130
2026-01-17 13:00;0,7599
2026-01-17 14:00;0,5874
2026-01-17 15:00;0,5535
2026-01-17 16:00;0,3245
2026-01-17 17:00;0,2359
2026-01-17 18:00;0,3262
2026-01-17 19:00;0,2655
2026-01-17 20:00;0,1229
2026-01-17 21:00;0,7387
2026-01-17 22:00;0,7034
2026-01-17 23:00;0,7433
2026-01-18 00:00;0,8025
2026-01-18 01:00;0,2408
2026-01-18 02:00;0,8166
2026-01-18 03:00;0,8137
2026-01-18 04:00;0,3827
2026-01-18 05:00;0,3715
2026-01-18 06:00;0,7333
2026-01-18 07:00;0,6296
2026-01-18 08:00;0,7605
2026-01-18 09:00;0,7223
2026-01-18 10:00;0,1601
2026-01-18 11:00;0,4112
2026-01-18 12:00;0,8143
2026-01-18 13:00;0,2961
2026-01-18 14:00;0,0981
2026-01-18 15:00;0,1788
2026-01-18 16:00;0,2178
2026-01-18 17:00;0,5256
2026-01-18 18:00;0,5043
2026-01-18 19:00;0,4314
2026-01-18 20:00;0,4299
2026-01-18 21:00;0,4090
2026-01-18 22:00;0,3585
2026-01-18 23:00;0,6910
2026-01-19 00:00;0,1705
2026-01-19 01:00;0,2214
2026-01-19 02:00;0,1010
2026-01-19 03:00;0,1122
2026-01-19 04:00;0,1002
2026-01-19 05:00;0,1017
2026-01-19 06:00;0,2072
2026-01-19 07:00;0,3052
2026-01-19 08:00;0,6119
2026-01-19 09:00;0,6068
2026-01-19 10:00;0,2230
2026-01-19 11:00;0,6407
2026-01-19 12:00;0,6628
2026-01-19 13:00;0,0880
2026-01-19 14:00;0,6069
2026-01-19 15:00;0,5787
2026-01-19 16:00;0,1980
2026-01-19 17:00;0,6859
2026-01-19 18:00;0,6845
2026-01-19 19:00;0,6255
2026-01-19 20:00;0,6274
2026-01-19 21:00;0,6438
2026-01-19 22:00;0,3818
2026-01-19 23:00;0,7386
2026-01-20 00:00;0,8204
2026-01-20 01:00;0,1230
2026-01-20 02:00;0,2109
2026-01-20 03:00;0,2550
2026-01-20 04:00;0,3544
2026-01-20 05:00;0,5683
2026-01-20 06:00;0,1050
2026-01-20 07:00;0,4033
2026-01-20 08:00;0,2652
2026-01-20 09:00;0,2398
2026-01-20 10:00;0,5414
2026-01-20 11:00;0,2643
2026-01-20 12:00;0,2667
2026-01-20 13:00;0,4447
2026-01-20 14:00;0,2598
2026-01-20 15:00;0,7711
2026-01-20 16:00;0,7237
2026-01-20 17:00;0,6525
2026-01-20 18:00;0,7706
2026-01-20 19:00;0,7345
2026-01-20 20:00;0,7522
2026-01-20 21:00;0,6996
2026-01-20 22:00;0,3285
2026-01-20 23:00;0,7489
2026-01-21 00:00;0,0994
2026-01-21 01:00;0,0973
2026-01-21 02:00;0,3896
2026-01-21 03:00;0,6140
2026-01-21 04:00;0,6583
2026-01-21 05:00;0,4197
2026-01-21 06:00;0,6657
2026-01-21 07:00;0,7158
2026-01-21 08:00;0,6478
2026-01-21 09:00;0,5551
2026-01-21 10:00;0,6348
2026-01-21 11:00;0,0325
2026-01-21 12:00;0,0329
2026-01-21 13:00;0,0290
2026-01-21 14:00;0,0268
2026-01-21 15:00;0,0937
2026-01-21 16:00;0,5654
2026-01-21 17:00;0,3758
2026-01-21 18:00;0,2277
2026-01-21 19:00;0,3229
2026-01-21 20:00;0,6116
2026-01-21 21:00;0,7577
2026-01-21 22:00;0,6043
2026-01-21 23:00;0,7936
2026-01-22 00:00;0,7330
2026-01-22 01:00;0,5718
2026-01-22 02:00;0,6736
2026-01-22 03:00;0,3903
2026-01-22 04:00;0,5836
2026-01-22 05:00;0,8191
2026-01-22 06:00;0,1233
2026-01-22 07:00;0,2746
2026-01-22 08:00;0,1184
2026-01-22 09:00;0,6203
2026-01-22 10:00;0,5911
2026-01-22 11:00;0,7593
2026-01-22 12:00;0,6809
2026-01-22 13:00;0,7667
2026-01-22 14:00;0,6338
2026-01-22 15:00;0,5888
2026-01-22 16:00;0,2670
2026-01-22 17:00;0,3889
2026-01-22 18:00;0,4985
2026-01-22 19:00;0,2242
2026-01-22 20:00;0,5942
2026-01-22 21:00;0,3624
2026-01-22 22:00;0,2356
2026-01-22 23:00;0,2657
2026-01-23 00:00;0,6857
2026-01-23 01:00;0,8816
2026-01-23 02:00;0,8688
2026-01-23 03:00;0,6602
2026-01-23 04:00;0,8146
2026-01-23 05:00;0,6621
2026-01-23 06:00;0,7157
2026-01-23 07:00;0,5269
2026-01-23 08:00;0,0858
2026-01-23 09:00;0,0978
2026-01-23 10:00;0,0503
2026-01-23 11:00;0,0945
2026-01-23 12:00;0,2121
2026-01-23 13:00;0,3442
2026-01-23 14:00;0,7832
2026-01-23 15:00;0,7695
2026-01-23 16:00;0,6511
2026-01-23 17:00;0,7922
2026-01-23 18:00;0,3661
2026-01-23 19:00;0,1118
2026-01-23 20:00;0,2274
2026-01-23 21:00;0,1685
2026-01-23 22:00;0,1001
2026-01-23 23:00;0,0285
2026-01-24 00:00;0,0286
2026-01-24 01:00;0,3330
2026-01-24 02:00;0,6729
2026-01-24 03:00;0,7486
2026-01-24 04:00;0,6483
2026-01-24 05:00;0,3549
2026-01-24 06:00;0,2344
2026-01-24 07:00;0,3813
2026-01-24 08:00;0,7551
2026-01-24 09:00;0,5800
2026-01-24 10:00;0,3596
2026-01-24 11:00;0,6060
2026-01-24 12:00;0,5624
2026-01-24 13:00;0,3692
2026-01-24 14:00;0,6682
2026-01-24 15:00;0,6099
2026-01-24 16:00;0,0934
2026-01-24 17:00;0,7232
2026-01-24 18:00;0,6418
2026-01-24 19:00;0,7001
2026-01-24 20:00;0,7668
2026-01-24 21:00;0,1054
2026-01-24 22:00;0,0732
2026-01-24 23:00;0,0316
2026-01-25 00:00;0,7170
2026-01-25 01:00;0,2327
2026-01-25 02:00;0,6864
2026-01-25 03:00;0,6810
2026-01-25 04:00;0,2446
2026-01-25 05:00;0,6400
2026-01-25 06:00;0,6190
2026-01-25 07:00;0,3386
2026-01-25 08:00;0,4104
2026-01-25 09:00;0,2639
2026-01-25 10:00;0,3333
2026-01-25 11:00;0,1155
2026-01-25 12:00;0,3559
2026-01-25 13:00;0,6793
2026-01-25 14:00;0,3639
2026-01-25 15:00;0,3296
2026-01-25 16:00;0,3621
2026-01-25 17:00;0,1144
2026-01-25 18:00;0,1004
2026-01-25 19:00;0,4448
2026-01-25 20:00;0,4042
2026-01-25 21:00;0,2363
2026-01-25 22:00;0,7081
2026-01-25 23:00;0,7634
2026-01-26 00:00;0,5509
2026-01-26 01:00;0,0000
2026-01-26 02:00;0,0478
2026-01-26 03:00;0,0272
2026-01-26 04:00;0,0000
2026-01-26 05:00;0,5559
2026-01-26 06:00;0,6174
2026-01-26 07:00;0,0000
2026-01-26 08:00;0,3674
2026-01-26 09:00;0,7569
2026-01-26 10:00;0,3401
2026-01-26 11:00;0,7077
2026-01-26 12:00;0,7005
2026-01-26 13:00;0,0000
2026-01-26 14:00;0,8011
2026-01-26 15:00;0,8451
2026-01-26 16:00;0,1124
2026-01-26 17:00;0,7166
2026-01-26 18:00;0,7945
2026-01-26 19:00;0,0000
2026-01-26 20:00;0,8266
2026-01-26 21:00;0,7365
2026-01-26 22:00;0,0000
2026-01-26 23:00;0,6602
2026-01-27 00:00;0,2297
2026-01-27 01:00;0,2777
2026-01-27 02:00;0,1033
2026-01-27 03:00;0,0935
2026-01-27 04:00;0,1062
2026-01-27 05:00;0,0994
2026-01-27 06:00;0,1611
2026-01-27 07:00;0,2504
2026-01-27 08:00;0,3600
2026-01-27 09:00;0,6490
2026-01-27 10:00;0,4050
2026-01-27 11:00;0,2298
2026-01-27 12:00;0,6938
2026-01-27 13:00;0,6002
2026-01-27 14:00;0,5784
2026-01-27 15:00;0,5563
2026-01-27 16:00;0,0706
2026-01-27 17:00;0,3586
2026-01-27 18:00;0,5713
2026-01-27 19:00;0,6454
2026-01-27 20:00;0,6640
2026-01-27 21:00;0,6232
2026-01-27 22:00;0,7186
2026-01-27 23:00;0,6897
2026-01-28 00:00;0,7066
2026-01-28 01:00;0,0157
2026-01-28 02:00;0,1094
2026-01-28 03:00;0,0762
2026-01-28 04:00;0,0442
2026-01-28 05:00;0,0277
2026-01-28 06:00;0,6432
2026-01-28 07:00;0,8002
2026-01-28 08:00;0,5361
2026-01-28 09:00;0,7132
2026-01-28 10:00;0,4942
2026-01-28 11:00;0,7623
2026-01-28 12:00;0,7561
2026-01-28 13:00;0,6267
2026-01-28 14:00;0,7686
2026-01-28 15:00;0,7069
2026-01-28 16:00;0,7226
2026-01-28 17:00;0,8243
2026-01-28 18:00;0,7638
2026-01-28 19:00;0,7340
2026-01-28 20:00;0,6037
2026-01-28 21:00;0,5934
2026-01-28 22:00;0,5080
2026-01-28 23:00;0,2783
2026-01-29 00:00;0,8104
2026-01-29 01:00;0,7313
2026-01-29 02:00;0,8849
2026-01-29 03:00;0,8620
2026-01-29 04:00;0,9067
2026-01-29 05:00;0,8438
2026-01-29 06:00;0,6551
2026-01-29 07:00;0,1231
2026-01-29 08:00;0,7351
2026-01-29 09:00;0,6564
2026-01-29 10:00;0,1016
2026-01-29 11:00;0,6726
2026-01-29 12:00;0,6526
2026-01-29 13:00;0,6266
2026-01-29 14:00;0,0340
2026-01-29 15:00;0,5476
2026-01-29 16:00;0,6598
2026-01-29 17:00;0,0323
2026-01-29 18:00;0,0704
2026-01-29 19:00;0,1168
2026-01-29 20:00;0,0383
2026-01-29 21:00;0,0769
2026-01-29 22:00;0,1150
2026-01-29 23:00;0,0287
2026-01-30 00:00;0,3603
2026-01-30 01:00;0,3317
2026-01-30 02:00;0,3553
2026-01-30 03:00;0,2105
2026-01-30 04:00;0,0751
2026-01-30 05:00;0,0065
2026-01-30 06:00;0,1999
2026-01-30 07:00;0,2674
2026-01-30 08:00;0,2231
2026-01-30 09:00;0,3557
2026-01-30 10:00;0,7005
2026-01-30 11:00;0,6640
2026-01-30 12:00;0,6209
2026-01-30 13:00;0,6956
2026-01-30 14:00;0,7063
2026-01-30 15:00;0,7574
2026-01-30 16:00;0,7176
2026-01-30 17:00;0,6899
2026-01-30 18:00;0,6565
2026-01-30 19:00;0,6706
2026-01-30 20:00;0,6671
2026-01-30 21:00;0,5898
2026-01-30 22:00;0,5724
2026-01-30 23:00;0,0000
2026-01-31 00:00;0,5122
2026-01-31 01:00;0,2056
2026-01-31 02:00;0,6316
2026-01-31 03:00;0,6802
2026-01-31 04:00;0,3768
2026-01-31 05:00;0,7192
2026-01-31 06:00;0,6922
2026-01-31 07:00;0,4589
2026-01-31 08:00;0,0647
2026-01-31 09:00;0,3549
2026-01-31 10:00;0,2629
2026-01-31 11:00;0,0583
2026-01-31 12:00;0,1459
2026-01-31 13:00;0,2420
2026-01-31 14:00;0,2907
2026-01-31 15:00;0,0641
2026-01-31 16:00;0,2063
2026-01-31 17:00;0,8040
2026-01-31 18:00;0,7577
2026-01-31 19:00;0,7657
2026-01-31 20:00;0,3630
2026-01-31 21:00;0,3172
2026-01-31 22:00;0,4467
2026-01-31 23:00;0,7294
2026-02-01 00:00;0,7279
2026-02-01 01:00;0,3988
2026-02-01 02:00;0,2708
2026-02-01 03:00;0,4375
2026-02-01 04:00;0,8039
2026-02-01 05:00;0,4411
2026-02-01 06:00;0,2823
2026-02-01 07:00;0,1639
2026-02-01 08:00;0,4866
2026-02-01 09:00;0,6383
2026-02-01 10:00;0,1628
2026-02-01 11:00;0,4856
2026-02-01 12:00;0,7836
2026-02-01 13:00;0,4050
2026-02-01 14:00;0,8056
2026-02-01 15:00;0,8094
2026-02-01 16:00;0,8308
2026-02-01 17:00;0,8077
2026-02-01 18:00;0,7354
2026-02-01 19:00;0,3019
2026-02-01 20:00;0,5548
2026-02-01 21:00;0,4683
2026-02-01 22:00;0,0995
2026-02-01 23:00;0,3071
2026-02-02 00:00;0,3842
2026-02-02 01:00;0,2818
2026-02-02 02:00;0,2636
2026-02-02 03:00;0,2907
2026-02-02 04:00;0,3834
2026-02-02 05:00;0,0652
2026-02-02 06:00;0,0671
2026-02-02 07:00;0,1468
2026-02-02 08:00;0,5204
2026-02-02 09:00;0,5456
2026-02-02 10:00;0,1449
2026-02-02 11:00;0,1408
2026-02-02 12:00;0,1379
2026-02-02 13:00;0,1293
2026-02-02 14:00;0,7624
2026-02-02 15:00;0,7769
2026-02-02 16:00;0,8203
2026-02-02 17:00;0,7309
2026-02-02 18:00;0,7305
2026-02-02 19:00;0,5972
2026-02-02 20:00;0,7358
2026-02-02 21:00;0,8075
2026-02-02 22:00;0,4369
2026-02-02 23:00;0,9219
2026-02-03 00:00;0,2570
2026-02-03 01:00;0,3564
2026-02-03 02:00;0,3928
2026-02-03 03:00;0,0446
2026-02-03 04:00;0,1583
2026-02-03 05:00;0,4027
2026-02-03 06:00;0,3054
2026-02-03 07:00;0,1539
2026-02-03 08:00;0,4311
2026-02-03 09:00;0,3855
2026-02-03 10:00;0,8395
2026-02-03 11:00;0,7064
2026-02-03 12:00;0,6974
2026-02-03 13:00;0,5522
2026-02-03 14:00;0,8059
2026-02-03 15:00;0,8635
2026-02-03 16:00;0,3983
2026-02-03 17:00;0,7354
2026-02-03 18:00;0,8093
2026-02-03 19:00;0,7611
2026-02-03 20:00;0,6864
2026-02-03 21:00;0,7658
2026-02-03 22:00;0,4157
2026-02-03 23:00;0,8807
2026-02-04 00:00;0,6794
2026-02-04 01:00;0,1047
2026-02-04 02:00;0,8175
2026-02-04 03:00;0,6778
2026-02-04 04:00;0,4315
2026-02-04 05:00;0,6806
2026-02-04 06:00;0,3311
2026-02-04 07:00;0,2342
2026-02-04 08:00;0,3746
2026-02-04 09:00;0,2426
2026-02-04 10:00;0,1090
2026-02-04 11:00;0,0317
2026-02-04 12:00;0,4829
2026-02-04 13:00;0,3866
2026-02-04 14:00;0,0312
2026-02-04 15:00;0,2189
2026-02-04 16:00;0,3525
2026-02-04 17:00;0,4558
2026-02-04 18:00;0,0282
2026-02-04 19:00;0,1112
2026-02-04 20:00;0,5610
2026-02-04 21:00;0,6222
2026-02-04 22:00;0,6810
2026-02-04 23:00;0,7431
2026-02-05 00:00;0,5763
2026-02-05 01:00;0,5144
2026-02-05 02:00;0,7493
2026-02-05 03:00;0,3661
2026-02-05 04:00;0,2565
2026-02-05 05:00;0,2748
2026-02-05 06:00;0,2612
2026-02-05 07:00;0,0309
2026-02-05 08:00;0,0775
2026-02-05 09:00;0,1143
2026-02-05 10:00;0,3061
2026-02-05 11:00;0,5730
2026-02-05 12:00;0,2287
2026-02-05 13:00;0,2507
2026-02-05 14:00;0,0974
2026-02-05 15:00;0,2441
2026-02-05 16:00;0,4004
2026-02-05 17:00;0,8618
2026-02-05 18:00;0,8258
2026-02-05 19:00;0,6022
2026-02-05 20:00;0,6551
2026-02-05 21:00;0,7449
2026-02-05 22:00;0,1901
2026-02-05 23:00;0,8222
2026-02-06 00:00;0,1064
2026-02-06 01:00;0,1044
2026-02-06 02:00;0,7364
2026-02-06 03:00;0,5623
2026-02-06 04:00;0,6644
2026-02-06 05:00;0,0969
2026-02-06 06:00;0,2114
2026-02-06 07:00;0,0851
2026-02-06 08:00;0,0230
2026-02-06 09:00;0,3447
2026-02-06 10:00;0,7387
2026-02-06 11:00;0,5629
2026-02-06 12:00;0,7487
2026-02-06 13:00;0,7069
2026-02-06 14:00;0,7808
2026-02-06 15:00;0,6809
2026-02-06 16:00;0,7558
2026-02-06 17:00;0,4064
2026-02-06 18:00;0,7040
2026-02-06 19:00;0,7883
2026-02-06 20:00;0,8577
2026-02-06 21:00;0,9077
2026-02-06 22:00;0,4544
2026-02-06 23:00;0,1317
2026-02-07 00:00;0,0942
2026-02-07 01:00;0,1716
2026-02-07 02:00;0,6053
2026-02-07 03:00;0,5350
2026-02-07 04:00;0,5321
2026-02-07 05:00;0,3348
2026-02-07 06:00;0,0191
2026-02-07 07:00;0,0194
2026-02-07 08:00;0,3206
2026-02-07 09:00;0,2797
2026-02-07 10:00;0,2978
2026-02-07 11:00;0,7262
2026-02-07 12:00;0,6881
2026-02-07 13:00;0,0886
2026-02-07 14:00;0,7487
2026-02-07 15:00;0,7242
2026-02-07 16:00;0,3266
2026-02-07 17:00;0,7180
2026-02-07 18:00;0,8083
2026-02-07 19:00;0,7753
2026-02-07 20:00;0,5943
2026-02-07 21:00;0,7435
2026-02-07 22:00;0,1652
2026-02-07 23:00;0,2270
2026-02-08 00:00;0,7778
2026-02-08 01:00;0,5866
2026-02-08 02:00;0,8070
2026-02-08 03:00;0,8573
2026-02-08 04:00;0,5133
2026-02-08 05:00;0,7911
2026-02-08 06:00;0,7203
2026-02-08 07:00;0,6558
2026-02-08 08:00;0,7319
2026-02-08 09:00;0,7430
2026-02-08 10:00;0,6223
2026-02-08 11:00;0,8739
2026-02-08 12:00;0,8916
2026-02-08 13:00;0,5253
2026-02-08 14:00;0,4201
2026-02-08 15:00;0,6541
2026-02-08 16:00;0,6252
2026-02-08 17:00;0,0944
2026-02-08 18:00;0,0245
2026-02-08 19:00;0,0287
2026-02-08 20:00;0,0315
2026-02-08 21:00;0,0430
2026-02-08 22:00;0,0471
2026-02-08 23:00;0,0285
2026-02-09 00:00;0,0842
2026-02-09 01:00;0,1798
2026-02-09 02:00;0,5931
2026-02-09 03:00;0,5266
2026-02-09 04:00;0,6009
2026-02-09 05:00;0,3530
2026-02-09 06:00;0,0179
2026-02-09 07:00;0,0189
2026-02-09 08:00;0,2685
2026-02-09 09:00;0,2897
2026-02-09 10:00;0,3733
2026-02-09 11:00;0,8474
2026-02-09 12:00;0,7418
2026-02-09 13:00;0,0873
2026-02-09 14:00;0,6558
2026-02-09 15:00;0,6784
2026-02-09 16:00;0,3919
2026-02-09 17:00;0,7147
2026-02-09 18:00;0,6822
2026-02-09 19:00;0,7701
2026-02-09 20:00;0,5809
2026-02-09 21:00;0,6806
2026-02-09 22:00;0,1407
2026-02-09 23:00;0,2040
2026-02-10 00:00;0,4633
2026-02-10 01:00;0,9053
2026-02-10 02:00;0,7629
2026-02-10 03:00;0,8709
2026-02-10 04:00;0,7007
2026-02-10 05:00;0,7184
2026-02-10 06:00;0,7814
2026-02-10 07:00;0,3508
2026-02-10 08:00;0,7806
2026-02-10 09:00;0,2450
2026-02-10 10:00;0,1427
2026-02-10 11:00;0,7361
2026-02-10 12:00;0,5382
2026-02-10 13:00;0,5343
2026-02-10 14:00;0,0241
2026-02-10 15:00;0,5389
2026-02-10 16:00;0,5243
2026-02-10 17:00;0,4944
2026-02-10 18:00;0,1200
2026-02-10 19:00;0,0765
2026-02-10 20:00;0,0328
2026-02-10 21:00;0,0328
2026-02-10 22:00;0,0290
2026-02-10 23:00;0,0286
2026-02-11 00:00;0,3849
2026-02-11 01:00;0,3863
2026-02-11 02:00;0,4040
2026-02-11 03:00;0,4045
2026-02-11 04:00;0,4365
2026-02-11 05:00;0,6104
2026-02-11 06:00;0,7781
2026-02-11 07:00;0,4367
2026-02-11 08:00;0,3885
2026-02-11 09:00;0,3418
2026-02-11 10:00;0,2384
2026-02-11 11:00;0,4989
2026-02-11 12:00;0,4833
2026-02-11 13:00;0,2952
2026-02-11 14:00;0,5627
2026-02-11 15:00;0,6405
2026-02-11 16:00;0,1222
2026-02-11 17:00;0,1097
2026-02-11 18:00;0,0969
2026-02-11 19:00;0,1107
2026-02-11 20:00;0,2785
2026-02-11 21:00;0,7854
2026-02-11 22:00;0,7603
2026-02-11 23:00;0,7653
2026-02-12 00:00;0,6220
2026-02-12 01:00;0,0458
2026-02-12 02:00;0,2123
2026-02-12 03:00;0,2519
2026-02-12 04:00;0,0128
2026-02-12 05:00;0,2515
2026-02-12 06:00;0,4001
2026-02-12 07:00;0,3978
2026-02-12 08:00;0,6878
2026-02-12 09:00;0,7203
2026-02-12 10:00;0,1876
2026-02-12 11:00;0,7421
2026-02-12 12:00;0,8233
2026-02-12 13:00;0,8980
2026-02-12 14:00;0,8138
2026-02-12 15:00;0,7214
2026-02-12 16:00;0,5082
2026-02-12 17:00;0,8436
2026-02-12 18:00;0,4292
2026-02-12 19:00;0,1056
2026-02-12 20:00;0,6560
2026-02-12 21:00;0,8448
2026-02-12 22:00;0,2478
2026-02-12 23:00;0,7861
2026-02-13 00:00;0,6435
2026-02-13 01:00;0,5082
2026-02-13 02:00;0,7161
2026-02-13 03:00;0,1095
2026-02-13 04:00;0,0579
2026-02-13 05:00;0,0309
2026-02-13 06:00;0,0323
2026-02-13 07:00;0,0811
2026-02-13 08:00;0,0335
2026-02-13 09:00;0,1180
2026-02-13 10:00;0,0591
2026-02-13 11:00;0,9242
2026-02-13 12:00;0,8206
2026-02-13 13:00;0,5430
2026-02-13 14:00;0,9464
2026-02-13 15:00;0,8230
2026-02-13 16:00;0,4508
2026-02-13 17:00;0,8315
2026-02-13 18:00;0,7826
2026-02-13 19:00;0,7279
2026-02-13 20:00;0,7249
2026-02-13 21:00;0,6662
2026-02-13 22:00;0,6310
2026-02-13 23:00;0,6535
2026-02-14 00:00;0,5253
2026-02-14 01:00;0,1080
2026-02-14 02:00;0,0302
2026-02-14 03:00;0,5485
2026-02-14 04:00;0,3387
2026-02-14 05:00;0,1081
2026-02-14 06:00;0,1035
2026-02-14 07:00;0,5960
2026-02-14 08:00;0,4378
2026-02-14 09:00;0,5195
2026-02-14 10:00;0,1033
2026-02-14 11:00;0,0996
2026-02-14 12:00;0,1129
2026-02-14 13:00;0,1011
2026-02-14 14:00;0,3266
2026-02-14 15:00;0,7724
2026-02-14 16:00;0,6789
2026-02-14 17:00;0,3937
2026-02-14 18:00;0,8091
2026-02-14 19:00;0,8414
2026-02-14 20:00;0,9065
2026-02-14 21:00;0,9062
2026-02-14 22:00;0,4349
2026-02-14 23:00;0,7060
2026-02-15 00:00;0,8223
2026-02-15 01:00;0,7725
2026-02-15 02:00;0,6775
2026-02-15 03:00;0,7017
2026-02-15 04:00;0,6361
2026-02-15 05:00;0,3546
2026-02-15 06:00;0,3413
2026-02-15 07:00;0,7353
2026-02-15 08:00;0,7252
2026-02-15 09:00;0,7768
2026-02-15 10:00;0,7900
2026-02-15 11:00;0,7407
2026-02-15 12:00;0,6710
2026-02-15 13:00;0,7767
2026-02-15 14:00;0,4090
2026-02-15 15:00;0,0362
2026-02-15 16:00;0,0382
2026-02-15 17:00;0,0395
2026-02-15 18:00;0,0658
2026-02-15 19:00;0,0844
2026-02-15 20:00;0,1216
2026-02-15 21:00;0,1475
2026-02-15 22:00;0,3986
2026-02-15 23:00;0,3768
2026-02-16 00:00;0,1810
2026-02-16 01:00;0,2241
2026-02-16 02:00;0,6366
2026-02-16 03:00;0,4702
2026-02-16 04:00;0,4366
2026-02-16 05:00;0,5875
2026-02-16 06:00;0,5173
2026-02-16 07:00;0,7477
2026-02-16 08:00;0,1101
2026-02-16 09:00;0,1073
2026-02-16 10:00;0,2635
2026-02-16 11:00;0,4352
2026-02-16 12:00;0,2533
2026-02-16 13:00;0,8561
2026-02-16 14:00;0,8211
2026-02-16 15:00;0,7547
2026-02-16 16:00;0,3981
2026-02-16 17:00;0,7568
2026-02-16 18:00;0,7106
2026-02-16 19:00;0,6726
2026-02-16 20:00;0,7961
2026-02-16 21:00;0,1202
2026-02-16 22:00;0,1081
2026-02-16 23:00;0,0325
2026-02-17 00:00;0,8371
2026-02-17 01:00;0,3668
2026-02-17 02:00;0,8118
2026-02-17 03:00;0,8178
2026-02-17 04:00;0,1170
2026-02-17 05:00;0,7407
2026-02-17 06:00;0,3575
2026-02-17 07:00;0,3652
2026-02-17 08:00;0,0910
2026-02-17 09:00;0,3216
2026-02-17 10:00;0,3062
2026-02-17 11:00;0,5753
2026-02-17 12:00;0,6379
2026-02-17 13:00;0,0848
2026-02-17 14:00;0,5815
2026-02-17 15:00;0,6433
2026-02-17 16:00;0,4129
2026-02-17 17:00;0,3030
2026-02-17 18:00;0,0886
2026-02-17 19:00;0,0454
2026-02-17 20:00;0,0813
2026-02-17 21:00;0,1107
2026-02-17 22:00;0,5711
2026-02-17 23:00;0,4220
2026-02-18 00:00;0,7025
2026-02-18 01:00;0,1141
2026-02-18 02:00;0,8159
2026-02-18 03:00;0,7918
2026-02-18 04:00;0,7616
2026-02-18 05:00;0,7238
2026-02-18 06:00;0,2304
2026-02-18 07:00;0,6145
2026-02-18 08:00;0,2008
2026-02-18 09:00;0,4982
2026-02-18 10:00;0,3421
2026-02-18 11:00;0,7838
2026-02-18 12:00;0,7058
2026-02-18 13:00;0,3785
2026-02-18 14:00;0,3838
2026-02-18 15:00;0,2537
2026-02-18 16:00;0,3690
2026-02-18 17:00;0,3508
2026-02-18 18:00;0,0259
2026-02-18 19:00;0,3541
2026-02-18 20:00;0,2406
2026-02-18 21:00;0,4200
2026-02-18 22:00;0,1116
2026-02-18 23:00;0,2453
2026-02-19 00:00;0,5146
2026-02-19 01:00;0,4390
2026-02-19 02:00;0,4615
2026-02-19 03:00;0,0299
2026-02-19 04:00;0,1034
2026-02-19 05:00;0,2114
2026-02-19 06:00;0,3491
2026-02-19 07:00;0,7356
2026-02-19 08:00;0,2664
2026-02-19 09:00;0,6425
2026-02-19 10:00;0,7822
2026-02-19 11:00;0,7998
2026-02-19 12:00;0,6978
2026-02-19 13:00;0,7362
2026-02-19 14:00;0,6754
2026-02-19 15:00;0,6159
2026-02-19 16:00;0,6410
2026-02-19 17:00;0,3609
2026-02-19 18:00;0,3469
2026-02-19 19:00;0,3800
2026-02-19 20:00;0,2421
2026-02-19 21:00;0,1007
2026-02-19 22:00;0,0941
2026-02-19 23:00;0,1095
2026-02-20 00:00;0,1076
2026-02-20 01:00;0,8378
2026-02-20 02:00;0,7496
2026-02-20 03:00;0,8119
2026-02-20 04:00;0,4325
2026-02-20 05:00;0,7429
2026-02-20 06:00;0,6290
2026-02-20 07:00;0,4021
2026-02-20 08:00;0,2483
2026-02-20 09:00;0,2710
2026-02-20 10:00;0,7924
2026-02-20 11:00;0,8546
2026-02-20 12:00;0,7748
2026-02-20 13:00;0,7800
2026-02-20 14:00;0,1175
2026-02-20 15:00;0,7156
2026-02-20 16:00;0,8046
2026-02-20 17:00;0,2568
2026-02-20 18:00;0,1673
2026-02-20 19:00;0,0997
2026-02-20 20:00;0,4398
2026-02-20 21:00;0,2536
2026-02-20 22:00;0,1114
2026-02-20 23:00;0,1222
2026-02-21 00:00;0,6974
2026-02-21 01:00;0,2305
2026-02-21 02:00;0,7519
2026-02-21 03:00;0,7066
2026-02-21 04:00;0,4710
2026-02-21 05:00;0,2616
2026-02-21 06:00;0,7561
2026-02-21 07:00;0,5789
2026-02-21 08:00;0,0970
2026-02-21 09:00;0,0952
2026-02-21 10:00;0,0915
2026-02-21 11:00;0,0940
2026-02-21 12:00;0,2342
2026-02-21 13:00;0,2818
2026-02-21 14:00;0,7020
2026-02-21 15:00;0,7654
2026-02-21 16:00;0,1024
2026-02-21 17:00;0,2052
2026-02-21 18:00;0,2894
2026-02-21 19:00;0,2848
2026-02-21 20:00;0,5858
2026-02-21 21:00;0,1822
2026-02-21 22:00;0,5387
2026-02-21 23:00;0,5678
2026-02-22 00:00;0,4466
2026-02-22 01:00;0,3057
2026-02-22 02:00;0,3691
2026-02-22 03:00;0,0793
2026-02-22 04:00;0,1632
2026-02-22 05:00;0,5118
2026-02-22 06:00;0,5162
2026-02-22 07:00;0,1898
2026-02-22 08:00;0,1731
2026-02-22 09:00;0,1878
2026-02-22 10:00;0,5337
2026-02-22 11:00;0,9341
2026-02-22 12:00;0,9567
2026-02-22 13:00;0,8276
2026-02-22 14:00;0,8014
2026-02-22 15:00;0,7752
2026-02-22 16:00;0,4437
2026-02-22 17:00;0,4681
2026-02-22 18:00;0,6757
2026-02-22 19:00;0,1531
2026-02-22 20:00;0,4189
2026-02-22 21:00;0,8318
2026-02-22 22:00;0,5211
2026-02-22 23:00;0,8501
2026-02-23 00:00;0,4046
2026-02-23 01:00;0,2199
2026-02-23 02:00;0,5089
2026-02-23 03:00;0,3663
2026-02-23 04:00;0,3746
2026-02-23 05:00;0,4863
2026-02-23 06:00;0,4041
2026-02-23 07:00;0,2956
2026-02-23 08:00;0,5121
2026-02-23 09:00;0,5270
2026-02-23 10:00;0,4540
2026-02-23 11:00;0,5242
2026-02-23 12:00;0,5256
2026-02-23 13:00;0,1051
2026-02-23 14:00;0,8261
2026-02-23 15:00;0,8109
2026-02-23 16:00;0,8250
2026-02-23 17:00;0,9023
2026-02-23 18:00;0,4396
2026-02-23 19:00;0,2808
2026-02-23 20:00;0,0325
2026-02-23 21:00;0,1144
2026-02-23 22:00;0,1913
2026-02-23 23:00;0,5934
2026-02-24 00:00;0,6273
2026-02-24 01:00;0,1138
2026-02-24 02:00;0,7608
2026-02-24 03:00;0,5493
2026-02-24 04:00;0,3856
2026-02-24 05:00;0,6265
2026-02-24 06:00;0,3609
2026-02-24 07:00;0,2407
2026-02-24 08:00;0,4047
2026-02-24 09:00;0,2280
2026-02-24 10:00;0,1100
2026-02-24 11:00;0,0314
2026-02-24 12:00;0,5468
2026-02-24 13:00;0,4081
2026-02-24 14:00;0,0290
2026-02-24 15:00;0,2242
2026-02-24 16:00;0,3448
2026-02-24 17:00;0,4956
2026-02-24 18:00;0,0345
2026-02-24 19:00;0,1090
2026-02-24 20:00;0,5967
2026-02-24 21:00;0,8041
2026-02-24 22:00;0,8636
2026-02-24 23:00;0,7781
2026-02-25 00:00;0,7189
2026-02-25 01:00;0,3052
2026-02-25 02:00;0,6246
2026-02-25 03:00;0,6188
2026-02-25 04:00;0,7111
2026-02-25 05:00;0,7687
2026-02-25 06:00;0,7384
2026-02-25 07:00;0,6220
2026-02-25 08:00;0,7249
2026-02-25 09:00;0,7669
2026-02-25 10:00;0,2904
2026-02-25 11:00;0,0778
2026-02-25 12:00;0,5633
2026-02-25 13:00;0,3209
2026-02-25 14:00;0,5528
2026-02-25 15:00;0,6376
2026-02-25 16:00;0,4508
2026-02-25 17:00;0,0000
2026-02-25 18:00;0,5713
2026-02-25 19:00;0,3870
2026-02-25 20:00;0,6751
2026-02-25 21:00;0,5138
2026-02-25 22:00;0,2155
2026-02-25 23:00;0,2723
2026-02-26 00:00;0,0320
2026-02-26 01:00;0,4153
2026-02-26 02:00;0,7499
2026-02-26 03:00;0,1161
2026-02-26 04:00;0,0671
2026-02-26 05:00;0,0273
2026-02-26 06:00;0,2801
2026-02-26 07:00;0,3783
2026-02-26 08:00;0,4028
2026-02-26 09:00;0,4299
2026-02-26 10:00;0,3905
2026-02-26 11:00;0,7197
2026-02-26 12:00;0,7588
2026-02-26 13:00;0,4996
2026-02-26 14:00;0,6776
2026-02-26 15:00;0,6538
2026-02-26 16:00;0,3738
2026-02-26 17:00;0,0774
2026-02-26 18:00;0,0547
2026-02-26 19:00;0,0308
2026-02-26 20:00;0,5982
2026-02-26 21:00;0,6665
2026-02-26 22:00;0,6189
2026-02-26 23:00;0,6796
2026-02-27 00:00;0,0316
2026-02-27 01:00;0,0612
2026-02-27 02:00;0,8148
2026-02-27 03:00;0,8583
2026-02-27 04:00;0,7451
2026-02-27 05:00;0,3546
2026-02-27 06:00;0,3498
2026-02-27 07:00;0,6091
2026-02-27 08:00;0,4955
2026-02-27 09:00;0,1847
2026-02-27 10:00;0,2249
2026-02-27 11:00;0,4440
2026-02-27 12:00;0,4610
2026-02-27 13:00;0,0000
2026-02-27 14:00;0,2105
2026-02-27 15:00;0,5555
2026-02-27 16:00;0,4419
2026-02-27 17:00;0,1977
2026-02-27 18:00;0,1978
2026-02-27 19:00;0,1612
2026-02-27 20:00;0,5311
2026-02-27 21:00;0,1593
2026-02-27 22:00;0,1783
2026-02-27 23:00;0,3253
2026-02-28 00:00;0,2997
2026-02-28 01:00;0,0743
2026-02-28 02:00;0,0658
2026-02-28 03:00;0,0573
2026-02-28 04:00;0,0427
2026-02-28 05:00;0,0542
2026-02-28 06:00;0,0655
2026-02-28 07:00;0,3554
2026-02-28 08:00;0,3843
2026-02-28 09:00;0,8670
2026-02-28 10:00;0,4248
2026-02-28 11:00;0,7769
2026-02-28 12:00;0,7555
2026-02-28 13:00;0,7990
2026-02-28 14:00;0,8332
2026-02-28 15:00;0,7192
2026-02-28 16:00;0,7675
2026-02-28 17:00;0,7491
2026-02-28 18:00;0,6869
2026-02-28 19:00;0,7343
2026-02-28 20:00;0,7170
2026-02-28 21:00;0,7524
2026-02-28 22:00;0,0505
2026-02-28 23:00;0,7363
2026-03-01 00:00;0,7341
2026-03-01 01:00;0,1685
2026-03-01 02:00;0,1316
2026-03-01 03:00;0,0989
2026-03-01 04:00;0,1018
2026-03-01 05:00;0,1019
2026-03-01 06:00;0,1000
2026-03-01 07:00;0,1386
2026-03-01 08:00;0,1634
2026-03-01 09:00;0,3706
2026-03-01 10:00;0,6015
2026-03-01 11:00;0,7255
2026-03-01 12:00;0,7567
2026-03-01 13:00;0,6955
2026-03-01 14:00;0,5886
2026-03-01 15:00;0,5666
2026-03-01 16:00;0,8104
2026-03-01 17:00;0,8104
2026-03-01 18:00;0,7300
2026-03-01 19:00;0,1703
2026-03-01 20:00;0,7594
2026-03-01 21:00;0,7467
2026-03-01 22:00;0,6980
2026-03-01 23:00;0,7160
2026-03-02 00:00;0,8583
2026-03-02 01:00;0,1532
2026-03-02 02:00;0,9420
2026-03-02 03:00;0,9425
2026-03-02 04:00;0,2740
2026-03-02 05:00;0,8775
2026-03-02 06:00;0,8946
2026-03-02 07:00;0,3981
2026-03-02 08:00;0,2915
2026-03-02 09:00;0,2752
2026-03-02 10:00;0,1283
2026-03-02 11:00;0,5679
2026-03-02 12:00;0,5689
2026-03-02 13:00;0,8088
2026-03-02 14:00;0,8538
2026-03-02 15:00;0,7816
2026-03-02 16:00;0,8683
2026-03-02 17:00;0,8168
2026-03-02 18:00;0,7532
2026-03-02 19:00;0,7233
2026-03-02 20:00;0,7115
2026-03-02 21:00;0,2387
2026-03-02 22:00;0,4125
2026-03-02 23:00;0,2578
2026-03-03 00:00;0,0539
2026-03-03 01:00;0,3406
2026-03-03 02:00;0,3126
2026-03-03 03:00;0,0487
2026-03-03 04:00;0,5968
2026-03-03 05:00;0,5614
2026-03-03 06:00;0,0465
2026-03-03 07:00;0,4391
2026-03-03 08:00;0,7231
2026-03-03 09:00;0,7192
2026-03-03 10:00;0,5825
2026-03-03 11:00;0,7283
2026-03-03 12:00;0,3045
2026-03-03 13:00;0,5909
2026-03-03 14:00;0,8100
2026-03-03 15:00;0,8907
2026-03-03 16:00;0,6889
2026-03-03 17:00;0,8175
2026-03-03 18:00;0,8693
2026-03-03 19:00;0,7772
2026-03-03 20:00;0,7595
2026-03-03 21:00;0,5823
2026-03-03 22:00;0,3094
2026-03-03 23:00;0,1018
2026-03-04 00:00;0,0284
2026-03-04 01:00;0,1083
2026-03-04 02:00;0,1022
2026-03-04 03:00;0,0610
2026-03-04 04:00;0,0279
2026-03-04 05:00;0,0318
2026-03-04 06:00;0,5351
2026-03-04 07:00;0,5663
2026-03-04 08:00;0,7737
2026-03-04 09:00;0,0338
2026-03-04 10:00;0,3080
2026-03-04 11:00;0,7291
2026-03-04 12:00;0,8023
2026-03-04 13:00;0,1092
2026-03-04 14:00;0,8250
2026-03-04 15:00;0,8800
2026-03-04 16:00;0,8173
2026-03-04 17:00;0,9472
2026-03-04 18:00;0,9716
2026-03-04 19:00;0,9867
2026-03-04 20:00;0,9920
2026-03-04 21:00;0,9394
2026-03-04 22:00;0,4928
2026-03-04 23:00;0,0327
2026-03-05 00:00;0,4291
2026-03-05 01:00;0,1155
2026-03-05 02:00;0,2536
2026-03-05 03:00;0,2419
2026-03-05 04:00;0,1121
2026-03-05 05:00;0,3987
2026-03-05 06:00;0,2819
2026-03-05 07:00;0,1235
2026-03-05 08:00;0,1159
2026-03-05 09:00;0,2548
2026-03-05 10:00;0,3865
2026-03-05 11:00;0,7841
2026-03-05 12:00;0,8484
2026-03-05 13:00;0,7813
2026-03-05 14:00;0,8377
2026-03-05 15:00;0,7823
2026-03-05 16:00;0,7772
2026-03-05 17:00;0,7141
2026-03-05 18:00;0,7564
2026-03-05 19:00;0,7443
2026-03-05 20:00;0,7379
2026-03-05 21:00;0,5933
2026-03-05 22:00;0,4668
2026-03-05 23:00;0,6819
2026-03-06 00:00;0,6854
2026-03-06 01:00;0,5932
2026-03-06 02:00;0,6016
2026-03-06 03:00;0,6996
2026-03-06 04:00;0,6198
2026-03-06 05:00;0,0309
2026-03-06 06:00;0,1000
2026-03-06 07:00;0,1129
2026-03-06 08:00;0,1023
2026-03-06 09:00;0,0979
2026-03-06 10:00;0,3229
2026-03-06 11:00;0,1916
2026-03-06 12:00;0,5383
2026-03-06 13:00;0,5367
2026-03-06 14:00;0,4944
2026-03-06 15:00;0,3539
2026-03-06 16:00;0,6452
2026-03-06 17:00;0,3911
2026-03-06 18:00;0,0311
2026-03-06 19:00;0,3518
2026-03-06 20:00;0,3457
2026-03-06 21:00;0,6883
2026-03-06 22:00;0,7804
2026-03-06 23:00;0,8560
2026-03-07 00:00;0,4580
2026-03-07 01:00;0,1105
2026-03-07 02:00;0,1119
2026-03-07 03:00;0,0335
2026-03-07 04:00;0,2015
2026-03-07 05:00;0,2899
2026-03-07 06:00;0,1312
2026-03-07 07:00;0,4576
2026-03-07 08:00;0,5599
2026-03-07 09:00;0,5016
2026-03-07 10:00;0,4668
2026-03-07 11:00;0,9030
2026-03-07 12:00;0,7087
2026-03-07 13:00;0,8259
2026-03-07 14:00;0,8249
2026-03-07 15:00;0,7486
2026-03-07 16:00;0,7651
2026-03-07 17:00;0,7851
2026-03-07 18:00;0,7426
2026-03-07 19:00;0,5977
2026-03-07 20:00;0,6905
2026-03-07 21:00;0,8009
2026-03-07 22:00;0,1028
2026-03-07 23:00;0,0949
2026-03-08 00:00;0,2764
2026-03-08 01:00;0,2071
2026-03-08 02:00;0,1118
2026-03-08 03:00;0,4281
2026-03-08 04:00;0,5630
2026-03-08 05:00;0,2428
2026-03-08 06:00;0,6769
2026-03-08 07:00;0,3573
2026-03-08 08:00;0,7361
2026-03-08 09:00;0,8250
2026-03-08 10:00;0,6962
2026-03-08 11:00;0,6930
2026-03-08 12:00;0,7457
2026-03-08 13:00;0,6621
2026-03-08 14:00;0,6226
2026-03-08 15:00;0,6398
2026-03-08 16:00;0,3355
2026-03-08 17:00;0,0308
2026-03-08 18:00;0,0273
2026-03-08 19:00;0,3204
2026-03-08 20:00;0,2009
2026-03-08 21:00;0,0306
2026-03-08 22:00;0,4149
2026-03-08 23:00;0,7263
2026-03-09 00:00;0,0324
2026-03-09 01:00;0,4283
2026-03-09 02:00;0,3629
2026-03-09 03:00;0,0341
2026-03-09 04:00;0,6088
2026-03-09 05:00;0,5952
2026-03-09 06:00;0,0305
2026-03-09 07:00;0,4344
2026-03-09 08:00;0,5802
2026-03-09 09:00;0,6266
2026-03-09 10:00;0,5159
2026-03-09 11:00;0,6871
2026-03-09 12:00;0,2379
2026-03-09 13:00;0,5177
2026-03-09 14:00;0,7469
2026-03-09 15:00;0,6936
2026-03-09 16:00;0,5312
2026-03-09 17:00;0,7627
2026-03-09 18:00;0,8202
2026-03-09 19:00;0,7565
2026-03-09 20:00;0,8115
2026-03-09 21:00;0,6316
2026-03-09 22:00;0,2895
2026-03-09 23:00;0,1003
2026-03-10 00:00;0,2754
2026-03-10 01:00;0,1157
2026-03-10 02:00;0,3637
2026-03-10 03:00;0,4288
2026-03-10 04:00;0,1281
2026-03-10 05:00;0,8051
2026-03-10 06:00;0,5976
2026-03-10 07:00;0,8164
2026-03-10 08:00;0,7464
2026-03-10 09:00;0,7839
2026-03-10 10:00;0,8523
2026-03-10 11:00;0,8743
2026-03-10 12:00;0,7795
2026-03-10 13:00;0,6936
2026-03-10 14:00;0,7741
2026-03-10 15:00;0,6946
2026-03-10 16:00;0,6429
2026-03-10 17:00;0,7074
2026-03-10 18:00;0,6152
2026-03-10 19:00;0,3833
2026-03-10 20:00;0,3990
2026-03-10 21:00;0,1152
2026-03-10 22:00;0,2535
2026-03-10 23:00;0,5494
2026-03-11 00:00;0,6496
2026-03-11 01:00;0,4373
2026-03-11 02:00;0,6910
2026-03-11 03:00;0,6067
2026-03-11 04:00;0,3475
2026-03-11 05:00;0,5970
2026-03-11 06:00;0,5174
2026-03-11 07:00;0,4818
2026-03-11 08:00;0,3789
2026-03-11 09:00;0,4371
2026-03-11 10:00;0,3392
2026-03-11 11:00;0,3799
2026-03-11 12:00;0,3374
2026-03-11 13:00;0,3845
2026-03-11 14:00;0,1089
2026-03-11 15:00;0,1185
2026-03-11 16:00;0,1185
2026-03-11 17:00;0,1185
2026-03-11 18:00;0,3930
2026-03-11 19:00;0,7456
2026-03-11 20:00;0,7347
2026-03-11 21:00;0,7817
2026-03-11 22:00;0,7929
2026-03-11 23:00;0,8192
2026-03-12 00:00;0,1119
2026-03-12 01:00;0,0156
2026-03-12 02:00;0,0340
2026-03-12 03:00;0,8008
2026-03-12 04:00;0,5710
2026-03-12 05:00;0,5619
2026-03-12 06:00;0,6507
2026-03-12 07:00;0,4288
2026-03-12 08:00;0,4367
2026-03-12 09:00;0,0259
2026-03-12 10:00;0,3474
2026-03-12 11:00;0,7228
2026-03-12 12:00;0,5552
2026-03-12 13:00;0,4198
2026-03-12 14:00;0,5008
2026-03-12 15:00;0,6307
2026-03-12 16:00;0,4912
2026-03-12 17:00;0,5401
2026-03-12 18:00;0,5851
2026-03-12 19:00;0,1463
2026-03-12 20:00;0,2693
2026-03-12 21:00;0,4709
2026-03-12 22:00;0,4484
2026-03-12 23:00;0,8153
2026-03-13 00:00;0,3790
2026-03-13 01:00;0,4215
2026-03-13 02:00;0,0308
2026-03-13 03:00;0,0690
2026-03-13 04:00;0,1181
2026-03-13 05:00;0,2599
2026-03-13 06:00;0,4140
2026-03-13 07:00;0,1066
2026-03-13 08:00;0,4202
2026-03-13 09:00;0,7981
2026-03-13 10:00;0,8532
2026-03-13 11:00;0,8798
2026-03-13 12:00;0,8475
2026-03-13 13:00;0,8197
2026-03-13 14:00;0,7215
2026-03-13 15:00;0,6183
2026-03-13 16:00;0,3787
2026-03-13 17:00;0,3801
2026-03-13 18:00;0,7480
2026-03-13 19:00;0,4229
2026-03-13 20:00;0,3925
2026-03-13 21:00;0,5863
2026-03-13 22:00;0,6296
2026-03-13 23:00;0,6314
2026-03-14 00:00;0,7525
2026-03-14 01:00;0,3977
2026-03-14 02:00;0,6048
2026-03-14 03:00;0,5669
2026-03-14 04:00;0,0287
2026-03-14 05:00;0,4471
2026-03-14 06:00;0,6356
2026-03-14 07:00;0,1316
2026-03-14 08:00;0,5521
2026-03-14 09:00;0,5409
2026-03-14 10:00;0,0273
2026-03-14 11:00;0,6348
2026-03-14 12:00;0,6467
2026-03-14 13:00;0,1525
2026-03-14 14:00;0,1230
2026-03-14 15:00;0,7357
2026-03-14 16:00;0,8760
2026-03-14 17:00;0,2513
2026-03-14 18:00;0,7900
2026-03-14 19:00;0,8000
2026-03-14 20:00;0,6966
2026-03-14 21:00;0,7344
2026-03-14 22:00;0,4184
2026-03-14 23:00;0,2471
2026-03-15 00:00;0,0643
2026-03-15 01:00;0,0151
2026-03-15 02:00;0,3273
2026-03-15 03:00;0,3013
2026-03-15 04:00;0,1642
2026-03-15 05:00;0,3164
2026-03-15 06:00;0,4965
2026-03-15 07:00;0,4496
2026-03-15 08:00;0,4774
2026-03-15 09:00;0,4797
2026-03-15 10:00;0,2818
2026-03-15 11:00;0,4796
2026-03-15 12:00;0,3610
2026-03-15 13:00;0,5370
2026-03-15 14:00;0,6053
2026-03-15 15:00;0,6633
2026-03-15 16:00;0,6782
2026-03-15 17:00;0,6744
2026-03-15 18:00;0,6756
2026-03-15 19:00;0,7478
2026-03-15 20:00;0,5809
2026-03-15 21:00;0,2651
2026-03-15 22:00;0,0337
2026-03-15 23:00;0,4524
2026-03-16 00:00;0,0879
2026-03-16 01:00;0,3194
2026-03-16 02:00;0,6286
2026-03-16 03:00;0,3834
2026-03-16 04:00;0,4228
2026-03-16 05:00;0,3955
2026-03-16 06:00;0,3602
2026-03-16 07:00;0,7479
2026-03-16 08:00;0,3511
2026-03-16 09:00;0,0937
2026-03-16 10:00;0,4726
2026-03-16 11:00;0,6530
2026-03-16 12:00;0,7161
2026-03-16 13:00;0,2664
2026-03-16 14:00;0,6484
2026-03-16 15:00;0,7236
2026-03-16 16:00;0,1806
2026-03-16 17:00;0,7100
2026-03-16 18:00;0,7549
2026-03-16 19:00;0,7802
2026-03-16 20:00;0,7288
2026-03-16 21:00;0,6973
2026-03-16 22:00;0,6907
2026-03-16 23:00;0,6178
2026-03-17 00:00;0,4536
2026-03-17 01:00;0,3011
2026-03-17 02:00;0,3710
2026-03-17 03:00;0,3721
2026-03-17 04:00;0,4061
2026-03-17 05:00;0,1072
2026-03-17 06:00;0,1084
2026-03-17 07:00;0,5911
2026-03-17 08:00;0,4921
2026-03-17 09:00;0,4779
2026-03-17 10:00;0,3640
2026-03-17 11:00;0,0952
2026-03-17 12:00;0,1942
2026-03-17 13:00;0,2936
2026-03-17 14:00;0,7552
2026-03-17 15:00;0,7570
2026-03-17 16:00;0,1729
2026-03-17 17:00;0,7745
2026-03-17 18:00;0,6789
2026-03-17 19:00;0,6098
2026-03-17 20:00;0,5903
2026-03-17 21:00;0,6073
2026-03-17 22:00;0,5555
2026-03-17 23:00;0,6954
2026-03-18 00:00;0,3513
2026-03-18 01:00;0,1023
2026-03-18 02:00;0,2395
2026-03-18 03:00;0,2163
2026-03-18 04:00;0,1038
2026-03-18 05:00;0,3088
2026-03-18 06:00;0,2460
2026-03-18 07:00;0,1172
2026-03-18 08:00;0,1225
2026-03-18 09:00;0,2893
2026-03-18 10:00;0,4714
2026-03-18 11:00;0,8039
2026-03-18 12:00;0,7370
2026-03-18 13:00;0,7273
2026-03-18 14:00;0,6700
2026-03-18 15:00;0,6278
2026-03-18 16:00;0,7570
2026-03-18 17:00;0,8444
2026-03-18 18:00;0,9037
2026-03-18 19:00;0,7361
2026-03-18 20:00;0,8415
2026-03-18 21:00;0,6754
2026-03-18 22:00;0,4396
2026-03-18 23:00;0,6346
2026-03-19 00:00;0,0627
2026-03-19 01:00;0,0939
2026-03-19 02:00;0,0696
2026-03-19 03:00;0,0276
2026-03-19 04:00;0,0640
2026-03-19 05:00;0,1071
2026-03-19 06:00;0,3536
2026-03-19 07:00;0,3869
2026-03-19 08:00;0,2068
2026-03-19 09:00;0,5337
2026-03-19 10:00;0,4361
2026-03-19 11:00;0,1275
2026-03-19 12:00;0,9460
2026-03-19 13:00;0,8785
2026-03-19 14:00;0,7744
2026-03-19 15:00;0,8082
2026-03-19 16:00;0,8333
2026-03-19 17:00;0,8538
2026-03-19 18:00;0,7770
2026-03-19 19:00;0,6990
2026-03-19 20:00;0,6368
2026-03-19 21:00;0,5831
2026-03-19 22:00;0,3683
2026-03-19 23:00;0,4421
2026-03-20 00:00;0,0300
2026-03-20 01:00;0,1018
2026-03-20 02:00;0,1131
2026-03-20 03:00;0,0761
2026-03-20 04:00;0,0338
2026-03-20 05:00;0,0319
2026-03-20 06:00;0,4325
2026-03-20 07:00;0,4892
2026-03-20 08:00;0,6559
2026-03-20 09:00;0,0299
2026-03-20 10:00;0,2692
2026-03-20 11:00;0,6585
2026-03-20 12:00;0,7442
2026-03-20 13:00;0,1106
2026-03-20 14:00;0,8196
2026-03-20 15:00;0,8508
2026-03-20 16:00;0,7291
2026-03-20 17:00;0,8648
2026-03-20 18:00;0,8074
2026-03-20 19:00;0,8303
2026-03-20 20:00;0,7490
2026-03-20 21:00;0,8311
2026-03-20 22:00;0,4594
2026-03-20 23:00;0,0348
2026-03-21 00:00;0,2407
2026-03-21 01:00;0,0752
2026-03-21 02:00;0,4044
2026-03-21 03:00;0,4370
2026-03-21 04:00;0,9151
2026-03-21 05:00;0,4305
2026-03-21 06:00;0,2591
2026-03-21 07:00;0,1447
2026-03-21 08:00;0,0285
2026-03-21 09:00;0,4397
2026-03-21 10:00;0,7165
2026-03-21 11:00;0,7814
2026-03-21 12:00;0,7998
2026-03-21 13:00;0,4319
2026-03-21 14:00;0,8032
2026-03-21 15:00;0,7310
2026-03-21 16:00;0,5500
2026-03-21 17:00;0,6766
2026-03-21 18:00;0,6072
2026-03-21 19:00;0,7337
2026-03-21 20:00;0,7392
2026-03-21 21:00;0,7041
2026-03-21 22:00;0,2848
2026-03-21 23:00;0,6786
2026-03-22 00:00;0,0288
2026-03-22 01:00;0,0997
2026-03-22 02:00;0,2155
2026-03-22 03:00;0,1643
2026-03-22 04:00;0,1008
2026-03-22 05:00;0,6334
2026-03-22 06:00;0,5873
2026-03-22 07:00;0,1023
2026-03-22 08:00;0,5552
2026-03-22 09:00;0,3988
2026-03-22 10:00;0,6898
2026-03-22 11:00;0,6998
2026-03-22 12:00;0,7947
2026-03-22 13:00;0,3680
2026-03-22 14:00;0,8195
2026-03-22 15:00;0,8211
2026-03-22 16:00;0,7233
2026-03-22 17:00;0,8128
2026-03-22 18:00;0,7670
2026-03-22 19:00;0,7355
2026-03-22 20:00;0,7454
2026-03-22 21:00;0,8410
2026-03-22 22:00;0,1038
2026-03-22 23:00;0,7764
2026-03-23 00:00;0,6133
2026-03-23 01:00;0,3389
2026-03-23 02:00;0,1054
2026-03-23 03:00;0,2273
2026-03-23 04:00;0,1835
2026-03-23 05:00;0,0978
2026-03-23 06:00;0,0887
2026-03-23 07:00;0,4616
2026-03-23 08:00;0,6516
2026-03-23 09:00;0,7474
2026-03-23 10:00;0,5651
2026-03-23 11:00;0,7866
2026-03-23 12:00;0,8652
2026-03-23 13:00;0,1290
2026-03-23 14:00;0,8736
2026-03-23 15:00;0,8521
2026-03-23 16:00;0,4947
2026-03-23 17:00;0,5704
2026-03-23 18:00;0,6482
2026-03-23 19:00;0,2156
2026-03-23 20:00;0,0297
2026-03-23 21:00;0,1015
2026-03-23 22:00;0,3693
2026-03-23 23:00;0,4209
2026-03-24 00:00;0,7732
2026-03-24 01:00;0,0972
2026-03-24 02:00;0,6487
2026-03-24 03:00;0,7399
2026-03-24 04:00;0,8152
2026-03-24 05:00;0,8389
2026-03-24 06:00;0,8530
2026-03-24 07:00;0,8601
2026-03-24 08:00;0,2982
2026-03-24 09:00;0,6497
2026-03-24 10:00;0,3993
2026-03-24 11:00;0,1076
2026-03-24 12:00;0,6270
2026-03-24 13:00;0,3206
2026-03-24 14:00;0,4294
2026-03-24 15:00;0,8626
2026-03-24 16:00;0,5487
2026-03-24 17:00;0,8446
2026-03-24 18:00;0,7423
2026-03-24 19:00;0,5853
2026-03-24 20:00;0,5248
2026-03-24 21:00;0,2197
2026-03-24 22:00;0,0908
2026-03-24 23:00;0,0294
2026-03-25 00:00;0,6128
2026-03-25 01:00;0,7699
2026-03-25 02:00;0,1108
2026-03-25 03:00;0,6469
2026-03-25 04:00;0,4873
2026-03-25 05:00;0,0320
2026-03-25 06:00;0,0336
2026-03-25 07:00;0,1049
2026-03-25 08:00;0,7335
2026-03-25 09:00;0,7427
2026-03-25 10:00;0,6962
2026-03-25 11:00;0,6765
2026-03-25 12:00;0,7492
2026-03-25 13:00;0,6819
2026-03-25 14:00;0,7291
2026-03-25 15:00;0,7781
2026-03-25 16:00;0,3689
2026-03-25 17:00;0,7812
2026-03-25 18:00;0,7080
2026-03-25 19:00;0,1010
2026-03-25 20:00;0,0306
2026-03-25 21:00;0,1085
2026-03-25 22:00;0,0952
2026-03-25 23:00;0,5980
2026-03-26 00:00;0,3794
2026-03-26 01:00;0,1074
2026-03-26 02:00;0,2285
2026-03-26 03:00;0,2631
2026-03-26 04:00;0,1049
2026-03-26 05:00;0,3243
2026-03-26 06:00;0,2146
2026-03-26 07:00;0,0902
2026-03-26 08:00;0,1010
2026-03-26 09:00;0,2497
2026-03-26 10:00;0,3574
2026-03-26 11:00;0,6310
2026-03-26 12:00;0,5939
2026-03-26 13:00;0,6153
2026-03-26 14:00;0,5820
2026-03-26 15:00;0,5834
2026-03-26 16:00;0,5918
2026-03-26 17:00;0,5660
2026-03-26 18:00;0,6305
2026-03-26 19:00;0,5701
2026-03-26 20:00;0,7024
2026-03-26 21:00;0,6061
2026-03-26 22:00;0,4674
2026-03-26 23:00;0,7011
2026-03-27 00:00;0,3512
2026-03-27 01:00;0,0946
2026-03-27 02:00;0,2147
2026-03-27 03:00;0,2420
2026-03-27 04:00;0,0962
2026-03-27 05:00;0,3045
2026-03-27 06:00;0,2098
2026-03-27 07:00;0,1003
2026-03-27 08:00;0,0934
2026-03-27 09:00;0,1938
2026-03-27 10:00;0,3429
2026-03-27 11:00;0,7655
2026-03-27 12:00;0,6859
2026-03-27 13:00;0,6372
2026-03-27 14:00;0,6091
2026-03-27 15:00;0,5975
2026-03-27 16:00;0,5826
2026-03-27 17:00;0,6837
2026-03-27 18:00;0,6452
2026-03-27 19:00;0,6100
2026-03-27 20:00;0,7294
2026-03-27 21:00;0,6556
2026-03-27 22:00;0,5126
2026-03-27 23:00;0,7543
2026-03-28 00:00;0,6714
2026-03-28 01:00;0,1108
2026-03-28 02:00;0,6697
2026-03-28 03:00;0,4262
2026-03-28 04:00;0,3978
2026-03-28 05:00;0,0287
2026-03-28 06:00;0,3976
2026-03-28 07:00;0,2830
2026-03-28 08:00;0,1109
2026-03-28 09:00;0,0996
2026-03-28 10:00;0,0950
2026-03-28 11:00;0,1022
2026-03-28 12:00;0,6597
2026-03-28 13:00;0,7988
2026-03-28 14:00;0,7635
2026-03-28 15:00;0,7783
2026-03-28 16:00;0,3503
2026-03-28 17:00;0,0975
2026-03-28 18:00;0,1003
2026-03-28 19:00;0,7310
2026-03-28 20:00;0,6600
2026-03-28 21:00;0,6564
2026-03-28 22:00;0,6275
2026-03-28 23:00;0,7572
2026-03-29 00:00;0,0208
2026-03-29 01:00;0,0156
2026-03-29 02:00;0,5097
2026-03-29 03:00;0,6000
2026-03-29 04:00;0,2370
2026-03-29 05:00;0,3731
2026-03-29 06:00;0,7689
2026-03-29 07:00;0,3188
2026-03-29 08:00;0,2828
2026-03-29 09:00;0,8243
2026-03-29 10:00;0,3402
2026-03-29 11:00;0,7788
2026-03-29 12:00;0,7205
2026-03-29 13:00;0,2410
2026-03-29 14:00;0,5697
2026-03-29 15:00;0,6682
2026-03-29 16:00;0,6807
2026-03-29 17:00;0,7360
2026-03-29 18:00;0,8176
2026-03-29 19:00;0,5361
2026-03-29 20:00;0,6967
2026-03-29 21:00;0,2961
2026-03-29 22:00;0,1488
2026-03-29 23:00;0,0550
2026-03-30 00:00;0,4303
2026-03-30 01:00;0,6752
2026-03-30 02:00;0,4228
2026-03-30 03:00;0,4409
2026-03-30 04:00;0,6866
2026-03-30 05:00;0,8754
2026-03-30 06:00;0,4613
2026-03-30 07:00;0,9445
2026-03-30 08:00;0,9545
2026-03-30 09:00;0,8725
2026-03-30 10:00;0,4028
2026-03-30 11:00;0,2880
2026-03-30 12:00;0,8852
2026-03-30 13:00;0,4790
2026-03-30 14:00;0,1025
2026-03-30 15:00;0,5702
2026-03-30 16:00;0,7748
2026-03-30 17:00;0,8531
2026-03-30 18:00;0,8490
2026-03-30 19:00;0,2619
2026-03-30 20:00;0,2021
2026-03-30 21:00;0,1483
2026-03-30 22:00;0,8390
2026-03-30 23:00;0,6339
2026-03-31 00:00;0,0693
2026-03-31 01:00;0,4427
2026-03-31 02:00;0,5563
2026-03-31 03:00;0,7132
2026-03-31 04:00;0,4617
2026-03-31 05:00;0,6473
2026-03-31 06:00;0,6522
2026-03-31 07:00;0,4604
2026-03-31 08:00;0,5072
2026-03-31 09:00;0,3796
2026-03-31 10:00;0,2192
2026-03-31 11:00;0,6305
2026-03-31 12:00;0,6160
2026-03-31 13:00;0,1784
2026-03-31 14:00;0,3035
2026-03-31 15:00;0,6496
2026-03-31 16:00;0,5106
2026-03-31 17:00;0,7903
2026-03-31 18:00;0,8212
2026-03-31 19:00;0,7067
2026-03-31 20:00;0,6219
2026-03-31 21:00;0,5962
2026-03-31 22:00;0,3268
2026-03-31 23:00;0,3496
2026-04-01 00:00;0,3511
2026-04-01 01:00;0,5372
2026-04-01 02:00;0,5588
2026-04-01 03:00;0,6148
2026-04-01 04:00;0,0000
2026-04-01 05:00;0,0000
2026-04-01 06:00;0,5075
2026-04-01 07:00;0,5600
2026-04-01 08:00;0,0000
2026-04-01 09:00;0,0000
2026-04-01 10:00;0,2187
2026-04-01 11:00;0,2149
2026-04-01 12:00;0,0596
2026-04-01 13:00;0,0538
2026-04-01 14:00;0,7247
2026-04-01 15:00;0,6310
2026-04-01 16:00;0,5212
2026-04-01 17:00;0,6562
2026-04-01 18:00;0,6273
2026-04-01 19:00;0,5776
2026-04-01 20:00;0,7925
2026-04-01 21:00;0,8099
2026-04-01 22:00;0,2087
2026-04-01 23:00;0,1864
2026-04-02 00:00;0,7268
2026-04-02 01:00;0,8067
2026-04-02 02:00;0,5028
2026-04-02 03:00;0,7814
2026-04-02 04:00;0,3242
2026-04-02 05:00;0,1929
2026-04-02 06:00;0,0012
2026-04-02 07:00;0,0000
2026-04-02 08:00;0,0000
2026-04-02 09:00;0,0000
2026-04-02 10:00;0,0695
2026-04-02 11:00;0,0323
2026-04-02 12:00;0,0049
2026-04-02 13:00;0,1264
2026-04-02 14:00;0,2402
2026-04-02 15:00;0,6240
2026-04-02 16:00;0,7462
2026-04-02 17:00;0,8734
2026-04-02 18:00;0,9169
2026-04-02 19:00;0,8454
2026-04-02 20:00;0,8101
2026-04-02 21:00;0,7896
2026-04-02 22:00;0,4267
2026-04-02 23:00;0,9159
2026-04-03 00:00;0,8236
2026-04-03 01:00;0,8490
2026-04-03 02:00;0,8948
2026-04-03 03:00;0,7766
2026-04-03 04:00;0,3609
2026-04-03 05:00;0,0167
2026-04-03 06:00;0,0189
2026-04-03 07:00;0,4876
2026-04-03 08:00;0,7830
2026-04-03 09:00;0,8535
2026-04-03 10:00;0,5913
2026-04-03 11:00;0,8551
2026-04-03 12:00;0,7613
2026-04-03 13:00;0,3033
2026-04-03 14:00;0,7968
2026-04-03 15:00;0,5673
2026-04-03 16:00;0,3869
2026-04-03 17:00;0,5028
2026-04-03 18:00;0,0254
2026-04-03 19:00;0,3745
2026-04-03 20:00;0,3473
2026-04-03 21:00;0,0303
2026-04-03 22:00;0,0328
2026-04-03 23:00;0,0342
2026-04-04 00:00;0,1723
2026-04-04 01:00;0,1599
2026-04-04 02:00;0,2975
2026-04-04 03:00;0,4381
2026-04-04 04:00;0,2162
2026-04-04 05:00;0,3138
2026-04-04 06:00;0,1063
2026-04-04 07:00;0,1465
2026-04-04 08:00;0,4790
2026-04-04 09:00;0,4810
2026-04-04 10:00;0,5233
2026-04-04 11:00;1,0000
2026-04-04 12:00;1,0000
2026-04-04 13:00;0,9498
2026-04-04 14:00;0,6169
2026-04-04 15:00;0,6027
2026-04-04 16:00;1,0000
2026-04-04 17:00;0,9195
2026-04-04 18:00;0,8789
2026-04-04 19:00;0,9556
2026-04-04 20:00;0,9935
2026-04-04 21:00;0,3676
2026-04-04 22:00;0,4996
2026-04-04 23:00;0,2487
2026-04-05 00:00;0,2250
2026-04-05 01:00;0,7336
2026-04-05 02:00;0,5393
2026-04-05 03:00;0,1304
2026-04-05 04:00;0,0927
2026-04-05 05:00;0,1386
2026-04-05 06:00;0,1832
2026-04-05 07:00;0,3359
2026-04-05 08:00;0,0236
2026-04-05 09:00;0,3642
2026-04-05 10:00;0,3802
2026-04-05 11:00;0,8213
2026-04-05 12:00;0,6781
2026-04-05 13:00;0,7087
2026-04-05 14:00;0,7332
2026-04-05 15:00;0,6959
2026-04-05 16:00;0,7306
2026-04-05 17:00;0,8056
2026-04-05 18:00;0,8091
2026-04-05 19:00;0,7821
2026-04-05 20:00;0,8367
2026-04-05 21:00;0,8463
2026-04-05 22:00;0,1062
2026-04-05 23:00;0,0118
2026-04-06 00:00;0,1080
2026-04-06 01:00;0,4408
2026-04-06 02:00;0,3460
2026-04-06 03:00;0,1060
2026-04-06 04:00;0,4429
2026-04-06 05:00;0,5295
2026-04-06 06:00;0,5221
2026-04-06 07:00;0,5631
2026-04-06 08:00;0,5169
2026-04-06 09:00;0,4974
2026-04-06 10:00;0,4744
2026-04-06 11:00;0,4386
2026-04-06 12:00;0,1268
2026-04-06 13:00;0,3437
2026-04-06 14:00;0,8720
2026-04-06 15:00;0,8169
2026-04-06 16:00;0,3630
2026-04-06 17:00;0,9121
2026-04-06 18:00;0,8667
2026-04-06 19:00;0,5596
2026-04-06 20:00;0,0390
2026-04-06 21:00;0,9236
2026-04-06 22:00;0,8670
2026-04-06 23:00;0,7654
2026-04-07 00:00;0,2226
2026-04-07 01:00;0,3352
2026-04-07 02:00;0,4174
2026-04-07 03:00;0,1994
2026-04-07 04:00;0,0972
2026-04-07 05:00;0,0641
2026-04-07 06:00;0,0305
2026-04-07 07:00;0,0964
2026-04-07 08:00;0,0984
2026-04-07 09:00;0,0256
2026-04-07 10:00;0,3681
2026-04-07 11:00;0,2714
2026-04-07 12:00;0,7156
2026-04-07 13:00;0,7835
2026-04-07 14:00;0,7928
2026-04-07 15:00;0,8595
2026-04-07 16:00;0,8597
2026-04-07 17:00;0,8978
2026-04-07 18:00;0,9434
2026-04-07 19:00;0,8800
2026-04-07 20:00;0,9546
2026-04-07 21:00;0,8632
2026-04-07 22:00;0,4155
2026-04-07 23:00;0,9021
2026-04-08 00:00;0,7109
2026-04-08 01:00;0,4788
2026-04-08 02:00;0,6526
2026-04-08 03:00;0,4557
2026-04-08 04:00;0,2448
2026-04-08 05:00;0,3266
2026-04-08 06:00;0,4063
2026-04-08 07:00;0,5396
2026-04-08 08:00;0,5860
2026-04-08 09:00;0,0299
2026-04-08 10:00;0,0147
2026-04-08 11:00;0,0359
2026-04-08 12:00;0,0313
2026-04-08 13:00;0,3942
2026-04-08 14:00;0,4147
2026-04-08 15:00;0,0310
2026-04-08 16:00;0,3681
2026-04-08 17:00;0,7106
2026-04-08 18:00;0,7862
2026-04-08 19:00;0,4849
2026-04-08 20:00;0,7052
2026-04-08 21:00;0,6296
2026-04-08 22:00;0,4651
2026-04-08 23:00;0,6354
2026-04-09 00:00;0,7320
2026-04-09 01:00;0,3892
2026-04-09 02:00;0,4107
2026-04-09 03:00;0,1273
2026-04-09 04:00;0,4605
2026-04-09 05:00;0,4831
2026-04-09 06:00;0,3738
2026-04-09 07:00;0,1191
2026-04-09 08:00;0,8516
2026-04-09 09:00;0,6042
2026-04-09 10:00;0,4857
2026-04-09 11:00;0,4563
2026-04-09 12:00;0,4453
2026-04-09 13:00;0,2842
2026-04-09 14:00;0,3449
2026-04-09 15:00;0,3912
2026-04-09 16:00;0,1142
2026-04-09 17:00;0,7728
2026-04-09 18:00;0,8268
2026-04-09 19:00;0,5534
2026-04-09 20:00;0,7027
2026-04-09 21:00;0,6049
2026-04-09 22:00;0,3666
2026-04-09 23:00;0,4506
2026-04-10 00:00;0,1163
2026-04-10 01:00;0,3397
2026-04-10 02:00;0,4690
2026-04-10 03:00;0,3355
2026-04-10 04:00;0,0311
2026-04-10 05:00;0,0273
2026-04-10 06:00;0,0322
2026-04-10 07:00;0,4775
2026-04-10 08:00;0,5969
2026-04-10 09:00;0,7134
2026-04-10 10:00;0,0358
2026-04-10 11:00;0,0351
2026-04-10 12:00;0,1241
2026-04-10 13:00;0,3989
2026-04-10 14:00;0,6832
2026-04-10 15:00;0,7250
2026-04-10 16:00;0,6623
2026-04-10 17:00;0,6818
2026-04-10 18:00;0,6114
2026-04-10 19:00;0,7463
2026-04-10 20:00;0,7568
2026-04-10 21:00;0,7638
2026-04-10 22:00;0,6371
2026-04-10 23:00;0,0279
2026-04-11 00:00;0,6651
2026-04-11 01:00;0,4301
2026-04-11 02:00;0,0376
2026-04-11 03:00;0,0360
2026-04-11 04:00;0,0363
2026-04-11 05:00;0,0319
2026-04-11 06:00;0,0629
2026-04-11 07:00;0,0961
2026-04-11 08:00;0,2661
2026-04-11 09:00;0,3477
2026-04-11 10:00;0,4410
2026-04-11 11:00;0,7936
2026-04-11 12:00;0,7914
2026-04-11 13:00;0,6958
2026-04-11 14:00;0,8568
2026-04-11 15:00;0,7375
2026-04-11 16:00;0,6961
2026-04-11 17:00;0,8304
2026-04-11 18:00;0,9046
2026-04-11 19:00;0,7723
2026-04-11 20:00;0,7911
2026-04-11 21:00;0,7021
2026-04-11 22:00;0,3304
2026-04-11 23:00;0,0319
2026-04-12 00:00;0,6364
2026-04-12 01:00;0,3831
2026-04-12 02:00;0,0333
2026-04-12 03:00;0,0327
2026-04-12 04:00;0,0306
2026-04-12 05:00;0,0283
2026-04-12 06:00;0,0691
2026-04-12 07:00;0,1009
2026-04-12 08:00;0,2969
2026-04-12 09:00;0,3914
2026-04-12 10:00;0,4207
2026-04-12 11:00;0,7625
2026-04-12 12:00;0,7474
2026-04-12 13:00;0,7466
2026-04-12 14:00;0,8287
2026-04-12 15:00;0,8134
2026-04-12 16:00;0,7829
2026-04-12 17:00;0,8520
2026-04-12 18:00;0,9205
2026-04-12 19:00;0,8922
2026-04-12 20:00;0,8218
2026-04-12 21:00;0,7102
2026-04-12 22:00;0,3733
2026-04-12 23:00;0,0274
2026-04-13 00:00;0,2489
2026-04-13 01:00;0,0771
2026-04-13 02:00;0,0894
2026-04-13 03:00;0,3754
2026-04-13 04:00;0,2055
2026-04-13 05:00;0,3543
2026-04-13 06:00;0,3486
2026-04-13 07:00;0,4169
2026-04-13 08:00;0,0148
2026-04-13 09:00;0,0178
2026-04-13 10:00;0,1108
2026-04-13 11:00;0,3727
2026-04-13 12:00;0,3551
2026-04-13 13:00;0,6064
2026-04-13 14:00;0,6352
2026-04-13 15:00;0,6076
2026-04-13 16:00;0,6934
2026-04-13 17:00;0,7739
2026-04-13 18:00;0,8137
2026-04-13 19:00;0,7117
2026-04-13 20:00;0,7727
2026-04-13 21:00;0,7463
2026-04-13 22:00;0,1081
2026-04-13 23:00;0,3184
2026-04-14 00:00;0,0696
2026-04-14 01:00;0,0636
2026-04-14 02:00;0,0652
2026-04-14 03:00;0,4012
2026-04-14 04:00;0,4682
2026-04-14 05:00;0,1405
2026-04-14 06:00;0,1344
2026-04-14 07:00;0,0930
2026-04-14 08:00;0,0670
2026-04-14 09:00;0,2758
2026-04-14 10:00;0,2294
2026-04-14 11:00;0,2934
2026-04-14 12:00;0,1425
2026-04-14 13:00;0,8013
2026-04-14 14:00;0,7190
2026-04-14 15:00;0,7327
2026-04-14 16:00;0,8502
2026-04-14 17:00;0,8235
2026-04-14 18:00;0,7886
2026-04-14 19:00;0,7793
2026-04-14 20:00;0,8353
2026-04-14 21:00;0,3451
2026-04-14 22:00;0,2393
2026-04-14 23:00;0,2065
2026-04-15 00:00;0,8126
2026-04-15 01:00;0,1248
2026-04-15 02:00;0,0705
2026-04-15 03:00;0,0332
2026-04-15 04:00;0,4474
2026-04-15 05:00;0,9332
2026-04-15 06:00;0,8439
2026-04-15 07:00;0,1085
2026-04-15 08:00;0,3970
2026-04-15 09:00;0,2585
2026-04-15 10:00;0,1176
2026-04-15 11:00;0,8597
2026-04-15 12:00;0,8563
2026-04-15 13:00;0,8296
2026-04-15 14:00;0,8991
2026-04-15 15:00;0,2610
2026-04-15 16:00;0,7732
2026-04-15 17:00;0,7184
2026-04-15 18:00;0,6427
2026-04-15 19:00;0,7502
2026-04-15 20:00;0,8380
2026-04-15 21:00;0,3971
2026-04-15 22:00;0,1192
2026-04-15 23:00;0,1056
2026-04-16 00:00;0,6942
2026-04-16 01:00;0,3824
2026-04-16 02:00;0,6660
2026-04-16 03:00;0,6743
2026-04-16 04:00;0,3555
2026-04-16 05:00;0,7657
2026-04-16 06:00;0,7705
2026-04-16 07:00;0,4338
2026-04-16 08:00;0,8574
2026-04-16 09:00;0,9020
2026-04-16 10:00;0,1145
2026-04-16 11:00;0,7778
2026-04-16 12:00;0,8127
2026-04-16 13:00;0,1234
2026-04-16 14:00;0,8713
2026-04-16 15:00;0,5035
2026-04-16 16:00;0,7939
2026-04-16 17:00;0,4471
2026-04-16 18:00;0,2182
2026-04-16 19:00;0,1184
2026-04-16 20:00;0,0293
2026-04-16 21:00;0,0730
2026-04-16 22:00;0,1178
2026-04-16 23:00;0,4637
2026-04-17 00:00;0,8030
2026-04-17 01:00;0,4063
2026-04-17 02:00;0,7264
2026-04-17 03:00;0,6480
2026-04-17 04:00;0,3767
2026-04-17 05:00;0,8429
2026-04-17 06:00;0,8593
2026-04-17 07:00;0,4805
2026-04-17 08:00;0,8122
2026-04-17 09:00;0,8389
2026-04-17 10:00;0,1180
2026-04-17 11:00;0,8454
2026-04-17 12:00;0,9119
2026-04-17 13:00;0,1259
2026-04-17 14:00;0,7753
2026-04-17 15:00;0,4569
2026-04-17 16:00;0,7250
2026-04-17 17:00;0,4184
2026-04-17 18:00;0,2169
2026-04-17 19:00;0,1422
2026-04-17 20:00;0,0315
2026-04-17 21:00;0,0792
2026-04-17 22:00;0,1263
2026-04-17 23:00;0,4556
2026-04-18 00:00;0,6858
2026-04-18 01:00;0,1052
2026-04-18 02:00;0,1126
2026-04-18 03:00;0,6044
2026-04-18 04:00;0,5618
2026-04-18 05:00;0,3752
2026-04-18 06:00;0,7737
2026-04-18 07:00;0,7319
2026-04-18 08:00;0,6616
2026-04-18 09:00;0,7470
2026-04-18 10:00;0,6609
2026-04-18 11:00;0,7742
2026-04-18 12:00;0,7827
2026-04-18 13:00;0,5034
2026-04-18 14:00;0,7692
2026-04-18 15:00;0,4265
2026-04-18 16:00;0,5900
2026-04-18 17:00;0,1313
2026-04-18 18:00;0,1249
2026-04-18 19:00;0,1190
2026-04-18 20:00;0,1125
2026-04-18 21:00;0,1146
2026-04-18 22:00;0,3908
2026-04-18 23:00;0,8280
2026-04-19 00:00;0,6744
2026-04-19 01:00;0,7860
2026-04-19 02:00;0,8157
2026-04-19 03:00;0,2557
2026-04-19 04:00;0,0506
2026-04-19 05:00;0,3462
2026-04-19 06:00;0,5950
2026-04-19 07:00;0,2108
2026-04-19 08:00;0,5505
2026-04-19 09:00;0,6234
2026-04-19 10:00;0,0122
2026-04-19 11:00;0,3682
2026-04-19 12:00;0,7708
2026-04-19 13:00;0,8483
2026-04-19 14:00;0,7479
2026-04-19 15:00;0,7308
2026-04-19 16:00;0,7866
2026-04-19 17:00;0,7056
2026-04-19 18:00;0,7365
2026-04-19 19:00;0,1161
2026-04-19 20:00;0,1094
2026-04-19 21:00;0,0285
2026-04-19 22:00;0,0294
2026-04-19 23:00;0,0327
2026-04-20 00:00;0,0072
2026-04-20 01:00;0,5731
2026-04-20 02:00;0,6726
2026-04-20 03:00;0,6936
2026-04-20 04:00;0,0774
2026-04-20 05:00;0,5450
2026-04-20 06:00;0,3118
2026-04-20 07:00;0,0693
2026-04-20 08:00;0,3439
2026-04-20 09:00;0,7650
2026-04-20 10:00;0,3336
2026-04-20 11:00;0,6418
2026-04-20 12:00;0,7210
2026-04-20 13:00;0,0701
2026-04-20 14:00;0,6397
2026-04-20 15:00;0,6438
2026-04-20 16:00;0,3778
2026-04-20 17:00;0,6746
2026-04-20 18:00;0,5447
2026-04-20 19:00;0,3540
2026-04-20 20:00;0,5778
2026-04-20 21:00;0,6313
2026-04-20 22:00;0,6372
2026-04-20 23:00;0,5412
2026-04-21 00:00;0,6981
2026-04-21 01:00;0,3925
2026-04-21 02:00;0,3782
2026-04-21 03:00;0,1072
2026-04-21 04:00;0,3671
2026-04-21 05:00;0,4690
2026-04-21 06:00;0,3837
2026-04-21 07:00;0,1129
2026-04-21 08:00;0,7558
2026-04-21 09:00;0,6715
2026-04-21 10:00;0,5620
2026-04-21 11:00;0,5845
2026-04-21 12:00;0,6061
2026-04-21 13:00;0,3197
2026-04-21 14:00;0,3718
2026-04-21 15:00;0,3287
2026-04-21 16:00;0,0923
2026-04-21 17:00;0,7143
2026-04-21 18:00;0,7190
2026-04-21 19:00;0,5673
2026-04-21 20:00;0,8623
2026-04-21 21:00;0,8672
2026-04-21 22:00;0,4167
2026-04-21 23:00;0,6116
2026-04-22 00:00;0,1179
2026-04-22 01:00;0,1149
2026-04-22 02:00;0,1084
2026-04-22 03:00;0,0999
2026-04-22 04:00;0,5291
2026-04-22 05:00;0,6765
2026-04-22 06:00;0,7334
2026-04-22 07:00;0,3463
2026-04-22 08:00;0,6573
2026-04-22 09:00;0,7698
2026-04-22 10:00;0,5708
2026-04-22 11:00;0,7439
2026-04-22 12:00;0,7445
2026-04-22 13:00;0,5434
2026-04-22 14:00;0,8114
2026-04-22 15:00;0,4217
2026-04-22 16:00;0,7112
2026-04-22 17:00;0,4162
2026-04-22 18:00;0,7937
2026-04-22 19:00;0,5002
2026-04-22 20:00;0,3502
2026-04-22 21:00;0,2231
2026-04-22 22:00;0,0977
2026-04-22 23:00;0,6685
2026-04-23 00:00;0,0337
2026-04-23 01:00;0,3226
2026-04-23 02:00;0,2301
2026-04-23 03:00;0,2501
2026-04-23 04:00;0,1165
2026-04-23 05:00;0,7152
2026-04-23 06:00;0,7737
2026-04-23 07:00;0,1183
2026-04-23 08:00;0,8076
2026-04-23 09:00;0,8101
2026-04-23 10:00;0,3798
2026-04-23 11:00;0,7321
2026-04-23 12:00;0,7266
2026-04-23 13:00;0,7724
2026-04-23 14:00;0,6116
2026-04-23 15:00;0,1040
2026-04-23 16:00;0,3298
2026-04-23 17:00;0,6934
2026-04-23 18:00;0,0939
2026-04-23 19:00;0,1922
2026-04-23 20:00;0,5241
2026-04-23 21:00;0,2672
2026-04-23 22:00;0,4496
2026-04-23 23:00;0,8213
2026-04-24 00:00;0,7880
2026-04-24 01:00;0,3822
2026-04-24 02:00;0,8261
2026-04-24 03:00;0,8550
2026-04-24 04:00;0,4613
2026-04-24 05:00;0,7800
2026-04-24 06:00;0,8295
2026-04-24 07:00;0,4278
2026-04-24 08:00;0,7601
2026-04-24 09:00;0,7450
2026-04-24 10:00;0,1164
2026-04-24 11:00;0,7719
2026-04-24 12:00;0,8227
2026-04-24 13:00;0,1095
2026-04-24 14:00;0,7853
2026-04-24 15:00;0,4983
2026-04-24 16:00;0,8209
2026-04-24 17:00;0,4758
2026-04-24 18:00;0,2235
2026-04-24 19:00;0,1454
2026-04-24 20:00;0,0304
2026-04-24 21:00;0,0619
2026-04-24 22:00;0,0918
2026-04-24 23:00;0,4340
2026-04-25 00:00;0,2382
2026-04-25 01:00;0,0881
2026-04-25 02:00;0,0895
2026-04-25 03:00;0,4298
2026-04-25 04:00;0,2266
2026-04-25 05:00;0,3841
2026-04-25 06:00;0,3269
2026-04-25 07:00;0,3780
2026-04-25 08:00;0,0162
2026-04-25 09:00;0,0170
2026-04-25 10:00;0,1038
2026-04-25 11:00;0,3898
2026-04-25 12:00;0,3538
2026-04-25 13:00;0,7253
2026-04-25 14:00;0,7460
2026-04-25 15:00;0,6638
2026-04-25 16:00;0,6823
2026-04-25 17:00;0,7724
2026-04-25 18:00;0,8041
2026-04-25 19:00;0,8625
2026-04-25 20:00;0,7945
2026-04-25 21:00;0,7795
2026-04-25 22:00;0,1270
2026-04-25 23:00;0,3506
2026-04-26 00:00;0,6442
2026-04-26 01:00;0,3661
2026-04-26 02:00;0,6270
2026-04-26 03:00;0,4242
2026-04-26 04:00;0,1099
2026-04-26 05:00;0,1136
2026-04-26 06:00;0,1084
2026-04-26 07:00;0,5047
2026-04-26 08:00;0,3903
2026-04-26 09:00;0,8058
2026-04-26 10:00;0,3597
2026-04-26 11:00;0,7983
2026-04-26 12:00;0,7322
2026-04-26 13:00;0,0926
2026-04-26 14:00;0,0269
2026-04-26 15:00;0,6584
2026-04-26 16:00;0,6320
2026-04-26 17:00;0,3533
2026-04-26 18:00;0,2645
2026-04-26 19:00;0,3831
2026-04-26 20:00;0,4618
2026-04-26 21:00;0,2457
2026-04-26 22:00;0,3954
2026-04-26 23:00;0,2344
2026-04-27 00:00;0,6863
2026-04-27 01:00;0,4052
2026-04-27 02:00;0,3933
2026-04-27 03:00;0,1124
2026-04-27 04:00;0,4131
2026-04-27 05:00;0,5424
2026-04-27 06:00;0,4239
2026-04-27 07:00;0,1261
2026-04-27 08:00;0,8879
2026-04-27 09:00;0,6176
2026-04-27 10:00;0,5573
2026-04-27 11:00;0,5106
2026-04-27 12:00;0,5873
2026-04-27 13:00;0,3514
2026-04-27 14:00;0,4126
2026-04-27 15:00;0,3712
2026-04-27 16:00;0,0956
2026-04-27 17:00;0,6538
2026-04-27 18:00;0,7250
2026-04-27 19:00;0,5015
2026-04-27 20:00;0,7182
2026-04-27 21:00;0,7676
2026-04-27 22:00;0,4099
2026-04-27 23:00;0,5703
2026-04-28 00:00;0,2497
2026-04-28 01:00;0,3517
2026-04-28 02:00;0,3621
2026-04-28 03:00;0,6761
2026-04-28 04:00;0,2746
2026-04-28 05:00;0,1107
2026-04-28 06:00;0,6650
2026-04-28 07:00;0,4021
2026-04-28 08:00;0,3777
2026-04-28 09:00;0,4353
2026-04-28 10:00;0,6216
2026-04-28 11:00;0,8746
2026-04-28 12:00;0,1678
2026-04-28 13:00;0,2652
2026-04-28 14:00;0,4420
2026-04-28 15:00;0,6747
2026-04-28 16:00;0,4830
2026-04-28 17:00;0,9266
2026-04-28 18:00;0,9330
2026-04-28 19:00;0,8762
2026-04-28 20:00;0,9552
2026-04-28 21:00;0,9796
2026-04-28 22:00;0,8597
2026-04-28 23:00;0,4863
2026-04-29 00:00;0,1158
2026-04-29 01:00;0,2805
2026-04-29 02:00;0,4109
2026-04-29 03:00;0,4523
2026-04-29 04:00;0,1996
2026-04-29 05:00;0,8697
2026-04-29 06:00;0,8138
2026-04-29 07:00;0,7728
2026-04-29 08:00;0,6575
2026-04-29 09:00;0,8206
2026-04-29 10:00;0,2257
2026-04-29 11:00;0,7726
2026-04-29 12:00;0,8482
2026-04-29 13:00;0,7621
2026-04-29 14:00;0,6588
2026-04-29 15:00;0,3637
2026-04-29 16:00;0,2698
2026-04-29 17:00;0,1794
2026-04-29 18:00;0,2702
2026-04-29 19:00;0,2680
2026-04-29 20:00;0,7324
2026-04-29 21:00;0,8380
2026-04-29 22:00;0,7538
2026-04-29 23:00;0,4463
2026-04-30 00:00;1,0000
2026-04-30 01:00;0,2911
2026-04-30 02:00;0,9634
2026-04-30 03:00;0,8702
2026-04-30 04:00;0,4962
2026-04-30 05:00;0,7176
2026-04-30 06:00;0,6854
2026-04-30 07:00;0,2946
2026-04-30 08:00;0,4538
2026-04-30 09:00;0,3714
2026-04-30 10:00;0,3070
2026-04-30 11:00;0,9099
2026-04-30 12:00;0,9761
2026-04-30 13:00;0,8569
2026-04-30 14:00;0,8786
2026-04-30 15:00;0,9084
2026-04-30 16:00;0,9184
2026-04-30 17:00;1,0000
2026-04-30 18:00;1,0000
2026-04-30 19:00;0,3498
2026-04-30 20:00;0,3601
2026-04-30 21:00;0,5310
2026-04-30 22:00;0,3795
2026-04-30 23:00;0,3784
2026-05-01 00:00;0,3856
2026-05-01 01:00;0,0000
2026-05-01 02:00;0,4003
2026-05-01 03:00;0,5318
2026-05-01 04:00;0,3727
2026-05-01 05:00;0,4100
2026-05-01 06:00;0,0000
2026-05-01 07:00;0,3921
2026-05-01 08:00;0,1449
2026-05-01 09:00;0,5351
2026-05-01 10:00;0,1467
2026-05-01 11:00;0,5700
2026-05-01 12:00;0,1445
2026-05-01 13:00;0,0000
2026-05-01 14:00;0,1394
2026-05-01 15:00;0,2803
2026-05-01 16:00;0,1747
2026-05-01 17:00;0,5816
2026-05-01 18:00;0,3961
2026-05-01 19:00;0,0000
2026-05-01 20:00;0,0000
2026-05-01 21:00;0,0000
2026-05-01 22:00;0,0000
2026-05-01 23:00;0,0000
2026-05-02 00:00;0,0000
2026-05-02 01:00;0,0254
2026-05-02 02:00;0,0000
2026-05-02 03:00;0,0000
2026-05-02 04:00;0,0000
2026-05-02 05:00;0,0000
2026-05-02 06:00;0,0000
2026-05-02 07:00;0,0000
2026-05-02 08:00;0,0000
2026-05-02 09:00;0,0000
2026-05-02 10:00;0,0687
2026-05-02 11:00;0,5567
2026-05-02 12:00;0,2614
2026-05-02 13:00;0,5275
2026-05-02 14:00;0,7478
2026-05-02 15:00;0,6352
2026-05-02 16:00;0,5609
2026-05-02 17:00;0,6729
2026-05-02 18:00;0,7596
2026-05-02 19:00;0,8072
2026-05-02 20:00;0,6753
2026-05-02 21:00;0,5226
2026-05-02 22:00;0,6115
2026-05-02 23:00;0,0121
2026-05-03 00:00;0,2084
2026-05-03 01:00;0,0399
2026-05-03 02:00;0,3351
2026-05-03 03:00;0,1890
2026-05-03 04:00;0,1345
2026-05-03 05:00;0,1903
2026-05-03 06:00;0,1898
2026-05-03 07:00;0,0429
2026-05-03 08:00;0,1875
2026-05-03 09:00;0,4906
2026-05-03 10:00;0,2665
2026-05-03 11:00;0,4991
2026-05-03 12:00;0,1957
2026-05-03 13:00;0,6963
2026-05-03 14:00;0,7732
2026-05-03 15:00;0,8333
2026-05-03 16:00;0,3549
2026-05-03 17:00;0,7725
2026-05-03 18:00;0,8002
2026-05-03 19:00;0,6470
2026-05-03 20:00;0,2424
2026-05-03 21:00;0,4088
2026-05-03 22:00;0,2480
2026-05-03 23:00;0,2556
2026-05-04 00:00;0,0309
2026-05-04 01:00;0,0276
2026-05-04 02:00;0,0307
2026-05-04 03:00;0,0298
2026-05-04 04:00;0,0961
2026-05-04 05:00;0,1451
2026-05-04 06:00;0,1974
2026-05-04 07:00;0,3514
2026-05-04 08:00;0,6627
2026-05-04 09:00;0,3441
2026-05-04 10:00;0,0930
2026-05-04 11:00;0,4335
2026-05-04 12:00;0,4585
2026-05-04 13:00;0,3382
2026-05-04 14:00;0,7047
2026-05-04 15:00;0,6569
2026-05-04 16:00;0,6300
2026-05-04 17:00;0,6364
2026-05-04 18:00;0,2119
2026-05-04 19:00;0,5881
2026-05-04 20:00;0,5683
2026-05-04 21:00;0,3847
2026-05-04 22:00;0,4252
2026-05-04 23:00;0,7226
2026-05-05 00:00;0,0324
2026-05-05 01:00;0,0697
2026-05-05 02:00;0,1055
2026-05-05 03:00;0,0317
2026-05-05 04:00;0,1102
2026-05-05 05:00;0,5058
2026-05-05 06:00;0,4895
2026-05-05 07:00;0,1260
2026-05-05 08:00;0,5870
2026-05-05 09:00;0,4469
2026-05-05 10:00;0,0882
2026-05-05 11:00;0,5414
2026-05-05 12:00;0,5442
2026-05-05 13:00;0,4755
2026-05-05 14:00;0,6112
2026-05-05 15:00;0,6933
2026-05-05 16:00;0,7079
2026-05-05 17:00;0,6388
2026-05-05 18:00;0,3254
2026-05-05 19:00;0,3768
2026-05-05 20:00;0,0954
2026-05-05 21:00;0,5621
2026-05-05 22:00;0,4195
2026-05-05 23:00;0,4814
2026-05-06 00:00;0,1070
2026-05-06 01:00;0,0850
2026-05-06 02:00;0,2256
2026-05-06 03:00;0,2105
2026-05-06 04:00;0,6849
2026-05-06 05:00;0,3507
2026-05-06 06:00;0,0327
2026-05-06 07:00;0,1037
2026-05-06 08:00;0,0972
2026-05-06 09:00;0,0950
2026-05-06 10:00;0,1109
2026-05-06 11:00;0,7261
2026-05-06 12:00;0,6813
2026-05-06 13:00;0,5746
2026-05-06 14:00;0,7849
2026-05-06 15:00;0,7903
2026-05-06 16:00;0,1038
2026-05-06 17:00;0,5249
2026-05-06 18:00;0,2958
2026-05-06 19:00;0,2595
2026-05-06 20:00;0,3204
2026-05-06 21:00;0,4826
2026-05-06 22:00;0,3363
2026-05-06 23:00;0,3767
2026-05-07 00:00;0,2236
2026-05-07 01:00;0,1145
2026-05-07 02:00;0,0999
2026-05-07 03:00;0,0316
2026-05-07 04:00;0,3911
2026-05-07 05:00;0,6455
2026-05-07 06:00;0,6814
2026-05-07 07:00;0,8566
2026-05-07 08:00;0,7691
2026-05-07 09:00;0,7590
2026-05-07 10:00;0,1787
2026-05-07 11:00;0,7739
2026-05-07 12:00;0,7645
2026-05-07 13:00;0,5135
2026-05-07 14:00;0,1237
2026-05-07 15:00;0,0307
2026-05-07 16:00;0,4648
2026-05-07 17:00;0,5171
2026-05-07 18:00;0,4881
2026-05-07 19:00;0,2141
2026-05-07 20:00;0,0311
2026-05-07 21:00;0,1045
2026-05-07 22:00;0,2817
2026-05-07 23:00;0,0897
2026-05-08 00:00;0,0337
2026-05-08 01:00;0,0303
2026-05-08 02:00;0,0327
2026-05-08 03:00;0,3401
2026-05-08 04:00;0,2495
2026-05-08 05:00;0,0346
2026-05-08 06:00;0,0329
2026-05-08 07:00;0,2012
2026-05-08 08:00;0,6476
2026-05-08 09:00;0,6058
2026-05-08 10:00;0,1310
2026-05-08 11:00;0,3091
2026-05-08 12:00;0,6071
2026-05-08 13:00;0,4131
2026-05-08 14:00;0,6604
2026-05-08 15:00;0,7467
2026-05-08 16:00;0,6749
2026-05-08 17:00;0,7492
2026-05-08 18:00;0,7803
2026-05-08 19:00;0,7758
2026-05-08 20:00;0,5809
2026-05-08 21:00;0,3792
2026-05-08 22:00;0,3339
2026-05-08 23:00;0,5328
2026-05-09 00:00;0,0307
2026-05-09 01:00;0,3693
2026-05-09 02:00;0,7469
2026-05-09 03:00;0,6616
2026-05-09 04:00;0,1013
2026-05-09 05:00;0,2175
2026-05-09 06:00;0,3562
2026-05-09 07:00;0,1225
2026-05-09 08:00;0,0705
2026-05-09 09:00;0,0277
2026-05-09 10:00;0,0289
2026-05-09 11:00;0,0303
2026-05-09 12:00;0,1056
2026-05-09 13:00;0,6634
2026-05-09 14:00;0,5414
2026-05-09 15:00;0,7021
2026-05-09 16:00;0,6410
2026-05-09 17:00;0,7150
2026-05-09 18:00;0,6897
2026-05-09 19:00;0,6518
2026-05-09 20:00;0,6299
2026-05-09 21:00;0,6209
2026-05-09 22:00;0,3234
2026-05-09 23:00;0,5714
2026-05-10 00:00;0,2229
2026-05-10 01:00;0,0950
2026-05-10 02:00;0,0489
2026-05-10 03:00;0,1899
2026-05-10 04:00;0,0774
2026-05-10 05:00;0,0753
2026-05-10 06:00;0,0803
2026-05-10 07:00;0,0791
2026-05-10 08:00;0,5530
2026-05-10 09:00;0,3910
2026-05-10 10:00;0,1110
2026-05-10 11:00;0,8560
2026-05-10 12:00;0,7850
2026-05-10 13:00;0,6861
2026-05-10 14:00;0,3503
2026-05-10 15:00;0,4859
2026-05-10 16:00;0,6604
2026-05-10 17:00;0,4996
2026-05-10 18:00;0,2337
2026-05-10 19:00;0,7301
2026-05-10 20:00;0,7848
2026-05-10 21:00;0,7737
2026-05-10 22:00;0,4068
2026-05-10 23:00;0,8056
2026-05-11 00:00;0,1248
2026-05-11 01:00;0,0776
2026-05-11 02:00;0,0363
2026-05-11 03:00;0,5338
2026-05-11 04:00;0,4074
2026-05-11 05:00;0,6502
2026-05-11 06:00;0,6365
2026-05-11 07:00;0,4406
2026-05-11 08:00;0,0356
2026-05-11 09:00;0,3579
2026-05-11 10:00;0,6069
2026-05-11 11:00;0,7429
2026-05-11 12:00;0,8046
2026-05-11 13:00;0,6247
2026-05-11 14:00;0,5770
2026-05-11 15:00;0,7752
2026-05-11 16:00;0,8036
2026-05-11 17:00;0,8354
2026-05-11 18:00;0,6865
2026-05-11 19:00;0,6409
2026-05-11 20:00;0,1195
2026-05-11 21:00;0,0648
2026-05-11 22:00;0,0155
2026-05-11 23:00;0,0317
2026-05-12 00:00;0,5734
2026-05-12 01:00;0,5441
2026-05-12 02:00;0,4182
2026-05-12 03:00;0,2574
2026-05-12 04:00;0,1847
2026-05-12 05:00;0,3362
2026-05-12 06:00;0,1101
2026-05-12 07:00;0,4633
2026-05-12 08:00;0,2538
2026-05-12 09:00;0,2703
2026-05-12 10:00;0,1145
2026-05-12 11:00;0,6913
2026-05-12 12:00;0,7202
2026-05-12 13:00;0,6126
2026-05-12 14:00;0,7424
2026-05-12 15:00;0,7763
2026-05-12 16:00;0,4139
2026-05-12 17:00;0,4088
2026-05-12 18:00;0,4444
2026-05-12 19:00;0,2993
2026-05-12 20:00;0,1341
2026-05-12 21:00;0,1288
2026-05-12 22:00;0,1177
2026-05-12 23:00;0,2403
2026-05-13 00:00;0,2323
2026-05-13 01:00;0,0757
2026-05-13 02:00;0,0278
2026-05-13 03:00;0,0979
2026-05-13 04:00;0,0742
2026-05-13 05:00;0,4094
2026-05-13 06:00;0,2597
2026-05-13 07:00;0,5105
2026-05-13 08:00;0,4060
2026-05-13 09:00;0,3534
2026-05-13 10:00;0,3263
2026-05-13 11:00;0,6843
2026-05-13 12:00;0,7755
2026-05-13 13:00;0,7114
2026-05-13 14:00;0,7200
2026-05-13 15:00;0,6282
2026-05-13 16:00;0,2661
2026-05-13 17:00;0,5880
2026-05-13 18:00;0,5374
2026-05-13 19:00;0,5371
2026-05-13 20:00;0,2084
2026-05-13 21:00;0,1454
2026-05-13 22:00;0,0463
2026-05-13 23:00;0,2236
2026-05-14 00:00;0,7885
2026-05-14 01:00;0,1469
2026-05-14 02:00;0,6897
2026-05-14 03:00;0,8054
2026-05-14 04:00;0,6055
2026-05-14 05:00;0,8003
2026-05-14 06:00;0,2896
2026-05-14 07:00;0,9166
2026-05-14 08:00;0,4026
2026-05-14 09:00;0,7400
2026-05-14 10:00;0,3810
2026-05-14 11:00;0,8373
2026-05-14 12:00;0,4204
2026-05-14 13:00;0,0150
2026-05-14 14:00;0,4383
2026-05-14 15:00;0,5433
2026-05-14 16:00;0,4481
2026-05-14 17:00;0,7917
2026-05-14 18:00;0,7031
2026-05-14 19:00;0,0608
2026-05-14 20:00;0,0818
2026-05-14 21:00;0,1005
2026-05-14 22:00;0,1577
2026-05-14 23:00;0,1055
2026-05-15 00:00;0,3085
2026-05-15 01:00;0,1890
2026-05-15 02:00;0,3489
2026-05-15 03:00;0,2880
2026-05-15 04:00;0,1379
2026-05-15 05:00;0,1105
2026-05-15 06:00;0,0581
2026-05-15 07:00;0,0152
2026-05-15 08:00;0,2396
2026-05-15 09:00;0,6980
2026-05-15 10:00;0,2980
2026-05-15 11:00;0,1082
2026-05-15 12:00;0,0948
2026-05-15 13:00;0,2968
2026-05-15 14:00;0,6722
2026-05-15 15:00;0,6658
2026-05-15 16:00;0,8465
2026-05-15 17:00;0,8646
2026-05-15 18:00;0,7571
2026-05-15 19:00;0,7918
2026-05-15 20:00;0,8215
2026-05-15 21:00;0,7203
2026-05-15 22:00;0,2734
2026-05-15 23:00;0,6009
2026-05-16 00:00;0,0962
2026-05-16 01:00;0,2030
2026-05-16 02:00;0,3502
2026-05-16 03:00;0,2615
2026-05-16 04:00;0,1057
2026-05-16 05:00;0,0308
2026-05-16 06:00;0,0536
2026-05-16 07:00;0,0769
2026-05-16 08:00;0,1168
2026-05-16 09:00;0,0323
2026-05-16 10:00;0,3539
2026-05-16 11:00;0,6612
2026-05-16 12:00;0,5723
2026-05-16 13:00;0,7265
2026-05-16 14:00;0,7447
2026-05-16 15:00;0,8098
2026-05-16 16:00;0,7296
2026-05-16 17:00;0,7581
2026-05-16 18:00;0,7517
2026-05-16 19:00;0,6110
2026-05-16 20:00;0,6230
2026-05-16 21:00;0,0835
2026-05-16 22:00;0,0794
2026-05-16 23:00;0,0999
2026-05-17 00:00;0,0293
2026-05-17 01:00;0,1130
2026-05-17 02:00;0,1217
2026-05-17 03:00;0,2411
2026-05-17 04:00;0,2251
2026-05-17 05:00;0,2385
2026-05-17 06:00;0,2247
2026-05-17 07:00;0,0142
2026-05-17 08:00;0,0206
2026-05-17 09:00;0,0273
2026-05-17 10:00;0,2633
2026-05-17 11:00;0,5413
2026-05-17 12:00;0,3676
2026-05-17 13:00;0,3395
2026-05-17 14:00;0,7014
2026-05-17 15:00;0,8076
2026-05-17 16:00;0,7171
2026-05-17 17:00;0,7117
2026-05-17 18:00;0,6434
2026-05-17 19:00;0,7439
2026-05-17 20:00;0,0539
2026-05-17 21:00;0,0335
2026-05-17 22:00;0,7912
2026-05-17 23:00;0,7221
2026-05-18 00:00;0,3265
2026-05-18 01:00;0,3000
2026-05-18 02:00;0,0952
2026-05-18 03:00;0,3887
2026-05-18 04:00;0,3369
2026-05-18 05:00;0,3531
2026-05-18 06:00;0,4077
2026-05-18 07:00;0,3412
2026-05-18 08:00;0,7500
2026-05-18 09:00;0,8320
2026-05-18 10:00;0,8568
2026-05-18 11:00;0,8022
2026-05-18 12:00;0,7287
2026-05-18 13:00;0,3435
2026-05-18 14:00;0,7356
2026-05-18 15:00;0,8171
2026-05-18 16:00;0,4098
2026-05-18 17:00;0,6142
2026-05-18 18:00;0,1179
2026-05-18 19:00;0,2572
2026-05-18 20:00;0,4465
2026-05-18 21:00;0,1270
2026-05-18 22:00;0,2897
2026-05-18 23:00;0,1040
2026-05-19 00:00;0,2732
2026-05-19 01:00;0,0445
2026-05-19 02:00;0,1293
2026-05-19 03:00;0,0866
2026-05-19 04:00;0,0515
2026-05-19 05:00;0,1656
2026-05-19 06:00;0,3566
2026-05-19 07:00;0,3733
2026-05-19 08:00;0,2755
2026-05-19 09:00;0,1056
2026-05-19 10:00;0,6559
2026-05-19 11:00;0,6633
2026-05-19 12:00;0,6286
2026-05-19 13:00;0,3653
2026-05-19 14:00;0,7274
2026-05-19 15:00;0,7234
2026-05-19 16:00;0,2705
2026-05-19 17:00;0,6620
2026-05-19 18:00;0,2138
2026-05-19 19:00;0,5817
2026-05-19 20:00;0,7744
2026-05-19 21:00;0,7329
2026-05-19 22:00;0,0895
2026-05-19 23:00;0,0970
2026-05-20 00:00;0,4477
2026-05-20 01:00;0,2439
2026-05-20 02:00;0,4160
2026-05-20 03:00;0,4357
2026-05-20 04:00;0,2751
2026-05-20 05:00;0,3348
2026-05-20 06:00;0,3141
2026-05-20 07:00;0,3720
2026-05-20 08:00;0,4459
2026-05-20 09:00;0,3609
2026-05-20 10:00;0,2543
2026-05-20 11:00;0,4230
2026-05-20 12:00;0,3988
2026-05-20 13:00;0,1761
2026-05-20 14:00;0,1942
2026-05-20 15:00;0,2090
2026-05-20 16:00;0,2607
2026-05-20 17:00;0,7878
2026-05-20 18:00;0,8389
2026-05-20 19:00;0,6204
2026-05-20 20:00;0,6797
2026-05-20 21:00;0,3961
2026-05-20 22:00;0,6589
2026-05-20 23:00;0,5526
2026-05-21 00:00;0,4139
2026-05-21 01:00;0,4731
2026-05-21 02:00;0,1136
2026-05-21 03:00;0,4038
2026-05-21 04:00;0,3255
2026-05-21 05:00;0,2633
2026-05-21 06:00;0,3400
2026-05-21 07:00;0,2965
2026-05-21 08:00;0,2655
2026-05-21 09:00;0,1032
2026-05-21 10:00;0,2342
2026-05-21 11:00;0,1031
2026-05-21 12:00;0,5151
2026-05-21 13:00;0,3282
2026-05-21 14:00;0,7549
2026-05-21 15:00;0,4101
2026-05-21 16:00;0,4579
2026-05-21 17:00;0,6724
2026-05-21 18:00;0,8027
2026-05-21 19:00;0,2355
2026-05-21 20:00;0,7286
2026-05-21 21:00;0,7579
2026-05-21 22:00;0,2735
2026-05-21 23:00;0,1165
2026-05-22 00:00;0,0636
2026-05-22 01:00;0,0985
2026-05-22 02:00;0,4422
2026-05-22 03:00;0,3341
2026-05-22 04:00;0,0395
2026-05-22 05:00;0,0275
2026-05-22 06:00;0,3742
2026-05-22 07:00;0,2606
2026-05-22 08:00;0,6918
2026-05-22 09:00;0,7427
2026-05-22 10:00;0,6450
2026-05-22 11:00;0,6755
2026-05-22 12:00;0,6629
2026-05-22 13:00;0,5570
2026-05-22 14:00;0,7454
2026-05-22 15:00;0,7278
2026-05-22 16:00;0,0927
2026-05-22 17:00;0,0933
2026-05-22 18:00;0,2148
2026-05-22 19:00;0,6374
2026-05-22 20:00;0,4319
2026-05-22 21:00;0,2869
2026-05-22 22:00;0,0999
2026-05-22 23:00;0,3419
2026-05-23 00:00;0,3624
2026-05-23 01:00;0,4007
2026-05-23 02:00;0,1074
2026-05-23 03:00;0,2229
2026-05-23 04:00;0,1109
2026-05-23 05:00;0,6842
2026-05-23 06:00;0,7056
2026-05-23 07:00;0,3733
2026-05-23 08:00;0,1107
2026-05-23 09:00;0,0330
2026-05-23 10:00;0,3700
2026-05-23 11:00;0,7104
2026-05-23 12:00;0,7803
2026-05-23 13:00;0,6244
2026-05-23 14:00;0,6619
2026-05-23 15:00;0,5067
2026-05-23 16:00;0,5291
2026-05-23 17:00;0,6747
2026-05-23 18:00;0,5798
2026-05-23 19:00;0,1885
2026-05-23 20:00;0,0333
2026-05-23 21:00;0,0720
2026-05-23 22:00;0,1170
2026-05-23 23:00;0,1257
2026-05-24 00:00;0,4573
2026-05-24 01:00;0,3861
2026-05-24 02:00;0,3657
2026-05-24 03:00;0,1024
2026-05-24 04:00;0,3238
2026-05-24 05:00;0,3530
2026-05-24 06:00;0,4497
2026-05-24 07:00;0,4017
2026-05-24 08:00;0,1275
2026-05-24 09:00;0,1299
2026-05-24 10:00;0,1225
2026-05-24 11:00;0,1316
2026-05-24 12:00;0,1245
2026-05-24 13:00;0,3618
2026-05-24 14:00;0,6726
2026-05-24 15:00;0,1178
2026-05-24 16:00;0,3238
2026-05-24 17:00;0,7361
2026-05-24 18:00;0,7646
2026-05-24 19:00;0,1021
2026-05-24 20:00;0,6569
2026-05-24 21:00;0,6175
2026-05-24 22:00;0,2838
2026-05-24 23:00;0,6040
2026-05-25 00:00;0,0315
2026-05-25 01:00;0,1225
2026-05-25 02:00;0,1177
2026-05-25 03:00;0,2499
2026-05-25 04:00;0,2125
2026-05-25 05:00;0,1934
2026-05-25 06:00;0,2215
2026-05-25 07:00;0,0126
2026-05-25 08:00;0,0217
2026-05-25 09:00;0,0265
2026-05-25 10:00;0,3030
2026-05-25 11:00;0,6137
2026-05-25 12:00;0,3910
2026-05-25 13:00;0,3948
2026-05-25 14:00;0,8491
2026-05-25 15:00;0,8321
2026-05-25 16:00;0,8364
2026-05-25 17:00;0,7957
2026-05-25 18:00;0,7263
2026-05-25 19:00;0,7683
2026-05-25 20:00;0,0551
2026-05-25 21:00;0,0316
2026-05-25 22:00;0,7103
2026-05-25 23:00;0,7418
2026-05-26 00:00;0,3878
2026-05-26 01:00;0,1840
2026-05-26 02:00;0,2536
2026-05-26 03:00;0,2943
2026-05-26 04:00;0,1793
2026-05-26 05:00;0,2263
2026-05-26 06:00;0,0257
2026-05-26 07:00;0,1029
2026-05-26 08:00;0,5572
2026-05-26 09:00;0,5533
2026-05-26 10:00;0,1026
2026-05-26 11:00;0,2340
2026-05-26 12:00;0,1134
2026-05-26 13:00;0,3662
2026-05-26 14:00;0,6406
2026-05-26 15:00;0,6332
2026-05-26 16:00;0,6373
2026-05-26 17:00;0,7473
2026-05-26 18:00;0,7143
2026-05-26 19:00;0,6420
2026-05-26 20:00;0,6423
2026-05-26 21:00;0,3488
2026-05-26 22:00;0,1067
2026-05-26 23:00;0,2647
2026-05-27 00:00;0,3109
2026-05-27 01:00;0,0145
2026-05-27 02:00;0,4301
2026-05-27 03:00;0,3003
2026-05-27 04:00;0,0557
2026-05-27 05:00;0,4214
2026-05-27 06:00;0,2735
2026-05-27 07:00;0,1576
2026-05-27 08:00;0,2680
2026-05-27 09:00;0,4268
2026-05-27 10:00;0,0625
2026-05-27 11:00;0,2202
2026-05-27 12:00;0,5080
2026-05-27 13:00;0,4416
2026-05-27 14:00;0,4887
2026-05-27 15:00;0,1923
2026-05-27 16:00;0,2895
2026-05-27 17:00;0,4417
2026-05-27 18:00;0,4292
2026-05-27 19:00;0,6271
2026-05-27 20:00;0,7218
2026-05-27 21:00;0,5828
2026-05-27 22:00;0,4036
2026-05-27 23:00;0,8637
2026-05-28 00:00;0,1056
2026-05-28 01:00;0,3818
2026-05-28 02:00;0,5575
2026-05-28 03:00;0,4330
2026-05-28 04:00;0,3101
2026-05-28 05:00;0,3001
2026-05-28 06:00;0,4160
2026-05-28 07:00;0,3900
2026-05-28 08:00;0,3085
2026-05-28 09:00;0,1132
2026-05-28 10:00;0,1556
2026-05-28 11:00;0,1021
2026-05-28 12:00;0,2323
2026-05-28 13:00;0,3222
2026-05-28 14:00;0,5803
2026-05-28 15:00;0,1077
2026-05-28 16:00;0,3734
2026-05-28 17:00;0,8864
2026-05-28 18:00;0,8611
2026-05-28 19:00;0,8973
2026-05-28 20:00;0,7635
2026-05-28 21:00;0,8359
2026-05-28 22:00;0,4132
2026-05-28 23:00;0,4732
2026-05-29 00:00;0,8001
2026-05-29 01:00;0,3804
2026-05-29 02:00;0,7374
2026-05-29 03:00;0,6513
2026-05-29 04:00;0,7339
2026-05-29 05:00;0,7238
2026-05-29 06:00;0,7203
2026-05-29 07:00;0,7818
2026-05-29 08:00;0,2639
2026-05-29 09:00;0,0262
2026-05-29 10:00;0,0663
2026-05-29 11:00;0,1145
2026-05-29 12:00;0,0275
2026-05-29 13:00;0,0260
2026-05-29 14:00;0,0263
2026-05-29 15:00;0,0233
2026-05-29 16:00;0,1858
2026-05-29 17:00;0,4006
2026-05-29 18:00;0,7685
2026-05-29 19:00;0,6508
2026-05-29 20:00;0,4070
2026-05-29 21:00;0,4214
2026-05-29 22:00;0,7374
2026-05-29 23:00;0,6409
2026-05-30 00:00;0,0955
2026-05-30 01:00;0,0617
2026-05-30 02:00;0,0143
2026-05-30 03:00;0,0280
2026-05-30 04:00;0,0396
2026-05-30 05:00;0,0122
2026-05-30 06:00;0,0794
2026-05-30 07:00;0,2413
2026-05-30 08:00;0,3268
2026-05-30 09:00;0,1003
2026-05-30 10:00;0,0125
2026-05-30 11:00;0,1452
2026-05-30 12:00;0,2375
2026-05-30 13:00;0,6886
2026-05-30 14:00;0,7037
2026-05-30 15:00;0,8008
2026-05-30 16:00;0,6921
2026-05-30 17:00;0,6199
2026-05-30 18:00;0,6237
2026-05-30 19:00;0,5736
2026-05-30 20:00;0,6515
2026-05-30 21:00;0,6529
2026-05-30 22:00;0,3491
2026-05-30 23:00;0,2233
2026-05-31 00:00;0,1600
2026-05-31 01:00;0,1866
2026-05-31 02:00;0,0000
2026-05-31 03:00;0,0000
2026-05-31 04:00;0,2779
2026-05-31 05:00;0,3750
2026-05-31 06:00;0,2946
2026-05-31 07:00;0,1132
2026-05-31 08:00;0,0719
2026-05-31 09:00;0,2134
2026-05-31 10:00;0,2535
2026-05-31 11:00;0,0000
2026-05-31 12:00;0,2008
2026-05-31 13:00;0,5466
2026-05-31 14:00;0,4934
2026-05-31 15:00;0,6374
2026-05-31 16:00;0,7118
2026-05-31 17:00;0,6648
2026-05-31 18:00;0,6086
2026-05-31 19:00;0,5920
2026-05-31 20:00;0,6919
2026-05-31 21:00;0,7121
2026-05-31 22:00;0,1425
2026-05-31 23:00;0,0781
2026-06-01 00:00;0,0768
2026-06-01 01:00;0,0765
2026-06-01 02:00;0,0779
2026-06-01 03:00;0,1458
2026-06-01 04:00;0,1085
2026-06-01 05:00;0,0730
2026-06-01 06:00;0,1140
2026-06-01 07:00;0,1566
2026-06-01 08:00;0,8252
2026-06-01 09:00;0,7676
2026-06-01 10:00;0,4578
2026-06-01 11:00;0,2949
2026-06-01 12:00;0,3022
2026-06-01 13:00;0,8312
2026-06-01 14:00;0,3193
2026-06-01 15:00;0,4300
2026-06-01 16:00;0,7635
2026-06-01 17:00;0,5975
2026-06-01 18:00;0,6846
2026-06-01 19:00;0,7808
2026-06-01 20:00;0,6812
2026-06-01 21:00;0,4459
2026-06-01 22:00;0,3820
2026-06-01 23:00;0,2806
2026-06-02 00:00;0,2475
2026-06-02 01:00;0,0418
2026-06-02 02:00;0,0576
2026-06-02 03:00;0,1393
2026-06-02 04:00;0,1441
2026-06-02 05:00;0,0622
2026-06-02 06:00;0,0608
2026-06-02 07:00;0,0604
2026-06-02 08:00;0,0594
2026-06-02 09:00;0,0598
2026-06-02 10:00;0,0383
2026-06-02 11:00;0,3789
2026-06-02 12:00;0,6593
2026-06-02 13:00;0,7722
2026-06-02 14:00;0,8327
2026-06-02 15:00;0,7577
2026-06-02 16:00;0,8294
2026-06-02 17:00;0,8064
2026-06-02 18:00;0,8533
2026-06-02 19:00;0,8016
2026-06-02 20:00;0,8574
2026-06-02 21:00;0,6229
2026-06-02 22:00;0,2031
2026-06-02 23:00;0,3044
2026-06-03 00:00;0,1269
2026-06-03 01:00;0,1171
2026-06-03 02:00;0,0418
2026-06-03 03:00;0,0406
2026-06-03 04:00;0,0386
2026-06-03 05:00;0,1450
2026-06-03 06:00;0,2284
2026-06-03 07:00;0,4029
2026-06-03 08:00;0,2638
2026-06-03 09:00;0,1159
2026-06-03 10:00;0,1232
2026-06-03 11:00;0,3849
2026-06-03 12:00;0,3409
2026-06-03 13:00;0,6863
2026-06-03 14:00;0,7803
2026-06-03 15:00;0,7862
2026-06-03 16:00;0,8505
2026-06-03 17:00;0,7476
2026-06-03 18:00;0,7432
2026-06-03 19:00;0,7053
2026-06-03 20:00;0,7595
2026-06-03 21:00;0,6866
2026-06-03 22:00;0,1203
2026-06-03 23:00;0,1828
2026-06-04 00:00;0,3945
2026-06-04 01:00;0,2617
2026-06-04 02:00;0,1275
2026-06-04 03:00;0,1319
2026-06-04 04:00;0,1325
2026-06-04 05:00;0,0335
2026-06-04 06:00;0,0335
2026-06-04 07:00;0,2881
2026-06-04 08:00;0,5572
2026-06-04 09:00;0,5327
2026-06-04 10:00;0,1199
2026-06-04 11:00;0,0790
2026-06-04 12:00;0,0352
2026-06-04 13:00;0,2342
2026-06-04 14:00;0,3917
2026-06-04 15:00;0,8380
2026-06-04 16:00;0,8157
2026-06-04 17:00;0,8098
2026-06-04 18:00;0,7875
2026-06-04 19:00;0,8470
2026-06-04 20:00;0,8789
2026-06-04 21:00;0,7720
2026-06-04 22:00;0,1118
2026-06-04 23:00;0,1043
2026-06-05 00:00;0,0566
2026-06-05 01:00;0,0827
2026-06-05 02:00;0,0629
2026-06-05 03:00;0,1878
2026-06-05 04:00;0,0667
2026-06-05 05:00;0,0427
2026-06-05 06:00;0,0283
2026-06-05 07:00;0,1848
2026-06-05 08:00;0,3392
2026-06-05 09:00;0,3726
2026-06-05 10:00;0,4034
2026-06-05 11:00;0,2292
2026-06-05 12:00;0,8034
2026-06-05 13:00;0,7916
2026-06-05 14:00;0,8279
2026-06-05 15:00;0,7365
2026-06-05 16:00;0,7771
2026-06-05 17:00;0,7957
2026-06-05 18:00;0,7930
2026-06-05 19:00;0,7081
2026-06-05 20:00;0,6866
2026-06-05 21:00;0,2329
2026-06-05 22:00;0,3248
2026-06-05 23:00;0,0327
2026-06-06 00:00;0,2402
2026-06-06 01:00;0,2795
2026-06-06 02:00;0,2419
2026-06-06 03:00;0,1143
2026-06-06 04:00;0,1100
2026-06-06 05:00;0,1065
2026-06-06 06:00;0,1732
2026-06-06 07:00;0,2286
2026-06-06 08:00;0,2676
2026-06-06 09:00;0,2761
2026-06-06 10:00;0,1270
2026-06-06 11:00;0,1095
2026-06-06 12:00;0,1097
2026-06-06 13:00;0,8148
2026-06-06 14:00;0,7259
2026-06-06 15:00;0,7322
2026-06-06 16:00;0,8258
2026-06-06 17:00;0,8751
2026-06-06 18:00;0,8010
2026-06-06 19:00;0,7586
2026-06-06 20:00;0,7476
2026-06-06 21:00;0,5372
2026-06-06 22:00;0,3580
2026-06-06 23:00;0,0276
2026-06-07 00:00;0,1601
2026-06-07 01:00;0,0923
2026-06-07 02:00;0,0654
2026-06-07 03:00;0,0271
2026-06-07 04:00;0,1065
2026-06-07 05:00;0,1190
2026-06-07 06:00;0,1835
2026-06-07 07:00;0,1040
2026-06-07 08:00;0,2074
2026-06-07 09:00;0,1894
2026-06-07 10:00;0,1086
2026-06-07 11:00;0,1066
2026-06-07 12:00;0,3941
2026-06-07 13:00;0,6555
2026-06-07 14:00;0,7810
2026-06-07 15:00;0,7064
2026-06-07 16:00;0,6826
2026-06-07 17:00;0,7832
2026-06-07 18:00;0,8596
2026-06-07 19:00;0,8343
2026-06-07 20:00;0,7449
2026-06-07 21:00;0,2524
2026-06-07 22:00;0,1118
2026-06-07 23:00;0,1057
2026-06-08 00:00;0,2474
2026-06-08 01:00;0,1178
2026-06-08 02:00;0,0269
2026-06-08 03:00;0,0226
2026-06-08 04:00;0,0157
2026-06-08 05:00;0,2100
2026-06-08 06:00;0,1116
2026-06-08 07:00;0,0342
2026-06-08 08:00;0,0296
2026-06-08 09:00;0,0733
2026-06-08 10:00;0,1079
2026-06-08 11:00;0,4260
2026-06-08 12:00;0,7539
2026-06-08 13:00;0,6264
2026-06-08 14:00;0,6869
2026-06-08 15:00;0,6831
2026-06-08 16:00;0,6994
2026-06-08 17:00;0,7901
2026-06-08 18:00;0,7166
2026-06-08 19:00;0,6700
2026-06-08 20:00;0,6818
2026-06-08 21:00;0,5463
2026-06-08 22:00;0,3782
2026-06-08 23:00;0,2646
2026-06-09 00:00;0,7487
2026-06-09 01:00;0,2060
2026-06-09 02:00;0,3656
2026-06-09 03:00;0,3488
2026-06-09 04:00;0,3806
2026-06-09 05:00;0,1209
2026-06-09 06:00;0,4120
2026-06-09 07:00;0,4226
2026-06-09 08:00;0,4736
2026-06-09 09:00;0,1035
2026-06-09 10:00;0,1175
2026-06-09 11:00;0,1101
2026-06-09 12:00;0,4326
2026-06-09 13:00;0,3371
2026-06-09 14:00;0,4351
2026-06-09 15:00;0,7890
2026-06-09 16:00;0,1023
2026-06-09 17:00;0,7565
2026-06-09 18:00;0,7119
2026-06-09 19:00;0,0988
2026-06-09 20:00;0,6893
2026-06-09 21:00;0,6300
2026-06-09 22:00;0,5030
2026-06-09 23:00;0,0984
2026-06-10 00:00;0,2622
2026-06-10 01:00;0,1808
2026-06-10 02:00;0,1353
2026-06-10 03:00;0,2670
2026-06-10 04:00;0,1286
2026-06-10 05:00;0,2293
2026-06-10 06:00;0,2310
2026-06-10 07:00;0,1333
2026-06-10 08:00;0,0540
2026-06-10 09:00;0,0508
2026-06-10 10:00;0,1672
2026-06-10 11:00;0,1373
2026-06-10 12:00;0,1406
2026-06-10 13:00;0,1516
2026-06-10 14:00;0,7210
2026-06-10 15:00;0,7410
2026-06-10 16:00;0,1547
2026-06-10 17:00;0,8219
2026-06-10 18:00;0,7199
2026-06-10 19:00;0,1419
2026-06-10 20:00;0,7842
2026-06-10 21:00;0,7675
2026-06-10 22:00;0,6293
2026-06-10 23:00;0,6838
2026-06-11 00:00;0,0332
2026-06-11 01:00;0,0344
2026-06-11 02:00;0,0326
2026-06-11 03:00;0,1057
2026-06-11 04:00;0,1173
2026-06-11 05:00;0,3258
2026-06-11 06:00;0,1807
2026-06-11 07:00;0,1128
2026-06-11 08:00;0,4334
2026-06-11 09:00;0,2063
2026-06-11 10:00;0,1232
2026-06-11 11:00;0,0296
2026-06-11 12:00;0,2148
2026-06-11 13:00;0,5882
2026-06-11 14:00;0,2387
2026-06-11 15:00;0,7726
2026-06-11 16:00;0,8475
2026-06-11 17:00;0,7935
2026-06-11 18:00;0,7635
2026-06-11 19:00;0,6994
2026-06-11 20:00;0,6987
2026-06-11 21:00;0,7160
2026-06-11 22:00;0,3919
2026-06-11 23:00;0,2577
2026-06-12 00:00;0,0966
2026-06-12 01:00;0,0884
2026-06-12 02:00;0,0686
2026-06-12 03:00;0,0324
2026-06-12 04:00;0,0338
2026-06-12 05:00;0,0318
2026-06-12 06:00;0,0324
2026-06-12 07:00;0,3545
2026-06-12 08:00;0,4303
2026-06-12 09:00;0,2472
2026-06-12 10:00;0,3755
2026-06-12 11:00;0,2319
2026-06-12 12:00;0,2652
2026-06-12 13:00;0,7763
2026-06-12 14:00;0,8581
2026-06-12 15:00;0,7988
2026-06-12 16:00;0,7815
2026-06-12 17:00;0,8084
2026-06-12 18:00;0,8535
2026-06-12 19:00;0,8897
2026-06-12 20:00;0,9348
2026-06-12 21:00;0,4033
2026-06-12 22:00;0,3227
2026-06-12 23:00;0,1030
2026-06-13 00:00;0,0320
2026-06-13 01:00;0,0494
2026-06-13 02:00;0,0290
2026-06-13 03:00;0,0294
2026-06-13 04:00;0,0651
2026-06-13 05:00;0,0920
2026-06-13 06:00;0,1133
2026-06-13 07:00;0,2569
2026-06-13 08:00;0,5999
2026-06-13 09:00;0,4194
2026-06-13 10:00;0,0325
2026-06-13 11:00;0,0335
2026-06-13 12:00;0,1060
2026-06-13 13:00;0,5394
2026-06-13 14:00;0,6209
2026-06-13 15:00;0,6396
2026-06-13 16:00;0,7081
2026-06-13 17:00;0,8090
2026-06-13 18:00;0,8615
2026-06-13 19:00;0,8639
2026-06-13 20:00;0,7807
2026-06-13 21:00;0,6016
2026-06-13 22:00;0,1280
2026-06-13 23:00;0,1009
2026-06-14 00:00;0,1110
2026-06-14 01:00;0,0995
2026-06-14 02:00;0,0294
2026-06-14 03:00;0,0511
2026-06-14 04:00;0,0692
2026-06-14 05:00;0,1239
2026-06-14 06:00;0,0319
2026-06-14 07:00;0,0288
2026-06-14 08:00;0,0280
2026-06-14 09:00;0,2905
2026-06-14 10:00;0,1755
2026-06-14 11:00;0,0880
2026-06-14 12:00;0,2367
2026-06-14 13:00;0,3374
2026-06-14 14:00;0,5869
2026-06-14 15:00;0,6829
2026-06-14 16:00;0,6478
2026-06-14 17:00;0,7399
2026-06-14 18:00;0,7613
2026-06-14 19:00;0,8503
2026-06-14 20:00;0,8915
2026-06-14 21:00;0,8183
2026-06-14 22:00;0,4162
2026-06-14 23:00;0,2363
2026-06-15 00:00;0,3891
2026-06-15 01:00;0,3402
2026-06-15 02:00;0,2526
2026-06-15 03:00;0,3689
2026-06-15 04:00;0,2518
2026-06-15 05:00;0,1896
2026-06-15 06:00;0,2665
2026-06-15 07:00;0,6283
2026-06-15 08:00;0,3211
2026-06-15 09:00;0,3773
2026-06-15 10:00;0,0543
2026-06-15 11:00;0,1176
2026-06-15 12:00;0,0295
2026-06-15 13:00;0,7027
2026-06-15 14:00;0,7488
2026-06-15 15:00;0,6564
2026-06-15 16:00;0,3240
2026-06-15 17:00;0,0262
2026-06-15 18:00;0,0241
2026-06-15 19:00;0,6081
2026-06-15 20:00;0,5568
2026-06-15 21:00;0,1130
2026-06-15 22:00;0,2993
2026-06-15 23:00;0,2765
2026-06-16 00:00;0,3386
2026-06-16 01:00;0,0834
2026-06-16 02:00;0,3986
2026-06-16 03:00;0,3287
2026-06-16 04:00;0,0333
2026-06-16 05:00;0,3338
2026-06-16 06:00;0,2170
2026-06-16 07:00;0,1469
2026-06-16 08:00;0,2583
2026-06-16 09:00;0,4366
2026-06-16 10:00;0,2328
2026-06-16 11:00;0,1105
2026-06-16 12:00;0,0887
2026-06-16 13:00;0,0724
2026-06-16 14:00;0,2524
2026-06-16 15:00;0,4086
2026-06-16 16:00;0,8318
2026-06-16 17:00;0,7491
2026-06-16 18:00;0,8006
2026-06-16 19:00;0,6986
2026-06-16 20:00;0,6404
2026-06-16 21:00;0,5831
2026-06-16 22:00;0,2769
2026-06-16 23:00;0,3480
2026-06-17 00:00;0,6728
2026-06-17 01:00;0,2790
2026-06-17 02:00;0,0286
2026-06-17 03:00;0,0370
2026-06-17 04:00;0,0500
2026-06-17 05:00;0,3989
2026-06-17 06:00;0,2502
2026-06-17 07:00;0,1991
2026-06-17 08:00;0,1066
2026-06-17 09:00;0,1522
2026-06-17 10:00;0,1918
2026-06-17 11:00;0,3912
2026-06-17 12:00;0,6867
2026-06-17 13:00;0,5738
2026-06-17 14:00;0,7397
2026-06-17 15:00;0,7366
2026-06-17 16:00;0,6818
2026-06-17 17:00;0,3698
2026-06-17 18:00;0,6259
2026-06-17 19:00;0,4964
2026-06-17 20:00;0,1074
2026-06-17 21:00;0,5835
2026-06-17 22:00;0,3033
2026-06-17 23:00;0,3696
2026-06-18 00:00;0,3812
2026-06-18 01:00;0,0804
2026-06-18 02:00;0,4434
2026-06-18 03:00;0,3816
2026-06-18 04:00;0,0323
2026-06-18 05:00;0,3432
2026-06-18 06:00;0,2428
2026-06-18 07:00;0,1684
2026-06-18 08:00;0,2785
2026-06-18 09:00;0,4780
2026-06-18 10:00;0,2373
2026-06-18 11:00;0,1262
2026-06-18 12:00;0,1080
2026-06-18 13:00;0,0888
2026-06-18 14:00;0,2696
2026-06-18 15:00;0,3912
2026-06-18 16:00;0,8352
2026-06-18 17:00;0,9126
2026-06-18 18:00;0,8369
2026-06-18 19:00;0,7442
2026-06-18 20:00;0,7527
2026-06-18 21:00;0,7764
2026-06-18 22:00;0,2952
2026-06-18 23:00;0,3249
2026-06-19 00:00;0,0278
2026-06-19 01:00;0,3802
2026-06-19 02:00;0,4256
2026-06-19 03:00;0,4426
2026-06-19 04:00;0,1203
2026-06-19 05:00;0,0829
2026-06-19 06:00;0,0353
2026-06-19 07:00;0,2824
2026-06-19 08:00;0,8865
2026-06-19 09:00;0,4692
2026-06-19 10:00;0,3172
2026-06-19 11:00;0,5840
2026-06-19 12:00;0,6725
2026-06-19 13:00;0,4503
2026-06-19 14:00;0,6755
2026-06-19 15:00;0,7402
2026-06-19 16:00;0,7649
2026-06-19 17:00;0,8299
2026-06-19 18:00;0,8367
2026-06-19 19:00;0,8887
2026-06-19 20:00;0,0363
2026-06-19 21:00;0,0998
2026-06-19 22:00;0,1426
2026-06-19 23:00;0,0303
2026-06-20 00:00;0,7318
2026-06-20 01:00;0,1760
2026-06-20 02:00;0,3325
2026-06-20 03:00;0,2897
2026-06-20 04:00;0,3678
2026-06-20 05:00;0,1074
2026-06-20 06:00;0,3692
2026-06-20 07:00;0,3790
2026-06-20 08:00;0,4603
2026-06-20 09:00;0,1008
2026-06-20 10:00;0,0989
2026-06-20 11:00;0,1039
2026-06-20 12:00;0,3374
2026-06-20 13:00;0,2841
2026-06-20 14:00;0,3799
2026-06-20 15:00;0,7478
2026-06-20 16:00;0,1150
2026-06-20 17:00;0,7729
2026-06-20 18:00;0,8559
2026-06-20 19:00;0,1291
2026-06-20 20:00;0,7973
2026-06-20 21:00;0,8288
2026-06-20 22:00;0,5229
2026-06-20 23:00;0,1076
2026-06-21 00:00;0,4266
2026-06-21 01:00;0,2486
2026-06-21 02:00;0,1042
2026-06-21 03:00;0,0980
2026-06-21 04:00;0,0976
2026-06-21 05:00;0,0306
2026-06-21 06:00;0,0320
2026-06-21 07:00;0,3303
2026-06-21 08:00;0,6342
2026-06-21 09:00;0,5998
2026-06-21 10:00;0,1277
2026-06-21 11:00;0,0801
2026-06-21 12:00;0,0321
2026-06-21 13:00;0,2094
2026-06-21 14:00;0,3715
2026-06-21 15:00;0,7540
2026-06-21 16:00;0,7338
2026-06-21 17:00;0,8074
2026-06-21 18:00;0,7273
2026-06-21 19:00;0,7891
2026-06-21 20:00;0,7587
2026-06-21 21:00;0,8264
2026-06-21 22:00;0,1133
2026-06-21 23:00;0,1237
2026-06-22 00:00;0,1172
2026-06-22 01:00;0,1151
2026-06-22 02:00;0,0317
2026-06-22 03:00;0,1207
2026-06-22 04:00;0,0800
2026-06-22 05:00;0,1157
2026-06-22 06:00;0,2600
2026-06-22 07:00;0,3349
2026-06-22 08:00;0,2378
2026-06-22 09:00;0,6204
2026-06-22 10:00;0,3631
2026-06-22 11:00;0,4301
2026-06-22 12:00;0,0323
2026-06-22 13:00;0,3545
2026-06-22 14:00;0,3817
2026-06-22 15:00;0,5842
2026-06-22 16:00;0,6420
2026-06-22 17:00;0,6520
2026-06-22 18:00;0,6911
2026-06-22 19:00;0,6198
2026-06-22 20:00;0,7390
2026-06-22 21:00;0,7679
2026-06-22 22:00;0,2596
2026-06-22 23:00;0,0302
2026-06-23 00:00;0,2003
2026-06-23 01:00;0,2154
2026-06-23 02:00;0,4324
2026-06-23 03:00;0,3050
2026-06-23 04:00;0,1193
2026-06-23 05:00;0,4060
2026-06-23 06:00;0,2671
2026-06-23 07:00;0,1595
2026-06-23 08:00;0,3886
2026-06-23 09:00;0,4795
2026-06-23 10:00;0,0986
2026-06-23 11:00;0,2971
2026-06-23 12:00;0,2807
2026-06-23 13:00;0,8883
2026-06-23 14:00;0,8257
2026-06-23 15:00;0,8690
2026-06-23 16:00;0,7605
2026-06-23 17:00;0,7179
2026-06-23 18:00;0,7484
2026-06-23 19:00;0,3595
2026-06-23 20:00;0,2267
2026-06-23 21:00;0,2280
2026-06-23 22:00;0,0116
2026-06-23 23:00;0,1042
2026-06-24 00:00;0,8254
2026-06-24 01:00;0,5198
2026-06-24 02:00;0,3716
2026-06-24 03:00;0,1202
2026-06-24 04:00;0,3243
2026-06-24 05:00;0,1131
2026-06-24 06:00;0,1021
2026-06-24 07:00;0,0812
2026-06-24 08:00;0,0595
2026-06-24 09:00;0,0370
2026-06-24 10:00;0,0378
2026-06-24 11:00;0,0388
2026-06-24 12:00;0,4546
2026-06-24 13:00;0,6436
2026-06-24 14:00;0,8397
2026-06-24 15:00;0,8955
2026-06-24 16:00;0,7352
2026-06-24 17:00;0,8165
2026-06-24 18:00;0,7674
2026-06-24 19:00;0,4253
2026-06-24 20:00;0,8242
2026-06-24 21:00;0,2927
2026-06-24 22:00;0,3745
2026-06-24 23:00;0,1209
2026-06-25 00:00;0,0967
2026-06-25 01:00;0,0258
2026-06-25 02:00;0,0250
2026-06-25 03:00;0,0288
2026-06-25 04:00;0,1057
2026-06-25 05:00;0,1484
2026-06-25 06:00;0,0491
2026-06-25 07:00;0,2157
2026-06-25 08:00;0,2354
2026-06-25 09:00;0,1256
2026-06-25 10:00;0,1079
2026-06-25 11:00;0,1053
2026-06-25 12:00;0,4090
2026-06-25 13:00;0,8025
2026-06-25 14:00;0,7399
2026-06-25 15:00;0,8328
2026-06-25 16:00;0,7873
2026-06-25 17:00;0,7725
2026-06-25 18:00;0,7940
2026-06-25 19:00;0,8784
2026-06-25 20:00;0,9143
2026-06-25 21:00;0,7357
2026-06-25 22:00;0,4287
2026-06-25 23:00;0,2110
2026-06-26 00:00;0,3457
2026-06-26 01:00;0,1590
2026-06-26 02:00;0,2611
2026-06-26 03:00;0,2573
2026-06-26 04:00;0,3516
2026-06-26 05:00;0,4185
2026-06-26 06:00;0,1174
2026-06-26 07:00;0,1073
2026-06-26 08:00;0,1206
2026-06-26 09:00;0,7758
2026-06-26 10:00;0,7262
2026-06-26 11:00;0,7862
2026-06-26 12:00;0,1057
2026-06-26 13:00;0,1913
2026-06-26 14:00;0,1500
2026-06-26 15:00;0,1198
2026-06-26 16:00;0,4314
2026-06-26 17:00;0,8050
2026-06-26 18:00;0,6989
2026-06-26 19:00;0,6093
2026-06-26 20:00;0,7196
2026-06-26 21:00;0,4013
2026-06-26 22:00;0,2506
2026-06-26 23:00;0,0987
2026-06-27 00:00;0,4846
2026-06-27 01:00;0,2294
2026-06-27 02:00;0,0941
2026-06-27 03:00;0,0276
2026-06-27 04:00;0,0478
2026-06-27 05:00;0,0914
2026-06-27 06:00;0,1140
2026-06-27 07:00;0,0483
2026-06-27 08:00;0,0302
2026-06-27 09:00;0,1017
2026-06-27 10:00;0,0478
2026-06-27 11:00;0,7565
2026-06-27 12:00;0,6822
2026-06-27 13:00;0,0881
2026-06-27 14:00;0,5877
2026-06-27 15:00;0,6404
2026-06-27 16:00;0,7616
2026-06-27 17:00;0,7606
2026-06-27 18:00;0,8337
2026-06-27 19:00;0,1223
2026-06-27 20:00;0,8763
2026-06-27 21:00;0,8184
2026-06-27 22:00;0,3500
2026-06-27 23:00;0,1194
2026-06-28 00:00;0,1661
2026-06-28 01:00;0,1001
2026-06-28 02:00;0,0521
2026-06-28 03:00;0,0104
2026-06-28 04:00;0,0845
2026-06-28 05:00;0,0824
2026-06-28 06:00;0,1255
2026-06-28 07:00;0,0652
2026-06-28 08:00;0,1311
2026-06-28 09:00;0,1486
2026-06-28 10:00;0,0709
2026-06-28 11:00;0,0694
2026-06-28 12:00;0,3579
2026-06-28 13:00;0,6927
2026-06-28 14:00;0,8081
2026-06-28 15:00;0,7083
2026-06-28 16:00;0,7827
2026-06-28 17:00;0,6961
2026-06-28 18:00;0,6250
2026-06-28 19:00;0,6036
2026-06-28 20:00;0,6467
2026-06-28 21:00;0,1465
2026-06-28 22:00;0,0082
2026-06-28 23:00;0,0059
2026-06-29 00:00;0,0000
2026-06-29 01:00;0,0000
2026-06-29 02:00;0,0098
2026-06-29 03:00;0,1237
2026-06-29 04:00;0,0000
2026-06-29 05:00;0,0000
2026-06-29 06:00;0,0000
2026-06-29 07:00;0,0000
2026-06-29 08:00;0,2591
2026-06-29 09:00;0,0724
2026-06-29 10:00;0,0000
2026-06-29 11:00;0,0678
2026-06-29 12:00;0,2201
2026-06-29 13:00;0,5559
2026-06-29 14:00;0,5194
2026-06-29 15:00;0,6821
2026-06-29 16:00;0,6154
2026-06-29 17:00;0,5249
2026-06-29 18:00;0,4385
2026-06-29 19:00;0,4956
2026-06-29 20:00;0,5785
2026-06-29 21:00;0,6256
2026-06-29 22:00;0,3122
2026-06-29 23:00;0,1162
2026-06-30 00:00;0,0000
2026-06-30 01:00;0,0000
2026-06-30 02:00;0,0000
2026-06-30 03:00;0,0000
2026-06-30 04:00;0,0000
2026-06-30 05:00;0,2916
2026-06-30 06:00;0,2827
2026-06-30 07:00;0,0000
2026-06-30 08:00;0,5872
2026-06-30 09:00;0,6152
2026-06-30 10:00;0,0000
2026-06-30 11:00;0,6137
2026-06-30 12:00;0,6387
2026-06-30 13:00;0,5665
2026-06-30 14:00;0,3744
2026-06-30 15:00;0,0000
2026-06-30 16:00;0,0000
2026-06-30 17:00;0,0000
2026-06-30 18:00;0,2276
2026-06-30 19:00;0,3066
2026-06-30 20:00;0,0000
2026-06-30 21:00;0,0000
2026-06-30 22:00;0,0000
2026-06-30 23:00;0,4121
2026-07-01 00:00;0,4017
2026-07-01 01:00;0,4548
2026-07-01 02:00;0,5478
2026-07-01 03:00;0,4946
2026-07-01 04:00;0,4948
2026-07-01 05:00;0,4361
2026-07-01 06:00;0,3657
2026-07-01 07:00;0,4616
2026-07-01 08:00;0,4306
2026-07-01 09:00;0,3500
2026-07-01 10:00;0,4461
2026-07-01 11:00;0,5643
2026-07-01 12:00;0,4186
2026-07-01 13:00;0,9738
2026-07-01 14:00;1,0000
2026-07-01 15:00;1,0000
2026-07-01 16:00;1,0000
2026-07-01 17:00;0,9711
2026-07-01 18:00;0,9161
2026-07-01 19:00;0,8479
2026-07-01 20:00;0,8827
2026-07-01 21:00;0,5478
2026-07-01 22:00;0,4761
2026-07-01 23:00;0,2742
2026-07-02 00:00;0,3159
2026-07-02 01:00;0,3515
2026-07-02 02:00;0,3530
2026-07-02 03:00;0,3345
2026-07-02 04:00;0,5353
2026-07-02 05:00;0,3370
2026-07-02 06:00;0,3308
2026-07-02 07:00;0,4676
2026-07-02 08:00;0,8230
2026-07-02 09:00;0,4663
2026-07-02 10:00;0,5698
2026-07-02 11:00;0,3780
2026-07-02 12:00;0,4181
2026-07-02 13:00;0,2869
2026-07-02 14:00;0,4013
2026-07-02 15:00;0,6834
2026-07-02 16:00;0,8183
2026-07-02 17:00;0,7541
2026-07-02 18:00;0,7676
2026-07-02 19:00;0,8100
2026-07-02 20:00;0,8761
2026-07-02 21:00;0,4908
2026-07-02 22:00;0,2308
2026-07-02 23:00;0,1539
2026-07-03 00:00;0,1574
2026-07-03 01:00;0,1599
2026-07-03 02:00;0,2003
2026-07-03 03:00;0,2951
2026-07-03 04:00;0,1799
2026-07-03 05:00;0,3200
2026-07-03 06:00;0,3676
2026-07-03 07:00;0,1122
2026-07-03 08:00;0,1092
2026-07-03 09:00;0,1031
2026-07-03 10:00;0,0961
2026-07-03 11:00;0,3067
2026-07-03 12:00;0,2708
2026-07-03 13:00;0,1397
2026-07-03 14:00;0,6454
2026-07-03 15:00;0,6567
2026-07-03 16:00;0,1183
2026-07-03 17:00;0,6639
2026-07-03 18:00;0,6396
2026-07-03 19:00;0,7005
2026-07-03 20:00;0,6599
2026-07-03 21:00;0,7952
2026-07-03 22:00;0,2698
2026-07-03 23:00;0,7614
2026-07-04 00:00;0,2719
2026-07-04 01:00;0,2709
2026-07-04 02:00;0,1051
2026-07-04 03:00;0,0291
2026-07-04 04:00;0,3325
2026-07-04 05:00;0,1985
2026-07-04 06:00;0,0954
2026-07-04 07:00;0,1693
2026-07-04 08:00;0,0282
2026-07-04 09:00;0,0300
2026-07-04 10:00;0,0301
2026-07-04 11:00;0,0276
2026-07-04 12:00;0,5322
2026-07-04 13:00;0,7103
2026-07-04 14:00;0,7268
2026-07-04 15:00;0,6955
2026-07-04 16:00;0,7268
2026-07-04 17:00;0,7510
2026-07-04 18:00;0,7047
2026-07-04 19:00;0,6672
2026-07-04 20:00;0,2273
2026-07-04 21:00;0,2022
2026-07-04 22:00;0,0864
2026-07-04 23:00;0,0813
2026-07-05 00:00;0,1090
2026-07-05 01:00;0,1371
2026-07-05 02:00;0,1879
2026-07-05 03:00;0,1807
2026-07-05 04:00;0,2858
2026-07-05 05:00;0,1189
2026-07-05 06:00;0,1673
2026-07-05 07:00;0,2186
2026-07-05 08:00;0,1167
2026-07-05 09:00;0,4121
2026-07-05 10:00;0,4286
2026-07-05 11:00;0,7250
2026-07-05 12:00;0,3428
2026-07-05 13:00;0,1319
2026-07-05 14:00;0,1245
2026-07-05 15:00;0,8170
2026-07-05 16:00;0,7926
2026-07-05 17:00;0,7070
2026-07-05 18:00;0,2259
2026-07-05 19:00;0,5087
2026-07-05 20:00;0,3872
2026-07-05 21:00;0,3799
2026-07-05 22:00;0,1752
2026-07-05 23:00;0,3275
2026-07-06 00:00;0,2728
2026-07-06 01:00;0,1426
2026-07-06 02:00;0,2565
2026-07-06 03:00;0,2379
2026-07-06 04:00;0,1477
2026-07-06 05:00;0,0956
2026-07-06 06:00;0,0327
2026-07-06 07:00;0,1213
2026-07-06 08:00;0,2316
2026-07-06 09:00;0,1510
2026-07-06 10:00;0,0904
2026-07-06 11:00;0,5665
2026-07-06 12:00;0,7327
2026-07-06 13:00;0,7526
2026-07-06 14:00;0,7284
2026-07-06 15:00;0,6781
2026-07-06 16:00;0,6781
2026-07-06 17:00;0,6093
2026-07-06 18:00;0,6599
2026-07-06 19:00;0,0996
2026-07-06 20:00;0,1090
2026-07-06 21:00;0,0335
2026-07-06 22:00;0,1047
2026-07-06 23:00;0,1074
2026-07-07 00:00;0,2338
2026-07-07 01:00;0,1482
2026-07-07 02:00;0,3505
2026-07-07 03:00;0,1951
2026-07-07 04:00;0,0547
2026-07-07 05:00;0,0157
2026-07-07 06:00;0,0261
2026-07-07 07:00;0,0355
2026-07-07 08:00;0,2374
2026-07-07 09:00;0,3253
2026-07-07 10:00;0,4626
2026-07-07 11:00;0,0322
2026-07-07 12:00;0,1083
2026-07-07 13:00;0,3758
2026-07-07 14:00;0,3423
2026-07-07 15:00;0,7750
2026-07-07 16:00;0,6826
2026-07-07 17:00;0,6327
2026-07-07 18:00;0,5980
2026-07-07 19:00;0,5919
2026-07-07 20:00;0,7306
2026-07-07 21:00;0,3550
2026-07-07 22:00;0,0134
2026-07-07 23:00;0,0272
2026-07-08 00:00;0,2453
2026-07-08 01:00;0,1814
2026-07-08 02:00;0,3317
2026-07-08 03:00;0,3377
2026-07-08 04:00;0,3419
2026-07-08 05:00;0,3258
2026-07-08 06:00;0,3073
2026-07-08 07:00;0,0899
2026-07-08 08:00;0,0696
2026-07-08 09:00;0,0274
2026-07-08 10:00;0,0251
2026-07-08 11:00;0,0268
2026-07-08 12:00;0,1732
2026-07-08 13:00;0,3167
2026-07-08 14:00;0,6977
2026-07-08 15:00;0,7549
2026-07-08 16:00;0,0979
2026-07-08 17:00;0,7063
2026-07-08 18:00;0,7577
2026-07-08 19:00;0,1210
2026-07-08 20:00;0,1275
2026-07-08 21:00;0,1550
2026-07-08 22:00;0,7193
2026-07-08 23:00;0,3385
2026-07-09 00:00;0,1079
2026-07-09 01:00;0,0134
2026-07-09 02:00;0,0275
2026-07-09 03:00;0,0260
2026-07-09 04:00;0,0267
2026-07-09 05:00;0,0271
2026-07-09 06:00;0,0270
2026-07-09 07:00;0,0289
2026-07-09 08:00;0,0333
2026-07-09 09:00;0,0325
2026-07-09 10:00;0,1794
2026-07-09 11:00;0,4313
2026-07-09 12:00;0,6248
2026-07-09 13:00;0,4805
2026-07-09 14:00;0,5987
2026-07-09 15:00;0,6333
2026-07-09 16:00;0,7347
2026-07-09 17:00;0,8259
2026-07-09 18:00;0,8874
2026-07-09 19:00;0,9160
2026-07-09 20:00;0,7110
2026-07-09 21:00;0,5661
2026-07-09 22:00;0,1953
2026-07-09 23:00;0,2736
2026-07-10 00:00;0,0919
2026-07-10 01:00;0,1254
2026-07-10 02:00;0,1699
2026-07-10 03:00;0,0355
2026-07-10 04:00;0,0558
2026-07-10 05:00;0,0323
2026-07-10 06:00;0,0601
2026-07-10 07:00;0,0817
2026-07-10 08:00;0,3684
2026-07-10 09:00;0,3613
2026-07-10 10:00;0,1331
2026-07-10 11:00;0,0313
2026-07-10 12:00;0,2775
2026-07-10 13:00;0,3560
2026-07-10 14:00;0,7837
2026-07-10 15:00;0,8242
2026-07-10 16:00;0,8555
2026-07-10 17:00;0,7876
2026-07-10 18:00;0,7727
2026-07-10 19:00;0,7443
2026-07-10 20:00;0,5912
2026-07-10 21:00;0,0335
2026-07-10 22:00;0,2003
2026-07-10 23:00;0,2213
2026-07-11 00:00;0,1131
2026-07-11 01:00;0,1221
2026-07-11 02:00;0,2276
2026-07-11 03:00;0,1027
2026-07-11 04:00;0,0549
2026-07-11 05:00;0,2763
2026-07-11 06:00;0,1652
2026-07-11 07:00;0,0134
2026-07-11 08:00;0,0574
2026-07-11 09:00;0,1118
2026-07-11 10:00;0,1131
2026-07-11 11:00;0,0339
2026-07-11 12:00;0,2773
2026-07-11 13:00;0,7504
2026-07-11 14:00;0,2826
2026-07-11 15:00;0,6188
2026-07-11 16:00;0,7502
2026-07-11 17:00;0,8330
2026-07-11 18:00;0,7699
2026-07-11 19:00;0,8203
2026-07-11 20:00;0,7440
2026-07-11 21:00;0,7356
2026-07-11 22:00;0,3315
2026-07-11 23:00;0,1114
2026-07-12 00:00;0,2474
2026-07-12 01:00;0,1368
2026-07-12 02:00;0,2775
2026-07-12 03:00;0,2457
2026-07-12 04:00;0,1775
2026-07-12 05:00;0,0944
2026-07-12 06:00;0,0304
2026-07-12 07:00;0,1173
2026-07-12 08:00;0,2500
2026-07-12 09:00;0,1741
2026-07-12 10:00;0,1254
2026-07-12 11:00;0,6370
2026-07-12 12:00;0,7865
2026-07-12 13:00;0,8380
2026-07-12 14:00;0,8419
2026-07-12 15:00;0,8738
2026-07-12 16:00;0,8947
2026-07-12 17:00;0,7932
2026-07-12 18:00;0,8124
2026-07-12 19:00;0,1267
2026-07-12 20:00;0,1091
2026-07-12 21:00;0,0350
2026-07-12 22:00;0,1072
2026-07-12 23:00;0,1046
2026-07-13 00:00;0,2137
2026-07-13 01:00;0,2039
2026-07-13 02:00;0,3539
2026-07-13 03:00;0,6254
2026-07-13 04:00;0,2972
2026-07-13 05:00;0,2454
2026-07-13 06:00;0,2822
2026-07-13 07:00;0,2812
2026-07-13 08:00;0,1001
2026-07-13 09:00;0,2871
2026-07-13 10:00;0,4015
2026-07-13 11:00;0,1012
2026-07-13 12:00;0,0953
2026-07-13 13:00;0,3262
2026-07-13 14:00;0,3845
2026-07-13 15:00;0,7104
2026-07-13 16:00;0,1987
2026-07-13 17:00;0,6673
2026-07-13 18:00;0,3328
2026-07-13 19:00;0,0853
2026-07-13 20:00;0,3233
2026-07-13 21:00;0,4523
2026-07-13 22:00;0,3541
2026-07-13 23:00;0,3828
2026-07-14 00:00;0,0302
2026-07-14 01:00;0,0910
2026-07-14 02:00;0,1644
2026-07-14 03:00;0,1368
2026-07-14 04:00;0,1230
2026-07-14 05:00;0,0759
2026-07-14 06:00;0,0302
2026-07-14 07:00;0,1387
2026-07-14 08:00;0,1161
2026-07-14 09:00;0,0315
2026-07-14 10:00;0,1356
2026-07-14 11:00;0,2704
2026-07-14 12:00;0,1117
2026-07-14 13:00;0,6616
2026-07-14 14:00;0,6535
2026-07-14 15:00;0,6273
2026-07-14 16:00;0,6175
2026-07-14 17:00;0,6911
2026-07-14 18:00;0,7248
2026-07-14 19:00;0,7214
2026-07-14 20:00;0,8201
2026-07-14 21:00;0,4461
2026-07-14 22:00;0,3207
2026-07-14 23:00;0,0358
2026-07-15 00:00;0,2413
2026-07-15 01:00;0,1720
2026-07-15 02:00;0,0327
2026-07-15 03:00;0,2274
2026-07-15 04:00;0,2703
2026-07-15 05:00;0,0363
2026-07-15 06:00;0,0352
2026-07-15 07:00;0,1477
2026-07-15 08:00;0,1245
2026-07-15 09:00;0,1076
2026-07-15 10:00;0,0694
2026-07-15 11:00;0,0300
2026-07-15 12:00;0,0342
2026-07-15 13:00;0,1491
2026-07-15 14:00;0,2535
2026-07-15 15:00;0,6958
2026-07-15 16:00;0,6602
2026-07-15 17:00;0,7624
2026-07-15 18:00;0,7068
2026-07-15 19:00;0,6869
2026-07-15 20:00;0,7809
2026-07-15 21:00;0,8185
2026-07-15 22:00;0,4341
2026-07-15 23:00;0,2985
2026-07-16 00:00;0,0294
2026-07-16 01:00;0,0268
2026-07-16 02:00;0,0278
2026-07-16 03:00;0,0311
2026-07-16 04:00;0,0311
2026-07-16 05:00;0,0342
2026-07-16 06:00;0,1312
2026-07-16 07:00;0,0686
2026-07-16 08:00;0,1148
2026-07-16 09:00;0,1335
2026-07-16 10:00;0,1673
2026-07-16 11:00;0,3310
2026-07-16 12:00;0,2114
2026-07-16 13:00;0,1033
2026-07-16 14:00;0,6855
2026-07-16 15:00;0,6832
2026-07-16 16:00;0,3083
2026-07-16 17:00;0,6358
2026-07-16 18:00;0,7070
2026-07-16 19:00;0,6672
2026-07-16 20:00;0,6100
2026-07-16 21:00;0,2393
2026-07-16 22:00;0,6478
2026-07-16 23:00;0,4276
2026-07-17 00:00;0,0309
2026-07-17 01:00;0,0327
2026-07-17 02:00;0,0292
2026-07-17 03:00;0,1052
2026-07-17 04:00;0,1149
2026-07-17 05:00;0,1346
2026-07-17 06:00;0,1603
2026-07-17 07:00;0,1867
2026-07-17 08:00;0,0345
2026-07-17 09:00;0,0692
2026-07-17 10:00;0,1082
2026-07-17 11:00;0,1101
2026-07-17 12:00;0,0315
2026-07-17 13:00;0,6250
2026-07-17 14:00;0,7325
2026-07-17 15:00;0,7078
2026-07-17 16:00;0,7630
2026-07-17 17:00;0,7988
2026-07-17 18:00;0,8219
2026-07-17 19:00;0,8429
2026-07-17 20:00;0,8325
2026-07-17 21:00;0,6468
2026-07-17 22:00;0,1975
2026-07-17 23:00;0,3567
2026-07-18 00:00;0,1385
2026-07-18 01:00;0,1070
2026-07-18 02:00;0,1689
2026-07-18 03:00;0,1206
2026-07-18 04:00;0,1272
2026-07-18 05:00;0,2787
2026-07-18 06:00;0,0935
2026-07-18 07:00;0,0323
2026-07-18 08:00;0,4389
2026-07-18 09:00;0,6812
2026-07-18 10:00;0,3731
2026-07-18 11:00;0,0334
2026-07-18 12:00;0,0354
2026-07-18 13:00;0,3999
2026-07-18 14:00;0,2389
2026-07-18 15:00;0,3960
2026-07-18 16:00;0,8620
2026-07-18 17:00;0,7954
2026-07-18 18:00;0,7099
2026-07-18 19:00;0,7959
2026-07-18 20:00;0,8460
2026-07-18 21:00;0,8014
2026-07-18 22:00;0,2218
2026-07-18 23:00;0,1271
2026-07-19 00:00;0,1346
2026-07-19 01:00;0,0440
2026-07-19 02:00;0,0270
2026-07-19 03:00;0,1016
2026-07-19 04:00;0,0520
2026-07-19 05:00;0,1031
2026-07-19 06:00;0,1153
2026-07-19 07:00;0,0823
2026-07-19 08:00;0,1505
2026-07-19 09:00;0,1919
2026-07-19 10:00;0,1421
2026-07-19 11:00;0,2175
2026-07-19 12:00;0,2298
2026-07-19 13:00;0,6712
2026-07-19 14:00;0,7867
2026-07-19 15:00;0,7955
2026-07-19 16:00;0,8430
2026-07-19 17:00;0,8265
2026-07-19 18:00;0,8766
2026-07-19 19:00;0,8041
2026-07-19 20:00;0,6558
2026-07-19 21:00;0,1016
2026-07-19 22:00;0,1062
2026-07-19 23:00;0,1157
2026-07-20 00:00;0,0303
2026-07-20 01:00;0,0281
2026-07-20 02:00;0,0260
2026-07-20 03:00;0,0247
2026-07-20 04:00;0,0660
2026-07-20 05:00;0,1081
2026-07-20 06:00;0,1548
2026-07-20 07:00;0,0101
2026-07-20 08:00;0,1609
2026-07-20 09:00;0,1165
2026-07-20 10:00;0,0966
2026-07-20 11:00;0,1992
2026-07-20 12:00;0,6085
2026-07-20 13:00;0,3386
2026-07-20 14:00;0,6629
2026-07-20 15:00;0,7112
2026-07-20 16:00;0,7151
2026-07-20 17:00;0,7037
2026-07-20 18:00;0,6377
2026-07-20 19:00;0,6063
2026-07-20 20:00;0,6595
2026-07-20 21:00;0,6295
2026-07-20 22:00;0,0800
2026-07-20 23:00;0,0923
2026-07-21 00:00;0,2415
2026-07-21 01:00;0,1854
2026-07-21 02:00;0,3234
2026-07-21 03:00;0,3273
2026-07-21 04:00;0,4068
2026-07-21 05:00;0,4018
2026-07-21 06:00;0,3343
2026-07-21 07:00;0,0947
2026-07-21 08:00;0,0596
2026-07-21 09:00;0,0246
2026-07-21 10:00;0,0228
2026-07-21 11:00;0,0262
2026-07-21 12:00;0,1736
2026-07-21 13:00;0,3636
2026-07-21 14:00;0,7544
2026-07-21 15:00;0,7330
2026-07-21 16:00;0,0991
2026-07-21 17:00;0,7473
2026-07-21 18:00;0,7332
2026-07-21 19:00;0,1165
2026-07-21 20:00;0,1260
2026-07-21 21:00;0,1490
2026-07-21 22:00;0,8384
2026-07-21 23:00;0,4511
2026-07-22 00:00;0,0378
2026-07-22 01:00;0,0467
2026-07-22 02:00;0,0349
2026-07-22 03:00;0,0313
2026-07-22 04:00;0,0305
2026-07-22 05:00;0,0329
2026-07-22 06:00;0,0343
2026-07-22 07:00;0,0366
2026-07-22 08:00;0,4024
2026-07-22 09:00;0,6242
2026-07-22 10:00;0,0853
2026-07-22 11:00;0,5354
2026-07-22 12:00;0,2804
2026-07-22 13:00;0,1456
2026-07-22 14:00;0,6024
2026-07-22 15:00;0,7890
2026-07-22 16:00;0,8619
2026-07-22 17:00;0,9052
2026-07-22 18:00;0,8164
2026-07-22 19:00;0,8851
2026-07-22 20:00;0,8765
2026-07-22 21:00;0,2831
2026-07-22 22:00;0,0789
2026-07-22 23:00;0,0347
2026-07-23 00:00;0,0952
2026-07-23 01:00;0,0902
2026-07-23 02:00;0,0901
2026-07-23 03:00;0,0877
2026-07-23 04:00;0,1412
2026-07-23 05:00;0,0915
2026-07-23 06:00;0,1671
2026-07-23 07:00;0,1168
2026-07-23 08:00;0,0777
2026-07-23 09:00;0,1621
2026-07-23 10:00;0,1133
2026-07-23 11:00;0,2042
2026-07-23 12:00;0,3851
2026-07-23 13:00;0,6384
2026-07-23 14:00;0,6274
2026-07-23 15:00;0,6016
2026-07-23 16:00;0,7208
2026-07-23 17:00;0,6749
2026-07-23 18:00;0,7129
2026-07-23 19:00;0,6747
2026-07-23 20:00;0,5198
2026-07-23 21:00;0,2145
2026-07-23 22:00;0,1522
2026-07-23 23:00;0,0889
2026-07-24 00:00;0,2973
2026-07-24 01:00;0,3446
2026-07-24 02:00;0,1187
2026-07-24 03:00;0,0344
2026-07-24 04:00;0,3888
2026-07-24 05:00;0,2376
2026-07-24 06:00;0,1183
2026-07-24 07:00;0,2308
2026-07-24 08:00;0,0363
2026-07-24 09:00;0,0310
2026-07-24 10:00;0,0306
2026-07-24 11:00;0,0333
2026-07-24 12:00;0,6480
2026-07-24 13:00;0,7308
2026-07-24 14:00;0,6823
2026-07-24 15:00;0,7568
2026-07-24 16:00;0,7920
2026-07-24 17:00;0,7365
2026-07-24 18:00;0,7134
2026-07-24 19:00;0,6300
2026-07-24 20:00;0,2186
2026-07-24 21:00;0,2466
2026-07-24 22:00;0,1196
2026-07-24 23:00;0,1059
2026-07-25 00:00;0,2891
2026-07-25 01:00;0,3221
2026-07-25 02:00;0,1022
2026-07-25 03:00;0,0332
2026-07-25 04:00;0,4181
2026-07-25 05:00;0,2521
2026-07-25 06:00;0,1116
2026-07-25 07:00;0,1787
2026-07-25 08:00;0,0305
2026-07-25 09:00;0,0326
2026-07-25 10:00;0,0336
2026-07-25 11:00;0,0337
2026-07-25 12:00;0,7084
2026-07-25 13:00;0,8226
2026-07-25 14:00;0,7122
2026-07-25 15:00;0,6842
2026-07-25 16:00;0,6886
2026-07-25 17:00;0,6830
2026-07-25 18:00;0,7091
2026-07-25 19:00;0,6657
2026-07-25 20:00;0,2560
2026-07-25 21:00;0,2778
2026-07-25 22:00;0,1245
2026-07-25 23:00;0,1104
2026-07-26 00:00;0,2693
2026-07-26 01:00;0,3004
2026-07-26 02:00;0,0966
2026-07-26 03:00;0,0286
2026-07-26 04:00;0,3810
2026-07-26 05:00;0,2257
2026-07-26 06:00;0,1231
2026-07-26 07:00;0,2403
2026-07-26 08:00;0,0355
2026-07-26 09:00;0,0306
2026-07-26 10:00;0,0311
2026-07-26 11:00;0,0294
2026-07-26 12:00;0,6191
2026-07-26 13:00;0,6656
2026-07-26 14:00;0,6783
2026-07-26 15:00;0,7575
2026-07-26 16:00;0,7335
2026-07-26 17:00;0,8226
2026-07-26 18:00;0,7553
2026-07-26 19:00;0,7104
2026-07-26 20:00;0,2748
2026-07-26 21:00;0,2821
2026-07-26 22:00;0,1220
2026-07-26 23:00;0,1135
2026-07-27 00:00;0,2199
2026-07-27 01:00;0,1082
2026-07-27 02:00;0,2301
2026-07-27 03:00;0,2273
2026-07-27 04:00;0,1796
2026-07-27 05:00;0,0978
2026-07-27 06:00;0,0330
2026-07-27 07:00;0,1209
2026-07-27 08:00;0,2608
2026-07-27 09:00;0,2064
2026-07-27 10:00;0,1322
2026-07-27 11:00;0,6396
2026-07-27 12:00;0,7465
2026-07-27 13:00;0,6916
2026-07-27 14:00;0,6860
2026-07-27 15:00;0,7233
2026-07-27 16:00;0,6511
2026-07-27 17:00;0,7709
2026-07-27 18:00;0,6847
2026-07-27 19:00;0,1133
2026-07-27 20:00;0,1061
2026-07-27 21:00;0,0268
2026-07-27 22:00;0,1043
2026-07-27 23:00;0,1110
2026-07-28 00:00;0,3240
2026-07-28 01:00;0,1168
2026-07-28 02:00;0,2744
2026-07-28 03:00;0,1023
2026-07-28 04:00;0,2965
2026-07-28 05:00;0,2564
2026-07-28 06:00;0,1563
2026-07-28 07:00;0,1484
2026-07-28 08:00;0,1237
2026-07-28 09:00;0,4391
2026-07-28 10:00;0,3481
2026-07-28 11:00;0,4337
2026-07-28 12:00;0,2665
2026-07-28 13:00;0,1343
2026-07-28 14:00;0,8205
2026-07-28 15:00;0,8053
2026-07-28 16:00;0,1941
2026-07-28 17:00;0,6961
2026-07-28 18:00;0,6889
2026-07-28 19:00;0,3281
2026-07-28 20:00;0,1911
2026-07-28 21:00;0,0838
2026-07-28 22:00;0,0784
2026-07-28 23:00;0,3076
2026-07-29 00:00;0,1155
2026-07-29 01:00;0,1098
2026-07-29 02:00;0,0332
2026-07-29 03:00;0,1271
2026-07-29 04:00;0,1295
2026-07-29 05:00;0,2862
2026-07-29 06:00;0,1275
2026-07-29 07:00;0,1631
2026-07-29 08:00;0,1135
2026-07-29 09:00;0,2740
2026-07-29 10:00;0,0929
2026-07-29 11:00;0,0225
2026-07-29 12:00;0,0818
2026-07-29 13:00;0,3535
2026-07-29 14:00;0,6859
2026-07-29 15:00;0,6572
2026-07-29 16:00;0,7534
2026-07-29 17:00;0,2799
2026-07-29 18:00;0,6800
2026-07-29 19:00;0,7531
2026-07-29 20:00;0,6649
2026-07-29 21:00;0,5877
2026-07-29 22:00;0,1355
2026-07-29 23:00;0,0948
2026-07-30 00:00;0,2413
2026-07-30 01:00;0,1254
2026-07-30 02:00;0,2304
2026-07-30 03:00;0,2323
2026-07-30 04:00;0,1114
2026-07-30 05:00;0,2306
2026-07-30 06:00;0,0892
2026-07-30 07:00;0,1681
2026-07-30 08:00;0,2461
2026-07-30 09:00;0,1583
2026-07-30 10:00;0,0923
2026-07-30 11:00;0,7043
2026-07-30 12:00;0,8028
2026-07-30 13:00;0,2801
2026-07-30 14:00;0,8645
2026-07-30 15:00;0,8298
2026-07-30 16:00;0,3897
2026-07-30 17:00;0,7698
2026-07-30 18:00;0,8203
2026-07-30 19:00;0,1082
2026-07-30 20:00;0,2721
2026-07-30 21:00;0,4394
2026-07-30 22:00;0,2997
2026-07-30 23:00;0,1280
2026-07-31 00:00;0,1148
2026-07-31 01:00;0,0721
2026-07-31 02:00;0,0215
2026-07-31 03:00;0,2156
2026-07-31 04:00;0,1500
2026-07-31 05:00;0,2189
2026-07-31 06:00;0,1456
2026-07-31 07:00;0,1141
2026-07-31 08:00;0,6006
2026-07-31 09:00;0,7435
2026-07-31 10:00;0,0984
2026-07-31 11:00;0,0882
2026-07-31 12:00;0,2397
2026-07-31 13:00;0,1984
2026-07-31 14:00;0,2195
2026-07-31 15:00;0,1364
2026-07-31 16:00;0,0961
2026-07-31 17:00;0,7175
2026-07-31 18:00;0,7983
2026-07-31 19:00;0,6811
2026-07-31 20:00;0,8440
2026-07-31 21:00;0,7291
2026-07-31 22:00;0,0960
2026-07-31 23:00;0,1212
2026-08-01 00:00;0,1208
2026-08-01 01:00;0,1169
2026-08-01 02:00;0,2421
2026-08-01 03:00;0,1100
2026-08-01 04:00;0,2287
2026-08-01 05:00;0,3026
2026-08-01 06:00;0,1030
2026-08-01 07:00;0,1752
2026-08-01 08:00;0,2291
2026-08-01 09:00;0,5315
2026-08-01 10:00;0,6815
2026-08-01 11:00;0,0409
2026-08-01 12:00;0,2596
2026-08-01 13:00;0,6974
2026-08-01 14:00;0,6423
2026-08-01 15:00;0,5951
2026-08-01 16:00;0,1043
2026-08-01 17:00;0,6395
2026-08-01 18:00;0,7606
2026-08-01 19:00;0,1225
2026-08-01 20:00;0,2638
2026-08-01 21:00;0,4405
2026-08-01 22:00;0,4105
2026-08-01 23:00;0,0383
2026-08-02 00:00;0,1276
2026-08-02 01:00;0,1290
2026-08-02 02:00;0,2143
2026-08-02 03:00;0,1299
2026-08-02 04:00;0,1162
2026-08-02 05:00;0,1596
2026-08-02 06:00;0,1043
2026-08-02 07:00;0,2703
2026-08-02 08:00;0,2353
2026-08-02 09:00;0,2345
2026-08-02 10:00;0,1064
2026-08-02 11:00;0,1076
2026-08-02 12:00;0,1032
2026-08-02 13:00;0,1154
2026-08-02 14:00;0,7552
2026-08-02 15:00;0,7680
2026-08-02 16:00;0,6946
2026-08-02 17:00;0,7375
2026-08-02 18:00;0,7138
2026-08-02 19:00;0,7791
2026-08-02 20:00;0,6909
2026-08-02 21:00;0,6821
2026-08-02 22:00;0,1278
2026-08-02 23:00;0,0420
2026-08-03 00:00;0,2815
2026-08-03 01:00;0,4079
2026-08-03 02:00;0,0737
2026-08-03 03:00;0,1627
2026-08-03 04:00;0,0815
2026-08-03 05:00;0,1320
2026-08-03 06:00;0,0719
2026-08-03 07:00;0,0482
2026-08-03 08:00;0,2989
2026-08-03 09:00;0,2848
2026-08-03 10:00;0,1128
2026-08-03 11:00;0,0300
2026-08-03 12:00;0,0996
2026-08-03 13:00;0,6005
2026-08-03 14:00;0,7521
2026-08-03 15:00;0,7443
2026-08-03 16:00;0,6764
2026-08-03 17:00;0,7750
2026-08-03 18:00;0,7138
2026-08-03 19:00;0,7134
2026-08-03 20:00;0,5684
2026-08-03 21:00;0,1148
2026-08-03 22:00;0,1211
2026-08-03 23:00;0,2267
2026-08-04 00:00;0,0320
2026-08-04 01:00;0,1353
2026-08-04 02:00;0,1558
2026-08-04 03:00;0,0243
2026-08-04 04:00;0,0830
2026-08-04 05:00;0,1853
2026-08-04 06:00;0,1406
2026-08-04 07:00;0,0838
2026-08-04 08:00;0,0306
2026-08-04 09:00;0,1090
2026-08-04 10:00;0,1082
2026-08-04 11:00;0,1007
2026-08-04 12:00;0,3560
2026-08-04 13:00;0,4096
2026-08-04 14:00;0,7353
2026-08-04 15:00;0,7142
2026-08-04 16:00;0,6197
2026-08-04 17:00;0,7894
2026-08-04 18:00;0,8468
2026-08-04 19:00;0,7859
2026-08-04 20:00;0,8013
2026-08-04 21:00;0,4353
2026-08-04 22:00;0,2044
2026-08-04 23:00;0,0306
2026-08-05 00:00;0,3970
2026-08-05 01:00;0,1748
2026-08-05 02:00;0,1007
2026-08-05 03:00;0,2689
2026-08-05 04:00;0,3074
2026-08-05 05:00;0,2720
2026-08-05 06:00;0,3442
2026-08-05 07:00;0,3108
2026-08-05 08:00;0,4898
2026-08-05 09:00;0,1224
2026-08-05 10:00;0,2035
2026-08-05 11:00;0,1930
2026-08-05 12:00;0,1168
2026-08-05 13:00;0,2956
2026-08-05 14:00;0,8012
2026-08-05 15:00;0,8200
2026-08-05 16:00;0,1219
2026-08-05 17:00;0,9095
2026-08-05 18:00;0,8224
2026-08-05 19:00;0,7849
2026-08-05 20:00;0,7103
2026-08-05 21:00;0,3453
2026-08-05 22:00;0,1542
2026-08-05 23:00;0,1017
2026-08-06 00:00;0,0282
2026-08-06 01:00;0,2024
2026-08-06 02:00;0,3873
2026-08-06 03:00;0,4237
2026-08-06 04:00;0,2170
2026-08-06 05:00;0,2894
2026-08-06 06:00;0,3521
2026-08-06 07:00;0,0826
2026-08-06 08:00;0,4201
2026-08-06 09:00;0,6027
2026-08-06 10:00;0,0954
2026-08-06 11:00;0,0285
2026-08-06 12:00;0,2462
2026-08-06 13:00;0,6793
2026-08-06 14:00;0,3405
2026-08-06 15:00;0,6266
2026-08-06 16:00;0,6291
2026-08-06 17:00;0,7996
2026-08-06 18:00;0,7054
2026-08-06 19:00;0,3829
2026-08-06 20:00;0,2753
2026-08-06 21:00;0,1242
2026-08-06 22:00;0,2461
2026-08-06 23:00;0,3357
2026-08-07 00:00;0,1727
2026-08-07 01:00;0,0829
2026-08-07 02:00;0,1243
2026-08-07 03:00;0,1351
2026-08-07 04:00;0,1298
2026-08-07 05:00;0,0108
2026-08-07 06:00;0,1147
2026-08-07 07:00;0,1315
2026-08-07 08:00;0,2359
2026-08-07 09:00;0,1350
2026-08-07 10:00;0,0910
2026-08-07 11:00;0,1031
2026-08-07 12:00;0,2415
2026-08-07 13:00;0,1860
2026-08-07 14:00;0,7257
2026-08-07 15:00;0,6439
2026-08-07 16:00;0,7470
2026-08-07 17:00;0,8250
2026-08-07 18:00;0,7382
2026-08-07 19:00;0,8053
2026-08-07 20:00;0,6368
2026-08-07 21:00;0,2379
2026-08-07 22:00;0,0557
2026-08-07 23:00;0,0528
2026-08-08 00:00;0,0273
2026-08-08 01:00;0,0874
2026-08-08 02:00;0,1066
2026-08-08 03:00;0,1458
2026-08-08 04:00;0,2861
2026-08-08 05:00;0,1613
2026-08-08 06:00;0,0711
2026-08-08 07:00;0,3058
2026-08-08 08:00;0,1564
2026-08-08 09:00;0,2167
2026-08-08 10:00;0,1081
2026-08-08 11:00;0,1112
2026-08-08 12:00;0,4353
2026-08-08 13:00;0,4327
2026-08-08 14:00;0,8410
2026-08-08 15:00;0,8600
2026-08-08 16:00;0,4612
2026-08-08 17:00;0,8957
2026-08-08 18:00;0,8743
2026-08-08 19:00;0,8076
2026-08-08 20:00;0,7882
2026-08-08 21:00;0,3918
2026-08-08 22:00;0,1124
2026-08-08 23:00;0,1141
2026-08-09 00:00;0,0722
2026-08-09 01:00;0,1109
2026-08-09 02:00;0,0997
2026-08-09 03:00;0,1535
2026-08-09 04:00;0,0151
2026-08-09 05:00;0,1187
2026-08-09 06:00;0,0791
2026-08-09 07:00;0,1095
2026-08-09 08:00;0,1541
2026-08-09 09:00;0,0262
2026-08-09 10:00;0,1041
2026-08-09 11:00;0,3696
2026-08-09 12:00;0,3664
2026-08-09 13:00;0,3583
2026-08-09 14:00;0,6469
2026-08-09 15:00;0,6602
2026-08-09 16:00;0,7426
2026-08-09 17:00;0,7896
2026-08-09 18:00;0,8588
2026-08-09 19:00;0,9201
2026-08-09 20:00;0,9218
2026-08-09 21:00;0,4356
2026-08-09 22:00;0,1079
2026-08-09 23:00;0,1206
2026-08-10 00:00;0,0334
2026-08-10 01:00;0,1174
2026-08-10 02:00;0,1540
2026-08-10 03:00;0,2294
2026-08-10 04:00;0,1112
2026-08-10 05:00;0,1239
2026-08-10 06:00;0,2989
2026-08-10 07:00;0,1687
2026-08-10 08:00;0,0291
2026-08-10 09:00;0,0291
2026-08-10 10:00;0,1106
2026-08-10 11:00;0,1103
2026-08-10 12:00;0,2525
2026-08-10 13:00;0,4228
2026-08-10 14:00;0,9116
2026-08-10 15:00;0,7893
2026-08-10 16:00;0,8756
2026-08-10 17:00;0,9308
2026-08-10 18:00;0,9138
2026-08-10 19:00;0,7452
2026-08-10 20:00;0,7542
2026-08-10 21:00;0,7972
2026-08-10 22:00;0,3893
2026-08-10 23:00;0,1005
2026-08-11 00:00;0,1148
2026-08-11 01:00;0,2816
2026-08-11 02:00;0,1410
2026-08-11 03:00;0,2276
2026-08-11 04:00;0,1740
2026-08-11 05:00;0,1920
2026-08-11 06:00;0,1127
2026-08-11 07:00;0,0399
2026-08-11 08:00;0,1788
2026-08-11 09:00;0,3159
2026-08-11 10:00;0,2106
2026-08-11 11:00;0,3681
2026-08-11 12:00;0,3782
2026-08-11 13:00;0,2817
2026-08-11 14:00;0,9069
2026-08-11 15:00;0,7757
2026-08-11 16:00;0,1149
2026-08-11 17:00;0,6906
2026-08-11 18:00;0,6202
2026-08-11 19:00;0,2987
2026-08-11 20:00;0,6745
2026-08-11 21:00;0,6932
2026-08-11 22:00;0,2691
2026-08-11 23:00;0,6976
2026-08-12 00:00;0,1175
2026-08-12 01:00;0,1022
2026-08-12 02:00;0,1798
2026-08-12 03:00;0,1270
2026-08-12 04:00;0,1156
2026-08-12 05:00;0,1751
2026-08-12 06:00;0,1086
2026-08-12 07:00;0,3435
2026-08-12 08:00;0,2685
2026-08-12 09:00;0,2893
2026-08-12 10:00;0,1144
2026-08-12 11:00;0,1254
2026-08-12 12:00;0,1144
2026-08-12 13:00;0,1180
2026-08-12 14:00;0,7839
2026-08-12 15:00;0,8537
2026-08-12 16:00;0,9111
2026-08-12 17:00;0,8796
2026-08-12 18:00;0,7546
2026-08-12 19:00;0,7949
2026-08-12 20:00;0,5797
2026-08-12 21:00;0,5870
2026-08-12 22:00;0,0992
2026-08-12 23:00;0,0261
2026-08-13 00:00;0,0297
2026-08-13 01:00;0,0962
2026-08-13 02:00;0,0721
2026-08-13 03:00;0,0326
2026-08-13 04:00;0,0560
2026-08-13 05:00;0,3577
2026-08-13 06:00;0,3276
2026-08-13 07:00;0,2668
2026-08-13 08:00;0,2187
2026-08-13 09:00;0,3189
2026-08-13 10:00;0,1009
2026-08-13 11:00;0,2955
2026-08-13 12:00;0,2585
2026-08-13 13:00;0,1102
2026-08-13 14:00;0,5811
2026-08-13 15:00;0,7076
2026-08-13 16:00;0,7329
2026-08-13 17:00;0,7540
2026-08-13 18:00;0,8003
2026-08-13 19:00;0,7424
2026-08-13 20:00;0,6367
2026-08-13 21:00;0,3186
2026-08-13 22:00;0,1165
2026-08-13 23:00;0,4015
2026-08-14 00:00;0,0995
2026-08-14 01:00;0,0628
2026-08-14 02:00;0,0250
2026-08-14 03:00;0,0200
2026-08-14 04:00;0,0119
2026-08-14 05:00;0,0289
2026-08-14 06:00;0,1016
2026-08-14 07:00;0,3078
2026-08-14 08:00;0,2525
2026-08-14 09:00;0,3295
2026-08-14 10:00;0,0238
2026-08-14 11:00;0,2016
2026-08-14 12:00;0,1322
2026-08-14 13:00;0,0855
2026-08-14 14:00;0,6589
2026-08-14 15:00;0,7673
2026-08-14 16:00;0,6739
2026-08-14 17:00;0,6204
2026-08-14 18:00;0,7350
2026-08-14 19:00;0,8166
2026-08-14 20:00;0,7317
2026-08-14 21:00;0,6299
2026-08-14 22:00;0,1839
2026-08-14 23:00;0,0246
2026-08-15 00:00;0,2591
2026-08-15 01:00;0,3347
2026-08-15 02:00;0,0755
2026-08-15 03:00;0,1349
2026-08-15 04:00;0,0862
2026-08-15 05:00;0,1828
2026-08-15 06:00;0,1159
2026-08-15 07:00;0,0717
2026-08-15 08:00;0,1080
2026-08-15 09:00;0,1248
2026-08-15 10:00;0,1998
2026-08-15 11:00;0,3031
2026-08-15 12:00;0,3578
2026-08-15 13:00;0,7300
2026-08-15 14:00;0,8770
2026-08-15 15:00;0,7986
2026-08-15 16:00;0,8818
2026-08-15 17:00;0,8411
2026-08-15 18:00;0,8350
2026-08-15 19:00;0,3806
2026-08-15 20:00;0,6077
2026-08-15 21:00;0,0961
2026-08-15 22:00;0,1349
2026-08-15 23:00;0,1795
2026-08-16 00:00;0,2133
2026-08-16 01:00;0,1170
2026-08-16 02:00;0,3267
2026-08-16 03:00;0,2162
2026-08-16 04:00;0,3624
2026-08-16 05:00;0,3683
2026-08-16 06:00;0,3699
2026-08-16 07:00;0,4246
2026-08-16 08:00;0,4793
2026-08-16 09:00;0,4648
2026-08-16 10:00;0,0980
2026-08-16 11:00;0,0307
2026-08-16 12:00;0,1086
2026-08-16 13:00;0,1077
2026-08-16 14:00;0,7370
2026-08-16 15:00;0,7633
2026-08-16 16:00;0,3409
2026-08-16 17:00;0,6238
2026-08-16 18:00;0,5776
2026-08-16 19:00;0,0865
2026-08-16 20:00;0,2101
2026-08-16 21:00;0,2981
2026-08-16 22:00;0,0925
2026-08-16 23:00;0,1839
2026-08-17 00:00;0,0339
2026-08-17 01:00;0,0334
2026-08-17 02:00;0,0339
2026-08-17 03:00;0,0813
2026-08-17 04:00;0,1253
2026-08-17 05:00;0,3464
2026-08-17 06:00;0,2783
2026-08-17 07:00;0,2275
2026-08-17 08:00;0,7473
2026-08-17 09:00;0,3947
2026-08-17 10:00;0,4200
2026-08-17 11:00;0,4566
2026-08-17 12:00;0,1356
2026-08-17 13:00;0,7701
2026-08-17 14:00;0,9019
2026-08-17 15:00;0,9437
2026-08-17 16:00;0,9578
2026-08-17 17:00;0,8537
2026-08-17 18:00;0,7765
2026-08-17 19:00;0,3789
2026-08-17 20:00;0,7354
2026-08-17 21:00;0,1178
2026-08-17 22:00;0,0715
2026-08-17 23:00;0,0305
2026-08-18 00:00;0,5755
2026-08-18 01:00;0,2772
2026-08-18 02:00;0,5602
2026-08-18 03:00;0,6009
2026-08-18 04:00;0,2346
2026-08-18 05:00;0,2379
2026-08-18 06:00;0,1152
2026-08-18 07:00;0,0298
2026-08-18 08:00;0,2527
2026-08-18 09:00;0,7542
2026-08-18 10:00;0,4084
2026-08-18 11:00;0,2510
2026-08-18 12:00;0,0349
2026-08-18 13:00;0,1062
2026-08-18 14:00;0,1057
2026-08-18 15:00;0,2136
2026-08-18 16:00;0,5286
2026-08-18 17:00;0,6824
2026-08-18 18:00;0,6331
2026-08-18 19:00;0,7390
2026-08-18 20:00;0,8139
2026-08-18 21:00;0,1129
2026-08-18 22:00;0,0132
2026-08-18 23:00;0,0602
2026-08-19 00:00;0,1179
2026-08-19 01:00;0,0905
2026-08-19 02:00;0,0916
2026-08-19 03:00;0,1142
2026-08-19 04:00;0,2260
2026-08-19 05:00;0,0808
2026-08-19 06:00;0,1184
2026-08-19 07:00;0,1006
2026-08-19 08:00;0,1098
2026-08-19 09:00;0,0340
2026-08-19 10:00;0,1043
2026-08-19 11:00;0,5899
2026-08-19 12:00;0,6924
2026-08-19 13:00;0,2490
2026-08-19 14:00;0,7420
2026-08-19 15:00;0,6712
2026-08-19 16:00;0,0919
2026-08-19 17:00;0,6257
2026-08-19 18:00;0,6110
2026-08-19 19:00;0,0856
2026-08-19 20:00;0,5821
2026-08-19 21:00;0,5207
2026-08-19 22:00;0,2357
2026-08-19 23:00;0,2234
2026-08-20 00:00;0,2173
2026-08-20 01:00;0,1509
2026-08-20 02:00;0,1797
2026-08-20 03:00;0,2261
2026-08-20 04:00;0,0683
2026-08-20 05:00;0,0418
2026-08-20 06:00;0,0989
2026-08-20 07:00;0,0582
2026-08-20 08:00;0,0623
2026-08-20 09:00;0,0435
2026-08-20 10:00;0,0230
2026-08-20 11:00;0,2183
2026-08-20 12:00;0,5840
2026-08-20 13:00;0,7685
2026-08-20 14:00;0,7357
2026-08-20 15:00;0,7669
2026-08-20 16:00;0,7853
2026-08-20 17:00;0,8059
2026-08-20 18:00;0,8016
2026-08-20 19:00;0,2534
2026-08-20 20:00;0,3090
2026-08-20 21:00;0,3982
2026-08-20 22:00;0,0158
2026-08-20 23:00;0,0836
2026-08-21 00:00;0,1009
2026-08-21 01:00;0,0368
2026-08-21 02:00;0,0729
2026-08-21 03:00;0,0673
2026-08-21 04:00;0,0795
2026-08-21 05:00;0,1185
2026-08-21 06:00;0,1727
2026-08-21 07:00;0,1148
2026-08-21 08:00;0,1751
2026-08-21 09:00;0,1333
2026-08-21 10:00;0,0194
2026-08-21 11:00;0,2594
2026-08-21 12:00;0,2438
2026-08-21 13:00;0,4790
2026-08-21 14:00;0,7929
2026-08-21 15:00;0,7198
2026-08-21 16:00;0,7356
2026-08-21 17:00;0,7080
2026-08-21 18:00;0,6808
2026-08-21 19:00;0,6154
2026-08-21 20:00;0,5416
2026-08-21 21:00;0,2059
2026-08-21 22:00;0,1017
2026-08-21 23:00;0,0301
2026-08-22 00:00;0,2275
2026-08-22 01:00;0,3974
2026-08-22 02:00;0,3112
2026-08-22 03:00;0,2374
2026-08-22 04:00;0,1577
2026-08-22 05:00;0,3090
2026-08-22 06:00;0,3367
2026-08-22 07:00;0,1996
2026-08-22 08:00;0,2396
2026-08-22 09:00;0,3597
2026-08-22 10:00;0,1243
2026-08-22 11:00;0,0307
2026-08-22 12:00;0,0293
2026-08-22 13:00;0,0958
2026-08-22 14:00;0,5034
2026-08-22 15:00;0,6389
2026-08-22 16:00;0,6591
2026-08-22 17:00;0,6660
2026-08-22 18:00;0,6968
2026-08-22 19:00;0,5706
2026-08-22 20:00;0,6745
2026-08-22 21:00;0,3620
2026-08-22 22:00;0,0980
2026-08-22 23:00;0,0568
2026-08-23 00:00;0,0973
2026-08-23 01:00;0,0838
2026-08-23 02:00;0,0288
2026-08-23 03:00;0,0739
2026-08-23 04:00;0,1046
2026-08-23 05:00;0,1417
2026-08-23 06:00;0,2599
2026-08-23 07:00;0,1939
2026-08-23 08:00;0,0334
2026-08-23 09:00;0,0463
2026-08-23 10:00;0,0584
2026-08-23 11:00;0,2555
2026-08-23 12:00;0,6924
2026-08-23 13:00;0,6715
2026-08-23 14:00;0,8207
2026-08-23 15:00;0,7737
2026-08-23 16:00;0,7020
2026-08-23 17:00;0,6282
2026-08-23 18:00;0,6320
2026-08-23 19:00;0,5808
2026-08-23 20:00;0,6970
2026-08-23 21:00;0,5280
2026-08-23 22:00;0,0111
2026-08-23 23:00;0,0797
2026-08-24 00:00;0,0315
2026-08-24 01:00;0,1126
2026-08-24 02:00;0,3397
2026-08-24 03:00;0,2992
2026-08-24 04:00;0,4211
2026-08-24 05:00;0,1267
2026-08-24 06:00;0,2955
2026-08-24 07:00;0,1194
2026-08-24 08:00;0,0312
2026-08-24 09:00;0,0661
2026-08-24 10:00;0,0962
2026-08-24 11:00;0,3225
2026-08-24 12:00;0,2504
2026-08-24 13:00;0,4214
2026-08-24 14:00;0,4498
2026-08-24 15:00;0,8771
2026-08-24 16:00;0,7094
2026-08-24 17:00;0,7194
2026-08-24 18:00;0,7987
2026-08-24 19:00;0,6552
2026-08-24 20:00;0,7571
2026-08-24 21:00;0,1168
2026-08-24 22:00;0,4094
2026-08-24 23:00;0,2359
2026-08-25 00:00;0,1228
2026-08-25 01:00;0,1252
2026-08-25 02:00;0,0249
2026-08-25 03:00;0,1670
2026-08-25 04:00;0,1025
2026-08-25 05:00;0,0278
2026-08-25 06:00;0,0279
2026-08-25 07:00;0,0322
2026-08-25 08:00;0,0313
2026-08-25 09:00;0,1166
2026-08-25 10:00;0,1145
2026-08-25 11:00;0,3958
2026-08-25 12:00;0,2343
2026-08-25 13:00;0,6809
2026-08-25 14:00;0,6927
2026-08-25 15:00;0,7270
2026-08-25 16:00;0,7896
2026-08-25 17:00;0,7720
2026-08-25 18:00;0,8448
2026-08-25 19:00;0,8624
2026-08-25 20:00;0,8499
2026-08-25 21:00;0,3048
2026-08-25 22:00;0,1445
2026-08-25 23:00;0,0293
2026-08-26 00:00;0,0285
2026-08-26 01:00;0,0935
2026-08-26 02:00;0,0928
2026-08-26 03:00;0,1637
2026-08-26 04:00;0,0985
2026-08-26 05:00;0,1927
2026-08-26 06:00;0,0315
2026-08-26 07:00;0,1215
2026-08-26 08:00;0,3170
2026-08-26 09:00;0,3908
2026-08-26 10:00;0,1022
2026-08-26 11:00;0,1987
2026-08-26 12:00;0,5648
2026-08-26 13:00;0,3994
2026-08-26 14:00;0,2475
2026-08-26 15:00;0,7986
2026-08-26 16:00;0,7168
2026-08-26 17:00;0,7224
2026-08-26 18:00;0,7736
2026-08-26 19:00;0,7553
2026-08-26 20:00;0,6850
2026-08-26 21:00;0,1046
2026-08-26 22:00;0,0913
2026-08-26 23:00;0,0943
2026-08-27 00:00;0,1222
2026-08-27 01:00;0,0756
2026-08-27 02:00;0,0323
2026-08-27 03:00;0,0300
2026-08-27 04:00;0,0952
2026-08-27 05:00;0,1123
2026-08-27 06:00;0,2527
2026-08-27 07:00;0,1441
2026-08-27 08:00;0,2421
2026-08-27 09:00;0,1639
2026-08-27 10:00;0,1100
2026-08-27 11:00;0,0325
2026-08-27 12:00;0,2816
2026-08-27 13:00;0,8520
2026-08-27 14:00;0,8463
2026-08-27 15:00;0,7651
2026-08-27 16:00;0,8130
2026-08-27 17:00;0,8711
2026-08-27 18:00;0,9331
2026-08-27 19:00;0,9319
2026-08-27 20:00;0,7127
2026-08-27 21:00;0,4310
2026-08-27 22:00;0,1758
2026-08-27 23:00;0,2539
2026-08-28 00:00;0,1189
2026-08-28 01:00;0,1774
2026-08-28 02:00;0,3936
2026-08-28 03:00;0,1180
2026-08-28 04:00;0,3085
2026-08-28 05:00;0,1143
2026-08-28 06:00;0,1787
2026-08-28 07:00;0,2393
2026-08-28 08:00;0,5445
2026-08-28 09:00;0,3193
2026-08-28 10:00;0,2753
2026-08-28 11:00;0,2004
2026-08-28 12:00;0,3394
2026-08-28 13:00;0,2634
2026-08-28 14:00;0,0920
2026-08-28 15:00;0,1587
2026-08-28 16:00;0,2343
2026-08-28 17:00;0,7652
2026-08-28 18:00;0,8136
2026-08-28 19:00;0,3066
2026-08-28 20:00;0,7493
2026-08-28 21:00;0,7105
2026-08-28 22:00;0,3354
2026-08-28 23:00;0,0924
2026-08-29 00:00;0,3907
2026-08-29 01:00;0,1832
2026-08-29 02:00;0,1129
2026-08-29 03:00;0,3039
2026-08-29 04:00;0,3278
2026-08-29 05:00;0,2516
2026-08-29 06:00;0,2923
2026-08-29 07:00;0,2677
2026-08-29 08:00;0,3783
2026-08-29 09:00;0,0969
2026-08-29 10:00;0,1734
2026-08-29 11:00;0,1554
2026-08-29 12:00;0,0875
2026-08-29 13:00;0,2744
2026-08-29 14:00;0,7163
2026-08-29 15:00;0,7002
2026-08-29 16:00;0,0899
2026-08-29 17:00;0,8354
2026-08-29 18:00;0,7764
2026-08-29 19:00;0,7874
2026-08-29 20:00;0,8376
2026-08-29 21:00;0,3889
2026-08-29 22:00;0,1448
2026-08-29 23:00;0,0930
2026-08-30 00:00;0,2384
2026-08-30 01:00;0,1998
2026-08-30 02:00;0,2202
2026-08-30 03:00;0,2237
2026-08-30 04:00;0,0669
2026-08-30 05:00;0,2100
2026-08-30 06:00;0,1756
2026-08-30 07:00;0,1048
2026-08-30 08:00;0,2427
2026-08-30 09:00;0,1883
2026-08-30 10:00;0,3119
2026-08-30 11:00;0,0643
2026-08-30 12:00;0,6079
2026-08-30 13:00;0,6129
2026-08-30 14:00;0,7768
2026-08-30 15:00;0,8440
2026-08-30 16:00;0,7008
2026-08-30 17:00;0,7400
2026-08-30 18:00;0,7439
2026-08-30 19:00;0,0563
2026-08-30 20:00;0,2056
2026-08-30 21:00;0,0854
2026-08-30 22:00;0,0449
2026-08-30 23:00;0,0000
2026-08-31 00:00;0,0379
2026-08-31 01:00;0,0096
2026-08-31 02:00;0,0000
2026-08-31 03:00;0,0000
2026-08-31 04:00;0,0373
2026-08-31 05:00;0,0375
2026-08-31 06:00;0,1521
2026-08-31 07:00;0,0539
2026-08-31 08:00;0,1289
2026-08-31 09:00;0,0676
2026-08-31 10:00;0,0237
2026-08-31 11:00;0,0000
2026-08-31 12:00;0,1296
2026-08-31 13:00;0,5631
2026-08-31 14:00;0,5377
2026-08-31 15:00;0,5723
2026-08-31 16:00;0,6624
2026-08-31 17:00;0,6834
2026-08-31 18:00;0,7381
2026-08-31 19:00;0,7553
2026-08-31 20:00;0,6573
2026-08-31 21:00;0,3569
2026-08-31 22:00;0,0903
2026-08-31 23:00;0,1637
2026-09-01 00:00;0,1611
2026-09-01 01:00;0,2156
2026-09-01 02:00;0,2910
2026-09-01 03:00;0,1778
2026-09-01 04:00;0,0869
2026-09-01 05:00;0,8467
2026-09-01 06:00;0,7762
2026-09-01 07:00;0,3919
2026-09-01 08:00;0,4766
2026-09-01 09:00;0,1531
2026-09-01 10:00;0,2213
2026-09-01 11:00;0,1428
2026-09-01 12:00;0,0765
2026-09-01 13:00;0,0752
2026-09-01 14:00;0,3864
2026-09-01 15:00;0,7672
2026-09-01 16:00;0,7271
2026-09-01 17:00;0,6827
2026-09-01 18:00;0,6338
2026-09-01 19:00;0,7055
2026-09-01 20:00;0,4151
2026-09-01 21:00;0,2374
2026-09-01 22:00;0,0659
2026-09-01 23:00;0,0649
2026-09-02 00:00;0,3820
2026-09-02 01:00;0,2021
2026-09-02 02:00;0,3378
2026-09-02 03:00;0,3190
2026-09-02 04:00;0,2201
2026-09-02 05:00;0,2704
2026-09-02 06:00;0,2718
2026-09-02 07:00;0,0788
2026-09-02 08:00;0,1930
2026-09-02 09:00;0,2799
2026-09-02 10:00;0,1534
2026-09-02 11:00;0,3013
2026-09-02 12:00;0,5161
2026-09-02 13:00;0,1467
2026-09-02 14:00;0,4137
2026-09-02 15:00;0,7149
2026-09-02 16:00;0,9250
2026-09-02 17:00;0,9288
2026-09-02 18:00;1,0000
2026-09-02 19:00;0,8205
2026-09-02 20:00;0,7544
2026-09-02 21:00;0,1543
2026-09-02 22:00;0,1370
2026-09-02 23:00;0,1446
2026-09-03 00:00;0,2893
2026-09-03 01:00;0,1320
2026-09-03 02:00;0,3231
2026-09-03 03:00;0,1551
2026-09-03 04:00;0,1921
2026-09-03 05:00;0,1298
2026-09-03 06:00;0,1310
2026-09-03 07:00;0,1762
2026-09-03 08:00;0,4706
2026-09-03 09:00;0,9207
2026-09-03 10:00;0,1984
2026-09-03 11:00;0,3884
2026-09-03 12:00;0,3770
2026-09-03 13:00;0,2714
2026-09-03 14:00;0,7340
2026-09-03 15:00;0,8190
2026-09-03 16:00;0,3050
2026-09-03 17:00;0,8371
2026-09-03 18:00;0,9390
2026-09-03 19:00;0,7301
2026-09-03 20:00;0,4824
2026-09-03 21:00;0,1247
2026-09-03 22:00;0,1557
2026-09-03 23:00;0,1247
2026-09-04 00:00;0,2545
2026-09-04 01:00;0,0972
2026-09-04 02:00;0,6471
2026-09-04 03:00;0,7427
2026-09-04 04:00;0,1457
2026-09-04 05:00;0,7424
2026-09-04 06:00;0,3762
2026-09-04 07:00;0,3403
2026-09-04 08:00;0,1048
2026-09-04 09:00;0,6437
2026-09-04 10:00;0,3167
2026-09-04 11:00;0,3346
2026-09-04 12:00;0,4882
2026-09-04 13:00;0,2132
2026-09-04 14:00;0,5950
2026-09-04 15:00;0,6106
2026-09-04 16:00;0,1628
2026-09-04 17:00;0,1193
2026-09-04 18:00;0,0924
2026-09-04 19:00;0,1017
2026-09-04 20:00;0,1029
2026-09-04 21:00;0,1018
2026-09-04 22:00;0,0879
2026-09-04 23:00;0,0853
2026-09-05 00:00;0,0338
2026-09-05 01:00;0,1089
2026-09-05 02:00;0,2774
2026-09-05 03:00;0,3767
2026-09-05 04:00;0,1081
2026-09-05 05:00;0,1010
2026-09-05 06:00;0,1119
2026-09-05 07:00;0,2351
2026-09-05 08:00;0,2510
2026-09-05 09:00;0,3825
2026-09-05 10:00;0,4094
2026-09-05 11:00;0,6360
2026-09-05 12:00;0,3928
2026-09-05 13:00;0,1066
2026-09-05 14:00;0,5642
2026-09-05 15:00;0,6391
2026-09-05 16:00;0,7076
2026-09-05 17:00;0,6281
2026-09-05 18:00;0,6747
2026-09-05 19:00;0,3226
2026-09-05 20:00;0,1049
2026-09-05 21:00;0,1101
2026-09-05 22:00;0,1193
2026-09-05 23:00;0,0342
2026-09-06 00:00;0,0348
2026-09-06 01:00;0,0770
2026-09-06 02:00;0,0827
2026-09-06 03:00;0,1450
2026-09-06 04:00;0,1835
2026-09-06 05:00;0,1103
2026-09-06 06:00;0,1006
2026-09-06 07:00;0,1406
2026-09-06 08:00;0,0791
2026-09-06 09:00;0,2420
2026-09-06 10:00;0,4045
2026-09-06 11:00;0,3542
2026-09-06 12:00;0,4091
2026-09-06 13:00;0,1261
2026-09-06 14:00;0,8323
2026-09-06 15:00;0,8692
2026-09-06 16:00;0,7282
2026-09-06 17:00;0,7205
2026-09-06 18:00;0,6728
2026-09-06 19:00;0,0988
2026-09-06 20:00;0,1851
2026-09-06 21:00;0,2309
2026-09-06 22:00;0,2987
2026-09-06 23:00;0,0323
2026-09-07 00:00;0,7306
2026-09-07 01:00;0,6913
2026-09-07 02:00;0,0294
2026-09-07 03:00;0,0304
2026-09-07 04:00;0,1049
2026-09-07 05:00;0,3833
2026-09-07 06:00;0,2253
2026-09-07 07:00;0,2266
2026-09-07 08:00;0,0824
2026-09-07 09:00;0,2195
2026-09-07 10:00;0,0910
2026-09-07 11:00;0,1016
2026-09-07 12:00;0,0138
2026-09-07 13:00;0,0109
2026-09-07 14:00;0,0105
2026-09-07 15:00;0,6523
2026-09-07 16:00;0,6761
2026-09-07 17:00;0,5361
2026-09-07 18:00;0,8318
2026-09-07 19:00;0,0859
2026-09-07 20:00;0,7821
2026-09-07 21:00;0,7799
2026-09-07 22:00;0,0215
2026-09-07 23:00;0,0549
2026-09-08 00:00;0,4239
2026-09-08 01:00;0,1965
2026-09-08 02:00;0,3246
2026-09-08 03:00;0,4380
2026-09-08 04:00;0,0554
2026-09-08 05:00;0,1155
2026-09-08 06:00;0,1077
2026-09-08 07:00;0,0962
2026-09-08 08:00;0,3198
2026-09-08 09:00;0,2075
2026-09-08 10:00;0,0119
2026-09-08 11:00;0,0285
2026-09-08 12:00;0,3860
2026-09-08 13:00;0,4231
2026-09-08 14:00;0,7006
2026-09-08 15:00;0,6998
2026-09-08 16:00;0,4064
2026-09-08 17:00;0,7061
2026-09-08 18:00;0,8137
2026-09-08 19:00;0,5668
2026-09-08 20:00;0,2366
2026-09-08 21:00;0,3719
2026-09-08 22:00;0,1120
2026-09-08 23:00;0,3433
2026-09-09 00:00;0,1477
2026-09-09 01:00;0,1033
2026-09-09 02:00;0,0996
2026-09-09 03:00;0,0991
2026-09-09 04:00;0,1468
2026-09-09 05:00;0,1071
2026-09-09 06:00;0,2540
2026-09-09 07:00;0,2999
2026-09-09 08:00;0,3858
2026-09-09 09:00;0,4564
2026-09-09 10:00;0,3160
2026-09-09 11:00;0,3567
2026-09-09 12:00;0,7801
2026-09-09 13:00;0,2605
2026-09-09 14:00;0,7857
2026-09-09 15:00;0,7557
2026-09-09 16:00;0,1030
2026-09-09 17:00;0,7906
2026-09-09 18:00;0,7438
2026-09-09 19:00;0,4943
2026-09-09 20:00;0,3533
2026-09-09 21:00;0,2752
2026-09-09 22:00;0,1208
2026-09-09 23:00;0,2516
2026-09-10 00:00;0,2613
2026-09-10 01:00;0,1314
2026-09-10 02:00;0,0409
2026-09-10 03:00;0,0814
2026-09-10 04:00;0,1273
2026-09-10 05:00;0,1263
2026-09-10 06:00;0,2563
2026-09-10 07:00;0,2816
2026-09-10 08:00;0,7199
2026-09-10 09:00;0,6404
2026-09-10 10:00;0,6121
2026-09-10 11:00;0,6295
2026-09-10 12:00;0,7018
2026-09-10 13:00;0,7948
2026-09-10 14:00;0,3584
2026-09-10 15:00;0,1043
2026-09-10 16:00;0,0944
2026-09-10 17:00;0,1089
2026-09-10 18:00;0,1046
2026-09-10 19:00;0,0572
2026-09-10 20:00;0,1135
2026-09-10 21:00;0,4343
2026-09-10 22:00;0,4524
2026-09-10 23:00;0,2964
2026-09-11 00:00;0,0955
2026-09-11 01:00;0,0990
2026-09-11 02:00;0,1038
2026-09-11 03:00;0,1022
2026-09-11 04:00;0,0296
2026-09-11 05:00;0,0332
2026-09-11 06:00;0,0318
2026-09-11 07:00;0,2239
2026-09-11 08:00;0,2045
2026-09-11 09:00;0,2212
2026-09-11 10:00;0,1058
2026-09-11 11:00;0,2222
2026-09-11 12:00;0,6143
2026-09-11 13:00;0,6233
2026-09-11 14:00;0,6702
2026-09-11 15:00;0,6439
2026-09-11 16:00;0,6852
2026-09-11 17:00;0,7782
2026-09-11 18:00;0,7316
2026-09-11 19:00;0,7366
2026-09-11 20:00;0,7183
2026-09-11 21:00;0,1197
2026-09-11 22:00;0,0366
2026-09-11 23:00;0,4436
2026-09-12 00:00;0,0506
2026-09-12 01:00;0,2927
2026-09-12 02:00;0,3065
2026-09-12 03:00;0,2739
2026-09-12 04:00;0,0614
2026-09-12 05:00;0,2316
2026-09-12 06:00;0,2106
2026-09-12 07:00;0,0562
2026-09-12 08:00;0,2044
2026-09-12 09:00;0,2155
2026-09-12 10:00;0,3013
2026-09-12 11:00;0,5190
2026-09-12 12:00;0,5771
2026-09-12 13:00;0,0262
2026-09-12 14:00;0,4671
2026-09-12 15:00;0,6756
2026-09-12 16:00;0,1909
2026-09-12 17:00;0,5779
2026-09-12 18:00;0,6218
2026-09-12 19:00;0,0899
2026-09-12 20:00;0,1783
2026-09-12 21:00;0,2903
2026-09-12 22:00;0,1813
2026-09-12 23:00;0,2906
2026-09-13 00:00;0,0248
2026-09-13 01:00;0,0192
2026-09-13 02:00;0,0401
2026-09-13 03:00;0,1963
2026-09-13 04:00;0,1694
2026-09-13 05:00;0,1615
2026-09-13 06:00;0,1443
2026-09-13 07:00;0,0277
2026-09-13 08:00;0,2515
2026-09-13 09:00;0,3513
2026-09-13 10:00;0,1010
2026-09-13 11:00;0,8036
2026-09-13 12:00;0,7651
2026-09-13 13:00;0,2189
2026-09-13 14:00;0,7666
2026-09-13 15:00;0,7167
2026-09-13 16:00;0,1094
2026-09-13 17:00;0,8110
2026-09-13 18:00;0,7893
2026-09-13 19:00;0,6871
2026-09-13 20:00;0,3750
2026-09-13 21:00;0,0351
2026-09-13 22:00;0,1756
2026-09-13 23:00;0,1413
2026-09-14 00:00;0,2466
2026-09-14 01:00;0,2054
2026-09-14 02:00;0,3538
2026-09-14 03:00;0,2872
2026-09-14 04:00;0,0537
2026-09-14 05:00;0,1245
2026-09-14 06:00;0,4673
2026-09-14 07:00;0,5461
2026-09-14 08:00;0,4390
2026-09-14 09:00;0,4182
2026-09-14 10:00;0,1486
2026-09-14 11:00;0,2064
2026-09-14 12:00;0,2711
2026-09-14 13:00;0,2165
2026-09-14 14:00;0,5560
2026-09-14 15:00;0,2750
2026-09-14 16:00;0,0595
2026-09-14 17:00;0,5558
2026-09-14 18:00;0,5494
2026-09-14 19:00;0,3719
2026-09-14 20:00;0,2233
2026-09-14 21:00;0,5372
2026-09-14 22:00;0,1693
2026-09-14 23:00;0,3330
2026-09-15 00:00;0,0000
2026-09-15 01:00;0,0000
2026-09-15 02:00;0,0545
2026-09-15 03:00;0,1684
2026-09-15 04:00;0,0000
2026-09-15 05:00;0,0000
2026-09-15 06:00;0,0580
2026-09-15 07:00;0,1239
2026-09-15 08:00;0,6847
2026-09-15 09:00;0,7138
2026-09-15 10:00;0,0114
2026-09-15 11:00;0,0000
2026-09-15 12:00;0,6731
2026-09-15 13:00;0,6609
2026-09-15 14:00;0,7915
2026-09-15 15:00;0,3647
2026-09-15 16:00;0,7340
2026-09-15 17:00;0,6854
2026-09-15 18:00;0,6651
2026-09-15 19:00;0,3214
2026-09-15 20:00;0,6009
2026-09-15 21:00;0,4899
2026-09-15 22:00;0,0000
2026-09-15 23:00;0,0000
2026-09-16 00:00;0,3455
2026-09-16 01:00;0,2418
2026-09-16 02:00;0,2532
2026-09-16 03:00;0,1907
2026-09-16 04:00;0,2046
2026-09-16 05:00;0,2383
2026-09-16 06:00;0,1576
2026-09-16 07:00;0,1336
2026-09-16 08:00;0,1050
2026-09-16 09:00;0,1179
2026-09-16 10:00;0,8619
2026-09-16 11:00;0,7923
2026-09-16 12:00;0,0352
2026-09-16 13:00;0,0719
2026-09-16 14:00;0,1144
2026-09-16 15:00;0,5663
2026-09-16 16:00;0,4262
2026-09-16 17:00;0,1300
2026-09-16 18:00;0,7663
2026-09-16 19:00;0,3927
2026-09-16 20:00;0,1226
2026-09-16 21:00;0,2807
2026-09-16 22:00;0,4191
2026-09-16 23:00;0,8568
2026-09-17 00:00;0,1192
2026-09-17 01:00;0,1162
2026-09-17 02:00;0,3009
2026-09-17 03:00;0,4106
2026-09-17 04:00;0,1505
2026-09-17 05:00;0,1007
2026-09-17 06:00;0,0986
2026-09-17 07:00;0,2410
2026-09-17 08:00;0,3298
2026-09-17 09:00;0,3608
2026-09-17 10:00;0,2544
2026-09-17 11:00;0,5339
2026-09-17 12:00;0,3480
2026-09-17 13:00;0,3115
2026-09-17 14:00;0,1179
2026-09-17 15:00;0,3764
2026-09-17 16:00;0,2558
2026-09-17 17:00;0,3772
2026-09-17 18:00;0,7488
2026-09-17 19:00;0,5084
2026-09-17 20:00;0,3528
2026-09-17 21:00;0,3933
2026-09-17 22:00;0,1277
2026-09-17 23:00;0,2461
2026-09-18 00:00;0,1785
2026-09-18 01:00;0,1140
2026-09-18 02:00;0,0567
2026-09-18 03:00;0,2277
2026-09-18 04:00;0,2391
2026-09-18 05:00;0,1616
2026-09-18 06:00;0,2821
2026-09-18 07:00;0,2463
2026-09-18 08:00;0,1296
2026-09-18 09:00;0,1180
2026-09-18 10:00;0,1062
2026-09-18 11:00;0,0122
2026-09-18 12:00;0,2652
2026-09-18 13:00;0,3070
2026-09-18 14:00;0,7170
2026-09-18 15:00;0,6534
2026-09-18 16:00;0,6285
2026-09-18 17:00;0,6251
2026-09-18 18:00;0,6833
2026-09-18 19:00;0,0977
2026-09-18 20:00;0,4712
2026-09-18 21:00;0,3149
2026-09-18 22:00;0,1035
2026-09-18 23:00;0,0546
2026-09-19 00:00;0,1146
2026-09-19 01:00;0,1628
2026-09-19 02:00;0,1052
2026-09-19 03:00;0,2632
2026-09-19 04:00;0,1072
2026-09-19 05:00;0,0297
2026-09-19 06:00;0,0313
2026-09-19 07:00;0,0784
2026-09-19 08:00;0,1171
2026-09-19 09:00;0,2896
2026-09-19 10:00;0,1736
2026-09-19 11:00;0,0371
2026-09-19 12:00;0,1165
2026-09-19 13:00;0,6526
2026-09-19 14:00;0,5686
2026-09-19 15:00;0,6248
2026-09-19 16:00;0,6138
2026-09-19 17:00;0,6854
2026-09-19 18:00;0,7522
2026-09-19 19:00;0,6768
2026-09-19 20:00;0,2417
2026-09-19 21:00;0,2217
2026-09-19 22:00;0,0309
2026-09-19 23:00;0,0344
2026-09-20 00:00;0,4127
2026-09-20 01:00;0,1628
2026-09-20 02:00;0,3294
2026-09-20 03:00;0,3700
2026-09-20 04:00;0,3170
2026-09-20 05:00;0,1027
2026-09-20 06:00;0,2368
2026-09-20 07:00;0,2252
2026-09-20 08:00;0,1048
2026-09-20 09:00;0,1064
2026-09-20 10:00;0,2513
2026-09-20 11:00;0,1815
2026-09-20 12:00;0,0952
2026-09-20 13:00;0,2800
2026-09-20 14:00;0,3219
2026-09-20 15:00;0,6563
2026-09-20 16:00;0,1725
2026-09-20 17:00;0,7873
2026-09-20 18:00;0,8539
2026-09-20 19:00;0,1139
2026-09-20 20:00;0,7741
2026-09-20 21:00;0,7434
2026-09-20 22:00;0,2075
2026-09-20 23:00;0,1014
2026-09-21 00:00;0,4703
2026-09-21 01:00;0,1586
2026-09-21 02:00;0,1292
2026-09-21 03:00;0,4864
2026-09-21 04:00;0,4550
2026-09-21 05:00;0,5173
2026-09-21 06:00;0,0401
2026-09-21 07:00;0,0415
2026-09-21 08:00;0,0396
2026-09-21 09:00;0,0334
2026-09-21 10:00;0,1056
2026-09-21 11:00;0,0930
2026-09-21 12:00;0,0864
2026-09-21 13:00;0,0959
2026-09-21 14:00;0,7096
2026-09-21 15:00;0,7590
2026-09-21 16:00;0,8053
2026-09-21 17:00;0,8190
2026-09-21 18:00;0,8157
2026-09-21 19:00;0,6630
2026-09-21 20:00;0,2246
2026-09-21 21:00;0,0306
2026-09-21 22:00;0,2577
2026-09-21 23:00;0,3665
2026-09-22 00:00;0,0000
2026-09-22 01:00;0,0000
2026-09-22 02:00;0,0412
2026-09-22 03:00;0,1574
2026-09-22 04:00;0,0000
2026-09-22 05:00;0,0000
2026-09-22 06:00;0,0633
2026-09-22 07:00;0,1386
2026-09-22 08:00;0,7339
2026-09-22 09:00;0,7230
2026-09-22 10:00;0,0111
2026-09-22 11:00;0,0000
2026-09-22 12:00;0,6228
2026-09-22 13:00;0,6256
2026-09-22 14:00;0,6427
2026-09-22 15:00;0,2647
2026-09-22 16:00;0,5812
2026-09-22 17:00;0,6203
2026-09-22 18:00;0,5986
2026-09-22 19:00;0,2422
2026-09-22 20:00;0,5460
2026-09-22 21:00;0,5255
2026-09-22 22:00;0,0000
2026-09-22 23:00;0,0000
2026-09-23 00:00;0,2500
2026-09-23 01:00;0,2338
2026-09-23 02:00;0,3597
2026-09-23 03:00;0,2502
2026-09-23 04:00;0,0528
2026-09-23 05:00;0,1026
2026-09-23 06:00;0,3894
2026-09-23 07:00;0,4685
2026-09-23 08:00;0,3911
2026-09-23 09:00;0,3661
2026-09-23 10:00;0,1418
2026-09-23 11:00;0,2032
2026-09-23 12:00;0,2583
2026-09-23 13:00;0,2083
2026-09-23 14:00;0,4862
2026-09-23 15:00;0,2165
2026-09-23 16:00;0,0512
2026-09-23 17:00;0,4774
2026-09-23 18:00;0,5735
2026-09-23 19:00;0,3993
2026-09-23 20:00;0,2267
2026-09-23 21:00;0,6360
2026-09-23 22:00;0,1881
2026-09-23 23:00;0,3427
2026-09-24 00:00;0,1221
2026-09-24 01:00;0,1722
2026-09-24 02:00;0,4216
2026-09-24 03:00;0,1045
2026-09-24 04:00;0,2591
2026-09-24 05:00;0,3470
2026-09-24 06:00;0,1036
2026-09-24 07:00;0,1065
2026-09-24 08:00;0,0978
2026-09-24 09:00;0,0877
2026-09-24 10:00;0,1685
2026-09-24 11:00;0,0976
2026-09-24 12:00;0,5061
2026-09-24 13:00;0,3401
2026-09-24 14:00;0,1116
2026-09-24 15:00;0,3979
2026-09-24 16:00;0,4221
2026-09-24 17:00;0,8260
2026-09-24 18:00;0,7837
2026-09-24 19:00;0,1178
2026-09-24 20:00;0,8784
2026-09-24 21:00;0,8532
2026-09-24 22:00;0,1622
2026-09-24 23:00;0,1159
2026-09-25 00:00;0,0346
2026-09-25 01:00;0,1175
2026-09-25 02:00;0,7287
2026-09-25 03:00;0,4465
2026-09-25 04:00;0,0160
2026-09-25 05:00;0,1318
2026-09-25 06:00;0,1216
2026-09-25 07:00;0,4341
2026-09-25 08:00;0,3915
2026-09-25 09:00;0,6519
2026-09-25 10:00;0,6502
2026-09-25 11:00;0,6711
2026-09-25 12:00;0,7292
2026-09-25 13:00;0,6741
2026-09-25 14:00;0,4083
2026-09-25 15:00;0,2441
2026-09-25 16:00;0,4025
2026-09-25 17:00;0,1079
2026-09-25 18:00;0,0989
2026-09-25 19:00;0,1152
2026-09-25 20:00;0,1160
2026-09-25 21:00;0,1092
2026-09-25 22:00;0,1180
2026-09-25 23:00;0,2783
2026-09-26 00:00;0,3617
2026-09-26 01:00;0,1007
2026-09-26 02:00;0,3237
2026-09-26 03:00;0,3260
2026-09-26 04:00;0,0595
2026-09-26 05:00;0,2862
2026-09-26 06:00;0,2420
2026-09-26 07:00;0,4022
2026-09-26 08:00;0,3567
2026-09-26 09:00;0,6367
2026-09-26 10:00;0,4134
2026-09-26 11:00;0,8843
2026-09-26 12:00;0,4137
2026-09-26 13:00;0,1841
2026-09-26 14:00;0,2449
2026-09-26 15:00;0,0308
2026-09-26 16:00;0,2769
2026-09-26 17:00;0,3122
2026-09-26 18:00;0,0297
2026-09-26 19:00;0,4914
2026-09-26 20:00;0,4482
2026-09-26 21:00;0,0895
2026-09-26 22:00;0,1594
2026-09-26 23:00;0,0274
2026-09-27 00:00;0,2309
2026-09-27 01:00;0,1654
2026-09-27 02:00;0,0165
2026-09-27 03:00;0,0997
2026-09-27 04:00;0,1914
2026-09-27 05:00;0,2303
2026-09-27 06:00;0,4162
2026-09-27 07:00;0,3546
2026-09-27 08:00;0,0850
2026-09-27 09:00;0,3768
2026-09-27 10:00;0,3496
2026-09-27 11:00;0,2446
2026-09-27 12:00;0,5037
2026-09-27 13:00;0,4234
2026-09-27 14:00;0,6869
2026-09-27 15:00;0,0621
2026-09-27 16:00;0,2688
2026-09-27 17:00;0,4481
2026-09-27 18:00;0,6796
2026-09-27 19:00;0,7184
2026-09-27 20:00;0,7672
2026-09-27 21:00;0,8331
2026-09-27 22:00;0,0637
2026-09-27 23:00;0,0566
2026-09-28 00:00;0,2411
2026-09-28 01:00;0,1016
2026-09-28 02:00;0,8026
2026-09-28 03:00;0,7280
2026-09-28 04:00;0,1274
2026-09-28 05:00;0,7640
2026-09-28 06:00;0,3466
2026-09-28 07:00;0,3512
2026-09-28 08:00;0,0990
2026-09-28 09:00;0,7095
2026-09-28 10:00;0,3723
2026-09-28 11:00;0,3736
2026-09-28 12:00;0,5555
2026-09-28 13:00;0,2455
2026-09-28 14:00;0,7232
2026-09-28 15:00;0,7765
2026-09-28 16:00;0,1946
2026-09-28 17:00;0,1550
2026-09-28 18:00;0,1058
2026-09-28 19:00;0,1049
2026-09-28 20:00;0,0941
2026-09-28 21:00;0,0920
2026-09-28 22:00;0,0847
2026-09-28 23:00;0,0914
2026-09-29 00:00;0,2548
2026-09-29 01:00;0,0959
2026-09-29 02:00;0,3554
2026-09-29 03:00;0,4002
2026-09-29 04:00;0,2753
2026-09-29 05:00;0,0255
2026-09-29 06:00;0,0628
2026-09-29 07:00;0,0936
2026-09-29 08:00;0,0930
2026-09-29 09:00;0,0145
2026-09-29 10:00;0,0273
2026-09-29 11:00;0,0083
2026-09-29 12:00;0,2089
2026-09-29 13:00;0,2425
2026-09-29 14:00;0,3236
2026-09-29 15:00;0,4808
2026-09-29 16:00;0,3293
2026-09-29 17:00;0,5677
2026-09-29 18:00;0,6924
2026-09-29 19:00;0,2588
2026-09-29 20:00;0,3664
2026-09-29 21:00;0,6378
2026-09-29 22:00;0,5364
2026-09-29 23:00;0,6848
2026-09-30 00:00;0,1271
2026-09-30 01:00;0,0851
2026-09-30 02:00;0,0647
2026-09-30 03:00;0,0000
2026-09-30 04:00;0,1240
2026-09-30 05:00;0,0561
2026-09-30 06:00;0,0763
2026-09-30 07:00;0,0000
2026-09-30 08:00;0,0000
2026-09-30 09:00;0,0649
2026-09-30 10:00;0,0769
2026-09-30 11:00;0,8178
2026-09-30 12:00;0,8254
2026-09-30 13:00;0,1068
2026-09-30 14:00;0,7356
2026-09-30 15:00;0,7819
2026-09-30 16:00;0,0679
2026-09-30 17:00;0,6963
2026-09-30 18:00;0,7597
2026-09-30 19:00;0,1332
2026-09-30 20:00;0,0000
2026-09-30 21:00;0,3762
2026-09-30 22:00;0,6984
2026-09-30 23:00;0,0858
2026-10-01 00:00;0,0843
2026-10-01 01:00;0,0832
2026-10-01 02:00;0,3186
2026-10-01 03:00;0,3085
2026-10-01 04:00;0,1966
2026-10-01 05:00;0,0828
2026-10-01 06:00;0,3931
2026-10-01 07:00;0,3250
2026-10-01 08:00;0,5757
2026-10-01 09:00;0,5082
2026-10-01 10:00;0,3191
2026-10-01 11:00;0,2758
2026-10-01 12:00;0,8346
2026-10-01 13:00;0,4163
2026-10-01 14:00;0,3819
2026-10-01 15:00;0,2793
2026-10-01 16:00;0,3757
2026-10-01 17:00;0,6029
2026-10-01 18:00;0,6601
2026-10-01 19:00;0,2205
2026-10-01 20:00;0,2757
2026-10-01 21:00;0,2758
2026-10-01 22:00;0,4068
2026-10-01 23:00;0,8305
2026-10-02 00:00;0,5956
2026-10-02 01:00;0,1483
2026-10-02 02:00;0,0615
2026-10-02 03:00;0,0582
2026-10-02 04:00;0,3343
2026-10-02 05:00;0,6723
2026-10-02 06:00;0,7629
2026-10-02 07:00;0,4584
2026-10-02 08:00;0,1529
2026-10-02 09:00;0,1527
2026-10-02 10:00;0,1561
2026-10-02 11:00;0,2134
2026-10-02 12:00;0,2721
2026-10-02 13:00;0,3649
2026-10-02 14:00;0,5682
2026-10-02 15:00;0,6917
2026-10-02 16:00;0,4114
2026-10-02 17:00;0,6014
2026-10-02 18:00;0,1185
2026-10-02 19:00;0,2501
2026-10-02 20:00;0,3678
2026-10-02 21:00;0,4517
2026-10-02 22:00;0,0456
2026-10-02 23:00;0,1123
2026-10-03 00:00;0,0484
2026-10-03 01:00;0,0480
2026-10-03 02:00;0,0463
2026-10-03 03:00;0,0835
2026-10-03 04:00;0,1301
2026-10-03 05:00;0,6980
2026-10-03 06:00;0,4728
2026-10-03 07:00;0,3645
2026-10-03 08:00;0,2865
2026-10-03 09:00;0,5305
2026-10-03 10:00;0,4198
2026-10-03 11:00;0,2821
2026-10-03 12:00;0,1233
2026-10-03 13:00;0,6359
2026-10-03 14:00;0,3254
2026-10-03 15:00;0,5563
2026-10-03 16:00;0,6405
2026-10-03 17:00;0,7261
2026-10-03 18:00;0,5478
2026-10-03 19:00;0,3111
2026-10-03 20:00;0,2290
2026-10-03 21:00;0,0926
2026-10-03 22:00;0,3639
2026-10-03 23:00;0,2332
2026-10-04 00:00;0,3444
2026-10-04 01:00;0,4140
2026-10-04 02:00;0,4527
2026-10-04 03:00;0,1062
2026-10-04 04:00;0,0844
2026-10-04 05:00;0,0363
2026-10-04 06:00;0,0344
2026-10-04 07:00;0,1963
2026-10-04 08:00;0,2695
2026-10-04 09:00;0,0322
2026-10-04 10:00;0,0743
2026-10-04 11:00;0,1231
2026-10-04 12:00;0,1154
2026-10-04 13:00;0,3496
2026-10-04 14:00;0,3881
2026-10-04 15:00;0,1062
2026-10-04 16:00;0,1821
2026-10-04 17:00;0,7518
2026-10-04 18:00;0,7277
2026-10-04 19:00;0,4146
2026-10-04 20:00;0,8572
2026-10-04 21:00;0,7464
2026-10-04 22:00;0,7269
2026-10-04 23:00;0,7291
2026-10-05 00:00;0,1960
2026-10-05 01:00;0,1122
2026-10-05 02:00;0,0287
2026-10-05 03:00;0,0332
2026-10-05 04:00;0,1263
2026-10-05 05:00;0,2866
2026-10-05 06:00;0,4576
2026-10-05 07:00;0,9508
2026-10-05 08:00;0,3117
2026-10-05 09:00;0,3348
2026-10-05 10:00;0,1310
2026-10-05 11:00;0,8620
2026-10-05 12:00;0,8159
2026-10-05 13:00;0,1199
2026-10-05 14:00;0,4085
2026-10-05 15:00;0,7626
2026-10-05 16:00;0,7651
2026-10-05 17:00;0,9176
2026-10-05 18:00;0,8494
2026-10-05 19:00;0,1173
2026-10-05 20:00;0,6819
2026-10-05 21:00;0,8211
2026-10-05 22:00;0,2545
2026-10-05 23:00;0,6491
2026-10-06 00:00;0,0347
2026-10-06 01:00;0,1744
2026-10-06 02:00;0,4032
2026-10-06 03:00;0,5240
2026-10-06 04:00;0,2830
2026-10-06 05:00;0,5237
2026-10-06 06:00;0,5901
2026-10-06 07:00;0,1683
2026-10-06 08:00;0,2430
2026-10-06 09:00;0,5951
2026-10-06 10:00;0,3181
2026-10-06 11:00;0,8195
2026-10-06 12:00;0,8265
2026-10-06 13:00;0,2930
2026-10-06 14:00;0,3628
2026-10-06 15:00;0,0278
2026-10-06 16:00;0,1124
2026-10-06 17:00;0,2431
2026-10-06 18:00;0,1112
2026-10-06 19:00;0,5055
2026-10-06 20:00;0,5565
2026-10-06 21:00;0,0324
2026-10-06 22:00;0,4645
2026-10-06 23:00;0,4508
2026-10-07 00:00;0,1114
2026-10-07 01:00;0,1399
2026-10-07 02:00;0,2185
2026-10-07 03:00;0,3812
2026-10-07 04:00;0,6522
2026-10-07 05:00;0,2388
2026-10-07 06:00;0,6361
2026-10-07 07:00;0,6355
2026-10-07 08:00;0,0303
2026-10-07 09:00;0,2373
2026-10-07 10:00;0,5951
2026-10-07 11:00;0,8126
2026-10-07 12:00;0,7417
2026-10-07 13:00;0,6631
2026-10-07 14:00;0,7562
2026-10-07 15:00;0,0156
2026-10-07 16:00;0,8230
2026-10-07 17:00;0,6224
2026-10-07 18:00;0,2718
2026-10-07 19:00;0,0137
2026-10-07 20:00;0,0216
2026-10-07 21:00;0,0270
2026-10-07 22:00;0,2533
2026-10-07 23:00;0,3566
2026-10-08 00:00;0,1168
2026-10-08 01:00;0,2444
2026-10-08 02:00;0,4183
2026-10-08 03:00;0,2350
2026-10-08 04:00;0,3798
2026-10-08 05:00;0,4047
2026-10-08 06:00;0,3537
2026-10-08 07:00;0,2571
2026-10-08 08:00;0,1202
2026-10-08 09:00;0,2936
2026-10-08 10:00;0,1986
2026-10-08 11:00;0,1169
2026-10-08 12:00;0,0354
2026-10-08 13:00;0,0367
2026-10-08 14:00;0,0316
2026-10-08 15:00;0,4094
2026-10-08 16:00;0,2987
2026-10-08 17:00;0,8826
2026-10-08 18:00;0,7908
2026-10-08 19:00;0,7341
2026-10-08 20:00;0,7470
2026-10-08 21:00;0,8015
2026-10-08 22:00;0,6047
2026-10-08 23:00;0,3931
2026-10-09 00:00;0,2442
2026-10-09 01:00;0,3900
2026-10-09 02:00;0,3866
2026-10-09 03:00;0,0649
2026-10-09 04:00;0,3410
2026-10-09 05:00;0,5120
2026-10-09 06:00;0,1369
2026-10-09 07:00;0,3470
2026-10-09 08:00;0,5176
2026-10-09 09:00;0,4305
2026-10-09 10:00;0,3849
2026-10-09 11:00;0,1265
2026-10-09 12:00;0,4240
2026-10-09 13:00;0,3461
2026-10-09 14:00;0,7019
2026-10-09 15:00;0,8652
2026-10-09 16:00;0,2733
2026-10-09 17:00;0,7945
2026-10-09 18:00;0,7319
2026-10-09 19:00;0,4977
2026-10-09 20:00;0,2395
2026-10-09 21:00;0,1231
2026-10-09 22:00;0,0856
2026-10-09 23:00;0,0514
2026-10-10 00:00;0,5936
2026-10-10 01:00;0,1116
2026-10-10 02:00;0,4250
2026-10-10 03:00;0,2141
2026-10-10 04:00;0,0153
2026-10-10 05:00;0,0349
2026-10-10 06:00;0,0309
2026-10-10 07:00;0,2399
2026-10-10 08:00;0,5897
2026-10-10 09:00;0,2693
2026-10-10 10:00;0,2938
2026-10-10 11:00;0,3921
2026-10-10 12:00;0,6905
2026-10-10 13:00;0,2221
2026-10-10 14:00;0,6458
2026-10-10 15:00;0,5226
2026-10-10 16:00;0,1409
2026-10-10 17:00;0,5369
2026-10-10 18:00;0,2246
2026-10-10 19:00;0,1785
2026-10-10 20:00;0,1013
2026-10-10 21:00;0,2341
2026-10-10 22:00;0,4138
2026-10-10 23:00;0,3960
2026-10-11 00:00;0,4381
2026-10-11 01:00;0,2914
2026-10-11 02:00;0,0999
2026-10-11 03:00;0,1058
2026-10-11 04:00;0,1652
2026-10-11 05:00;0,1766
2026-10-11 06:00;0,2000
2026-10-11 07:00;0,1647
2026-10-11 08:00;0,1181
2026-10-11 09:00;0,2081
2026-10-11 10:00;0,2161
2026-10-11 11:00;0,7754
2026-10-11 12:00;0,8687
2026-10-11 13:00;0,4494
2026-10-11 14:00;0,6104
2026-10-11 15:00;0,6572
2026-10-11 16:00;0,4974
2026-10-11 17:00;0,4765
2026-10-11 18:00;0,5042
2026-10-11 19:00;0,4530
2026-10-11 20:00;0,2369
2026-10-11 21:00;0,3637
2026-10-11 22:00;0,2303
2026-10-11 23:00;0,1613
2026-10-12 00:00;0,3447
2026-10-12 01:00;0,2778
2026-10-12 02:00;0,0337
2026-10-12 03:00;0,0301
2026-10-12 04:00;0,0286
2026-10-12 05:00;0,1102
2026-10-12 06:00;0,1212
2026-10-12 07:00;0,5557
2026-10-12 08:00;0,8517
2026-10-12 09:00;0,9101
2026-10-12 10:00;0,6613
2026-10-12 11:00;0,7745
2026-10-12 12:00;0,7058
2026-10-12 13:00;0,3313
2026-10-12 14:00;0,6836
2026-10-12 15:00;0,7257
2026-10-12 16:00;0,2777
2026-10-12 17:00;0,6817
2026-10-12 18:00;0,2723
2026-10-12 19:00;0,8004
2026-10-12 20:00;0,3577
2026-10-12 21:00;0,0365
2026-10-12 22:00;0,3346
2026-10-12 23:00;0,2570
2026-10-13 00:00;0,0344
2026-10-13 01:00;0,2087
2026-10-13 02:00;0,1149
2026-10-13 03:00;0,0337
2026-10-13 04:00;0,0764
2026-10-13 05:00;0,1126
2026-10-13 06:00;0,0348
2026-10-13 07:00;0,1714
2026-10-13 08:00;0,5744
2026-10-13 09:00;0,6441
2026-10-13 10:00;0,3308
2026-10-13 11:00;0,4190
2026-10-13 12:00;0,0306
2026-10-13 13:00;0,2907
2026-10-13 14:00;0,4587
2026-10-13 15:00;0,8045
2026-10-13 16:00;0,5601
2026-10-13 17:00;0,7482
2026-10-13 18:00;0,8046
2026-10-13 19:00;0,5647
2026-10-13 20:00;0,5018
2026-10-13 21:00;0,3343
2026-10-13 22:00;0,3886
2026-10-13 23:00;0,0287
2026-10-14 00:00;0,1635
2026-10-14 01:00;0,0744
2026-10-14 02:00;0,0303
2026-10-14 03:00;0,0277
2026-10-14 04:00;0,0293
2026-10-14 05:00;0,0983
2026-10-14 06:00;0,0903
2026-10-14 07:00;0,0624
2026-10-14 08:00;0,2496
2026-10-14 09:00;0,3917
2026-10-14 10:00;0,0792
2026-10-14 11:00;0,8260
2026-10-14 12:00;0,6470
2026-10-14 13:00;0,0358
2026-10-14 14:00;0,7460
2026-10-14 15:00;0,6853
2026-10-14 16:00;0,7260
2026-10-14 17:00;0,7848
2026-10-14 18:00;0,7814
2026-10-14 19:00;0,2923
2026-10-14 20:00;0,5215
2026-10-14 21:00;0,1334
2026-10-14 22:00;0,0342
2026-10-14 23:00;0,0330
2026-10-15 00:00;0,6827
2026-10-15 01:00;0,8139
2026-10-15 02:00;0,7143
2026-10-15 03:00;0,6961
2026-10-15 04:00;0,1061
2026-10-15 05:00;0,3482
2026-10-15 06:00;0,6388
2026-10-15 07:00;0,4325
2026-10-15 08:00;0,5516
2026-10-15 09:00;0,5107
2026-10-15 10:00;0,1097
2026-10-15 11:00;0,0348
2026-10-15 12:00;0,0333
2026-10-15 13:00;0,1188
2026-10-15 14:00;0,1075
2026-10-15 15:00;0,1047
2026-10-15 16:00;0,3487
2026-10-15 17:00;0,6269
2026-10-15 18:00;0,7274
2026-10-15 19:00;0,5749
2026-10-15 20:00;0,6762
2026-10-15 21:00;0,7732
2026-10-15 22:00;0,0987
2026-10-15 23:00;0,2301
2026-10-16 00:00;0,0696
2026-10-16 01:00;0,1055
2026-10-16 02:00;0,1157
2026-10-16 03:00;0,1136
2026-10-16 04:00;0,1242
2026-10-16 05:00;0,0377
2026-10-16 06:00;0,0371
2026-10-16 07:00;0,4661
2026-10-16 08:00;0,5228
2026-10-16 09:00;0,6036
2026-10-16 10:00;0,2793
2026-10-16 11:00;0,2577
2026-10-16 12:00;0,1214
2026-10-16 13:00;0,8013
2026-10-16 14:00;0,6360
2026-10-16 15:00;0,7197
2026-10-16 16:00;0,6652
2026-10-16 17:00;0,6995
2026-10-16 18:00;0,7451
2026-10-16 19:00;0,5144
2026-10-16 20:00;0,6330
2026-10-16 21:00;0,5696
2026-10-16 22:00;0,1032
2026-10-16 23:00;0,0294
2026-10-17 00:00;0,0348
2026-10-17 01:00;0,1303
2026-10-17 02:00;0,1182
2026-10-17 03:00;0,2469
2026-10-17 04:00;0,3685
2026-10-17 05:00;0,7289
2026-10-17 06:00;0,7018
2026-10-17 07:00;0,5020
2026-10-17 08:00;0,2228
2026-10-17 09:00;0,6487
2026-10-17 10:00;0,3078
2026-10-17 11:00;0,1838
2026-10-17 12:00;0,2201
2026-10-17 13:00;0,1010
2026-10-17 14:00;0,2326
2026-10-17 15:00;0,6387
2026-10-17 16:00;0,6529
2026-10-17 17:00;0,6386
2026-10-17 18:00;0,7043
2026-10-17 19:00;0,0965
2026-10-17 20:00;0,2528
2026-10-17 21:00;0,6807
2026-10-17 22:00;0,2605
2026-10-17 23:00;0,1136
2026-10-18 00:00;0,5629
2026-10-18 01:00;0,4316
2026-10-18 02:00;0,4050
2026-10-18 03:00;0,3716
2026-10-18 04:00;0,3665
2026-10-18 05:00;0,7505
2026-10-18 06:00;0,4177
2026-10-18 07:00;0,2908
2026-10-18 08:00;0,8227
2026-10-18 09:00;0,6875
2026-10-18 10:00;0,7487
2026-10-18 11:00;0,7743
2026-10-18 12:00;0,7040
2026-10-18 13:00;0,1658
2026-10-18 14:00;0,6244
2026-10-18 15:00;0,3811
2026-10-18 16:00;0,2408
2026-10-18 17:00;0,2305
2026-10-18 18:00;0,2538
2026-10-18 19:00;0,0303
2026-10-18 20:00;0,0332
2026-10-18 21:00;0,1031
2026-10-18 22:00;0,1123
2026-10-18 23:00;0,2435
2026-10-19 00:00;0,1035
2026-10-19 01:00;0,2095
2026-10-19 02:00;0,3790
2026-10-19 03:00;0,2683
2026-10-19 04:00;0,4177
2026-10-19 05:00;0,4482
2026-10-19 06:00;0,4772
2026-10-19 07:00;0,3225
2026-10-19 08:00;0,1423
2026-10-19 09:00;0,3025
2026-10-19 10:00;0,2032
2026-10-19 11:00;0,1188
2026-10-19 12:00;0,0360
2026-10-19 13:00;0,0320
2026-10-19 14:00;0,0298
2026-10-19 15:00;0,3680
2026-10-19 16:00;0,2514
2026-10-19 17:00;0,6773
2026-10-19 18:00;0,7176
2026-10-19 19:00;0,6906
2026-10-19 20:00;0,7160
2026-10-19 21:00;0,7010
2026-10-19 22:00;0,5780
2026-10-19 23:00;0,3289
2026-10-20 00:00;0,1004
2026-10-20 01:00;0,4769
2026-10-20 02:00;0,7080
2026-10-20 03:00;0,1081
2026-10-20 04:00;0,0715
2026-10-20 05:00;0,0292
2026-10-20 06:00;0,6692
2026-10-20 07:00;0,4598
2026-10-20 08:00;0,6426
2026-10-20 09:00;0,1142
2026-10-20 10:00;0,0769
2026-10-20 11:00;0,0356
2026-10-20 12:00;0,2565
2026-10-20 13:00;0,4868
2026-10-20 14:00;0,8551
2026-10-20 15:00;0,8347
2026-10-20 16:00;0,5541
2026-10-20 17:00;0,0333
2026-10-20 18:00;0,5886
2026-10-20 19:00;0,6397
2026-10-20 20:00;0,2688
2026-10-20 21:00;0,1113
2026-10-20 22:00;0,4801
2026-10-20 23:00;0,6537
2026-10-21 00:00;0,2608
2026-10-21 01:00;0,4035
2026-10-21 02:00;0,2538
2026-10-21 03:00;0,1203
2026-10-21 04:00;0,1252
2026-10-21 05:00;0,6620
2026-10-21 06:00;0,4002
2026-10-21 07:00;0,6405
2026-10-21 08:00;0,5696
2026-10-21 09:00;0,1140
2026-10-21 10:00;0,3720
2026-10-21 11:00;0,7848
2026-10-21 12:00;0,7479
2026-10-21 13:00;0,1202
2026-10-21 14:00;0,8759
2026-10-21 15:00;0,8125
2026-10-21 16:00;0,1125
2026-10-21 17:00;0,7764
2026-10-21 18:00;0,8238
2026-10-21 19:00;0,1276
2026-10-21 20:00;0,7745
2026-10-21 21:00;0,7437
2026-10-21 22:00;0,1084
2026-10-21 23:00;0,1206
2026-10-22 00:00;0,7218
2026-10-22 01:00;0,6069
2026-10-22 02:00;0,6232
2026-10-22 03:00;0,7077
2026-10-22 04:00;0,5751
2026-10-22 05:00;0,7313
2026-10-22 06:00;0,0872
2026-10-22 07:00;0,2576
2026-10-22 08:00;0,6870
2026-10-22 09:00;0,6609
2026-10-22 10:00;0,3774
2026-10-22 11:00;0,1965
2026-10-22 12:00;0,0279
2026-10-22 13:00;0,0642
2026-10-22 14:00;0,0975
2026-10-22 15:00;0,2031
2026-10-22 16:00;0,2956
2026-10-22 17:00;0,4905
2026-10-22 18:00;0,1990
2026-10-22 19:00;0,0942
2026-10-22 20:00;0,5544
2026-10-22 21:00;0,6478
2026-10-22 22:00;0,1051
2026-10-22 23:00;0,0337
2026-10-23 00:00;0,1080
2026-10-23 01:00;0,1214
2026-10-23 02:00;0,1078
2026-10-23 03:00;0,1144
2026-10-23 04:00;0,2565
2026-10-23 05:00;0,4077
2026-10-23 06:00;0,3970
2026-10-23 07:00;0,3358
2026-10-23 08:00;0,1261
2026-10-23 09:00;0,1310
2026-10-23 10:00;0,0598
2026-10-23 11:00;0,3666
2026-10-23 12:00;0,6937
2026-10-23 13:00;0,2871
2026-10-23 14:00;0,6911
2026-10-23 15:00;0,5784
2026-10-23 16:00;0,0132
2026-10-23 17:00;0,5019
2026-10-23 18:00;0,4242
2026-10-23 19:00;0,5809
2026-10-23 20:00;0,6601
2026-10-23 21:00;0,4901
2026-10-23 22:00;0,2379
2026-10-23 23:00;0,6860
2026-10-24 00:00;0,0292
2026-10-24 01:00;0,1507
2026-10-24 02:00;0,1011
2026-10-24 03:00;0,0290
2026-10-24 04:00;0,0669
2026-10-24 05:00;0,1127
2026-10-24 06:00;0,0296
2026-10-24 07:00;0,1686
2026-10-24 08:00;0,5618
2026-10-24 09:00;0,5909
2026-10-24 10:00;0,3153
2026-10-24 11:00;0,3864
2026-10-24 12:00;0,0288
2026-10-24 13:00;0,2879
2026-10-24 14:00;0,4633
2026-10-24 15:00;0,7004
2026-10-24 16:00;0,4350
2026-10-24 17:00;0,6464
2026-10-24 18:00;0,6446
2026-10-24 19:00;0,3847
2026-10-24 20:00;0,4082
2026-10-24 21:00;0,2836
2026-10-24 22:00;0,2957
2026-10-24 23:00;0,0255
2026-10-25 00:00;0,2286
2026-10-25 01:00;0,1519
2026-10-25 02:00;0,7285
2026-10-25 03:00;0,4742
2026-10-25 04:00;0,5899
2026-10-25 05:00;0,4230
2026-10-25 06:00;0,0639
2026-10-25 07:00;0,0574
2026-10-25 08:00;0,0626
2026-10-25 09:00;0,0599
2026-10-25 10:00;0,3290
2026-10-25 11:00;0,9168
2026-10-25 12:00;0,7368
2026-10-25 13:00;0,4761
2026-10-25 14:00;0,3000
2026-10-25 15:00;0,0662
2026-10-25 16:00;0,3718
2026-10-25 17:00;0,4066
2026-10-25 18:00;0,2595
2026-10-25 19:00;0,2491
2026-10-25 20:00;0,2742
2026-10-25 21:00;0,2770
2026-10-25 22:00;0,5251
2026-10-25 23:00;0,4021
2026-10-26 00:00;0,3264
2026-10-26 01:00;0,2558
2026-10-26 02:00;0,2988
2026-10-26 03:00;0,2993
2026-10-26 04:00;0,2690
2026-10-26 05:00;0,4445
2026-10-26 06:00;0,7369
2026-10-26 07:00;0,3446
2026-10-26 08:00;0,6159
2026-10-26 09:00;0,7419
2026-10-26 10:00;0,1168
2026-10-26 11:00;0,8359
2026-10-26 12:00;0,7846
2026-10-26 13:00;0,7317
2026-10-26 14:00;0,8222
2026-10-26 15:00;0,8537
2026-10-26 16:00;0,4449
2026-10-26 17:00;0,0173
2026-10-26 18:00;0,0165
2026-10-26 19:00;0,1579
2026-10-26 20:00;0,1182
2026-10-26 21:00;0,0160
2026-10-26 22:00;0,3214
2026-10-26 23:00;0,0147
2026-10-27 00:00;0,0303
2026-10-27 01:00;0,0333
2026-10-27 02:00;0,0350
2026-10-27 03:00;0,0738
2026-10-27 04:00;0,1215
2026-10-27 05:00;0,4656
2026-10-27 06:00;0,4482
2026-10-27 07:00;0,3161
2026-10-27 08:00;0,3980
2026-10-27 09:00;0,5083
2026-10-27 10:00;0,5246
2026-10-27 11:00;0,8178
2026-10-27 12:00;0,8605
2026-10-27 13:00;0,4479
2026-10-27 14:00;0,8776
2026-10-27 15:00;0,7864
2026-10-27 16:00;0,6460
2026-10-27 17:00;0,7700
2026-10-27 18:00;0,7896
2026-10-27 19:00;0,1038
2026-10-27 20:00;0,0282
2026-10-27 21:00;0,0744
2026-10-27 22:00;0,1287
2026-10-27 23:00;0,0261
2026-10-28 00:00;0,1340
2026-10-28 01:00;0,0268
2026-10-28 02:00;0,4862
2026-10-28 03:00;0,4510
2026-10-28 04:00;0,0408
2026-10-28 05:00;0,0425
2026-10-28 06:00;0,4670
2026-10-28 07:00;0,7671
2026-10-28 08:00;0,1136
2026-10-28 09:00;0,2405
2026-10-28 10:00;0,2855
2026-10-28 11:00;0,1229
2026-10-28 12:00;0,8394
2026-10-28 13:00;0,4333
2026-10-28 14:00;0,2805
2026-10-28 15:00;0,2685
2026-10-28 16:00;0,3471
2026-10-28 17:00;0,7568
2026-10-28 18:00;0,8573
2026-10-28 19:00;0,3796
2026-10-28 20:00;0,8396
2026-10-28 21:00;0,2649
2026-10-28 22:00;0,1589
2026-10-28 23:00;0,0380
2026-10-29 00:00;0,7626
2026-10-29 01:00;0,1352
2026-10-29 02:00;0,5842
2026-10-29 03:00;0,4756
2026-10-29 04:00;0,8351
2026-10-29 05:00;0,2719
2026-10-29 06:00;0,0447
2026-10-29 07:00;0,0827
2026-10-29 08:00;0,1176
2026-10-29 09:00;0,5196
2026-10-29 10:00;0,3221
2026-10-29 11:00;0,0831
2026-10-29 12:00;0,4027
2026-10-29 13:00;0,6171
2026-10-29 14:00;0,0341
2026-10-29 15:00;0,2156
2026-10-29 16:00;0,5882
2026-10-29 17:00;0,6163
2026-10-29 18:00;0,6227
2026-10-29 19:00;0,0879
2026-10-29 20:00;0,0795
2026-10-29 21:00;0,0675
2026-10-29 22:00;0,0649
2026-10-29 23:00;0,0558
2026-10-30 00:00;0,3336
2026-10-30 01:00;0,0710
2026-10-30 02:00;0,4219
2026-10-30 03:00;0,3598
2026-10-30 04:00;0,0759
2026-10-30 05:00;0,2344
2026-10-30 06:00;0,2398
2026-10-30 07:00;0,3856
2026-10-30 08:00;0,3224
2026-10-30 09:00;0,0451
2026-10-30 10:00;0,0386
2026-10-30 11:00;0,0333
2026-10-30 12:00;0,1666
2026-10-30 13:00;0,2535
2026-10-30 14:00;0,0383
2026-10-30 15:00;0,3476
2026-10-30 16:00;0,2730
2026-10-30 17:00;0,7195
2026-10-30 18:00;0,7816
2026-10-30 19:00;0,6332
2026-10-30 20:00;0,7050
2026-10-30 21:00;0,6747
2026-10-30 22:00;0,5361
2026-10-30 23:00;0,7545
2026-10-31 00:00;0,0554
2026-10-31 01:00;0,0503
2026-10-31 02:00;0,0408
2026-10-31 03:00;0,0327
2026-10-31 04:00;0,0543
2026-10-31 05:00;0,0209
2026-10-31 06:00;0,0289
2026-10-31 07:00;0,0447
2026-10-31 08:00;0,6469
2026-10-31 09:00;0,6886
2026-10-31 10:00;0,3783
2026-10-31 11:00;0,8574
2026-10-31 12:00;0,8930
2026-10-31 13:00;0,2925
2026-10-31 14:00;0,7402
2026-10-31 15:00;0,7525
2026-10-31 16:00;0,3325
2026-10-31 17:00;0,8180
2026-10-31 18:00;0,6264
2026-10-31 19:00;0,3109
2026-10-31 20:00;0,3839
2026-10-31 21:00;0,4519
2026-10-31 22:00;0,2094
2026-10-31 23:00;0,3677
2026-11-01 00:00;0,3657
2026-11-01 01:00;0,4657
2026-11-01 02:00;0,7434
2026-11-01 03:00;0,3697
2026-11-01 04:00;0,6281
2026-11-01 05:00;0,6497
2026-11-01 06:00;0,6093
2026-11-01 07:00;0,2378
2026-11-01 08:00;0,2239
2026-11-01 09:00;0,2126
2026-11-01 10:00;0,4308
2026-11-01 11:00;0,2907
2026-11-01 12:00;0,1347
2026-11-01 13:00;0,2062
2026-11-01 14:00;0,5746
2026-11-01 15:00;0,6572
2026-11-01 16:00;0,8219
2026-11-01 17:00;0,3286
2026-11-01 18:00;0,7751
2026-11-01 19:00;0,3995
2026-11-01 20:00;0,5584
2026-11-01 21:00;0,1771
2026-11-01 22:00;0,4164
2026-11-01 23:00;0,3040
2026-11-02 00:00;0,8875
2026-11-02 01:00;0,7820
2026-11-02 02:00;0,8302
2026-11-02 03:00;0,9140
2026-11-02 04:00;0,8691
2026-11-02 05:00;0,1475
2026-11-02 06:00;0,1344
2026-11-02 07:00;0,1364
2026-11-02 08:00;0,4143
2026-11-02 09:00;0,7436
2026-11-02 10:00;0,6145
2026-11-02 11:00;0,7096
2026-11-02 12:00;0,7948
2026-11-02 13:00;0,3717
2026-11-02 14:00;0,7586
2026-11-02 15:00;0,8164
2026-11-02 16:00;0,1332
2026-11-02 17:00;0,1263
2026-11-02 18:00;0,1379
2026-11-02 19:00;0,1456
2026-11-02 20:00;0,1349
2026-11-02 21:00;0,2179
2026-11-02 22:00;0,2958
2026-11-02 23:00;0,1755
2026-11-03 00:00;0,1222
2026-11-03 01:00;0,2638
2026-11-03 02:00;0,4012
2026-11-03 03:00;0,1346
2026-11-03 04:00;0,3297
2026-11-03 05:00;0,4097
2026-11-03 06:00;0,3788
2026-11-03 07:00;0,6109
2026-11-03 08:00;0,1194
2026-11-03 09:00;0,3443
2026-11-03 10:00;0,4884
2026-11-03 11:00;0,3610
2026-11-03 12:00;0,7245
2026-11-03 13:00;0,2025
2026-11-03 14:00;0,5897
2026-11-03 15:00;0,5497
2026-11-03 16:00;0,2157
2026-11-03 17:00;0,6071
2026-11-03 18:00;0,3137
2026-11-03 19:00;0,3032
2026-11-03 20:00;0,0934
2026-11-03 21:00;0,3472
2026-11-03 22:00;0,4213
2026-11-03 23:00;0,4003
2026-11-04 00:00;0,0350
2026-11-04 01:00;0,1131
2026-11-04 02:00;0,1086
2026-11-04 03:00;0,1209
2026-11-04 04:00;0,6431
2026-11-04 05:00;0,6897
2026-11-04 06:00;0,6819
2026-11-04 07:00;0,3178
2026-11-04 08:00;0,4233
2026-11-04 09:00;0,2675
2026-11-04 10:00;0,6903
2026-11-04 11:00;0,7736
2026-11-04 12:00;0,1044
2026-11-04 13:00;0,0814
2026-11-04 14:00;0,2339
2026-11-04 15:00;0,1055
2026-11-04 16:00;0,6505
2026-11-04 17:00;0,6403
2026-11-04 18:00;0,6438
2026-11-04 19:00;0,0980
2026-11-04 20:00;0,2486
2026-11-04 21:00;0,5687
2026-11-04 22:00;0,2174
2026-11-04 23:00;0,0882
2026-11-05 00:00;0,0292
2026-11-05 01:00;0,0265
2026-11-05 02:00;0,3036
2026-11-05 03:00;0,5274
2026-11-05 04:00;0,4058
2026-11-05 05:00;0,3982
2026-11-05 06:00;0,4567
2026-11-05 07:00;0,5248
2026-11-05 08:00;0,0313
2026-11-05 09:00;0,0315
2026-11-05 10:00;0,5480
2026-11-05 11:00;0,4772
2026-11-05 12:00;0,5457
2026-11-05 13:00;0,3781
2026-11-05 14:00;0,5102
2026-11-05 15:00;0,5310
2026-11-05 16:00;0,5353
2026-11-05 17:00;0,5520
2026-11-05 18:00;0,0348
2026-11-05 19:00;0,0305
2026-11-05 20:00;0,1979
2026-11-05 21:00;0,3750
2026-11-05 22:00;0,3959
2026-11-05 23:00;0,4154
2026-11-06 00:00;0,4040
2026-11-06 01:00;0,4643
2026-11-06 02:00;0,4592
2026-11-06 03:00;0,6650
2026-11-06 04:00;0,7308
2026-11-06 05:00;0,8139
2026-11-06 06:00;0,7517
2026-11-06 07:00;0,7590
2026-11-06 08:00;0,0862
2026-11-06 09:00;0,7609
2026-11-06 10:00;0,7092
2026-11-06 11:00;0,2843
2026-11-06 12:00;0,5549
2026-11-06 13:00;0,6320
2026-11-06 14:00;0,4426
2026-11-06 15:00;0,0544
2026-11-06 16:00;0,2621
2026-11-06 17:00;0,4437
2026-11-06 18:00;0,1084
2026-11-06 19:00;0,0772
2026-11-06 20:00;0,0485
2026-11-06 21:00;0,0260
2026-11-06 22:00;0,0701
2026-11-06 23:00;0,1045
2026-11-07 00:00;0,7344
2026-11-07 01:00;0,4235
2026-11-07 02:00;0,3237
2026-11-07 03:00;0,0325
2026-11-07 04:00;0,0723
2026-11-07 05:00;0,1230
2026-11-07 06:00;0,4918
2026-11-07 07:00;0,6945
2026-11-07 08:00;0,7989
2026-11-07 09:00;0,8383
2026-11-07 10:00;0,5532
2026-11-07 11:00;0,7420
2026-11-07 12:00;0,7785
2026-11-07 13:00;0,3481
2026-11-07 14:00;0,6562
2026-11-07 15:00;0,3024
2026-11-07 16:00;0,4636
2026-11-07 17:00;0,5182
2026-11-07 18:00;0,1880
2026-11-07 19:00;0,2321
2026-11-07 20:00;0,0987
2026-11-07 21:00;0,3400
2026-11-07 22:00;0,3332
2026-11-07 23:00;0,0948
2026-11-08 00:00;0,1975
2026-11-08 01:00;0,1309
2026-11-08 02:00;0,6031
2026-11-08 03:00;0,7105
2026-11-08 04:00;0,5769
2026-11-08 05:00;0,9008
2026-11-08 06:00;0,8115
2026-11-08 07:00;0,9095
2026-11-08 08:00;0,1606
2026-11-08 09:00;0,1558
2026-11-08 10:00;0,1444
2026-11-08 11:00;0,0695
2026-11-08 12:00;0,0747
2026-11-08 13:00;0,1303
2026-11-08 14:00;0,1493
2026-11-08 15:00;0,1408
2026-11-08 16:00;0,1529
2026-11-08 17:00;0,2105
2026-11-08 18:00;0,3134
2026-11-08 19:00;0,1943
2026-11-08 20:00;0,7862
2026-11-08 21:00;0,8080
2026-11-08 22:00;0,2119
2026-11-08 23:00;0,7695
2026-11-09 00:00;0,4526
2026-11-09 01:00;0,3211
2026-11-09 02:00;0,1458
2026-11-09 03:00;0,2170
2026-11-09 04:00;0,2443
2026-11-09 05:00;0,7626
2026-11-09 06:00;0,8287
2026-11-09 07:00;0,7713
2026-11-09 08:00;0,4484
2026-11-09 09:00;0,1585
2026-11-09 10:00;0,1434
2026-11-09 11:00;0,1408
2026-11-09 12:00;0,1317
2026-11-09 13:00;0,1854
2026-11-09 14:00;0,1303
2026-11-09 15:00;0,1245
2026-11-09 16:00;0,1872
2026-11-09 17:00;0,6017
2026-11-09 18:00;0,4485
2026-11-09 19:00;0,4089
2026-11-09 20:00;0,3702
2026-11-09 21:00;0,4089
2026-11-09 22:00;0,0718
2026-11-09 23:00;0,3655
2026-11-10 00:00;0,7532
2026-11-10 01:00;0,6413
2026-11-10 02:00;0,7419
2026-11-10 03:00;0,6582
2026-11-10 04:00;0,5750
2026-11-10 05:00;0,4371
2026-11-10 06:00;0,5571
2026-11-10 07:00;0,3148
2026-11-10 08:00;0,5277
2026-11-10 09:00;0,5653
2026-11-10 10:00;0,0926
2026-11-10 11:00;0,1626
2026-11-10 12:00;0,2180
2026-11-10 13:00;0,1596
2026-11-10 14:00;0,1192
2026-11-10 15:00;0,7337
2026-11-10 16:00;0,7109
2026-11-10 17:00;0,6617
2026-11-10 18:00;0,3139
2026-11-10 19:00;0,0140
2026-11-10 20:00;0,0307
2026-11-10 21:00;0,1074
2026-11-10 22:00;0,1011
2026-11-10 23:00;0,0276
2026-11-11 00:00;0,2349
2026-11-11 01:00;0,2414
2026-11-11 02:00;0,3326
2026-11-11 03:00;0,3230
2026-11-11 04:00;0,3303
2026-11-11 05:00;0,1010
2026-11-11 06:00;0,0929
2026-11-11 07:00;0,0698
2026-11-11 08:00;0,2859
2026-11-11 09:00;0,2308
2026-11-11 10:00;0,4741
2026-11-11 11:00;0,7026
2026-11-11 12:00;0,6868
2026-11-11 13:00;0,6077
2026-11-11 14:00;0,1011
2026-11-11 15:00;0,2436
2026-11-11 16:00;0,3956
2026-11-11 17:00;0,4654
2026-11-11 18:00;0,3660
2026-11-11 19:00;0,0293
2026-11-11 20:00;0,1770
2026-11-11 21:00;0,3279
2026-11-11 22:00;0,4629
2026-11-11 23:00;0,2267
2026-11-12 00:00;0,0323
2026-11-12 01:00;0,0647
2026-11-12 02:00;0,0971
2026-11-12 03:00;0,2425
2026-11-12 04:00;0,4238
2026-11-12 05:00;0,2187
2026-11-12 06:00;0,2259
2026-11-12 07:00;0,1631
2026-11-12 08:00;0,3116
2026-11-12 09:00;0,6546
2026-11-12 10:00;0,7153
2026-11-12 11:00;0,6539
2026-11-12 12:00;0,7583
2026-11-12 13:00;0,4097
2026-11-12 14:00;0,7857
2026-11-12 15:00;0,7017
2026-11-12 16:00;0,2656
2026-11-12 17:00;0,2815
2026-11-12 18:00;0,1060
2026-11-12 19:00;0,2341
2026-11-12 20:00;0,1591
2026-11-12 21:00;0,1064
2026-11-12 22:00;0,7070
2026-11-12 23:00;0,5644
2026-11-13 00:00;0,7077
2026-11-13 01:00;0,1000
2026-11-13 02:00;0,6910
2026-11-13 03:00;0,7613
2026-11-13 04:00;0,3924
2026-11-13 05:00;0,7635
2026-11-13 06:00;0,8227
2026-11-13 07:00;0,4282
2026-11-13 08:00;0,3661
2026-11-13 09:00;0,2312
2026-11-13 10:00;0,0850
2026-11-13 11:00;0,6331
2026-11-13 12:00;0,6062
2026-11-13 13:00;0,1008
2026-11-13 14:00;0,0638
2026-11-13 15:00;0,0288
2026-11-13 16:00;0,1145
2026-11-13 17:00;0,2347
2026-11-13 18:00;0,1182
2026-11-13 19:00;0,2564
2026-11-13 20:00;0,4632
2026-11-13 21:00;0,6514
2026-11-13 22:00;0,0705
2026-11-13 23:00;0,1003
2026-11-14 00:00;0,1182
2026-11-14 01:00;0,2049
2026-11-14 02:00;0,3967
2026-11-14 03:00;0,3689
2026-11-14 04:00;0,2323
2026-11-14 05:00;0,0976
2026-11-14 06:00;0,0480
2026-11-14 07:00;0,3270
2026-11-14 08:00;0,3816
2026-11-14 09:00;0,1009
2026-11-14 10:00;0,4625
2026-11-14 11:00;0,7232
2026-11-14 12:00;0,6466
2026-11-14 13:00;0,1738
2026-11-14 14:00;0,7524
2026-11-14 15:00;0,7998
2026-11-14 16:00;0,5416
2026-11-14 17:00;0,7081
2026-11-14 18:00;0,7508
2026-11-14 19:00;0,3413
2026-11-14 20:00;0,7150
2026-11-14 21:00;0,7198
2026-11-14 22:00;0,2544
2026-11-14 23:00;0,6836
2026-11-15 00:00;0,3834
2026-11-15 01:00;0,6363
2026-11-15 02:00;0,2366
2026-11-15 03:00;0,2671
2026-11-15 04:00;0,1165
2026-11-15 05:00;0,7534
2026-11-15 06:00;0,8000
2026-11-15 07:00;0,3109
2026-11-15 08:00;0,2786
2026-11-15 09:00;0,0370
2026-11-15 10:00;0,4747
2026-11-15 11:00;0,9511
2026-11-15 12:00;0,9245
2026-11-15 13:00;0,8541
2026-11-15 14:00;0,1162
2026-11-15 15:00;0,1007
2026-11-15 16:00;0,0980
2026-11-15 17:00;0,1832
2026-11-15 18:00;0,2549
2026-11-15 19:00;0,2375
2026-11-15 20:00;0,4287
2026-11-15 21:00;0,4471
2026-11-15 22:00;0,0338
2026-11-15 23:00;0,0353
2026-11-16 00:00;0,7003
2026-11-16 01:00;0,1197
2026-11-16 02:00;0,3534
2026-11-16 03:00;0,3241
2026-11-16 04:00;0,3119
2026-11-16 05:00;0,7200
2026-11-16 06:00;0,8221
2026-11-16 07:00;0,1124
2026-11-16 08:00;0,7837
2026-11-16 09:00;0,8582
2026-11-16 10:00;0,3793
2026-11-16 11:00;0,8100
2026-11-16 12:00;0,8032
2026-11-16 13:00;0,6214
2026-11-16 14:00;0,6746
2026-11-16 15:00;0,7826
2026-11-16 16:00;0,1181
2026-11-16 17:00;0,4887
2026-11-16 18:00;0,7161
2026-11-16 19:00;0,1594
2026-11-16 20:00;0,3243
2026-11-16 21:00;0,1240
2026-11-16 22:00;0,3251
2026-11-16 23:00;0,2393
2026-11-17 00:00;0,7165
2026-11-17 01:00;0,6844
2026-11-17 02:00;0,2824
2026-11-17 03:00;0,3008
2026-11-17 04:00;0,7916
2026-11-17 05:00;0,6992
2026-11-17 06:00;0,4350
2026-11-17 07:00;0,1281
2026-11-17 08:00;0,4401
2026-11-17 09:00;0,6689
2026-11-17 10:00;0,8492
2026-11-17 11:00;0,4570
2026-11-17 12:00;0,8824
2026-11-17 13:00;0,7899
2026-11-17 14:00;0,9329
2026-11-17 15:00;0,9688
2026-11-17 16:00;0,8223
2026-11-17 17:00;0,4368
2026-11-17 18:00;0,0345
2026-11-17 19:00;0,4568
2026-11-17 20:00;0,2934
2026-11-17 21:00;0,1959
2026-11-17 22:00;0,1158
2026-11-17 23:00;0,1158
2026-11-18 00:00;0,5843
2026-11-18 01:00;0,4386
2026-11-18 02:00;0,4182
2026-11-18 03:00;0,7876
2026-11-18 04:00;0,1710
2026-11-18 05:00;0,6336
2026-11-18 06:00;0,3504
2026-11-18 07:00;0,0256
2026-11-18 08:00;0,0182
2026-11-18 09:00;0,0109
2026-11-18 10:00;0,2842
2026-11-18 11:00;0,2984
2026-11-18 12:00;0,0729
2026-11-18 13:00;0,2506
2026-11-18 14:00;0,6667
2026-11-18 15:00;0,4202
2026-11-18 16:00;0,1248
2026-11-18 17:00;0,1115
2026-11-18 18:00;0,0807
2026-11-18 19:00;0,1357
2026-11-18 20:00;0,3852
2026-11-18 21:00;0,3584
2026-11-18 22:00;0,2200
2026-11-18 23:00;0,6800
2026-11-19 00:00;0,7299
2026-11-19 01:00;0,1908
2026-11-19 02:00;0,4024
2026-11-19 03:00;0,1219
2026-11-19 04:00;0,0750
2026-11-19 05:00;0,0294
2026-11-19 06:00;0,0979
2026-11-19 07:00;0,0796
2026-11-19 08:00;0,2692
2026-11-19 09:00;0,1041
2026-11-19 10:00;0,3808
2026-11-19 11:00;0,6823
2026-11-19 12:00;0,8844
2026-11-19 13:00;0,4407
2026-11-19 14:00;0,7726
2026-11-19 15:00;0,8305
2026-11-19 16:00;0,7778
2026-11-19 17:00;0,7566
2026-11-19 18:00;0,1211
2026-11-19 19:00;0,4161
2026-11-19 20:00;0,7606
2026-11-19 21:00;0,7885
2026-11-19 22:00;0,6991
2026-11-19 23:00;0,7055
2026-11-20 00:00;0,2190
2026-11-20 01:00;0,2392
2026-11-20 02:00;0,0311
2026-11-20 03:00;0,1088
2026-11-20 04:00;0,1113
2026-11-20 05:00;0,1010
2026-11-20 06:00;0,6516
2026-11-20 07:00;0,4287
2026-11-20 08:00;0,0302
2026-11-20 09:00;0,0281
2026-11-20 10:00;0,4665
2026-11-20 11:00;0,3606
2026-11-20 12:00;0,3776
2026-11-20 13:00;0,7558
2026-11-20 14:00;0,5602
2026-11-20 15:00;0,1175
2026-11-20 16:00;0,7307
2026-11-20 17:00;0,6740
2026-11-20 18:00;0,3402
2026-11-20 19:00;0,3370
2026-11-20 20:00;0,4883
2026-11-20 21:00;0,0323
2026-11-20 22:00;0,3605
2026-11-20 23:00;0,2668
2026-11-21 00:00;0,7687
2026-11-21 01:00;0,1040
2026-11-21 02:00;0,7694
2026-11-21 03:00;0,7814
2026-11-21 04:00;0,2897
2026-11-21 05:00;0,7419
2026-11-21 06:00;0,7890
2026-11-21 07:00;0,3345
2026-11-21 08:00;0,7088
2026-11-21 09:00;0,5918
2026-11-21 10:00;0,6670
2026-11-21 11:00;0,7361
2026-11-21 12:00;0,6527
2026-11-21 13:00;0,3215
2026-11-21 14:00;0,5269
2026-11-21 15:00;0,0276
2026-11-21 16:00;0,2285
2026-11-21 17:00;0,3879
2026-11-21 18:00;0,1203
2026-11-21 19:00;0,3155
2026-11-21 20:00;0,3772
2026-11-21 21:00;0,0316
2026-11-21 22:00;0,0324
2026-11-21 23:00;0,0342
2026-11-22 00:00;0,7161
2026-11-22 01:00;0,1206
2026-11-22 02:00;0,3081
2026-11-22 03:00;0,3285
2026-11-22 04:00;0,3235
2026-11-22 05:00;0,6490
2026-11-22 06:00;0,7209
2026-11-22 07:00;0,0974
2026-11-22 08:00;0,7718
2026-11-22 09:00;0,8274
2026-11-22 10:00;0,3980
2026-11-22 11:00;0,7810
2026-11-22 12:00;0,8536
2026-11-22 13:00;0,6599
2026-11-22 14:00;0,6715
2026-11-22 15:00;0,7270
2026-11-22 16:00;0,1133
2026-11-22 17:00;0,4398
2026-11-22 18:00;0,6525
2026-11-22 19:00;0,1445
2026-11-22 20:00;0,3404
2026-11-22 21:00;0,1086
2026-11-22 22:00;0,3162
2026-11-22 23:00;0,2229
2026-11-23 00:00;0,3816
2026-11-23 01:00;0,2573
2026-11-23 02:00;0,4432
2026-11-23 03:00;0,1062
2026-11-23 04:00;0,1686
2026-11-23 05:00;0,1001
2026-11-23 06:00;0,2578
2026-11-23 07:00;0,5397
2026-11-23 08:00;0,1084
2026-11-23 09:00;0,1182
2026-11-23 10:00;0,5022
2026-11-23 11:00;0,8718
2026-11-23 12:00;0,8976
2026-11-23 13:00;0,2382
2026-11-23 14:00;0,1047
2026-11-23 15:00;0,3678
2026-11-23 16:00;0,2187
2026-11-23 17:00;0,4348
2026-11-23 18:00;0,4061
2026-11-23 19:00;0,5604
2026-11-23 20:00;0,1197
2026-11-23 21:00;0,4308
2026-11-23 22:00;0,3032
2026-11-23 23:00;0,3997
2026-11-24 00:00;0,3507
2026-11-24 01:00;0,2688
2026-11-24 02:00;0,1892
2026-11-24 03:00;0,2859
2026-11-24 04:00;0,2130
2026-11-24 05:00;0,1945
2026-11-24 06:00;0,3705
2026-11-24 07:00;0,3636
2026-11-24 08:00;0,3520
2026-11-24 09:00;0,0996
2026-11-24 10:00;0,1020
2026-11-24 11:00;0,7287
2026-11-24 12:00;0,7564
2026-11-24 13:00;0,1288
2026-11-24 14:00;0,4416
2026-11-24 15:00;0,9264
2026-11-24 16:00;0,2256
2026-11-24 17:00;0,7502
2026-11-24 18:00;0,3925
2026-11-24 19:00;0,1262
2026-11-24 20:00;0,7251
2026-11-24 21:00;0,4235
2026-11-24 22:00;0,1409
2026-11-24 23:00;0,4407
2026-11-25 00:00;0,2196
2026-11-25 01:00;0,1677
2026-11-25 02:00;0,6917
2026-11-25 03:00;0,7410
2026-11-25 04:00;0,5410
2026-11-25 05:00;0,6916
2026-11-25 06:00;0,7665
2026-11-25 07:00;0,7019
2026-11-25 08:00;0,1512
2026-11-25 09:00;0,1619
2026-11-25 10:00;0,1438
2026-11-25 11:00;0,0860
2026-11-25 12:00;0,0906
2026-11-25 13:00;0,1532
2026-11-25 14:00;0,1545
2026-11-25 15:00;0,1754
2026-11-25 16:00;0,1610
2026-11-25 17:00;0,2111
2026-11-25 18:00;0,2921
2026-11-25 19:00;0,1577
2026-11-25 20:00;0,6199
2026-11-25 21:00;0,5801
2026-11-25 22:00;0,1719
2026-11-25 23:00;0,5937
2026-11-26 00:00;0,7183
2026-11-26 01:00;0,1776
2026-11-26 02:00;0,6720
2026-11-26 03:00;0,7737
2026-11-26 04:00;0,2059
2026-11-26 05:00;0,7649
2026-11-26 06:00;0,8102
2026-11-26 07:00;0,1479
2026-11-26 08:00;0,6467
2026-11-26 09:00;0,6477
2026-11-26 10:00;0,1016
2026-11-26 11:00;0,7740
2026-11-26 12:00;0,7284
2026-11-26 13:00;0,0939
2026-11-26 14:00;0,2512
2026-11-26 15:00;0,3649
2026-11-26 16:00;0,1075
2026-11-26 17:00;0,0293
2026-11-26 18:00;0,0842
2026-11-26 19:00;0,1416
2026-11-26 20:00;0,0317
2026-11-26 21:00;0,2470
2026-11-26 22:00;0,1248
2026-11-26 23:00;0,0297
2026-11-27 00:00;0,6742
2026-11-27 01:00;0,6780
2026-11-27 02:00;0,3883
2026-11-27 03:00;0,2373
2026-11-27 04:00;0,1103
2026-11-27 05:00;0,6467
2026-11-27 06:00;0,3647
2026-11-27 07:00;0,3431
2026-11-27 08:00;0,3996
2026-11-27 09:00;0,4285
2026-11-27 10:00;0,5551
2026-11-27 11:00;0,6231
2026-11-27 12:00;0,7589
2026-11-27 13:00;0,6016
2026-11-27 14:00;0,6848
2026-11-27 15:00;0,5826
2026-11-27 16:00;0,6866
2026-11-27 17:00;0,4798
2026-11-27 18:00;0,0325
2026-11-27 19:00;0,0323
2026-11-27 20:00;0,0350
2026-11-27 21:00;0,0317
2026-11-27 22:00;0,3505
2026-11-27 23:00;0,4130
2026-11-28 00:00;0,1226
2026-11-28 01:00;0,1548
2026-11-28 02:00;0,1394
2026-11-28 03:00;0,1407
2026-11-28 04:00;0,9360
2026-11-28 05:00;0,8361
2026-11-28 06:00;0,2333
2026-11-28 07:00;0,4646
2026-11-28 08:00;0,6663
2026-11-28 09:00;0,7006
2026-11-28 10:00;0,7759
2026-11-28 11:00;0,8301
2026-11-28 12:00;0,9169
2026-11-28 13:00;0,2374
2026-11-28 14:00;0,8053
2026-11-28 15:00;0,8810
2026-11-28 16:00;0,5091
2026-11-28 17:00;0,3610
2026-11-28 18:00;0,2398
2026-11-28 19:00;0,1828
2026-11-28 20:00;0,4113
2026-11-28 21:00;0,3811
2026-11-28 22:00;0,2046
2026-11-28 23:00;0,2084
2026-11-29 00:00;0,3867
2026-11-29 01:00;0,8590
2026-11-29 02:00;0,8753
2026-11-29 03:00;0,6800
2026-11-29 04:00;0,5537
2026-11-29 05:00;0,1573
2026-11-29 06:00;0,2059
2026-11-29 07:00;0,2652
2026-11-29 08:00;0,2594
2026-11-29 09:00;0,1778
2026-11-29 10:00;0,2124
2026-11-29 11:00;0,2467
2026-11-29 12:00;0,1942
2026-11-29 13:00;1,0000
2026-11-29 14:00;0,9378
2026-11-29 15:00;0,8834
2026-11-29 16:00;0,9032
2026-11-29 17:00;0,8910
2026-11-29 18:00;0,7161
2026-11-29 19:00;0,4014
2026-11-29 20:00;0,2638
2026-11-29 21:00;0,3036
2026-11-29 22:00;0,3289
2026-11-29 23:00;0,2601
2026-11-30 00:00;0,2708
2026-11-30 01:00;0,4348
2026-11-30 02:00;0,5016
2026-11-30 03:00;0,8130
2026-11-30 04:00;0,5403
2026-11-30 05:00;1,0000
2026-11-30 06:00;1,0000
2026-11-30 07:00;1,0000
2026-11-30 08:00;1,0000
2026-11-30 09:00;1,0000
2026-11-30 10:00;1,0000
2026-11-30 11:00;0,9639
2026-11-30 12:00;1,0000
2026-11-30 13:00;0,5654
2026-11-30 14:00;0,3434
2026-11-30 15:00;0,7882
2026-11-30 16:00;0,7996
2026-11-30 17:00;0,6266
2026-11-30 18:00;0,3603
2026-11-30 19:00;0,3982
2026-11-30 20:00;0,4319
2026-11-30 21:00;0,5528
2026-11-30 22:00;0,4076
2026-11-30 23:00;0,4464
2026-12-01 00:00;0,4563
2026-12-01 01:00;0,1094
2026-12-01 02:00;0,3752
2026-12-01 03:00;0,3826
2026-12-01 04:00;0,0000
2026-12-01 05:00;0,3006
2026-12-01 06:00;0,3589
2026-12-01 07:00;0,0000
2026-12-01 08:00;0,0000
2026-12-01 09:00;0,0000
2026-12-01 10:00;0,0000
2026-12-01 11:00;0,0000
2026-12-01 12:00;0,0000
2026-12-01 13:00;0,0000
2026-12-01 14:00;0,4331
2026-12-01 15:00;0,4078
2026-12-01 16:00;0,1278
2026-12-01 17:00;0,0014
2026-12-01 18:00;0,0091
2026-12-01 19:00;0,3280
2026-12-01 20:00;0,0561
2026-12-01 21:00;0,0000
2026-12-01 22:00;0,0000
2026-12-01 23:00;0,3208
2026-12-02 00:00;0,5166
2026-12-02 01:00;0,4705
2026-12-02 02:00;0,1696
2026-12-02 03:00;0,5065
2026-12-02 04:00;0,0001
2026-12-02 05:00;0,0000
2026-12-02 06:00;0,0000
2026-12-02 07:00;0,4638
2026-12-02 08:00;0,4144
2026-12-02 09:00;0,1385
2026-12-02 10:00;0,0510
2026-12-02 11:00;0,6329
2026-12-02 12:00;0,3564
2026-12-02 13:00;0,5534
2026-12-02 14:00;0,3034
2026-12-02 15:00;0,1485
2026-12-02 16:00;0,3078
2026-12-02 17:00;0,7547
2026-12-02 18:00;0,3665
2026-12-02 19:00;0,5984
2026-12-02 20:00;0,5643
2026-12-02 21:00;0,7624
2026-12-02 22:00;0,7478
2026-12-02 23:00;0,6501
2026-12-03 00:00;0,0382
2026-12-03 01:00;0,0248
2026-12-03 02:00;0,0450
2026-12-03 03:00;0,1404
2026-12-03 04:00;0,1417
2026-12-03 05:00;0,8528
2026-12-03 06:00;0,8504
2026-12-03 07:00;0,8137
2026-12-03 08:00;0,9017
2026-12-03 09:00;0,8097
2026-12-03 10:00;0,3573
2026-12-03 11:00;0,8073
2026-12-03 12:00;0,8971
2026-12-03 13:00;0,5765
2026-12-03 14:00;0,1559
2026-12-03 15:00;0,2953
2026-12-03 16:00;0,3134
2026-12-03 17:00;0,6875
2026-12-03 18:00;0,7374
2026-12-03 19:00;0,1448
2026-12-03 20:00;0,0944
2026-12-03 21:00;0,4553
2026-12-03 22:00;0,5514
2026-12-03 23:00;0,3620
2026-12-04 00:00;0,2276
2026-12-04 01:00;0,3340
2026-12-04 02:00;0,7715
2026-12-04 03:00;0,7656
2026-12-04 04:00;0,3145
2026-12-04 05:00;0,6915
2026-12-04 06:00;0,7265
2026-12-04 07:00;0,6485
2026-12-04 08:00;0,6643
2026-12-04 09:00;0,6199
2026-12-04 10:00;0,4431
2026-12-04 11:00;0,2197
2026-12-04 12:00;0,0309
2026-12-04 13:00;0,0297
2026-12-04 14:00;0,0275
2026-12-04 15:00;0,4807
2026-12-04 16:00;0,3625
2026-12-04 17:00;0,0316
2026-12-04 18:00;0,6402
2026-12-04 19:00;0,5816
2026-12-04 20:00;0,1009
2026-12-04 21:00;0,0657
2026-12-04 22:00;0,0262
2026-12-04 23:00;0,1004
2026-12-05 00:00;0,7480
2026-12-05 01:00;0,1758
2026-12-05 02:00;0,1554
2026-12-05 03:00;0,1244
2026-12-05 04:00;0,3216
2026-12-05 05:00;0,2238
2026-12-05 06:00;0,1277
2026-12-05 07:00;0,0764
2026-12-05 08:00;0,0346
2026-12-05 09:00;0,1251
2026-12-05 10:00;0,2397
2026-12-05 11:00;0,2753
2026-12-05 12:00;0,2417
2026-12-05 13:00;0,2989
2026-12-05 14:00;0,6641
2026-12-05 15:00;0,7019
2026-12-05 16:00;0,2978
2026-12-05 17:00;0,6859
2026-12-05 18:00;0,6743
2026-12-05 19:00;0,6755
2026-12-05 20:00;0,6663
2026-12-05 21:00;0,7618
2026-12-05 22:00;0,7812
2026-12-05 23:00;0,7833
2026-12-06 00:00;0,7473
2026-12-06 01:00;0,8168
2026-12-06 02:00;0,8906
2026-12-06 03:00;0,8211
2026-12-06 04:00;0,7603
2026-12-06 05:00;0,6974
2026-12-06 06:00;0,6265
2026-12-06 07:00;0,4981
2026-12-06 08:00;0,4481
2026-12-06 09:00;0,0841
2026-12-06 10:00;0,1880
2026-12-06 11:00;0,7380
2026-12-06 12:00;0,7705
2026-12-06 13:00;0,1112
2026-12-06 14:00;0,2671
2026-12-06 15:00;0,2751
2026-12-06 16:00;0,1551
2026-12-06 17:00;0,1066
2026-12-06 18:00;0,0725
2026-12-06 19:00;0,0143
2026-12-06 20:00;0,0507
2026-12-06 21:00;0,0272
2026-12-06 22:00;0,0119
2026-12-06 23:00;0,0237
2026-12-07 00:00;0,7648
2026-12-07 01:00;0,6457
2026-12-07 02:00;0,6925
2026-12-07 03:00;0,3109
2026-12-07 04:00;0,3433
2026-12-07 05:00;0,2400
2026-12-07 06:00;0,0302
2026-12-07 07:00;0,0289
2026-12-07 08:00;0,0281
2026-12-07 09:00;0,0293
2026-12-07 10:00;0,1072
2026-12-07 11:00;0,1006
2026-12-07 12:00;0,0299
2026-12-07 13:00;0,3973
2026-12-07 14:00;0,2499
2026-12-07 15:00;0,0317
2026-12-07 16:00;0,6287
2026-12-07 17:00;0,7868
2026-12-07 18:00;0,7187
2026-12-07 19:00;0,2321
2026-12-07 20:00;0,5609
2026-12-07 21:00;0,6196
2026-12-07 22:00;0,1067
2026-12-07 23:00;0,7574
2026-12-08 00:00;0,4932
2026-12-08 01:00;0,7149
2026-12-08 02:00;0,4479
2026-12-08 03:00;0,6671
2026-12-08 04:00;0,3921
2026-12-08 05:00;0,8321
2026-12-08 06:00;0,7627
2026-12-08 07:00;0,8068
2026-12-08 08:00;0,7747
2026-12-08 09:00;0,5637
2026-12-08 10:00;0,4181
2026-12-08 11:00;0,9200
2026-12-08 12:00;0,9689
2026-12-08 13:00;0,4209
2026-12-08 14:00;0,9378
2026-12-08 15:00;0,6206
2026-12-08 16:00;0,7749
2026-12-08 17:00;0,0343
2026-12-08 18:00;0,0150
2026-12-08 19:00;0,0132
2026-12-08 20:00;0,0118
2026-12-08 21:00;0,0296
2026-12-08 22:00;0,4026
2026-12-08 23:00;0,4065
2026-12-09 00:00;0,6218
2026-12-09 01:00;0,1677
2026-12-09 02:00;0,7765
2026-12-09 03:00;0,7352
2026-12-09 04:00;0,2508
2026-12-09 05:00;0,6653
2026-12-09 06:00;0,6300
2026-12-09 07:00;0,3102
2026-12-09 08:00;0,6442
2026-12-09 09:00;0,6798
2026-12-09 10:00;0,1412
2026-12-09 11:00;0,6484
2026-12-09 12:00;0,7003
2026-12-09 13:00;0,2694
2026-12-09 14:00;0,6140
2026-12-09 15:00;0,6251
2026-12-09 16:00;0,1354
2026-12-09 17:00;0,6548
2026-12-09 18:00;0,7201
2026-12-09 19:00;0,4206
2026-12-09 20:00;0,5845
2026-12-09 21:00;0,2557
2026-12-09 22:00;0,2991
2026-12-09 23:00;0,2536
2026-12-10 00:00;0,1254
2026-12-10 01:00;0,1151
2026-12-10 02:00;0,1292
2026-12-10 03:00;0,1971
2026-12-10 04:00;0,1847
2026-12-10 05:00;0,8431
2026-12-10 06:00;0,8276
2026-12-10 07:00;0,7455
2026-12-10 08:00;0,8809
2026-12-10 09:00;0,7994
2026-12-10 10:00;0,3879
2026-12-10 11:00;0,8822
2026-12-10 12:00;0,9579
2026-12-10 13:00;0,6116
2026-12-10 14:00;0,2117
2026-12-10 15:00;0,3146
2026-12-10 16:00;0,3394
2026-12-10 17:00;0,5793
2026-12-10 18:00;0,7886
2026-12-10 19:00;0,1824
2026-12-10 20:00;0,1011
2026-12-10 21:00;0,4386
2026-12-10 22:00;0,5367
2026-12-10 23:00;0,2886
2026-12-11 00:00;0,1265
2026-12-11 01:00;0,1255
2026-12-11 02:00;0,1323
2026-12-11 03:00;0,2161
2026-12-11 04:00;0,2386
2026-12-11 05:00;1,0000
2026-12-11 06:00;1,0000
2026-12-11 07:00;1,0000
2026-12-11 08:00;0,9501
2026-12-11 09:00;0,8412
2026-12-11 10:00;0,3785
2026-12-11 11:00;0,8060
2026-12-11 12:00;0,7974
2026-12-11 13:00;0,5335
2026-12-11 14:00;0,2067
2026-12-11 15:00;0,3133
2026-12-11 16:00;0,3816
2026-12-11 17:00;0,6884
2026-12-11 18:00;0,7587
2026-12-11 19:00;0,1723
2026-12-11 20:00;0,1029
2026-12-11 21:00;0,4062
2026-12-11 22:00;0,4938
2026-12-11 23:00;0,2806
2026-12-12 00:00;0,7717
2026-12-12 01:00;0,3453
2026-12-12 02:00;0,6565
2026-12-12 03:00;0,6221
2026-12-12 04:00;0,4672
2026-12-12 05:00;0,7707
2026-12-12 06:00;0,6990
2026-12-12 07:00;0,2862
2026-12-12 08:00;0,6343
2026-12-12 09:00;0,6636
2026-12-12 10:00;0,0950
2026-12-12 11:00;0,6896
2026-12-12 12:00;0,6598
2026-12-12 13:00;0,1064
2026-12-12 14:00;0,7713
2026-12-12 15:00;0,7215
2026-12-12 16:00;0,1024
2026-12-12 17:00;0,0514
2026-12-12 18:00;0,0145
2026-12-12 19:00;0,1072
2026-12-12 20:00;0,5600
2026-12-12 21:00;0,6031
2026-12-12 22:00;0,0969
2026-12-12 23:00;0,0460
2026-12-13 00:00;0,4000
2026-12-13 01:00;0,1108
2026-12-13 02:00;0,8360
2026-12-13 03:00;0,8762
2026-12-13 04:00;0,1181
2026-12-13 05:00;0,9002
2026-12-13 06:00;0,7888
2026-12-13 07:00;0,7903
2026-12-13 08:00;0,7011
2026-12-13 09:00;0,7392
2026-12-13 10:00;0,3480
2026-12-13 11:00;0,6176
2026-12-13 12:00;0,6411
2026-12-13 13:00;0,5753
2026-12-13 14:00;0,6097
2026-12-13 15:00;0,7034
2026-12-13 16:00;0,1131
2026-12-13 17:00;0,6641
2026-12-13 18:00;0,3895
2026-12-13 19:00;0,2098
2026-12-13 20:00;0,0279
2026-12-13 21:00;0,0317
2026-12-13 22:00;0,0313
2026-12-13 23:00;0,0319
2026-12-14 00:00;0,8171
2026-12-14 01:00;0,4088
2026-12-14 02:00;0,8318
2026-12-14 03:00;0,7004
2026-12-14 04:00;0,5484
2026-12-14 05:00;0,3887
2026-12-14 06:00;0,6539
2026-12-14 07:00;0,5222
2026-12-14 08:00;0,7199
2026-12-14 09:00;0,8239
2026-12-14 10:00;0,7980
2026-12-14 11:00;0,1263
2026-12-14 12:00;0,7379
2026-12-14 13:00;0,8343
2026-12-14 14:00;0,7291
2026-12-14 15:00;0,6853
2026-12-14 16:00;0,4069
2026-12-14 17:00;0,0268
2026-12-14 18:00;0,0534
2026-12-14 19:00;0,0706
2026-12-14 20:00;0,0308
2026-12-14 21:00;0,2540
2026-12-14 22:00;0,4750
2026-12-14 23:00;0,4234
2026-12-15 00:00;0,8213
2026-12-15 01:00;0,3804
2026-12-15 02:00;0,7917
2026-12-15 03:00;0,7243
2026-12-15 04:00;0,3271
2026-12-15 05:00;0,6701
2026-12-15 06:00;0,2435
2026-12-15 07:00;0,6157
2026-12-15 08:00;0,6121
2026-12-15 09:00;0,0986
2026-12-15 10:00;0,0935
2026-12-15 11:00;0,1056
2026-12-15 12:00;0,0719
2026-12-15 13:00;0,1380
2026-12-15 14:00;0,2193
2026-12-15 15:00;0,1206
2026-12-15 16:00;0,0947
2026-12-15 17:00;0,0117
2026-12-15 18:00;0,6377
2026-12-15 19:00;0,5567
2026-12-15 20:00;0,7605
2026-12-15 21:00;0,6679
2026-12-15 22:00;0,1179
2026-12-15 23:00;0,0338
2026-12-16 00:00;0,2259
2026-12-16 01:00;0,4793
2026-12-16 02:00;0,2766
2026-12-16 03:00;0,4047
2026-12-16 04:00;0,3247
2026-12-16 05:00;0,7127
2026-12-16 06:00;0,2642
2026-12-16 07:00;0,6858
2026-12-16 08:00;0,2594
2026-12-16 09:00;0,2319
2026-12-16 10:00;0,6793
2026-12-16 11:00;0,6267
2026-12-16 12:00;0,5753
2026-12-16 13:00;0,0879
2026-12-16 14:00;0,7151
2026-12-16 15:00;0,6944
2026-12-16 16:00;0,6347
2026-12-16 17:00;0,5778
2026-12-16 18:00;0,4581
2026-12-16 19:00;0,4020
2026-12-16 20:00;0,5852
2026-12-16 21:00;0,2702
2026-12-16 22:00;0,3330
2026-12-16 23:00;0,2585
2026-12-17 00:00;0,7438
2026-12-17 01:00;0,1115
2026-12-17 02:00;0,6015
2026-12-17 03:00;0,6720
2026-12-17 04:00;0,1494
2026-12-17 05:00;0,8983
2026-12-17 06:00;0,8463
2026-12-17 07:00;0,2846
2026-12-17 08:00;0,8097
2026-12-17 09:00;0,7774
2026-12-17 10:00;0,1596
2026-12-17 11:00;0,7997
2026-12-17 12:00;0,8149
2026-12-17 13:00;0,4046
2026-12-17 14:00;0,7003
2026-12-17 15:00;0,6092
2026-12-17 16:00;0,1245
2026-12-17 17:00;0,0889
2026-12-17 18:00;0,0557
2026-12-17 19:00;0,0523
2026-12-17 20:00;0,0529
2026-12-17 21:00;0,1077
2026-12-17 22:00;0,1378
2026-12-17 23:00;0,5614
2026-12-18 00:00;0,0463
2026-12-18 01:00;0,0127
2026-12-18 02:00;0,0124
2026-12-18 03:00;0,3606
2026-12-18 04:00;0,5489
2026-12-18 05:00;0,5639
2026-12-18 06:00;0,5572
2026-12-18 07:00;0,3107
2026-12-18 08:00;0,2387
2026-12-18 09:00;0,6655
2026-12-18 10:00;0,7779
2026-12-18 11:00;0,8556
2026-12-18 12:00;0,9065
2026-12-18 13:00;0,8637
2026-12-18 14:00;0,9271
2026-12-18 15:00;0,9526
2026-12-18 16:00;0,9413
2026-12-18 17:00;0,8193
2026-12-18 18:00;0,1399
2026-12-18 19:00;0,2379
2026-12-18 20:00;0,3154
2026-12-18 21:00;0,2644
2026-12-18 22:00;0,2158
2026-12-18 23:00;0,1424
2026-12-19 00:00;0,1834
2026-12-19 01:00;0,6818
2026-12-19 02:00;0,2775
2026-12-19 03:00;0,2982
2026-12-19 04:00;0,7492
2026-12-19 05:00;0,3863
2026-12-19 06:00;0,4642
2026-12-19 07:00;0,8123
2026-12-19 08:00;0,5232
2026-12-19 09:00;0,4592
2026-12-19 10:00;0,4421
2026-12-19 11:00;0,2741
2026-12-19 12:00;0,0671
2026-12-19 13:00;0,1358
2026-12-19 14:00;0,4227
2026-12-19 15:00;0,4282
2026-12-19 16:00;0,3197
2026-12-19 17:00;0,0563
2026-12-19 18:00;0,1740
2026-12-19 19:00;0,2942
2026-12-19 20:00;0,3131
2026-12-19 21:00;0,3945
2026-12-19 22:00;0,8582
2026-12-19 23:00;0,4715
2026-12-20 00:00;0,6539
2026-12-20 01:00;0,1426
2026-12-20 02:00;0,0280
2026-12-20 03:00;0,2488
2026-12-20 04:00;0,4274
2026-12-20 05:00;0,4516
2026-12-20 06:00;0,3751
2026-12-20 07:00;0,3446
2026-12-20 08:00;0,3594
2026-12-20 09:00;0,2846
2026-12-20 10:00;0,7557
2026-12-20 11:00;0,6763
2026-12-20 12:00;0,6246
2026-12-20 13:00;0,7924
2026-12-20 14:00;0,8392
2026-12-20 15:00;0,8813
2026-12-20 16:00;0,3018
2026-12-20 17:00;0,2263
2026-12-20 18:00;0,1208
2026-12-20 19:00;0,6551
2026-12-20 20:00;0,4190
2026-12-20 21:00;0,8845
2026-12-20 22:00;0,6313
2026-12-20 23:00;0,6925
2026-12-21 00:00;0,7430
2026-12-21 01:00;0,6743
2026-12-21 02:00;0,6460
2026-12-21 03:00;0,6908
2026-12-21 04:00;0,7876
2026-12-21 05:00;0,6904
2026-12-21 06:00;0,6678
2026-12-21 07:00;0,6069
2026-12-21 08:00;0,4818
2026-12-21 09:00;0,6155
2026-12-21 10:00;0,6686
2026-12-21 11:00;0,7667
2026-12-21 12:00;0,7007
2026-12-21 13:00;0,1057
2026-12-21 14:00;0,2584
2026-12-21 15:00;0,2057
2026-12-21 16:00;0,1311
2026-12-21 17:00;0,2760
2026-12-21 18:00;0,1457
2026-12-21 19:00;0,0148
2026-12-21 20:00;0,5083
2026-12-21 21:00;0,3567
2026-12-21 22:00;0,2934
2026-12-21 23:00;0,4075
2026-12-22 00:00;0,7490
2026-12-22 01:00;0,2818
2026-12-22 02:00;0,6675
2026-12-22 03:00;0,6314
2026-12-22 04:00;0,4096
2026-12-22 05:00;0,7817
2026-12-22 06:00;0,8498
2026-12-22 07:00;0,5916
2026-12-22 08:00;0,9044
2026-12-22 09:00;0,9029
2026-12-22 10:00;0,1277
2026-12-22 11:00;0,9021
2026-12-22 12:00;0,8444
2026-12-22 13:00;0,1238
2026-12-22 14:00;0,8389
2026-12-22 15:00;0,8480
2026-12-22 16:00;0,4837
2026-12-22 17:00;0,4550
2026-12-22 18:00;0,1302
2026-12-22 19:00;0,8035
2026-12-22 20:00;0,6758
2026-12-22 21:00;0,0318
2026-12-22 22:00;0,0284
2026-12-22 23:00;0,0306
2026-12-23 00:00;0,2401
2026-12-23 01:00;0,3641
2026-12-23 02:00;0,3838
2026-12-23 03:00;0,6371
2026-12-23 04:00;0,1154
2026-12-23 05:00;0,3202
2026-12-23 06:00;0,1706
2026-12-23 07:00;0,1165
2026-12-23 08:00;0,0548
2026-12-23 09:00;0,4095
2026-12-23 10:00;0,2839
2026-12-23 11:00;0,7608
2026-12-23 12:00;0,8414
2026-12-23 13:00;0,1054
2026-12-23 14:00;0,6888
2026-12-23 15:00;0,6149
2026-12-23 16:00;0,0887
2026-12-23 17:00;0,5907
2026-12-23 18:00;0,7280
2026-12-23 19:00;0,2878
2026-12-23 20:00;0,8028
2026-12-23 21:00;0,7188
2026-12-23 22:00;0,1171
2026-12-23 23:00;0,7350
2026-12-24 00:00;0,7621
2026-12-24 01:00;0,7092
2026-12-24 02:00;0,7746
2026-12-24 03:00;0,3961
2026-12-24 04:00;0,4099
2026-12-24 05:00;0,2781
2026-12-24 06:00;0,0347
2026-12-24 07:00;0,0345
2026-12-24 08:00;0,0310
2026-12-24 09:00;0,0294
2026-12-24 10:00;0,1120
2026-12-24 11:00;0,1192
2026-12-24 12:00;0,0361
2026-12-24 13:00;0,4238
2026-12-24 14:00;0,2822
2026-12-24 15:00;0,0311
2026-12-24 16:00;0,7436
2026-12-24 17:00;0,8573
2026-12-24 18:00;0,8746
2026-12-24 19:00;0,2853
2026-12-24 20:00;0,6944
2026-12-24 21:00;0,8289
2026-12-24 22:00;0,1222
2026-12-24 23:00;0,8004
2026-12-25 00:00;0,8140
2026-12-25 01:00;0,3769
2026-12-25 02:00;0,7267
2026-12-25 03:00;0,8305
2026-12-25 04:00;0,1258
2026-12-25 05:00;0,9402
2026-12-25 06:00;0,9295
2026-12-25 07:00;0,4228
2026-12-25 08:00;0,8672
2026-12-25 09:00;0,7553
2026-12-25 10:00;0,3852
2026-12-25 11:00;0,8543
2026-12-25 12:00;0,8294
2026-12-25 13:00;0,1280
2026-12-25 14:00;0,8367
2026-12-25 15:00;0,8309
2026-12-25 16:00;0,1254
2026-12-25 17:00;0,0850
2026-12-25 18:00;0,0339
2026-12-25 19:00;0,1602
2026-12-25 20:00;0,2784
2026-12-25 21:00;0,3889
2026-12-25 22:00;0,5009
2026-12-25 23:00;0,6346
2026-12-26 00:00;0,8269
2026-12-26 01:00;0,3434
2026-12-26 02:00;0,7685
2026-12-26 03:00;0,7427
2026-12-26 04:00;0,2742
2026-12-26 05:00;0,7171
2026-12-26 06:00;0,6298
2026-12-26 07:00;0,4513
2026-12-26 08:00;0,6345
2026-12-26 09:00;0,7426
2026-12-26 10:00;0,4163
2026-12-26 11:00;0,7963
2026-12-26 12:00;0,7659
2026-12-26 13:00;0,3466
2026-12-26 14:00;0,2382
2026-12-26 15:00;0,1010
2026-12-26 16:00;0,0650
2026-12-26 17:00;0,0302
2026-12-26 18:00;0,1043
2026-12-26 19:00;0,6680
2026-12-26 20:00;0,4667
2026-12-26 21:00;0,0980
2026-12-26 22:00;0,0982
2026-12-26 23:00;0,0965
2026-12-27 00:00;0,8246
2026-12-27 01:00;0,3805
2026-12-27 02:00;0,6223
2026-12-27 03:00;0,5854
2026-12-27 04:00;0,1114
2026-12-27 05:00;0,3664
2026-12-27 06:00;0,2276
2026-12-27 07:00;0,3699
2026-12-27 08:00;0,7674
2026-12-27 09:00;0,7174
2026-12-27 10:00;0,1191
2026-12-27 11:00;0,1219
2026-12-27 12:00;0,2557
2026-12-27 13:00;0,3769
2026-12-27 14:00;0,7696
2026-12-27 15:00;0,2415
2026-12-27 16:00;0,1134
2026-12-27 17:00;0,2804
2026-12-27 18:00;0,2425
2026-12-27 19:00;0,1089
2026-12-27 20:00;0,5042
2026-12-27 21:00;0,4177
2026-12-27 22:00;0,8006
2026-12-27 23:00;0,3748
2026-12-28 00:00;0,7601
2026-12-28 01:00;0,2921
2026-12-28 02:00;0,8527
2026-12-28 03:00;0,9131
2026-12-28 04:00;0,1158
2026-12-28 05:00;0,8625
2026-12-28 06:00;0,7975
2026-12-28 07:00;0,1152
2026-12-28 08:00;0,8146
2026-12-28 09:00;0,8341
2026-12-28 10:00;0,4347
2026-12-28 11:00;0,8109
2026-12-28 12:00;0,8657
2026-12-28 13:00;0,8092
2026-12-28 14:00;0,6543
2026-12-28 15:00;0,1541
2026-12-28 16:00;0,1104
2026-12-28 17:00;0,0143
2026-12-28 18:00;0,0141
2026-12-28 19:00;0,0552
2026-12-28 20:00;0,0791
2026-12-28 21:00;0,1209
2026-12-28 22:00;0,1059
2026-12-28 23:00;0,0953
2026-12-29 00:00;0,1892
2026-12-29 01:00;0,6360
2026-12-29 02:00;0,2972
2026-12-29 03:00;0,3336
2026-12-29 04:00;0,7429
2026-12-29 05:00;0,4214
2026-12-29 06:00;0,5494
2026-12-29 07:00;0,7891
2026-12-29 08:00;0,4822
2026-12-29 09:00;0,4222
2026-12-29 10:00;0,3774
2026-12-29 11:00;0,2788
2026-12-29 12:00;0,0719
2026-12-29 13:00;0,1376
2026-12-29 14:00;0,3838
2026-12-29 15:00;0,4212
2026-12-29 16:00;0,2471
2026-12-29 17:00;0,0419
2026-12-29 18:00;0,1270
2026-12-29 19:00;0,2353
2026-12-29 20:00;0,2775
2026-12-29 21:00;0,3802
2026-12-29 22:00;0,7321
2026-12-29 23:00;0,3962
2026-12-30 00:00;0,3371
2026-12-30 01:00;0,1170
2026-12-30 02:00;0,2556
2026-12-30 03:00;0,3490
2026-12-30 04:00;0,3568
2026-12-30 05:00;0,2486
2026-12-30 06:00;0,2918
2026-12-30 07:00;0,3427
2026-12-30 08:00;0,2990
2026-12-30 09:00;0,0282
2026-12-30 10:00;0,4014
2026-12-30 11:00;0,6840
2026-12-30 12:00;0,7884
2026-12-30 13:00;0,4311
2026-12-30 14:00;0,8329
2026-12-30 15:00;0,7326
2026-12-30 16:00;0,7364
2026-12-30 17:00;0,7543
2026-12-30 18:00;0,7280
2026-12-30 19:00;0,1112
2026-12-30 20:00;0,7356
2026-12-30 21:00;0,6515
2026-12-30 22:00;0,0925
2026-12-30 23:00;0,6966
2026-12-31 00:00;0,0318
2026-12-31 01:00;0,0327
2026-12-31 02:00;0,3980
2026-12-31 03:00;0,3845
2026-12-31 04:00;0,3668
2026-12-31 05:00;0,5448
2026-12-31 06:00;0,4987
2026-12-31 07:00;0,4822
2026-12-31 08:00;0,5004
2026-12-31 09:00;0,1042
2026-12-31 10:00;0,0936
2026-12-31 11:00;0,6762
2026-12-31 12:00;0,6823
2026-12-31 13:00;0,6687
2026-12-31 14:00;0,6941
2026-12-31 15:00;0,6715
2026-12-31 16:00;0,3106
2026-12-31 17:00;0,5684
2026-12-31 18:00;0,6715
2026-12-31 19:00;0,0935
2026-12-31 20:00;0,6095
2026-12-31 21:00;0,7428
2026-12-31 22:00;0,1077
2026-12-31 23:00;0,7148
