Datetime;CF
2026-01-01 00:00;0,4536
2026-01-01 01:00;0,4128
2026-01-01 02:00;0,4603
2026-01-01 03:00;0,4696
2026-01-01 04:00;0,4197
2026-01-01 05:00;0,4581
2026-01-01 06:00;0,4738
2026-01-01 07:00;0,4623
2026-01-01 08:00;0,4703
2026-01-01 09:00;0,4431
2026-01-01 10:00;0,4409
2026-01-01 11:00;0,5040
2026-01-01 12:00;0,5265
2026-01-01 13:00;0,4701
2026-01-01 14:00;0,5290
2026-01-01 15:00;0,5207
2026-01-01 16:00;0,4571
2026-01-01 17:00;0,4930
2026-01-01 18:00;0,4615
2026-01-01 19:00;0,4516
2026-01-01 20:00;0,4456
2026-01-01 21:00;0,4380
2026-01-01 22:00;0,4033
2026-01-01 23:00;0,4505
2026-01-02 00:00;0,4536
2026-01-02 01:00;0,4128
2026-01-02 02:00;0,4603
2026-01-02 03:00;0,4696
2026-01-02 04:00;0,4197
2026-01-02 05:00;0,4581
2026-01-02 06:00;0,4738
2026-01-02 07:00;0,4623
2026-01-02 08:00;0,4703
2026-01-02 09:00;0,4431
2026-01-02 10:00;0,4409
2026-01-02 11:00;0,5040
2026-01-02 12:00;0,5265
2026-01-02 13:00;0,4701
2026-01-02 14:00;0,5290
2026-01-02 15:00;0,5207
2026-01-02 16:00;0,4571
2026-01-02 17:00;0,4930
2026-01-02 18:00;0,4615
2026-01-02 19:00;0,4516
2026-01-02 20:00;0,4456
2026-01-02 21:00;0,4380
2026-01-02 22:00;0,4033
2026-01-02 23:00;0,4505
2026-01-03 00:00;0,4536
2026-01-03 01:00;0,4128
2026-01-03 02:00;0,4603
2026-01-03 03:00;0,4696
2026-01-03 04:00;0,4197
2026-01-03 05:00;0,4581
2026-01-03 06:00;0,4738
2026-01-03 07:00;0,4623
2026-01-03 08:00;0,4703
2026-01-03 09:00;0,4431
2026-01-03 10:00;0,4409
2026-01-03 11:00;0,5040
2026-01-03 12:00;0,5265
2026-01-03 13:00;0,4701
2026-01-03 14:00;0,5290
2026-01-03 15:00;0,5207
2026-01-03 16:00;0,4571
2026-01-03 17:00;0,4930
2026-01-03 18:00;0,4615
2026-01-03 19:00;0,4516
2026-01-03 20:00;0,4456
2026-01-03 21:00;0,4380
2026-01-03 22:00;0,4033
2026-01-03 23:00;0,4505
2026-01-04 00:00;0,4536
2026-01-04 01:00;0,4128
2026-01-04 02:00;0,4603
2026-01-04 03:00;0,4696
2026-01-04 04:00;0,4197
2026-01-04 05:00;0,4581
2026-01-04 06:00;0,4738
2026-01-04 07:00;0,4623
2026-01-04 08:00;0,4703
2026-01-04 09:00;0,4431
2026-01-04 10:00;0,4409
2026-01-04 11:00;0,5040
2026-01-04 12:00;0,5265
2026-01-04 13:00;0,4701
2026-01-04 14:00;0,5290
2026-01-04 15:00;0,5207
2026-01-04 16:00;0,4571
2026-01-04 17:00;0,4930
2026-01-04 18:00;0,4615
2026-01-04 19:00;0,4516
2026-01-04 20:00;0,4456
2026-01-04 21:00;0,4380
2026-01-04 22:00;0,4033
2026-01-04 23:00;0,4505
2026-01-05 00:00;0,4536
2026-01-05 01:00;0,4128
2026-01-05 02:00;0,4603
2026-01-05 03:00;0,4696
2026-01-05 04:00;0,4197
2026-01-05 05:00;0,4581
2026-01-05 06:00;0,4738
2026-01-05 07:00;0,4623
2026-01-05 08:00;0,4703
2026-01-05 09:00;0,4431
2026-01-05 10:00;0,4409
2026-01-05 11:00;0,5040
2026-01-05 12:00;0,5265
2026-01-05 13:00;0,4701
2026-01-05 14:00;0,5290
2026-01-05 15:00;0,5207
2026-01-05 16:00;0,4571
2026-01-05 17:00;0,4930
2026-01-05 18:00;0,4615
2026-01-05 19:00;0,4516
2026-01-05 20:00;0,4456
2026-01-05 21:00;0,4380
2026-01-05 22:00;0,4033
2026-01-05 23:00;0,4505
2026-01-06 00:00;0,4536
2026-01-06 01:00;0,4128
2026-01-06 02:00;0,4603
2026-01-06 03:00;0,4696
2026-01-06 04:00;0,4197
2026-01-06 05:00;0,4581
2026-01-06 06:00;0,4738
2026-01-06 07:00;0,4623
2026-01-06 08:00;0,4703
2026-01-06 09:00;0,4431
2026-01-06 10:00;0,4409
2026-01-06 11:00;0,5040
2026-01-06 12:00;0,5265
2026-01-06 13:00;0,4701
2026-01-06 14:00;0,5290
2026-01-06 15:00;0,5207
2026-01-06 16:00;0,4571
2026-01-06 17:00;0,4930
2026-01-06 18:00;0,4615
2026-01-06 19:00;0,4516
2026-01-06 20:00;0,4456
2026-01-06 21:00;0,4380
2026-01-06 22:00;0,4033
2026-01-06 23:00;0,4505
2026-01-07 00:00;0,4536
2026-01-07 01:00;0,4128
2026-01-07 02:00;0,4603
2026-01-07 03:00;0,4696
2026-01-07 04:00;0,4197
2026-01-07 05:00;0,4581
2026-01-07 06:00;0,4738
2026-01-07 07:00;0,4623
2026-01-07 08:00;0,4703
2026-01-07 09:00;0,4431
2026-01-07 10:00;0,4409
2026-01-07 11:00;0,5040
2026-01-07 12:00;0,5265
2026-01-07 13:00;0,4701
2026-01-07 14:00;0,5290
2026-01-07 15:00;0,5207
2026-01-07 16:00;0,4571
2026-01-07 17:00;0,4930
2026-01-07 18:00;0,4615
2026-01-07 19:00;0,4516
2026-01-07 20:00;0,4456
2026-01-07 21:00;0,4380
2026-01-07 22:00;0,4033
2026-01-07 23:00;0,4505
2026-01-08 00:00;0,4536
2026-01-08 01:00;0,4128
2026-01-08 02:00;0,4603
2026-01-08 03:00;0,4696
2026-01-08 04:00;0,4197
2026-01-08 05:00;0,4581
2026-01-08 06:00;0,4738
2026-01-08 07:00;0,4623
2026-01-08 08:00;0,4703
2026-01-08 09:00;0,4431
2026-01-08 10:00;0,4409
2026-01-08 11:00;0,5040
2026-01-08 12:00;0,5265
2026-01-08 13:00;0,4701
2026-01-08 14:00;0,5290
2026-01-08 15:00;0,5207
2026-01-08 16:00;0,4571
2026-01-08 17:00;0,4930
2026-01-08 18:00;0,4615
2026-01-08 19:00;0,4516
2026-01-08 20:00;0,4456
2026-01-08 21:00;0,4380
2026-01-08 22:00;0,4033
2026-01-08 23:00;0,4505
2026-01-09 00:00;0,4536
2026-01-09 01:00;0,4128
2026-01-09 02:00;0,4603
2026-01-09 03:00;0,4696
2026-01-09 04:00;0,4197
2026-01-09 05:00;0,4581
2026-01-09 06:00;0,4738
2026-01-09 07:00;0,4623
2026-01-09 08:00;0,4703
2026-01-09 09:00;0,4431
2026-01-09 10:00;0,4409
2026-01-09 11:00;0,5040
2026-01-09 12:00;0,5265
2026-01-09 13:00;0,4701
2026-01-09 14:00;0,5290
2026-01-09 15:00;0,5207
2026-01-09 16:00;0,4571
2026-01-09 17:00;0,4930
2026-01-09 18:00;0,4615
2026-01-09 19:00;0,4516
2026-01-09 20:00;0,4456
2026-01-09 21:00;0,4380
2026-01-09 22:00;0,4033
2026-01-09 23:00;0,4505
2026-01-10 00:00;0,4536
2026-01-10 01:00;0,4128
2026-01-10 02:00;0,4603
2026-01-10 03:00;0,4696
2026-01-10 04:00;0,4197
2026-01-10 05:00;0,4581
2026-01-10 06:00;0,4738
2026-01-10 07:00;0,4623
2026-01-10 08:00;0,4703
2026-01-10 09:00;0,4431
2026-01-10 10:00;0,4409
2026-01-10 11:00;0,5040
2026-01-10 12:00;0,5265
2026-01-10 13:00;0,4701
2026-01-10 14:00;0,5290
2026-01-10 15:00;0,5207
2026-01-10 16:00;0,4571
2026-01-10 17:00;0,4930
2026-01-10 18:00;0,4615
2026-01-10 19:00;0,4516
2026-01-10 20:00;0,4456
2026-01-10 21:00;0,4380
2026-01-10 22:00;0,4033
2026-01-10 23:00;0,4505
2026-01-11 00:00;0,4536
2026-01-11 01:00;0,4128
2026-01-11 02:00;0,4603
2026-01-11 03:00;0,4696
2026-01-11 04:00;0,4197
2026-01-11 05:00;0,4581
2026-01-11 06:00;0,4738
2026-01-11 07:00;0,4623
2026-01-11 08:00;0,4703
2026-01-11 09:00;0,4431
2026-01-11 10:00;0,4409
2026-01-11 11:00;0,5040
2026-01-11 12:00;0,5265
2026-01-11 13:00;0,4701
2026-01-11 14:00;0,5290
2026-01-11 15:00;0,5207
2026-01-11 16:00;0,4571
2026-01-11 17:00;0,4930
2026-01-11 18:00;0,4615
2026-01-11 19:00;0,4516
2026-01-11 20:00;0,4456
2026-01-11 21:00;0,4380
2026-01-11 22:00;0,4033
2026-01-11 23:00;0,4505
2026-01-12 00:00;0,4536
2026-01-12 01:00;0,4128
2026-01-12 02:00;0,4603
2026-01-12 03:00;0,4696
2026-01-12 04:00;0,4197
2026-01-12 05:00;0,4581
2026-01-12 06:00;0,4738
2026-01-12 07:00;0,4623
2026-01-12 08:00;0,4703
2026-01-12 09:00;0,4431
2026-01-12 10:00;0,4409
2026-01-12 11:00;0,5040
2026-01-12 12:00;0,5265
2026-01-12 13:00;0,4701
2026-01-12 14:00;0,5290
2026-01-12 15:00;0,5207
2026-01-12 16:00;0,4571
2026-01-12 17:00;0,4930
2026-01-12 18:00;0,4615
2026-01-12 19:00;0,4516
2026-01-12 20:00;0,4456
2026-01-12 21:00;0,4380
2026-01-12 22:00;0,4033
2026-01-12 23:00;0,4505
2026-01-13 00:00;0,4536
2026-01-13 01:00;0,4128
2026-01-13 02:00;0,4603
2026-01-13 03:00;0,4696
2026-01-13 04:00;0,4197
2026-01-13 05:00;0,4581
2026-01-13 06:00;0,4738
2026-01-13 07:00;0,4623
2026-01-13 08:00;0,4703
2026-01-13 09:00;0,4431
2026-01-13 10:00;0,4409
2026-01-13 11:00;0,5040
2026-01-13 12:00;0,5265
2026-01-13 13:00;0,4701
2026-01-13 14:00;0,5290
2026-01-13 15:00;0,5207
2026-01-13 16:00;0,4571
2026-01-13 17:00;0,4930
2026-01-13 18:00;0,4615
2026-01-13 19:00;0,4516
2026-01-13 20:00;0,4456
2026-01-13 21:00;0,4380
2026-01-13 22:00;0,4033
2026-01-13 23:00;0,4505
2026-01-14 00:00;0,4536
2026-01-14 01:00;0,4128
2026-01-14 02:00;0,4603
2026-01-14 03:00;0,4696
2026-01-14 04:00;0,4197
2026-01-14 05:00;0,4581
2026-01-14 06:00;0,4738
2026-01-14 07:00;0,4623
2026-01-14 08:00;0,4703
2026-01-14 09:00;0,4431
2026-01-14 10:00;0,4409
2026-01-14 11:00;0,5040
2026-01-14 12:00;0,5265
2026-01-14 13:00;0,4701
2026-01-14 14:00;0,5290
2026-01-14 15:00;0,5207
2026-01-14 16:00;0,4571
2026-01-14 17:00;0,4930
2026-01-14 18:00;0,4615
2026-01-14 19:00;0,4516
2026-01-14 20:00;0,4456
2026-01-14 21:00;0,4380
2026-01-14 22:00;0,4033
2026-01-14 23:00;0,4505
2026-01-15 00:00;0,4536
2026-01-15 01:00;0,4128
2026-01-15 02:00;0,4603
2026-01-15 03:00;0,4696
2026-01-15 04:00;0,4197
2026-01-15 05:00;0,4581
2026-01-15 06:00;0,4738
2026-01-15 07:00;0,4623
2026-01-15 08:00;0,4703
2026-01-15 09:00;0,4431
2026-01-15 10:00;0,4409
2026-01-15 11:00;0,5040
2026-01-15 12:00;0,5265
2026-01-15 13:00;0,4701
2026-01-15 14:00;0,5290
2026-01-15 15:00;0,5207
2026-01-15 16:00;0,4571
2026-01-15 17:00;0,4930
2026-01-15 18:00;0,4615
2026-01-15 19:00;0,4516
2026-01-15 20:00;0,4456
2026-01-15 21:00;0,4380
2026-01-15 22:00;0,4033
2026-01-15 23:00;0,4505
2026-01-16 00:00;0,4536
2026-01-16 01:00;0,4128
2026-01-16 02:00;0,4603
2026-01-16 03:00;0,4696
2026-01-16 04:00;0,4197
2026-01-16 05:00;0,4581
2026-01-16 06:00;0,4738
2026-01-16 07:00;0,4623
2026-01-16 08:00;0,4703
2026-01-16 09:00;0,4431
2026-01-16 10:00;0,4409
2026-01-16 11:00;0,5040
2026-01-16 12:00;0,5265
2026-01-16 13:00;0,4701
2026-01-16 14:00;0,5290
2026-01-16 15:00;0,5207
2026-01-16 16:00;0,4571
2026-01-16 17:00;0,4930
2026-01-16 18:00;0,4615
2026-01-16 19:00;0,4516
2026-01-16 20:00;0,4456
2026-01-16 21:00;0,4380
2026-01-16 22:00;0,4033
2026-01-16 23:00;0,4505
2026-01-17 00:00;0,4536
2026-01-17 01:00;0,4128
2026-01-17 02:00;0,4603
2026-01-17 03:00;0,4696
2026-01-17 04:00;0,4197
2026-01-17 05:00;0,4581
2026-01-17 06:00;0,4738
2026-01-17 07:00;0,4623
2026-01-17 08:00;0,4703
2026-01-17 09:00;0,4431
2026-01-17 10:00;0,4409
2026-01-17 11:00;0,5040
2026-01-17 12:00;0,5265
2026-01-17 13:00;0,4701
2026-01-17 14:00;0,5290
2026-01-17 15:00;0,5207
2026-01-17 16:00;0,4571
2026-01-17 17:00;0,4930
2026-01-17 18:00;0,4615
2026-01-17 19:00;0,4516
2026-01-17 20:00;0,4456
2026-01-17 21:00;0,4380
2026-01-17 22:00;0,4033
2026-01-17 23:00;0,4505
2026-01-18 00:00;0,4536
2026-01-18 01:00;0,4128
2026-01-18 02:00;0,4603
2026-01-18 03:00;0,4696
2026-01-18 04:00;0,4197
2026-01-18 05:00;0,4581
2026-01-18 06:00;0,4738
2026-01-18 07:00;0,4623
2026-01-18 08:00;0,4703
2026-01-18 09:00;0,4431
2026-01-18 10:00;0,4409
2026-01-18 11:00;0,5040
2026-01-18 12:00;0,5265
2026-01-18 13:00;0,4701
2026-01-18 14:00;0,5290
2026-01-18 15:00;0,5207
2026-01-18 16:00;0,4571
2026-01-18 17:00;0,4930
2026-01-18 18:00;0,4615
2026-01-18 19:00;0,4516
2026-01-18 20:00;0,4456
2026-01-18 21:00;0,4380
2026-01-18 22:00;0,4033
2026-01-18 23:00;0,4505
2026-01-19 00:00;0,4536
2026-01-19 01:00;0,4128
2026-01-19 02:00;0,4603
2026-01-19 03:00;0,4696
2026-01-19 04:00;0,4197
2026-01-19 05:00;0,4581
2026-01-19 06:00;0,4738
2026-01-19 07:00;0,4623
2026-01-19 08:00;0,4703
2026-01-19 09:00;0,4431
2026-01-19 10:00;0,4409
2026-01-19 11:00;0,5040
2026-01-19 12:00;0,5265
2026-01-19 13:00;0,4701
2026-01-19 14:00;0,5290
2026-01-19 15:00;0,5207
2026-01-19 16:00;0,4571
2026-01-19 17:00;0,4930
2026-01-19 18:00;0,4615
2026-01-19 19:00;0,4516
2026-01-19 20:00;0,4456
2026-01-19 21:00;0,4380
2026-01-19 22:00;0,4033
2026-01-19 23:00;0,4505
2026-01-20 00:00;0,4536
2026-01-20 01:00;0,4128
2026-01-20 02:00;0,4603
2026-01-20 03:00;0,4696
2026-01-20 04:00;0,4197
2026-01-20 05:00;0,4581
2026-01-20 06:00;0,4738
2026-01-20 07:00;0,4623
2026-01-20 08:00;0,4703
2026-01-20 09:00;0,4431
2026-01-20 10:00;0,4409
2026-01-20 11:00;0,5040
2026-01-20 12:00;0,5265
2026-01-20 13:00;0,4701
2026-01-20 14:00;0,5290
2026-01-20 15:00;0,5207
2026-01-20 16:00;0,4571
2026-01-20 17:00;0,4930
2026-01-20 18:00;0,4615
2026-01-20 19:00;0,4516
2026-01-20 20:00;0,4456
2026-01-20 21:00;0,4380
2026-01-20 22:00;0,4033
2026-01-20 23:00;0,4505
2026-01-21 00:00;0,4536
2026-01-21 01:00;0,4128
2026-01-21 02:00;0,4603
2026-01-21 03:00;0,4696
2026-01-21 04:00;0,4197
2026-01-21 05:00;0,4581
2026-01-21 06:00;0,4738
2026-01-21 07:00;0,4623
2026-01-21 08:00;0,4703
2026-01-21 09:00;0,4431
2026-01-21 10:00;0,4409
2026-01-21 11:00;0,5040
2026-01-21 12:00;0,5265
2026-01-21 13:00;0,4701
2026-01-21 14:00;0,5290
2026-01-21 15:00;0,5207
2026-01-21 16:00;0,4571
2026-01-21 17:00;0,4930
2026-01-21 18:00;0,4615
2026-01-21 19:00;0,4516
2026-01-21 20:00;0,4456
2026-01-21 21:00;0,4380
2026-01-21 22:00;0,4033
2026-01-21 23:00;0,4505
2026-01-22 00:00;0,4536
2026-01-22 01:00;0,4128
2026-01-22 02:00;0,4603
2026-01-22 03:00;0,4696
2026-01-22 04:00;0,4197
2026-01-22 05:00;0,4581
2026-01-22 06:00;0,4738
2026-01-22 07:00;0,4623
2026-01-22 08:00;0,4703
2026-01-22 09:00;0,4431
2026-01-22 10:00;0,4409
2026-01-22 11:00;0,5040
2026-01-22 12:00;0,5265
2026-01-22 13:00;0,4701
2026-01-22 14:00;0,5290
2026-01-22 15:00;0,5207
2026-01-22 16:00;0,4571
2026-01-22 17:00;0,4930
2026-01-22 18:00;0,4615
2026-01-22 19:00;0,4516
2026-01-22 20:00;0,4456
2026-01-22 21:00;0,4380
2026-01-22 22:00;0,4033
2026-01-22 23:00;0,4505
2026-01-23 00:00;0,4536
2026-01-23 01:00;0,4128
2026-01-23 02:00;0,4603
2026-01-23 03:00;0,4696
2026-01-23 04:00;0,4197
2026-01-23 05:00;0,4581
2026-01-23 06:00;0,4738
2026-01-23 07:00;0,4623
2026-01-23 08:00;0,4703
2026-01-23 09:00;0,4431
2026-01-23 10:00;0,4409
2026-01-23 11:00;0,5040
2026-01-23 12:00;0,5265
2026-01-23 13:00;0,4701
2026-01-23 14:00;0,5290
2026-01-23 15:00;0,5207
2026-01-23 16:00;0,4571
2026-01-23 17:00;0,4930
2026-01-23 18:00;0,4615
2026-01-23 19:00;0,4516
2026-01-23 20:00;0,4456
2026-01-23 21:00;0,4380
2026-01-23 22:00;0,4033
2026-01-23 23:00;0,4505
2026-01-24 00:00;0,4536
2026-01-24 01:00;0,4128
2026-01-24 02:00;0,4603
2026-01-24 03:00;0,4696
2026-01-24 04:00;0,4197
2026-01-24 05:00;0,4581
2026-01-24 06:00;0,4738
2026-01-24 07:00;0,4623
2026-01-24 08:00;0,4703
2026-01-24 09:00;0,4431
2026-01-24 10:00;0,4409
2026-01-24 11:00;0,5040
2026-01-24 12:00;0,5265
2026-01-24 13:00;0,4701
2026-01-24 14:00;0,5290
2026-01-24 15:00;0,5207
2026-01-24 16:00;0,4571
2026-01-24 17:00;0,4930
2026-01-24 18:00;0,4615
2026-01-24 19:00;0,4516
2026-01-24 20:00;0,4456
2026-01-24 21:00;0,4380
2026-01-24 22:00;0,4033
2026-01-24 23:00;0,4505
2026-01-25 00:00;0,4536
2026-01-25 01:00;0,4128
2026-01-25 02:00;0,4603
2026-01-25 03:00;0,4696
2026-01-25 04:00;0,4197
2026-01-25 05:00;0,4581
2026-01-25 06:00;0,4738
2026-01-25 07:00;0,4623
2026-01-25 08:00;0,4703
2026-01-25 09:00;0,4431
2026-01-25 10:00;0,4409
2026-01-25 11:00;0,5040
2026-01-25 12:00;0,5265
2026-01-25 13:00;0,4701
2026-01-25 14:00;0,5290
2026-01-25 15:00;0,5207
2026-01-25 16:00;0,4571
2026-01-25 17:00;0,4930
2026-01-25 18:00;0,4615
2026-01-25 19:00;0,4516
2026-01-25 20:00;0,4456
2026-01-25 21:00;0,4380
2026-01-25 22:00;0,4033
2026-01-25 23:00;0,4505
2026-01-26 00:00;0,4536
2026-01-26 01:00;0,4128
2026-01-26 02:00;0,4603
2026-01-26 03:00;0,4696
2026-01-26 04:00;0,4197
2026-01-26 05:00;0,4581
2026-01-26 06:00;0,4738
2026-01-26 07:00;0,4623
2026-01-26 08:00;0,4703
2026-01-26 09:00;0,4431
2026-01-26 10:00;0,4409
2026-01-26 11:00;0,5040
2026-01-26 12:00;0,5265
2026-01-26 13:00;0,4701
2026-01-26 14:00;0,5290
2026-01-26 15:00;0,5207
2026-01-26 16:00;0,4571
2026-01-26 17:00;0,4930
2026-01-26 18:00;0,4615
2026-01-26 19:00;0,4516
2026-01-26 20:00;0,4456
2026-01-26 21:00;0,4380
2026-01-26 22:00;0,4033
2026-01-26 23:00;0,4505
2026-01-27 00:00;0,4536
2026-01-27 01:00;0,4128
2026-01-27 02:00;0,4603
2026-01-27 03:00;0,4696
2026-01-27 04:00;0,4197
2026-01-27 05:00;0,4581
2026-01-27 06:00;0,4738
2026-01-27 07:00;0,4623
2026-01-27 08:00;0,4703
2026-01-27 09:00;0,4431
2026-01-27 10:00;0,4409
2026-01-27 11:00;0,5040
2026-01-27 12:00;0,5265
2026-01-27 13:00;0,4701
2026-01-27 14:00;0,5290
2026-01-27 15:00;0,5207
2026-01-27 16:00;0,4571
2026-01-27 17:00;0,4930
2026-01-27 18:00;0,4615
2026-01-27 19:00;0,4516
2026-01-27 20:00;0,4456
2026-01-27 21:00;0,4380
2026-01-27 22:00;0,4033
2026-01-27 23:00;0,4505
2026-01-28 00:00;0,4536
2026-01-28 01:00;0,4128
2026-01-28 02:00;0,4603
2026-01-28 03:00;0,4696
2026-01-28 04:00;0,4197
2026-01-28 05:00;0,4581
2026-01-28 06:00;0,4738
2026-01-28 07:00;0,4623
2026-01-28 08:00;0,4703
2026-01-28 09:00;0,4431
2026-01-28 10:00;0,4409
2026-01-28 11:00;0,5040
2026-01-28 12:00;0,5265
2026-01-28 13:00;0,4701
2026-01-28 14:00;0,5290
2026-01-28 15:00;0,5207
2026-01-28 16:00;0,4571
2026-01-28 17:00;0,4930
2026-01-28 18:00;0,4615
2026-01-28 19:00;0,4516
2026-01-28 20:00;0,4456
2026-01-28 21:00;0,4380
2026-01-28 22:00;0,4033
2026-01-28 23:00;0,4505
2026-01-29 00:00;0,4536
2026-01-29 01:00;0,4126
2026-01-29 02:00;0,4598
2026-01-29 03:00;0,4688
2026-01-29 04:00;0,4186
2026-01-29 05:00;0,4567
2026-01-29 06:00;0,4722
2026-01-29 07:00;0,4603
2026-01-29 08:00;0,4681
2026-01-29 09:00;0,4406
2026-01-29 10:00;0,4382
2026-01-29 11:00;0,5010
2026-01-29 12:00;0,5232
2026-01-29 13:00;0,4665
2026-01-29 14:00;0,5251
2026-01-29 15:00;0,5166
2026-01-29 16:00;0,4527
2026-01-29 17:00;0,4883
2026-01-29 18:00;0,4566
2026-01-29 19:00;0,4463
2026-01-29 20:00;0,4401
2026-01-29 21:00;0,4323
2026-01-29 22:00;0,3972
2026-01-29 23:00;0,4442
2026-01-30 00:00;0,4470
2026-01-30 01:00;0,4060
2026-01-30 02:00;0,4532
2026-01-30 03:00;0,4622
2026-01-30 04:00;0,4120
2026-01-30 05:00;0,4501
2026-01-30 06:00;0,4656
2026-01-30 07:00;0,4537
2026-01-30 08:00;0,4615
2026-01-30 09:00;0,4340
2026-01-30 10:00;0,4316
2026-01-30 11:00;0,4944
2026-01-30 12:00;0,5166
2026-01-30 13:00;0,4599
2026-01-30 14:00;0,5185
2026-01-30 15:00;0,5100
2026-01-30 16:00;0,4461
2026-01-30 17:00;0,4817
2026-01-30 18:00;0,4500
2026-01-30 19:00;0,4397
2026-01-30 20:00;0,4335
2026-01-30 21:00;0,4257
2026-01-30 22:00;0,3906
2026-01-30 23:00;0,4376
2026-01-31 00:00;0,4405
2026-01-31 01:00;0,3994
2026-01-31 02:00;0,4466
2026-01-31 03:00;0,4556
2026-01-31 04:00;0,4054
2026-01-31 05:00;0,4435
2026-01-31 06:00;0,4590
2026-01-31 07:00;0,4471
2026-01-31 08:00;0,4549
2026-01-31 09:00;0,4274
2026-01-31 10:00;0,4250
2026-01-31 11:00;0,4878
2026-01-31 12:00;0,5100
2026-01-31 13:00;0,4533
2026-01-31 14:00;0,5120
2026-01-31 15:00;0,5034
2026-01-31 16:00;0,4395
2026-01-31 17:00;0,4751
2026-01-31 18:00;0,4434
2026-01-31 19:00;0,4331
2026-01-31 20:00;0,4269
2026-01-31 21:00;0,4191
2026-01-31 22:00;0,3840
2026-01-31 23:00;0,4310
2026-02-01 00:00;0,4304
2026-02-01 01:00;0,4440
2026-02-01 02:00;0,4532
2026-02-01 03:00;0,4398
2026-02-01 04:00;0,4433
2026-02-01 05:00;0,4760
2026-02-01 06:00;0,4676
2026-02-01 07:00;0,4789
2026-02-01 08:00;0,4546
2026-02-01 09:00;0,4606
2026-02-01 10:00;0,4760
2026-02-01 11:00;0,5196
2026-02-01 12:00;0,5401
2026-02-01 13:00;0,4948
2026-02-01 14:00;0,5242
2026-02-01 15:00;0,5262
2026-02-01 16:00;0,4746
2026-02-01 17:00;0,5024
2026-02-01 18:00;0,4850
2026-02-01 19:00;0,4284
2026-02-01 20:00;0,4353
2026-02-01 21:00;0,4492
2026-02-01 22:00;0,4290
2026-02-01 23:00;0,4432
2026-02-02 00:00;0,4238
2026-02-02 01:00;0,4374
2026-02-02 02:00;0,4466
2026-02-02 03:00;0,4332
2026-02-02 04:00;0,4367
2026-02-02 05:00;0,4694
2026-02-02 06:00;0,4610
2026-02-02 07:00;0,4723
2026-02-02 08:00;0,4480
2026-02-02 09:00;0,4540
2026-02-02 10:00;0,4694
2026-02-02 11:00;0,5130
2026-02-02 12:00;0,5335
2026-02-02 13:00;0,4882
2026-02-02 14:00;0,5176
2026-02-02 15:00;0,5196
2026-02-02 16:00;0,4680
2026-02-02 17:00;0,4958
2026-02-02 18:00;0,4784
2026-02-02 19:00;0,4218
2026-02-02 20:00;0,4287
2026-02-02 21:00;0,4426
2026-02-02 22:00;0,4224
2026-02-02 23:00;0,4366
2026-02-03 00:00;0,4172
2026-02-03 01:00;0,4308
2026-02-03 02:00;0,4400
2026-02-03 03:00;0,4266
2026-02-03 04:00;0,4301
2026-02-03 05:00;0,4628
2026-02-03 06:00;0,4544
2026-02-03 07:00;0,4657
2026-02-03 08:00;0,4414
2026-02-03 09:00;0,4474
2026-02-03 10:00;0,4628
2026-02-03 11:00;0,5064
2026-02-03 12:00;0,5269
2026-02-03 13:00;0,4816
2026-02-03 14:00;0,5110
2026-02-03 15:00;0,5130
2026-02-03 16:00;0,4614
2026-02-03 17:00;0,4892
2026-02-03 18:00;0,4718
2026-02-03 19:00;0,4152
2026-02-03 20:00;0,4221
2026-02-03 21:00;0,4360
2026-02-03 22:00;0,4158
2026-02-03 23:00;0,4300
2026-02-04 00:00;0,4109
2026-02-04 01:00;0,4248
2026-02-04 02:00;0,4343
2026-02-04 03:00;0,4211
2026-02-04 04:00;0,4248
2026-02-04 05:00;0,4578
2026-02-04 06:00;0,4498
2026-02-04 07:00;0,4613
2026-02-04 08:00;0,4373
2026-02-04 09:00;0,4435
2026-02-04 10:00;0,4593
2026-02-04 11:00;0,5031
2026-02-04 12:00;0,5239
2026-02-04 13:00;0,4789
2026-02-04 14:00;0,5085
2026-02-04 15:00;0,5108
2026-02-04 16:00;0,4595
2026-02-04 17:00;0,4876
2026-02-04 18:00;0,4704
2026-02-04 19:00;0,4141
2026-02-04 20:00;0,4213
2026-02-04 21:00;0,4355
2026-02-04 22:00;0,4155
2026-02-04 23:00;0,4300
2026-02-05 00:00;0,4109
2026-02-05 01:00;0,4248
2026-02-05 02:00;0,4343
2026-02-05 03:00;0,4211
2026-02-05 04:00;0,4248
2026-02-05 05:00;0,4578
2026-02-05 06:00;0,4498
2026-02-05 07:00;0,4613
2026-02-05 08:00;0,4373
2026-02-05 09:00;0,4435
2026-02-05 10:00;0,4593
2026-02-05 11:00;0,5031
2026-02-05 12:00;0,5239
2026-02-05 13:00;0,4789
2026-02-05 14:00;0,5085
2026-02-05 15:00;0,5108
2026-02-05 16:00;0,4595
2026-02-05 17:00;0,4876
2026-02-05 18:00;0,4704
2026-02-05 19:00;0,4141
2026-02-05 20:00;0,4213
2026-02-05 21:00;0,4355
2026-02-05 22:00;0,4155
2026-02-05 23:00;0,4300
2026-02-06 00:00;0,4109
2026-02-06 01:00;0,4248
2026-02-06 02:00;0,4343
2026-02-06 03:00;0,4211
2026-02-06 04:00;0,4248
2026-02-06 05:00;0,4578
2026-02-06 06:00;0,4498
2026-02-06 07:00;0,4613
2026-02-06 08:00;0,4373
2026-02-06 09:00;0,4435
2026-02-06 10:00;0,4593
2026-02-06 11:00;0,5031
2026-02-06 12:00;0,5239
2026-02-06 13:00;0,4789
2026-02-06 14:00;0,5085
2026-02-06 15:00;0,5108
2026-02-06 16:00;0,4595
2026-02-06 17:00;0,4876
2026-02-06 18:00;0,4704
2026-02-06 19:00;0,4141
2026-02-06 20:00;0,4213
2026-02-06 21:00;0,4355
2026-02-06 22:00;0,4155
2026-02-06 23:00;0,4300
2026-02-07 00:00;0,4109
2026-02-07 01:00;0,4248
2026-02-07 02:00;0,4343
2026-02-07 03:00;0,4211
2026-02-07 04:00;0,4248
2026-02-07 05:00;0,4578
2026-02-07 06:00;0,4498
2026-02-07 07:00;0,4613
2026-02-07 08:00;0,4373
2026-02-07 09:00;0,4435
2026-02-07 10:00;0,4593
2026-02-07 11:00;0,5031
2026-02-07 12:00;0,5239
2026-02-07 13:00;0,4789
2026-02-07 14:00;0,5085
2026-02-07 15:00;0,5108
2026-02-07 16:00;0,4595
2026-02-07 17:00;0,4876
2026-02-07 18:00;0,4704
2026-02-07 19:00;0,4141
2026-02-07 20:00;0,4213
2026-02-07 21:00;0,4355
2026-02-07 22:00;0,4155
2026-02-07 23:00;0,4300
2026-02-08 00:00;0,4109
2026-02-08 01:00;0,4248
2026-02-08 02:00;0,4343
2026-02-08 03:00;0,4211
2026-02-08 04:00;0,4248
2026-02-08 05:00;0,4578
2026-02-08 06:00;0,4498
2026-02-08 07:00;0,4613
2026-02-08 08:00;0,4373
2026-02-08 09:00;0,4435
2026-02-08 10:00;0,4593
2026-02-08 11:00;0,5031
2026-02-08 12:00;0,5239
2026-02-08 13:00;0,4789
2026-02-08 14:00;0,5085
2026-02-08 15:00;0,5108
2026-02-08 16:00;0,4595
2026-02-08 17:00;0,4876
2026-02-08 18:00;0,4704
2026-02-08 19:00;0,4141
2026-02-08 20:00;0,4213
2026-02-08 21:00;0,4355
2026-02-08 22:00;0,4155
2026-02-08 23:00;0,4300
2026-02-09 00:00;0,4109
2026-02-09 01:00;0,4248
2026-02-09 02:00;0,4343
2026-02-09 03:00;0,4211
2026-02-09 04:00;0,4248
2026-02-09 05:00;0,4578
2026-02-09 06:00;0,4498
2026-02-09 07:00;0,4613
2026-02-09 08:00;0,4373
2026-02-09 09:00;0,4435
2026-02-09 10:00;0,4593
2026-02-09 11:00;0,5031
2026-02-09 12:00;0,5239
2026-02-09 13:00;0,4789
2026-02-09 14:00;0,5085
2026-02-09 15:00;0,5108
2026-02-09 16:00;0,4595
2026-02-09 17:00;0,4876
2026-02-09 18:00;0,4704
2026-02-09 19:00;0,4141
2026-02-09 20:00;0,4213
2026-02-09 21:00;0,4355
2026-02-09 22:00;0,4155
2026-02-09 23:00;0,4300
2026-02-10 00:00;0,4109
2026-02-10 01:00;0,4248
2026-02-10 02:00;0,4343
2026-02-10 03:00;0,4211
2026-02-10 04:00;0,4248
2026-02-10 05:00;0,4578
2026-02-10 06:00;0,4498
2026-02-10 07:00;0,4613
2026-02-10 08:00;0,4373
2026-02-10 09:00;0,4435
2026-02-10 10:00;0,4593
2026-02-10 11:00;0,5031
2026-02-10 12:00;0,5239
2026-02-10 13:00;0,4789
2026-02-10 14:00;0,5085
2026-02-10 15:00;0,5108
2026-02-10 16:00;0,4595
2026-02-10 17:00;0,4876
2026-02-10 18:00;0,4704
2026-02-10 19:00;0,4141
2026-02-10 20:00;0,4213
2026-02-10 21:00;0,4355
2026-02-10 22:00;0,4155
2026-02-10 23:00;0,4300
2026-02-11 00:00;0,4109
2026-02-11 01:00;0,4248
2026-02-11 02:00;0,4343
2026-02-11 03:00;0,4211
2026-02-11 04:00;0,4248
2026-02-11 05:00;0,4578
2026-02-11 06:00;0,4498
2026-02-11 07:00;0,4613
2026-02-11 08:00;0,4373
2026-02-11 09:00;0,4435
2026-02-11 10:00;0,4593
2026-02-11 11:00;0,5031
2026-02-11 12:00;0,5239
2026-02-11 13:00;0,4789
2026-02-11 14:00;0,5085
2026-02-11 15:00;0,5108
2026-02-11 16:00;0,4595
2026-02-11 17:00;0,4876
2026-02-11 18:00;0,4704
2026-02-11 19:00;0,4141
2026-02-11 20:00;0,4213
2026-02-11 21:00;0,4355
2026-02-11 22:00;0,4155
2026-02-11 23:00;0,4300
2026-02-12 00:00;0,4109
2026-02-12 01:00;0,4248
2026-02-12 02:00;0,4343
2026-02-12 03:00;0,4211
2026-02-12 04:00;0,4248
2026-02-12 05:00;0,4578
2026-02-12 06:00;0,4498
2026-02-12 07:00;0,4613
2026-02-12 08:00;0,4373
2026-02-12 09:00;0,4435
2026-02-12 10:00;0,4593
2026-02-12 11:00;0,5031
2026-02-12 12:00;0,5239
2026-02-12 13:00;0,4789
2026-02-12 14:00;0,5085
2026-02-12 15:00;0,5108
2026-02-12 16:00;0,4595
2026-02-12 17:00;0,4876
2026-02-12 18:00;0,4704
2026-02-12 19:00;0,4141
2026-02-12 20:00;0,4213
2026-02-12 21:00;0,4355
2026-02-12 22:00;0,4155
2026-02-12 23:00;0,4300
2026-02-13 00:00;0,4109
2026-02-13 01:00;0,4248
2026-02-13 02:00;0,4343
2026-02-13 03:00;0,4211
2026-02-13 04:00;0,4248
2026-02-13 05:00;0,4578
2026-02-13 06:00;0,4498
2026-02-13 07:00;0,4613
2026-02-13 08:00;0,4373
2026-02-13 09:00;0,4435
2026-02-13 10:00;0,4593
2026-02-13 11:00;0,5031
2026-02-13 12:00;0,5239
2026-02-13 13:00;0,4789
2026-02-13 14:00;0,5085
2026-02-13 15:00;0,5108
2026-02-13 16:00;0,4595
2026-02-13 17:00;0,4876
2026-02-13 18:00;0,4704
2026-02-13 19:00;0,4141
2026-02-13 20:00;0,4213
2026-02-13 21:00;0,4355
2026-02-13 22:00;0,4155
2026-02-13 23:00;0,4300
2026-02-14 00:00;0,4109
2026-02-14 01:00;0,4248
2026-02-14 02:00;0,4343
2026-02-14 03:00;0,4211
2026-02-14 04:00;0,4248
2026-02-14 05:00;0,4578
2026-02-14 06:00;0,4498
2026-02-14 07:00;0,4613
2026-02-14 08:00;0,4373
2026-02-14 09:00;0,4435
2026-02-14 10:00;0,4593
2026-02-14 11:00;0,5031
2026-02-14 12:00;0,5239
2026-02-14 13:00;0,4789
2026-02-14 14:00;0,5085
2026-02-14 15:00;0,5108
2026-02-14 16:00;0,4595
2026-02-14 17:00;0,4876
2026-02-14 18:00;0,4704
2026-02-14 19:00;0,4141
2026-02-14 20:00;0,4213
2026-02-14 21:00;0,4355
2026-02-14 22:00;0,4155
2026-02-14 23:00;0,4300
2026-02-15 00:00;0,4109
2026-02-15 01:00;0,4248
2026-02-15 02:00;0,4343
2026-02-15 03:00;0,4211
2026-02-15 04:00;0,4248
2026-02-15 05:00;0,4578
2026-02-15 06:00;0,4498
2026-02-15 07:00;0,4613
2026-02-15 08:00;0,4373
2026-02-15 09:00;0,4435
2026-02-15 10:00;0,4593
2026-02-15 11:00;0,5031
2026-02-15 12:00;0,5239
2026-02-15 13:00;0,4789
2026-02-15 14:00;0,5085
2026-02-15 15:00;0,5108
2026-02-15 16:00;0,4595
2026-02-15 17:00;0,4876
2026-02-15 18:00;0,4704
2026-02-15 19:00;0,4141
2026-02-15 20:00;0,4213
2026-02-15 21:00;0,4355
2026-02-15 22:00;0,4155
2026-02-15 23:00;0,4300
2026-02-16 00:00;0,4109
2026-02-16 01:00;0,4248
2026-02-16 02:00;0,4343
2026-02-16 03:00;0,4211
2026-02-16 04:00;0,4248
2026-02-16 05:00;0,4578
2026-02-16 06:00;0,4498
2026-02-16 07:00;0,4613
2026-02-16 08:00;0,4373
2026-02-16 09:00;0,4435
2026-02-16 10:00;0,4593
2026-02-16 11:00;0,5031
2026-02-16 12:00;0,5239
2026-02-16 13:00;0,4789
2026-02-16 14:00;0,5085
2026-02-16 15:00;0,5108
2026-02-16 16:00;0,4595
2026-02-16 17:00;0,4876
2026-02-16 18:00;0,4704
2026-02-16 19:00;0,4141
2026-02-16 20:00;0,4213
2026-02-16 21:00;0,4355
2026-02-16 22:00;0,4155
2026-02-16 23:00;0,4300
2026-02-17 00:00;0,4109
2026-02-17 01:00;0,4248
2026-02-17 02:00;0,4343
2026-02-17 03:00;0,4211
2026-02-17 04:00;0,4248
2026-02-17 05:00;0,4578
2026-02-17 06:00;0,4498
2026-02-17 07:00;0,4613
2026-02-17 08:00;0,4373
2026-02-17 09:00;0,4435
2026-02-17 10:00;0,4593
2026-02-17 11:00;0,5031
2026-02-17 12:00;0,5239
2026-02-17 13:00;0,4789
2026-02-17 14:00;0,5085
2026-02-17 15:00;0,5108
2026-02-17 16:00;0,4595
2026-02-17 17:00;0,4876
2026-02-17 18:00;0,4704
2026-02-17 19:00;0,4141
2026-02-17 20:00;0,4213
2026-02-17 21:00;0,4355
2026-02-17 22:00;0,4155
2026-02-17 23:00;0,4300
2026-02-18 00:00;0,4109
2026-02-18 01:00;0,4248
2026-02-18 02:00;0,4343
2026-02-18 03:00;0,4211
2026-02-18 04:00;0,4248
2026-02-18 05:00;0,4578
2026-02-18 06:00;0,4498
2026-02-18 07:00;0,4613
2026-02-18 08:00;0,4373
2026-02-18 09:00;0,4435
2026-02-18 10:00;0,4593
2026-02-18 11:00;0,5031
2026-02-18 12:00;0,5239
2026-02-18 13:00;0,4789
2026-02-18 14:00;0,5085
2026-02-18 15:00;0,5108
2026-02-18 16:00;0,4595
2026-02-18 17:00;0,4876
2026-02-18 18:00;0,4704
2026-02-18 19:00;0,4141
2026-02-18 20:00;0,4213
2026-02-18 21:00;0,4355
2026-02-18 22:00;0,4155
2026-02-18 23:00;0,4300
2026-02-19 00:00;0,4109
2026-02-19 01:00;0,4248
2026-02-19 02:00;0,4343
2026-02-19 03:00;0,4211
2026-02-19 04:00;0,4248
2026-02-19 05:00;0,4578
2026-02-19 06:00;0,4498
2026-02-19 07:00;0,4613
2026-02-19 08:00;0,4373
2026-02-19 09:00;0,4435
2026-02-19 10:00;0,4593
2026-02-19 11:00;0,5031
2026-02-19 12:00;0,5239
2026-02-19 13:00;0,4789
2026-02-19 14:00;0,5085
2026-02-19 15:00;0,5108
2026-02-19 16:00;0,4595
2026-02-19 17:00;0,4876
2026-02-19 18:00;0,4704
2026-02-19 19:00;0,4141
2026-02-19 20:00;0,4213
2026-02-19 21:00;0,4355
2026-02-19 22:00;0,4155
2026-02-19 23:00;0,4300
2026-02-20 00:00;0,4109
2026-02-20 01:00;0,4248
2026-02-20 02:00;0,4343
2026-02-20 03:00;0,4211
2026-02-20 04:00;0,4248
2026-02-20 05:00;0,4578
2026-02-20 06:00;0,4498
2026-02-20 07:00;0,4613
2026-02-20 08:00;0,4373
2026-02-20 09:00;0,4435
2026-02-20 10:00;0,4593
2026-02-20 11:00;0,5031
2026-02-20 12:00;0,5239
2026-02-20 13:00;0,4789
2026-02-20 14:00;0,5085
2026-02-20 15:00;0,5108
2026-02-20 16:00;0,4595
2026-02-20 17:00;0,4876
2026-02-20 18:00;0,4704
2026-02-20 19:00;0,4141
2026-02-20 20:00;0,4213
2026-02-20 21:00;0,4355
2026-02-20 22:00;0,4155
2026-02-20 23:00;0,4300
2026-02-21 00:00;0,4109
2026-02-21 01:00;0,4248
2026-02-21 02:00;0,4343
2026-02-21 03:00;0,4211
2026-02-21 04:00;0,4248
2026-02-21 05:00;0,4578
2026-02-21 06:00;0,4498
2026-02-21 07:00;0,4613
2026-02-21 08:00;0,4373
2026-02-21 09:00;0,4435
2026-02-21 10:00;0,4593
2026-02-21 11:00;0,5031
2026-02-21 12:00;0,5239
2026-02-21 13:00;0,4789
2026-02-21 14:00;0,5085
2026-02-21 15:00;0,5108
2026-02-21 16:00;0,4595
2026-02-21 17:00;0,4876
2026-02-21 18:00;0,4704
2026-02-21 19:00;0,4141
2026-02-21 20:00;0,4213
2026-02-21 21:00;0,4355
2026-02-21 22:00;0,4155
2026-02-21 23:00;0,4300
2026-02-22 00:00;0,4109
2026-02-22 01:00;0,4248
2026-02-22 02:00;0,4343
2026-02-22 03:00;0,4211
2026-02-22 04:00;0,4248
2026-02-22 05:00;0,4578
2026-02-22 06:00;0,4498
2026-02-22 07:00;0,4613
2026-02-22 08:00;0,4373
2026-02-22 09:00;0,4435
2026-02-22 10:00;0,4593
2026-02-22 11:00;0,5031
2026-02-22 12:00;0,5239
2026-02-22 13:00;0,4789
2026-02-22 14:00;0,5085
2026-02-22 15:00;0,5108
2026-02-22 16:00;0,4595
2026-02-22 17:00;0,4876
2026-02-22 18:00;0,4704
2026-02-22 19:00;0,4141
2026-02-22 20:00;0,4213
2026-02-22 21:00;0,4355
2026-02-22 22:00;0,4155
2026-02-22 23:00;0,4300
2026-02-23 00:00;0,4109
2026-02-23 01:00;0,4248
2026-02-23 02:00;0,4343
2026-02-23 03:00;0,4211
2026-02-23 04:00;0,4248
2026-02-23 05:00;0,4578
2026-02-23 06:00;0,4498
2026-02-23 07:00;0,4613
2026-02-23 08:00;0,4373
2026-02-23 09:00;0,4435
2026-02-23 10:00;0,4593
2026-02-23 11:00;0,5031
2026-02-23 12:00;0,5239
2026-02-23 13:00;0,4789
2026-02-23 14:00;0,5085
2026-02-23 15:00;0,5108
2026-02-23 16:00;0,4595
2026-02-23 17:00;0,4876
2026-02-23 18:00;0,4704
2026-02-23 19:00;0,4141
2026-02-23 20:00;0,4213
2026-02-23 21:00;0,4355
2026-02-23 22:00;0,4155
2026-02-23 23:00;0,4300
2026-02-24 00:00;0,4109
2026-02-24 01:00;0,4248
2026-02-24 02:00;0,4343
2026-02-24 03:00;0,4211
2026-02-24 04:00;0,4248
2026-02-24 05:00;0,4578
2026-02-24 06:00;0,4498
2026-02-24 07:00;0,4613
2026-02-24 08:00;0,4373
2026-02-24 09:00;0,4435
2026-02-24 10:00;0,4593
2026-02-24 11:00;0,5031
2026-02-24 12:00;0,5239
2026-02-24 13:00;0,4789
2026-02-24 14:00;0,5085
2026-02-24 15:00;0,5108
2026-02-24 16:00;0,4595
2026-02-24 17:00;0,4876
2026-02-24 18:00;0,4704
2026-02-24 19:00;0,4141
2026-02-24 20:00;0,4213
2026-02-24 21:00;0,4355
2026-02-24 22:00;0,4155
2026-02-24 23:00;0,4300
2026-02-25 00:00;0,4109
2026-02-25 01:00;0,4248
2026-02-25 02:00;0,4343
2026-02-25 03:00;0,4211
2026-02-25 04:00;0,4248
2026-02-25 05:00;0,4578
2026-02-25 06:00;0,4498
2026-02-25 07:00;0,4613
2026-02-25 08:00;0,4373
2026-02-25 09:00;0,4435
2026-02-25 10:00;0,4593
2026-02-25 11:00;0,5031
2026-02-25 12:00;0,5239
2026-02-25 13:00;0,4789
2026-02-25 14:00;0,5085
2026-02-25 15:00;0,5108
2026-02-25 16:00;0,4595
2026-02-25 17:00;0,4876
2026-02-25 18:00;0,4704
2026-02-25 19:00;0,4141
2026-02-25 20:00;0,4213
2026-02-25 21:00;0,4355
2026-02-25 22:00;0,4155
2026-02-25 23:00;0,4300
2026-02-26 00:00;0,4109
2026-02-26 01:00;0,4247
2026-02-26 02:00;0,4343
2026-02-26 03:00;0,4211
2026-02-26 04:00;0,4248
2026-02-26 05:00;0,4578
2026-02-26 06:00;0,4497
2026-02-26 07:00;0,4612
2026-02-26 08:00;0,4373
2026-02-26 09:00;0,4435
2026-02-26 10:00;0,4592
2026-02-26 11:00;0,5030
2026-02-26 12:00;0,5238
2026-02-26 13:00;0,4788
2026-02-26 14:00;0,5085
2026-02-26 15:00;0,5107
2026-02-26 16:00;0,4594
2026-02-26 17:00;0,4875
2026-02-26 18:00;0,4703
2026-02-26 19:00;0,4140
2026-02-26 20:00;0,4212
2026-02-26 21:00;0,4354
2026-02-26 22:00;0,4154
2026-02-26 23:00;0,4299
2026-02-27 00:00;0,4108
2026-02-27 01:00;0,4247
2026-02-27 02:00;0,4342
2026-02-27 03:00;0,4210
2026-02-27 04:00;0,4247
2026-02-27 05:00;0,4577
2026-02-27 06:00;0,4497
2026-02-27 07:00;0,4611
2026-02-27 08:00;0,4372
2026-02-27 09:00;0,4434
2026-02-27 10:00;0,4591
2026-02-27 11:00;0,5030
2026-02-27 12:00;0,5237
2026-02-27 13:00;0,4787
2026-02-27 14:00;0,5084
2026-02-27 15:00;0,5106
2026-02-27 16:00;0,4593
2026-02-27 17:00;0,4874
2026-02-27 18:00;0,4702
2026-02-27 19:00;0,4139
2026-02-27 20:00;0,4211
2026-02-27 21:00;0,4353
2026-02-27 22:00;0,4153
2026-02-27 23:00;0,4298
2026-02-28 00:00;0,4107
2026-02-28 01:00;0,4246
2026-02-28 02:00;0,4341
2026-02-28 03:00;0,4209
2026-02-28 04:00;0,4246
2026-02-28 05:00;0,4576
2026-02-28 06:00;0,4496
2026-02-28 07:00;0,4610
2026-02-28 08:00;0,4371
2026-02-28 09:00;0,4433
2026-02-28 10:00;0,4590
2026-02-28 11:00;0,5029
2026-02-28 12:00;0,5237
2026-02-28 13:00;0,4786
2026-02-28 14:00;0,5083
2026-02-28 15:00;0,5105
2026-02-28 16:00;0,4592
2026-02-28 17:00;0,4873
2026-02-28 18:00;0,4701
2026-02-28 19:00;0,4138
2026-02-28 20:00;0,4210
2026-02-28 21:00;0,4352
2026-02-28 22:00;0,4152
2026-02-28 23:00;0,4297
2026-03-01 00:00;0,4297
2026-03-01 01:00;0,4042
2026-03-01 02:00;0,4133
2026-03-01 03:00;0,4313
2026-03-01 04:00;0,4067
2026-03-01 05:00;0,4296
2026-03-01 06:00;0,4564
2026-03-01 07:00;0,4462
2026-03-01 08:00;0,4539
2026-03-01 09:00;0,4657
2026-03-01 10:00;0,4643
2026-03-01 11:00;0,5292
2026-03-01 12:00;0,5336
2026-03-01 13:00;0,4997
2026-03-01 14:00;0,5486
2026-03-01 15:00;0,5596
2026-03-01 16:00;0,5312
2026-03-01 17:00;0,5643
2026-03-01 18:00;0,5616
2026-03-01 19:00;0,5038
2026-03-01 20:00;0,5018
2026-03-01 21:00;0,4584
2026-03-01 22:00;0,4109
2026-03-01 23:00;0,4214
2026-03-02 00:00;0,4296
2026-03-02 01:00;0,4041
2026-03-02 02:00;0,4132
2026-03-02 03:00;0,4312
2026-03-02 04:00;0,4066
2026-03-02 05:00;0,4295
2026-03-02 06:00;0,4563
2026-03-02 07:00;0,4461
2026-03-02 08:00;0,4538
2026-03-02 09:00;0,4656
2026-03-02 10:00;0,4642
2026-03-02 11:00;0,5291
2026-03-02 12:00;0,5335
2026-03-02 13:00;0,4996
2026-03-02 14:00;0,5485
2026-03-02 15:00;0,5595
2026-03-02 16:00;0,5311
2026-03-02 17:00;0,5642
2026-03-02 18:00;0,5615
2026-03-02 19:00;0,5037
2026-03-02 20:00;0,5017
2026-03-02 21:00;0,4583
2026-03-02 22:00;0,4108
2026-03-02 23:00;0,4213
2026-03-03 00:00;0,4295
2026-03-03 01:00;0,4040
2026-03-03 02:00;0,4131
2026-03-03 03:00;0,4311
2026-03-03 04:00;0,4065
2026-03-03 05:00;0,4294
2026-03-03 06:00;0,4562
2026-03-03 07:00;0,4460
2026-03-03 08:00;0,4537
2026-03-03 09:00;0,4655
2026-03-03 10:00;0,4641
2026-03-03 11:00;0,5290
2026-03-03 12:00;0,5334
2026-03-03 13:00;0,4995
2026-03-03 14:00;0,5484
2026-03-03 15:00;0,5595
2026-03-03 16:00;0,5310
2026-03-03 17:00;0,5641
2026-03-03 18:00;0,5614
2026-03-03 19:00;0,5036
2026-03-03 20:00;0,5016
2026-03-03 21:00;0,4582
2026-03-03 22:00;0,4107
2026-03-03 23:00;0,4212
2026-03-04 00:00;0,4294
2026-03-04 01:00;0,4039
2026-03-04 02:00;0,4130
2026-03-04 03:00;0,4310
2026-03-04 04:00;0,4064
2026-03-04 05:00;0,4293
2026-03-04 06:00;0,4561
2026-03-04 07:00;0,4459
2026-03-04 08:00;0,4536
2026-03-04 09:00;0,4655
2026-03-04 10:00;0,4640
2026-03-04 11:00;0,5290
2026-03-04 12:00;0,5334
2026-03-04 13:00;0,4995
2026-03-04 14:00;0,5484
2026-03-04 15:00;0,5594
2026-03-04 16:00;0,5310
2026-03-04 17:00;0,5641
2026-03-04 18:00;0,5614
2026-03-04 19:00;0,5036
2026-03-04 20:00;0,5016
2026-03-04 21:00;0,4582
2026-03-04 22:00;0,4107
2026-03-04 23:00;0,4212
2026-03-05 00:00;0,4294
2026-03-05 01:00;0,4039
2026-03-05 02:00;0,4130
2026-03-05 03:00;0,4310
2026-03-05 04:00;0,4064
2026-03-05 05:00;0,4293
2026-03-05 06:00;0,4561
2026-03-05 07:00;0,4459
2026-03-05 08:00;0,4536
2026-03-05 09:00;0,4655
2026-03-05 10:00;0,4640
2026-03-05 11:00;0,5290
2026-03-05 12:00;0,5334
2026-03-05 13:00;0,4995
2026-03-05 14:00;0,5484
2026-03-05 15:00;0,5594
2026-03-05 16:00;0,5310
2026-03-05 17:00;0,5641
2026-03-05 18:00;0,5614
2026-03-05 19:00;0,5036
2026-03-05 20:00;0,5016
2026-03-05 21:00;0,4582
2026-03-05 22:00;0,4107
2026-03-05 23:00;0,4212
2026-03-06 00:00;0,4294
2026-03-06 01:00;0,4039
2026-03-06 02:00;0,4130
2026-03-06 03:00;0,4310
2026-03-06 04:00;0,4064
2026-03-06 05:00;0,4293
2026-03-06 06:00;0,4561
2026-03-06 07:00;0,4459
2026-03-06 08:00;0,4536
2026-03-06 09:00;0,4655
2026-03-06 10:00;0,4640
2026-03-06 11:00;0,5290
2026-03-06 12:00;0,5334
2026-03-06 13:00;0,4995
2026-03-06 14:00;0,5484
2026-03-06 15:00;0,5594
2026-03-06 16:00;0,5310
2026-03-06 17:00;0,5641
2026-03-06 18:00;0,5614
2026-03-06 19:00;0,5036
2026-03-06 20:00;0,5016
2026-03-06 21:00;0,4582
2026-03-06 22:00;0,4107
2026-03-06 23:00;0,4212
2026-03-07 00:00;0,4294
2026-03-07 01:00;0,4039
2026-03-07 02:00;0,4130
2026-03-07 03:00;0,4310
2026-03-07 04:00;0,4064
2026-03-07 05:00;0,4293
2026-03-07 06:00;0,4561
2026-03-07 07:00;0,4459
2026-03-07 08:00;0,4536
2026-03-07 09:00;0,4655
2026-03-07 10:00;0,4640
2026-03-07 11:00;0,5290
2026-03-07 12:00;0,5334
2026-03-07 13:00;0,4995
2026-03-07 14:00;0,5484
2026-03-07 15:00;0,5594
2026-03-07 16:00;0,5310
2026-03-07 17:00;0,5641
2026-03-07 18:00;0,5614
2026-03-07 19:00;0,5036
2026-03-07 20:00;0,5016
2026-03-07 21:00;0,4582
2026-03-07 22:00;0,4107
2026-03-07 23:00;0,4212
2026-03-08 00:00;0,4294
2026-03-08 01:00;0,4039
2026-03-08 02:00;0,4130
2026-03-08 03:00;0,4310
2026-03-08 04:00;0,4064
2026-03-08 05:00;0,4293
2026-03-08 06:00;0,4561
2026-03-08 07:00;0,4459
2026-03-08 08:00;0,4536
2026-03-08 09:00;0,4655
2026-03-08 10:00;0,4640
2026-03-08 11:00;0,5290
2026-03-08 12:00;0,5334
2026-03-08 13:00;0,4995
2026-03-08 14:00;0,5484
2026-03-08 15:00;0,5594
2026-03-08 16:00;0,5310
2026-03-08 17:00;0,5641
2026-03-08 18:00;0,5614
2026-03-08 19:00;0,5036
2026-03-08 20:00;0,5016
2026-03-08 21:00;0,4582
2026-03-08 22:00;0,4107
2026-03-08 23:00;0,4212
2026-03-09 00:00;0,4294
2026-03-09 01:00;0,4039
2026-03-09 02:00;0,4130
2026-03-09 03:00;0,4310
2026-03-09 04:00;0,4064
2026-03-09 05:00;0,4293
2026-03-09 06:00;0,4561
2026-03-09 07:00;0,4459
2026-03-09 08:00;0,4536
2026-03-09 09:00;0,4655
2026-03-09 10:00;0,4640
2026-03-09 11:00;0,5290
2026-03-09 12:00;0,5334
2026-03-09 13:00;0,4995
2026-03-09 14:00;0,5484
2026-03-09 15:00;0,5594
2026-03-09 16:00;0,5310
2026-03-09 17:00;0,5641
2026-03-09 18:00;0,5614
2026-03-09 19:00;0,5036
2026-03-09 20:00;0,5016
2026-03-09 21:00;0,4582
2026-03-09 22:00;0,4107
2026-03-09 23:00;0,4212
2026-03-10 00:00;0,4294
2026-03-10 01:00;0,4039
2026-03-10 02:00;0,4130
2026-03-10 03:00;0,4310
2026-03-10 04:00;0,4064
2026-03-10 05:00;0,4293
2026-03-10 06:00;0,4561
2026-03-10 07:00;0,4459
2026-03-10 08:00;0,4536
2026-03-10 09:00;0,4655
2026-03-10 10:00;0,4640
2026-03-10 11:00;0,5290
2026-03-10 12:00;0,5334
2026-03-10 13:00;0,4995
2026-03-10 14:00;0,5484
2026-03-10 15:00;0,5594
2026-03-10 16:00;0,5310
2026-03-10 17:00;0,5641
2026-03-10 18:00;0,5614
2026-03-10 19:00;0,5036
2026-03-10 20:00;0,5016
2026-03-10 21:00;0,4582
2026-03-10 22:00;0,4107
2026-03-10 23:00;0,4212
2026-03-11 00:00;0,4294
2026-03-11 01:00;0,4039
2026-03-11 02:00;0,4130
2026-03-11 03:00;0,4310
2026-03-11 04:00;0,4064
2026-03-11 05:00;0,4293
2026-03-11 06:00;0,4561
2026-03-11 07:00;0,4459
2026-03-11 08:00;0,4536
2026-03-11 09:00;0,4655
2026-03-11 10:00;0,4640
2026-03-11 11:00;0,5290
2026-03-11 12:00;0,5334
2026-03-11 13:00;0,4995
2026-03-11 14:00;0,5484
2026-03-11 15:00;0,5594
2026-03-11 16:00;0,5310
2026-03-11 17:00;0,5641
2026-03-11 18:00;0,5614
2026-03-11 19:00;0,5036
2026-03-11 20:00;0,5016
2026-03-11 21:00;0,4582
2026-03-11 22:00;0,4107
2026-03-11 23:00;0,4212
2026-03-12 00:00;0,4294
2026-03-12 01:00;0,4039
2026-03-12 02:00;0,4130
2026-03-12 03:00;0,4310
2026-03-12 04:00;0,4064
2026-03-12 05:00;0,4293
2026-03-12 06:00;0,4561
2026-03-12 07:00;0,4459
2026-03-12 08:00;0,4536
2026-03-12 09:00;0,4655
2026-03-12 10:00;0,4640
2026-03-12 11:00;0,5290
2026-03-12 12:00;0,5334
2026-03-12 13:00;0,4995
2026-03-12 14:00;0,5484
2026-03-12 15:00;0,5594
2026-03-12 16:00;0,5310
2026-03-12 17:00;0,5641
2026-03-12 18:00;0,5614
2026-03-12 19:00;0,5036
2026-03-12 20:00;0,5016
2026-03-12 21:00;0,4582
2026-03-12 22:00;0,4107
2026-03-12 23:00;0,4212
2026-03-13 00:00;0,4294
2026-03-13 01:00;0,4039
2026-03-13 02:00;0,4130
2026-03-13 03:00;0,4310
2026-03-13 04:00;0,4064
2026-03-13 05:00;0,4293
2026-03-13 06:00;0,4561
2026-03-13 07:00;0,4459
2026-03-13 08:00;0,4536
2026-03-13 09:00;0,4655
2026-03-13 10:00;0,4640
2026-03-13 11:00;0,5290
2026-03-13 12:00;0,5334
2026-03-13 13:00;0,4995
2026-03-13 14:00;0,5484
2026-03-13 15:00;0,5594
2026-03-13 16:00;0,5310
2026-03-13 17:00;0,5641
2026-03-13 18:00;0,5614
2026-03-13 19:00;0,5036
2026-03-13 20:00;0,5016
2026-03-13 21:00;0,4582
2026-03-13 22:00;0,4107
2026-03-13 23:00;0,4212
2026-03-14 00:00;0,4294
2026-03-14 01:00;0,4039
2026-03-14 02:00;0,4130
2026-03-14 03:00;0,4310
2026-03-14 04:00;0,4064
2026-03-14 05:00;0,4293
2026-03-14 06:00;0,4561
2026-03-14 07:00;0,4459
2026-03-14 08:00;0,4536
2026-03-14 09:00;0,4655
2026-03-14 10:00;0,4640
2026-03-14 11:00;0,5290
2026-03-14 12:00;0,5334
2026-03-14 13:00;0,4995
2026-03-14 14:00;0,5484
2026-03-14 15:00;0,5594
2026-03-14 16:00;0,5310
2026-03-14 17:00;0,5641
2026-03-14 18:00;0,5614
2026-03-14 19:00;0,5036
2026-03-14 20:00;0,5016
2026-03-14 21:00;0,4582
2026-03-14 22:00;0,4107
2026-03-14 23:00;0,4212
2026-03-15 00:00;0,4294
2026-03-15 01:00;0,4039
2026-03-15 02:00;0,4130
2026-03-15 03:00;0,4310
2026-03-15 04:00;0,4064
2026-03-15 05:00;0,4293
2026-03-15 06:00;0,4561
2026-03-15 07:00;0,4459
2026-03-15 08:00;0,4536
2026-03-15 09:00;0,4655
2026-03-15 10:00;0,4640
2026-03-15 11:00;0,5290
2026-03-15 12:00;0,5334
2026-03-15 13:00;0,4995
2026-03-15 14:00;0,5484
2026-03-15 15:00;0,5594
2026-03-15 16:00;0,5310
2026-03-15 17:00;0,5641
2026-03-15 18:00;0,5614
2026-03-15 19:00;0,5036
2026-03-15 20:00;0,5016
2026-03-15 21:00;0,4582
2026-03-15 22:00;0,4107
2026-03-15 23:00;0,4212
2026-03-16 00:00;0,4294
2026-03-16 01:00;0,4039
2026-03-16 02:00;0,4130
2026-03-16 03:00;0,4310
2026-03-16 04:00;0,4064
2026-03-16 05:00;0,4293
2026-03-16 06:00;0,4561
2026-03-16 07:00;0,4459
2026-03-16 08:00;0,4536
2026-03-16 09:00;0,4655
2026-03-16 10:00;0,4640
2026-03-16 11:00;0,5290
2026-03-16 12:00;0,5334
2026-03-16 13:00;0,4995
2026-03-16 14:00;0,5484
2026-03-16 15:00;0,5594
2026-03-16 16:00;0,5310
2026-03-16 17:00;0,5641
2026-03-16 18:00;0,5614
2026-03-16 19:00;0,5036
2026-03-16 20:00;0,5016
2026-03-16 21:00;0,4582
2026-03-16 22:00;0,4107
2026-03-16 23:00;0,4212
2026-03-17 00:00;0,4294
2026-03-17 01:00;0,4039
2026-03-17 02:00;0,4130
2026-03-17 03:00;0,4310
2026-03-17 04:00;0,4064
2026-03-17 05:00;0,4293
2026-03-17 06:00;0,4561
2026-03-17 07:00;0,4459
2026-03-17 08:00;0,4536
2026-03-17 09:00;0,4655
2026-03-17 10:00;0,4640
2026-03-17 11:00;0,5290
2026-03-17 12:00;0,5334
2026-03-17 13:00;0,4995
2026-03-17 14:00;0,5484
2026-03-17 15:00;0,5594
2026-03-17 16:00;0,5310
2026-03-17 17:00;0,5641
2026-03-17 18:00;0,5614
2026-03-17 19:00;0,5036
2026-03-17 20:00;0,5016
2026-03-17 21:00;0,4582
2026-03-17 22:00;0,4107
2026-03-17 23:00;0,4212
2026-03-18 00:00;0,4294
2026-03-18 01:00;0,4039
2026-03-18 02:00;0,4130
2026-03-18 03:00;0,4310
2026-03-18 04:00;0,4064
2026-03-18 05:00;0,4293
2026-03-18 06:00;0,4561
2026-03-18 07:00;0,4459
2026-03-18 08:00;0,4536
2026-03-18 09:00;0,4655
2026-03-18 10:00;0,4640
2026-03-18 11:00;0,5290
2026-03-18 12:00;0,5334
2026-03-18 13:00;0,4995
2026-03-18 14:00;0,5484
2026-03-18 15:00;0,5594
2026-03-18 16:00;0,5310
2026-03-18 17:00;0,5641
2026-03-18 18:00;0,5614
2026-03-18 19:00;0,5036
2026-03-18 20:00;0,5016
2026-03-18 21:00;0,4582
2026-03-18 22:00;0,4107
2026-03-18 23:00;0,4212
2026-03-19 00:00;0,4294
2026-03-19 01:00;0,4039
2026-03-19 02:00;0,4130
2026-03-19 03:00;0,4310
2026-03-19 04:00;0,4064
2026-03-19 05:00;0,4293
2026-03-19 06:00;0,4561
2026-03-19 07:00;0,4459
2026-03-19 08:00;0,4536
2026-03-19 09:00;0,4655
2026-03-19 10:00;0,4640
2026-03-19 11:00;0,5290
2026-03-19 12:00;0,5334
2026-03-19 13:00;0,4995
2026-03-19 14:00;0,5484
2026-03-19 15:00;0,5594
2026-03-19 16:00;0,5310
2026-03-19 17:00;0,5641
2026-03-19 18:00;0,5614
2026-03-19 19:00;0,5036
2026-03-19 20:00;0,5016
2026-03-19 21:00;0,4582
2026-03-19 22:00;0,4107
2026-03-19 23:00;0,4212
2026-03-20 00:00;0,4294
2026-03-20 01:00;0,4039
2026-03-20 02:00;0,4130
2026-03-20 03:00;0,4310
2026-03-20 04:00;0,4064
2026-03-20 05:00;0,4293
2026-03-20 06:00;0,4561
2026-03-20 07:00;0,4459
2026-03-20 08:00;0,4536
2026-03-20 09:00;0,4655
2026-03-20 10:00;0,4640
2026-03-20 11:00;0,5290
2026-03-20 12:00;0,5334
2026-03-20 13:00;0,4995
2026-03-20 14:00;0,5484
2026-03-20 15:00;0,5594
2026-03-20 16:00;0,5310
2026-03-20 17:00;0,5641
2026-03-20 18:00;0,5614
2026-03-20 19:00;0,5036
2026-03-20 20:00;0,5016
2026-03-20 21:00;0,4582
2026-03-20 22:00;0,4107
2026-03-20 23:00;0,4212
2026-03-21 00:00;0,4294
2026-03-21 01:00;0,4039
2026-03-21 02:00;0,4130
2026-03-21 03:00;0,4310
2026-03-21 04:00;0,4064
2026-03-21 05:00;0,4293
2026-03-21 06:00;0,4561
2026-03-21 07:00;0,4459
2026-03-21 08:00;0,4536
2026-03-21 09:00;0,4655
2026-03-21 10:00;0,4640
2026-03-21 11:00;0,5290
2026-03-21 12:00;0,5334
2026-03-21 13:00;0,4995
2026-03-21 14:00;0,5484
2026-03-21 15:00;0,5594
2026-03-21 16:00;0,5310
2026-03-21 17:00;0,5641
2026-03-21 18:00;0,5614
2026-03-21 19:00;0,5036
2026-03-21 20:00;0,5016
2026-03-21 21:00;0,4582
2026-03-21 22:00;0,4107
2026-03-21 23:00;0,4212
2026-03-22 00:00;0,4294
2026-03-22 01:00;0,4039
2026-03-22 02:00;0,4130
2026-03-22 03:00;0,4310
2026-03-22 04:00;0,4064
2026-03-22 05:00;0,4293
2026-03-22 06:00;0,4561
2026-03-22 07:00;0,4459
2026-03-22 08:00;0,4536
2026-03-22 09:00;0,4655
2026-03-22 10:00;0,4640
2026-03-22 11:00;0,5290
2026-03-22 12:00;0,5334
2026-03-22 13:00;0,4995
2026-03-22 14:00;0,5484
2026-03-22 15:00;0,5594
2026-03-22 16:00;0,5310
2026-03-22 17:00;0,5641
2026-03-22 18:00;0,5614
2026-03-22 19:00;0,5036
2026-03-22 20:00;0,5016
2026-03-22 21:00;0,4582
2026-03-22 22:00;0,4107
2026-03-22 23:00;0,4212
2026-03-23 00:00;0,4294
2026-03-23 01:00;0,4039
2026-03-23 02:00;0,4130
2026-03-23 03:00;0,4310
2026-03-23 04:00;0,4064
2026-03-23 05:00;0,4293
2026-03-23 06:00;0,4561
2026-03-23 07:00;0,4459
2026-03-23 08:00;0,4536
2026-03-23 09:00;0,4655
2026-03-23 10:00;0,4640
2026-03-23 11:00;0,5290
2026-03-23 12:00;0,5334
2026-03-23 13:00;0,4995
2026-03-23 14:00;0,5484
2026-03-23 15:00;0,5594
2026-03-23 16:00;0,5310
2026-03-23 17:00;0,5641
2026-03-23 18:00;0,5614
2026-03-23 19:00;0,5036
2026-03-23 20:00;0,5016
2026-03-23 21:00;0,4582
2026-03-23 22:00;0,4107
2026-03-23 23:00;0,4212
2026-03-24 00:00;0,4294
2026-03-24 01:00;0,4039
2026-03-24 02:00;0,4130
2026-03-24 03:00;0,4310
2026-03-24 04:00;0,4064
2026-03-24 05:00;0,4293
2026-03-24 06:00;0,4561
2026-03-24 07:00;0,4459
2026-03-24 08:00;0,4536
2026-03-24 09:00;0,4655
2026-03-24 10:00;0,4640
2026-03-24 11:00;0,5290
2026-03-24 12:00;0,5334
2026-03-24 13:00;0,4995
2026-03-24 14:00;0,5484
2026-03-24 15:00;0,5594
2026-03-24 16:00;0,5310
2026-03-24 17:00;0,5641
2026-03-24 18:00;0,5614
2026-03-24 19:00;0,5036
2026-03-24 20:00;0,5016
2026-03-24 21:00;0,4582
2026-03-24 22:00;0,4107
2026-03-24 23:00;0,4212
2026-03-25 00:00;0,4294
2026-03-25 01:00;0,4039
2026-03-25 02:00;0,4130
2026-03-25 03:00;0,4310
2026-03-25 04:00;0,4064
2026-03-25 05:00;0,4293
2026-03-25 06:00;0,4561
2026-03-25 07:00;0,4459
2026-03-25 08:00;0,4536
2026-03-25 09:00;0,4655
2026-03-25 10:00;0,4640
2026-03-25 11:00;0,5290
2026-03-25 12:00;0,5334
2026-03-25 13:00;0,4995
2026-03-25 14:00;0,5484
2026-03-25 15:00;0,5594
2026-03-25 16:00;0,5310
2026-03-25 17:00;0,5641
2026-03-25 18:00;0,5614
2026-03-25 19:00;0,5036
2026-03-25 20:00;0,5016
2026-03-25 21:00;0,4582
2026-03-25 22:00;0,4107
2026-03-25 23:00;0,4212
2026-03-26 00:00;0,4294
2026-03-26 01:00;0,4039
2026-03-26 02:00;0,4130
2026-03-26 03:00;0,4310
2026-03-26 04:00;0,4064
2026-03-26 05:00;0,4293
2026-03-26 06:00;0,4561
2026-03-26 07:00;0,4459
2026-03-26 08:00;0,4536
2026-03-26 09:00;0,4655
2026-03-26 10:00;0,4640
2026-03-26 11:00;0,5290
2026-03-26 12:00;0,5334
2026-03-26 13:00;0,4995
2026-03-26 14:00;0,5484
2026-03-26 15:00;0,5594
2026-03-26 16:00;0,5310
2026-03-26 17:00;0,5641
2026-03-26 18:00;0,5614
2026-03-26 19:00;0,5036
2026-03-26 20:00;0,5016
2026-03-26 21:00;0,4582
2026-03-26 22:00;0,4107
2026-03-26 23:00;0,4212
2026-03-27 00:00;0,4294
2026-03-27 01:00;0,4039
2026-03-27 02:00;0,4130
2026-03-27 03:00;0,4310
2026-03-27 04:00;0,4064
2026-03-27 05:00;0,4293
2026-03-27 06:00;0,4561
2026-03-27 07:00;0,4459
2026-03-27 08:00;0,4536
2026-03-27 09:00;0,4655
2026-03-27 10:00;0,4640
2026-03-27 11:00;0,5290
2026-03-27 12:00;0,5334
2026-03-27 13:00;0,4995
2026-03-27 14:00;0,5484
2026-03-27 15:00;0,5594
2026-03-27 16:00;0,5310
2026-03-27 17:00;0,5641
2026-03-27 18:00;0,5614
2026-03-27 19:00;0,5036
2026-03-27 20:00;0,5016
2026-03-27 21:00;0,4582
2026-03-27 22:00;0,4107
2026-03-27 23:00;0,4212
2026-03-28 00:00;0,4294
2026-03-28 01:00;0,4039
2026-03-28 02:00;0,4130
2026-03-28 03:00;0,4310
2026-03-28 04:00;0,4064
2026-03-28 05:00;0,4293
2026-03-28 06:00;0,4561
2026-03-28 07:00;0,4459
2026-03-28 08:00;0,4536
2026-03-28 09:00;0,4655
2026-03-28 10:00;0,4640
2026-03-28 11:00;0,5290
2026-03-28 12:00;0,5334
2026-03-28 13:00;0,4995
2026-03-28 14:00;0,5484
2026-03-28 15:00;0,5594
2026-03-28 16:00;0,5310
2026-03-28 17:00;0,5641
2026-03-28 18:00;0,5614
2026-03-28 19:00;0,5036
2026-03-28 20:00;0,5016
2026-03-28 21:00;0,4582
2026-03-28 22:00;0,4107
2026-03-28 23:00;0,4212
2026-03-29 00:00;0,4294
2026-03-29 01:00;0,4037
2026-03-29 02:00;0,4126
2026-03-29 03:00;0,4303
2026-03-29 04:00;0,4055
2026-03-29 05:00;0,4281
2026-03-29 06:00;0,4547
2026-03-29 07:00;0,4443
2026-03-29 08:00;0,4518
2026-03-29 09:00;0,4634
2026-03-29 10:00;0,4617
2026-03-29 11:00;0,5264
2026-03-29 12:00;0,5306
2026-03-29 13:00;0,4964
2026-03-29 14:00;0,5451
2026-03-29 15:00;0,5559
2026-03-29 16:00;0,5272
2026-03-29 17:00;0,5601
2026-03-29 18:00;0,5571
2026-03-29 19:00;0,4991
2026-03-29 20:00;0,4969
2026-03-29 21:00;0,4533
2026-03-29 22:00;0,4056
2026-03-29 23:00;0,4159
2026-03-30 00:00;0,4238
2026-03-30 01:00;0,3980
2026-03-30 02:00;0,4069
2026-03-30 03:00;0,4247
2026-03-30 04:00;0,3998
2026-03-30 05:00;0,4225
2026-03-30 06:00;0,4491
2026-03-30 07:00;0,4387
2026-03-30 08:00;0,4462
2026-03-30 09:00;0,4577
2026-03-30 10:00;0,4561
2026-03-30 11:00;0,5208
2026-03-30 12:00;0,5250
2026-03-30 13:00;0,4908
2026-03-30 14:00;0,5395
2026-03-30 15:00;0,5503
2026-03-30 16:00;0,5216
2026-03-30 17:00;0,5545
2026-03-30 18:00;0,5515
2026-03-30 19:00;0,4935
2026-03-30 20:00;0,4913
2026-03-30 21:00;0,4477
2026-03-30 22:00;0,4000
2026-03-30 23:00;0,4102
2026-03-31 00:00;0,4182
2026-03-31 01:00;0,3924
2026-03-31 02:00;0,4013
2026-03-31 03:00;0,4191
2026-03-31 04:00;0,3942
2026-03-31 05:00;0,4169
2026-03-31 06:00;0,4435
2026-03-31 07:00;0,4330
2026-03-31 08:00;0,4405
2026-03-31 09:00;0,4521
2026-03-31 10:00;0,4505
2026-03-31 11:00;0,5152
2026-03-31 12:00;0,5194
2026-03-31 13:00;0,4852
2026-03-31 14:00;0,5339
2026-03-31 15:00;0,5447
2026-03-31 16:00;0,5160
2026-03-31 17:00;0,5489
2026-03-31 18:00;0,5459
2026-03-31 19:00;0,4879
2026-03-31 20:00;0,4857
2026-03-31 21:00;0,4421
2026-03-31 22:00;0,3943
2026-03-31 23:00;0,4046
2026-04-01 00:00;0,4042
2026-04-01 01:00;0,3891
2026-04-01 02:00;0,4112
2026-04-01 03:00;0,4210
2026-04-01 04:00;0,4137
2026-04-01 05:00;0,4186
2026-04-01 06:00;0,4280
2026-04-01 07:00;0,4287
2026-04-01 08:00;0,4462
2026-04-01 09:00;0,4977
2026-04-01 10:00;0,4665
2026-04-01 11:00;0,5153
2026-04-01 12:00;0,5113
2026-04-01 13:00;0,4952
2026-04-01 14:00;0,5312
2026-04-01 15:00;0,5294
2026-04-01 16:00;0,4977
2026-04-01 17:00;0,5543
2026-04-01 18:00;0,5524
2026-04-01 19:00;0,4841
2026-04-01 20:00;0,5178
2026-04-01 21:00;0,4678
2026-04-01 22:00;0,3897
2026-04-01 23:00;0,4072
2026-04-02 00:00;0,3985
2026-04-02 01:00;0,3835
2026-04-02 02:00;0,4056
2026-04-02 03:00;0,4154
2026-04-02 04:00;0,4081
2026-04-02 05:00;0,4130
2026-04-02 06:00;0,4224
2026-04-02 07:00;0,4231
2026-04-02 08:00;0,4406
2026-04-02 09:00;0,4921
2026-04-02 10:00;0,4609
2026-04-02 11:00;0,5097
2026-04-02 12:00;0,5057
2026-04-02 13:00;0,4896
2026-04-02 14:00;0,5255
2026-04-02 15:00;0,5238
2026-04-02 16:00;0,4921
2026-04-02 17:00;0,5487
2026-04-02 18:00;0,5468
2026-04-02 19:00;0,4785
2026-04-02 20:00;0,5121
2026-04-02 21:00;0,4622
2026-04-02 22:00;0,3841
2026-04-02 23:00;0,4015
2026-04-03 00:00;0,3929
2026-04-03 01:00;0,3778
2026-04-03 02:00;0,4000
2026-04-03 03:00;0,4097
2026-04-03 04:00;0,4025
2026-04-03 05:00;0,4074
2026-04-03 06:00;0,4168
2026-04-03 07:00;0,4175
2026-04-03 08:00;0,4350
2026-04-03 09:00;0,4865
2026-04-03 10:00;0,4553
2026-04-03 11:00;0,5041
2026-04-03 12:00;0,5001
2026-04-03 13:00;0,4839
2026-04-03 14:00;0,5199
2026-04-03 15:00;0,5181
2026-04-03 16:00;0,4865
2026-04-03 17:00;0,5431
2026-04-03 18:00;0,5412
2026-04-03 19:00;0,4729
2026-04-03 20:00;0,5065
2026-04-03 21:00;0,4566
2026-04-03 22:00;0,3785
2026-04-03 23:00;0,3959
2026-04-04 00:00;0,3875
2026-04-04 01:00;0,3727
2026-04-04 02:00;0,3950
2026-04-04 03:00;0,4051
2026-04-04 04:00;0,3980
2026-04-04 05:00;0,4032
2026-04-04 06:00;0,4128
2026-04-04 07:00;0,4137
2026-04-04 08:00;0,4315
2026-04-04 09:00;0,4832
2026-04-04 10:00;0,4522
2026-04-04 11:00;0,5013
2026-04-04 12:00;0,4975
2026-04-04 13:00;0,4816
2026-04-04 14:00;0,5178
2026-04-04 15:00;0,5163
2026-04-04 16:00;0,4849
2026-04-04 17:00;0,5417
2026-04-04 18:00;0,5400
2026-04-04 19:00;0,4719
2026-04-04 20:00;0,5058
2026-04-04 21:00;0,4561
2026-04-04 22:00;0,3783
2026-04-04 23:00;0,3959
2026-04-05 00:00;0,3875
2026-04-05 01:00;0,3727
2026-04-05 02:00;0,3950
2026-04-05 03:00;0,4051
2026-04-05 04:00;0,3980
2026-04-05 05:00;0,4032
2026-04-05 06:00;0,4128
2026-04-05 07:00;0,4137
2026-04-05 08:00;0,4315
2026-04-05 09:00;0,4832
2026-04-05 10:00;0,4522
2026-04-05 11:00;0,5013
2026-04-05 12:00;0,4975
2026-04-05 13:00;0,4816
2026-04-05 14:00;0,5178
2026-04-05 15:00;0,5163
2026-04-05 16:00;0,4849
2026-04-05 17:00;0,5417
2026-04-05 18:00;0,5400
2026-04-05 19:00;0,4719
2026-04-05 20:00;0,5058
2026-04-05 21:00;0,4561
2026-04-05 22:00;0,3783
2026-04-05 23:00;0,3959
2026-04-06 00:00;0,3875
2026-04-06 01:00;0,3727
2026-04-06 02:00;0,3950
2026-04-06 03:00;0,4051
2026-04-06 04:00;0,3980
2026-04-06 05:00;0,4032
2026-04-06 06:00;0,4128
2026-04-06 07:00;0,4137
2026-04-06 08:00;0,4315
2026-04-06 09:00;0,4832
2026-04-06 10:00;0,4522
2026-04-06 11:00;0,5013
2026-04-06 12:00;0,4975
2026-04-06 13:00;0,4816
2026-04-06 14:00;0,5178
2026-04-06 15:00;0,5163
2026-04-06 16:00;0,4849
2026-04-06 17:00;0,5417
2026-04-06 18:00;0,5400
2026-04-06 19:00;0,4719
2026-04-06 20:00;0,5058
2026-04-06 21:00;0,4561
2026-04-06 22:00;0,3783
2026-04-06 23:00;0,3959
2026-04-07 00:00;0,3875
2026-04-07 01:00;0,3727
2026-04-07 02:00;0,3950
2026-04-07 03:00;0,4051
2026-04-07 04:00;0,3980
2026-04-07 05:00;0,4032
2026-04-07 06:00;0,4128
2026-04-07 07:00;0,4137
2026-04-07 08:00;0,4315
2026-04-07 09:00;0,4832
2026-04-07 10:00;0,4522
2026-04-07 11:00;0,5013
2026-04-07 12:00;0,4975
2026-04-07 13:00;0,4816
2026-04-07 14:00;0,5178
2026-04-07 15:00;0,5163
2026-04-07 16:00;0,4849
2026-04-07 17:00;0,5417
2026-04-07 18:00;0,5400
2026-04-07 19:00;0,4719
2026-04-07 20:00;0,5058
2026-04-07 21:00;0,4561
2026-04-07 22:00;0,3783
2026-04-07 23:00;0,3959
2026-04-08 00:00;0,3875
2026-04-08 01:00;0,3727
2026-04-08 02:00;0,3950
2026-04-08 03:00;0,4051
2026-04-08 04:00;0,3980
2026-04-08 05:00;0,4032
2026-04-08 06:00;0,4128
2026-04-08 07:00;0,4137
2026-04-08 08:00;0,4315
2026-04-08 09:00;0,4832
2026-04-08 10:00;0,4522
2026-04-08 11:00;0,5013
2026-04-08 12:00;0,4975
2026-04-08 13:00;0,4816
2026-04-08 14:00;0,5178
2026-04-08 15:00;0,5163
2026-04-08 16:00;0,4849
2026-04-08 17:00;0,5417
2026-04-08 18:00;0,5400
2026-04-08 19:00;0,4719
2026-04-08 20:00;0,5058
2026-04-08 21:00;0,4561
2026-04-08 22:00;0,3783
2026-04-08 23:00;0,3959
2026-04-09 00:00;0,3875
2026-04-09 01:00;0,3727
2026-04-09 02:00;0,3950
2026-04-09 03:00;0,4051
2026-04-09 04:00;0,3980
2026-04-09 05:00;0,4032
2026-04-09 06:00;0,4128
2026-04-09 07:00;0,4137
2026-04-09 08:00;0,4315
2026-04-09 09:00;0,4832
2026-04-09 10:00;0,4522
2026-04-09 11:00;0,5013
2026-04-09 12:00;0,4975
2026-04-09 13:00;0,4816
2026-04-09 14:00;0,5178
2026-04-09 15:00;0,5163
2026-04-09 16:00;0,4849
2026-04-09 17:00;0,5417
2026-04-09 18:00;0,5400
2026-04-09 19:00;0,4719
2026-04-09 20:00;0,5058
2026-04-09 21:00;0,4561
2026-04-09 22:00;0,3783
2026-04-09 23:00;0,3959
2026-04-10 00:00;0,3875
2026-04-10 01:00;0,3727
2026-04-10 02:00;0,3950
2026-04-10 03:00;0,4051
2026-04-10 04:00;0,3980
2026-04-10 05:00;0,4032
2026-04-10 06:00;0,4128
2026-04-10 07:00;0,4137
2026-04-10 08:00;0,4315
2026-04-10 09:00;0,4832
2026-04-10 10:00;0,4522
2026-04-10 11:00;0,5013
2026-04-10 12:00;0,4975
2026-04-10 13:00;0,4816
2026-04-10 14:00;0,5178
2026-04-10 15:00;0,5163
2026-04-10 16:00;0,4849
2026-04-10 17:00;0,5417
2026-04-10 18:00;0,5400
2026-04-10 19:00;0,4719
2026-04-10 20:00;0,5058
2026-04-10 21:00;0,4561
2026-04-10 22:00;0,3783
2026-04-10 23:00;0,3959
2026-04-11 00:00;0,3875
2026-04-11 01:00;0,3727
2026-04-11 02:00;0,3950
2026-04-11 03:00;0,4051
2026-04-11 04:00;0,3980
2026-04-11 05:00;0,4032
2026-04-11 06:00;0,4128
2026-04-11 07:00;0,4137
2026-04-11 08:00;0,4315
2026-04-11 09:00;0,4832
2026-04-11 10:00;0,4522
2026-04-11 11:00;0,5013
2026-04-11 12:00;0,4975
2026-04-11 13:00;0,4816
2026-04-11 14:00;0,5178
2026-04-11 15:00;0,5163
2026-04-11 16:00;0,4849
2026-04-11 17:00;0,5417
2026-04-11 18:00;0,5400
2026-04-11 19:00;0,4719
2026-04-11 20:00;0,5058
2026-04-11 21:00;0,4561
2026-04-11 22:00;0,3783
2026-04-11 23:00;0,3959
2026-04-12 00:00;0,3875
2026-04-12 01:00;0,3727
2026-04-12 02:00;0,3950
2026-04-12 03:00;0,4051
2026-04-12 04:00;0,3980
2026-04-12 05:00;0,4032
2026-04-12 06:00;0,4128
2026-04-12 07:00;0,4137
2026-04-12 08:00;0,4315
2026-04-12 09:00;0,4832
2026-04-12 10:00;0,4522
2026-04-12 11:00;0,5013
2026-04-12 12:00;0,4975
2026-04-12 13:00;0,4816
2026-04-12 14:00;0,5178
2026-04-12 15:00;0,5163
2026-04-12 16:00;0,4849
2026-04-12 17:00;0,5417
2026-04-12 18:00;0,5400
2026-04-12 19:00;0,4719
2026-04-12 20:00;0,5058
2026-04-12 21:00;0,4561
2026-04-12 22:00;0,3783
2026-04-12 23:00;0,3959
2026-04-13 00:00;0,3875
2026-04-13 01:00;0,3727
2026-04-13 02:00;0,3950
2026-04-13 03:00;0,4051
2026-04-13 04:00;0,3980
2026-04-13 05:00;0,4032
2026-04-13 06:00;0,4128
2026-04-13 07:00;0,4137
2026-04-13 08:00;0,4315
2026-04-13 09:00;0,4832
2026-04-13 10:00;0,4522
2026-04-13 11:00;0,5013
2026-04-13 12:00;0,4975
2026-04-13 13:00;0,4816
2026-04-13 14:00;0,5178
2026-04-13 15:00;0,5163
2026-04-13 16:00;0,4849
2026-04-13 17:00;0,5417
2026-04-13 18:00;0,5400
2026-04-13 19:00;0,4719
2026-04-13 20:00;0,5058
2026-04-13 21:00;0,4561
2026-04-13 22:00;0,3783
2026-04-13 23:00;0,3959
2026-04-14 00:00;0,3875
2026-04-14 01:00;0,3727
2026-04-14 02:00;0,3950
2026-04-14 03:00;0,4051
2026-04-14 04:00;0,3980
2026-04-14 05:00;0,4032
2026-04-14 06:00;0,4128
2026-04-14 07:00;0,4137
2026-04-14 08:00;0,4315
2026-04-14 09:00;0,4832
2026-04-14 10:00;0,4522
2026-04-14 11:00;0,5013
2026-04-14 12:00;0,4975
2026-04-14 13:00;0,4816
2026-04-14 14:00;0,5178
2026-04-14 15:00;0,5163
2026-04-14 16:00;0,4849
2026-04-14 17:00;0,5417
2026-04-14 18:00;0,5400
2026-04-14 19:00;0,4719
2026-04-14 20:00;0,5058
2026-04-14 21:00;0,4561
2026-04-14 22:00;0,3783
2026-04-14 23:00;0,3959
2026-04-15 00:00;0,3875
2026-04-15 01:00;0,3727
2026-04-15 02:00;0,3950
2026-04-15 03:00;0,4051
2026-04-15 04:00;0,3980
2026-04-15 05:00;0,4032
2026-04-15 06:00;0,4128
2026-04-15 07:00;0,4137
2026-04-15 08:00;0,4315
2026-04-15 09:00;0,4832
2026-04-15 10:00;0,4522
2026-04-15 11:00;0,5013
2026-04-15 12:00;0,4975
2026-04-15 13:00;0,4816
2026-04-15 14:00;0,5178
2026-04-15 15:00;0,5163
2026-04-15 16:00;0,4849
2026-04-15 17:00;0,5417
2026-04-15 18:00;0,5400
2026-04-15 19:00;0,4719
2026-04-15 20:00;0,5058
2026-04-15 21:00;0,4561
2026-04-15 22:00;0,3783
2026-04-15 23:00;0,3959
2026-04-16 00:00;0,3875
2026-04-16 01:00;0,3727
2026-04-16 02:00;0,3950
2026-04-16 03:00;0,4051
2026-04-16 04:00;0,3980
2026-04-16 05:00;0,4032
2026-04-16 06:00;0,4128
2026-04-16 07:00;0,4137
2026-04-16 08:00;0,4315
2026-04-16 09:00;0,4832
2026-04-16 10:00;0,4522
2026-04-16 11:00;0,5013
2026-04-16 12:00;0,4975
2026-04-16 13:00;0,4816
2026-04-16 14:00;0,5178
2026-04-16 15:00;0,5163
2026-04-16 16:00;0,4849
2026-04-16 17:00;0,5417
2026-04-16 18:00;0,5400
2026-04-16 19:00;0,4719
2026-04-16 20:00;0,5058
2026-04-16 21:00;0,4561
2026-04-16 22:00;0,3783
2026-04-16 23:00;0,3959
2026-04-17 00:00;0,3875
2026-04-17 01:00;0,3727
2026-04-17 02:00;0,3950
2026-04-17 03:00;0,4051
2026-04-17 04:00;0,3980
2026-04-17 05:00;0,4032
2026-04-17 06:00;0,4128
2026-04-17 07:00;0,4137
2026-04-17 08:00;0,4315
2026-04-17 09:00;0,4832
2026-04-17 10:00;0,4522
2026-04-17 11:00;0,5013
2026-04-17 12:00;0,4975
2026-04-17 13:00;0,4816
2026-04-17 14:00;0,5178
2026-04-17 15:00;0,5163
2026-04-17 16:00;0,4849
2026-04-17 17:00;0,5417
2026-04-17 18:00;0,5400
2026-04-17 19:00;0,4719
2026-04-17 20:00;0,5058
2026-04-17 21:00;0,4561
2026-04-17 22:00;0,3783
2026-04-17 23:00;0,3959
2026-04-18 00:00;0,3875
2026-04-18 01:00;0,3727
2026-04-18 02:00;0,3950
2026-04-18 03:00;0,4051
2026-04-18 04:00;0,3980
2026-04-18 05:00;0,4032
2026-04-18 06:00;0,4128
2026-04-18 07:00;0,4137
2026-04-18 08:00;0,4315
2026-04-18 09:00;0,4832
2026-04-18 10:00;0,4522
2026-04-18 11:00;0,5013
2026-04-18 12:00;0,4975
2026-04-18 13:00;0,4816
2026-04-18 14:00;0,5178
2026-04-18 15:00;0,5163
2026-04-18 16:00;0,4849
2026-04-18 17:00;0,5417
2026-04-18 18:00;0,5400
2026-04-18 19:00;0,4719
2026-04-18 20:00;0,5058
2026-04-18 21:00;0,4561
2026-04-18 22:00;0,3783
2026-04-18 23:00;0,3959
2026-04-19 00:00;0,3875
2026-04-19 01:00;0,3727
2026-04-19 02:00;0,3950
2026-04-19 03:00;0,4051
2026-04-19 04:00;0,3980
2026-04-19 05:00;0,4032
2026-04-19 06:00;0,4128
2026-04-19 07:00;0,4137
2026-04-19 08:00;0,4315
2026-04-19 09:00;0,4832
2026-04-19 10:00;0,4522
2026-04-19 11:00;0,5013
2026-04-19 12:00;0,4975
2026-04-19 13:00;0,4816
2026-04-19 14:00;0,5178
2026-04-19 15:00;0,5163
2026-04-19 16:00;0,4849
2026-04-19 17:00;0,5417
2026-04-19 18:00;0,5400
2026-04-19 19:00;0,4719
2026-04-19 20:00;0,5058
2026-04-19 21:00;0,4561
2026-04-19 22:00;0,3783
2026-04-19 23:00;0,3959
2026-04-20 00:00;0,3875
2026-04-20 01:00;0,3727
2026-04-20 02:00;0,3950
2026-04-20 03:00;0,4051
2026-04-20 04:00;0,3980
2026-04-20 05:00;0,4032
2026-04-20 06:00;0,4128
2026-04-20 07:00;0,4137
2026-04-20 08:00;0,4315
2026-04-20 09:00;0,4832
2026-04-20 10:00;0,4522
2026-04-20 11:00;0,5013
2026-04-20 12:00;0,4975
2026-04-20 13:00;0,4816
2026-04-20 14:00;0,5178
2026-04-20 15:00;0,5163
2026-04-20 16:00;0,4849
2026-04-20 17:00;0,5417
2026-04-20 18:00;0,5400
2026-04-20 19:00;0,4719
2026-04-20 20:00;0,5058
2026-04-20 21:00;0,4561
2026-04-20 22:00;0,3783
2026-04-20 23:00;0,3959
2026-04-21 00:00;0,3875
2026-04-21 01:00;0,3727
2026-04-21 02:00;0,3950
2026-04-21 03:00;0,4051
2026-04-21 04:00;0,3980
2026-04-21 05:00;0,4032
2026-04-21 06:00;0,4128
2026-04-21 07:00;0,4137
2026-04-21 08:00;0,4315
2026-04-21 09:00;0,4832
2026-04-21 10:00;0,4522
2026-04-21 11:00;0,5013
2026-04-21 12:00;0,4975
2026-04-21 13:00;0,4816
2026-04-21 14:00;0,5178
2026-04-21 15:00;0,5163
2026-04-21 16:00;0,4849
2026-04-21 17:00;0,5417
2026-04-21 18:00;0,5400
2026-04-21 19:00;0,4719
2026-04-21 20:00;0,5058
2026-04-21 21:00;0,4561
2026-04-21 22:00;0,3783
2026-04-21 23:00;0,3959
2026-04-22 00:00;0,3875
2026-04-22 01:00;0,3727
2026-04-22 02:00;0,3950
2026-04-22 03:00;0,4051
2026-04-22 04:00;0,3980
2026-04-22 05:00;0,4032
2026-04-22 06:00;0,4128
2026-04-22 07:00;0,4137
2026-04-22 08:00;0,4315
2026-04-22 09:00;0,4832
2026-04-22 10:00;0,4522
2026-04-22 11:00;0,5013
2026-04-22 12:00;0,4975
2026-04-22 13:00;0,4816
2026-04-22 14:00;0,5178
2026-04-22 15:00;0,5163
2026-04-22 16:00;0,4849
2026-04-22 17:00;0,5417
2026-04-22 18:00;0,5400
2026-04-22 19:00;0,4719
2026-04-22 20:00;0,5058
2026-04-22 21:00;0,4561
2026-04-22 22:00;0,3783
2026-04-22 23:00;0,3959
2026-04-23 00:00;0,3875
2026-04-23 01:00;0,3727
2026-04-23 02:00;0,3950
2026-04-23 03:00;0,4051
2026-04-23 04:00;0,3980
2026-04-23 05:00;0,4032
2026-04-23 06:00;0,4128
2026-04-23 07:00;0,4137
2026-04-23 08:00;0,4315
2026-04-23 09:00;0,4832
2026-04-23 10:00;0,4522
2026-04-23 11:00;0,5013
2026-04-23 12:00;0,4975
2026-04-23 13:00;0,4816
2026-04-23 14:00;0,5178
2026-04-23 15:00;0,5163
2026-04-23 16:00;0,4849
2026-04-23 17:00;0,5417
2026-04-23 18:00;0,5400
2026-04-23 19:00;0,4719
2026-04-23 20:00;0,5058
2026-04-23 21:00;0,4561
2026-04-23 22:00;0,3783
2026-04-23 23:00;0,3959
2026-04-24 00:00;0,3875
2026-04-24 01:00;0,3727
2026-04-24 02:00;0,3950
2026-04-24 03:00;0,4051
2026-04-24 04:00;0,3980
2026-04-24 05:00;0,4032
2026-04-24 06:00;0,4128
2026-04-24 07:00;0,4137
2026-04-24 08:00;0,4315
2026-04-24 09:00;0,4832
2026-04-24 10:00;0,4522
2026-04-24 11:00;0,5013
2026-04-24 12:00;0,4975
2026-04-24 13:00;0,4816
2026-04-24 14:00;0,5178
2026-04-24 15:00;0,5163
2026-04-24 16:00;0,4849
2026-04-24 17:00;0,5417
2026-04-24 18:00;0,5400
2026-04-24 19:00;0,4719
2026-04-24 20:00;0,5058
2026-04-24 21:00;0,4561
2026-04-24 22:00;0,3783
2026-04-24 23:00;0,3959
2026-04-25 00:00;0,3875
2026-04-25 01:00;0,3727
2026-04-25 02:00;0,3950
2026-04-25 03:00;0,4051
2026-04-25 04:00;0,3980
2026-04-25 05:00;0,4032
2026-04-25 06:00;0,4128
2026-04-25 07:00;0,4137
2026-04-25 08:00;0,4315
2026-04-25 09:00;0,4832
2026-04-25 10:00;0,4522
2026-04-25 11:00;0,5013
2026-04-25 12:00;0,4975
2026-04-25 13:00;0,4816
2026-04-25 14:00;0,5178
2026-04-25 15:00;0,5163
2026-04-25 16:00;0,4849
2026-04-25 17:00;0,5417
2026-04-25 18:00;0,5400
2026-04-25 19:00;0,4719
2026-04-25 20:00;0,5058
2026-04-25 21:00;0,4561
2026-04-25 22:00;0,3783
2026-04-25 23:00;0,3959
2026-04-26 00:00;0,3875
2026-04-26 01:00;0,3727
2026-04-26 02:00;0,3950
2026-04-26 03:00;0,4051
2026-04-26 04:00;0,3980
2026-04-26 05:00;0,4032
2026-04-26 06:00;0,4128
2026-04-26 07:00;0,4137
2026-04-26 08:00;0,4315
2026-04-26 09:00;0,4832
2026-04-26 10:00;0,4522
2026-04-26 11:00;0,5013
2026-04-26 12:00;0,4975
2026-04-26 13:00;0,4816
2026-04-26 14:00;0,5178
2026-04-26 15:00;0,5163
2026-04-26 16:00;0,4849
2026-04-26 17:00;0,5417
2026-04-26 18:00;0,5400
2026-04-26 19:00;0,4719
2026-04-26 20:00;0,5058
2026-04-26 21:00;0,4561
2026-04-26 22:00;0,3783
2026-04-26 23:00;0,3959
2026-04-27 00:00;0,3875
2026-04-27 01:00;0,3727
2026-04-27 02:00;0,3950
2026-04-27 03:00;0,4051
2026-04-27 04:00;0,3980
2026-04-27 05:00;0,4032
2026-04-27 06:00;0,4128
2026-04-27 07:00;0,4137
2026-04-27 08:00;0,4315
2026-04-27 09:00;0,4832
2026-04-27 10:00;0,4522
2026-04-27 11:00;0,5013
2026-04-27 12:00;0,4975
2026-04-27 13:00;0,4816
2026-04-27 14:00;0,5178
2026-04-27 15:00;0,5163
2026-04-27 16:00;0,4849
2026-04-27 17:00;0,5417
2026-04-27 18:00;0,5400
2026-04-27 19:00;0,4719
2026-04-27 20:00;0,5058
2026-04-27 21:00;0,4561
2026-04-27 22:00;0,3783
2026-04-27 23:00;0,3959
2026-04-28 00:00;0,3875
2026-04-28 01:00;0,3720
2026-04-28 02:00;0,3938
2026-04-28 03:00;0,4031
2026-04-28 04:00;0,3955
2026-04-28 05:00;0,4000
2026-04-28 06:00;0,4090
2026-04-28 07:00;0,4093
2026-04-28 08:00;0,4264
2026-04-28 09:00;0,4774
2026-04-28 10:00;0,4459
2026-04-28 11:00;0,4942
2026-04-28 12:00;0,4899
2026-04-28 13:00;0,4733
2026-04-28 14:00;0,5089
2026-04-28 15:00;0,5067
2026-04-28 16:00;0,4747
2026-04-28 17:00;0,5308
2026-04-28 18:00;0,5285
2026-04-28 19:00;0,4598
2026-04-28 20:00;0,4931
2026-04-28 21:00;0,4428
2026-04-28 22:00;0,3643
2026-04-28 23:00;0,3813
2026-04-29 00:00;0,3722
2026-04-29 01:00;0,3568
2026-04-29 02:00;0,3785
2026-04-29 03:00;0,3879
2026-04-29 04:00;0,3802
2026-04-29 05:00;0,3847
2026-04-29 06:00;0,3937
2026-04-29 07:00;0,3940
2026-04-29 08:00;0,4111
2026-04-29 09:00;0,4622
2026-04-29 10:00;0,4306
2026-04-29 11:00;0,4790
2026-04-29 12:00;0,4746
2026-04-29 13:00;0,4580
2026-04-29 14:00;0,4936
2026-04-29 15:00;0,4914
2026-04-29 16:00;0,4594
2026-04-29 17:00;0,5156
2026-04-29 18:00;0,5132
2026-04-29 19:00;0,4445
2026-04-29 20:00;0,4778
2026-04-29 21:00;0,4275
2026-04-29 22:00;0,3490
2026-04-29 23:00;0,3660
2026-04-30 00:00;0,3570
2026-04-30 01:00;0,3415
2026-04-30 02:00;0,3632
2026-04-30 03:00;0,3726
2026-04-30 04:00;0,3649
2026-04-30 05:00;0,3694
2026-04-30 06:00;0,3784
2026-04-30 07:00;0,3787
2026-04-30 08:00;0,3958
2026-04-30 09:00;0,4469
2026-04-30 10:00;0,4153
2026-04-30 11:00;0,4637
2026-04-30 12:00;0,4593
2026-04-30 13:00;0,4427
2026-04-30 14:00;0,4783
2026-04-30 15:00;0,4761
2026-04-30 16:00;0,4441
2026-04-30 17:00;0,5003
2026-04-30 18:00;0,4980
2026-04-30 19:00;0,4292
2026-04-30 20:00;0,4625
2026-04-30 21:00;0,4122
2026-04-30 22:00;0,3337
2026-04-30 23:00;0,3507
2026-05-01 00:00;0,3494
2026-05-01 01:00;0,3279
2026-05-01 02:00;0,3488
2026-05-01 03:00;0,3589
2026-05-01 04:00;0,3583
2026-05-01 05:00;0,3539
2026-05-01 06:00;0,3547
2026-05-01 07:00;0,3643
2026-05-01 08:00;0,4313
2026-05-01 09:00;0,4320
2026-05-01 10:00;0,3980
2026-05-01 11:00;0,4661
2026-05-01 12:00;0,4866
2026-05-01 13:00;0,4623
2026-05-01 14:00;0,5389
2026-05-01 15:00;0,5473
2026-05-01 16:00;0,5134
2026-05-01 17:00;0,5900
2026-05-01 18:00;0,5732
2026-05-01 19:00;0,5166
2026-05-01 20:00;0,5151
2026-05-01 21:00;0,4393
2026-05-01 22:00;0,3464
2026-05-01 23:00;0,3282
2026-05-02 00:00;0,3341
2026-05-02 01:00;0,3126
2026-05-02 02:00;0,3335
2026-05-02 03:00;0,3436
2026-05-02 04:00;0,3430
2026-05-02 05:00;0,3387
2026-05-02 06:00;0,3394
2026-05-02 07:00;0,3490
2026-05-02 08:00;0,4160
2026-05-02 09:00;0,4167
2026-05-02 10:00;0,3827
2026-05-02 11:00;0,4508
2026-05-02 12:00;0,4713
2026-05-02 13:00;0,4470
2026-05-02 14:00;0,5236
2026-05-02 15:00;0,5320
2026-05-02 16:00;0,4981
2026-05-02 17:00;0,5748
2026-05-02 18:00;0,5580
2026-05-02 19:00;0,5013
2026-05-02 20:00;0,4998
2026-05-02 21:00;0,4240
2026-05-02 22:00;0,3311
2026-05-02 23:00;0,3129
2026-05-03 00:00;0,3188
2026-05-03 01:00;0,2974
2026-05-03 02:00;0,3182
2026-05-03 03:00;0,3283
2026-05-03 04:00;0,3277
2026-05-03 05:00;0,3234
2026-05-03 06:00;0,3241
2026-05-03 07:00;0,3337
2026-05-03 08:00;0,4007
2026-05-03 09:00;0,4015
2026-05-03 10:00;0,3674
2026-05-03 11:00;0,4355
2026-05-03 12:00;0,4560
2026-05-03 13:00;0,4317
2026-05-03 14:00;0,5083
2026-05-03 15:00;0,5167
2026-05-03 16:00;0,4828
2026-05-03 17:00;0,5595
2026-05-03 18:00;0,5427
2026-05-03 19:00;0,4860
2026-05-03 20:00;0,4845
2026-05-03 21:00;0,4087
2026-05-03 22:00;0,3158
2026-05-03 23:00;0,2976
2026-05-04 00:00;0,3042
2026-05-04 01:00;0,2833
2026-05-04 02:00;0,3048
2026-05-04 03:00;0,3156
2026-05-04 04:00;0,3156
2026-05-04 05:00;0,3119
2026-05-04 06:00;0,3133
2026-05-04 07:00;0,3235
2026-05-04 08:00;0,3912
2026-05-04 09:00;0,3925
2026-05-04 10:00;0,3591
2026-05-04 11:00;0,4279
2026-05-04 12:00;0,4490
2026-05-04 13:00;0,4254
2026-05-04 14:00;0,5026
2026-05-04 15:00;0,5116
2026-05-04 16:00;0,4784
2026-05-04 17:00;0,5556
2026-05-04 18:00;0,5395
2026-05-04 19:00;0,4834
2026-05-04 20:00;0,4826
2026-05-04 21:00;0,4074
2026-05-04 22:00;0,3152
2026-05-04 23:00;0,2976
2026-05-05 00:00;0,3042
2026-05-05 01:00;0,2833
2026-05-05 02:00;0,3048
2026-05-05 03:00;0,3156
2026-05-05 04:00;0,3156
2026-05-05 05:00;0,3119
2026-05-05 06:00;0,3133
2026-05-05 07:00;0,3235
2026-05-05 08:00;0,3912
2026-05-05 09:00;0,3925
2026-05-05 10:00;0,3591
2026-05-05 11:00;0,4279
2026-05-05 12:00;0,4490
2026-05-05 13:00;0,4254
2026-05-05 14:00;0,5026
2026-05-05 15:00;0,5116
2026-05-05 16:00;0,4784
2026-05-05 17:00;0,5556
2026-05-05 18:00;0,5395
2026-05-05 19:00;0,4834
2026-05-05 20:00;0,4826
2026-05-05 21:00;0,4074
2026-05-05 22:00;0,3152
2026-05-05 23:00;0,2976
2026-05-06 00:00;0,3042
2026-05-06 01:00;0,2833
2026-05-06 02:00;0,3048
2026-05-06 03:00;0,3156
2026-05-06 04:00;0,3156
2026-05-06 05:00;0,3119
2026-05-06 06:00;0,3133
2026-05-06 07:00;0,3235
2026-05-06 08:00;0,3912
2026-05-06 09:00;0,3925
2026-05-06 10:00;0,3591
2026-05-06 11:00;0,4279
2026-05-06 12:00;0,4490
2026-05-06 13:00;0,4254
2026-05-06 14:00;0,5026
2026-05-06 15:00;0,5116
2026-05-06 16:00;0,4784
2026-05-06 17:00;0,5556
2026-05-06 18:00;0,5395
2026-05-06 19:00;0,4834
2026-05-06 20:00;0,4826
2026-05-06 21:00;0,4074
2026-05-06 22:00;0,3152
2026-05-06 23:00;0,2976
2026-05-07 00:00;0,3042
2026-05-07 01:00;0,2833
2026-05-07 02:00;0,3048
2026-05-07 03:00;0,3156
2026-05-07 04:00;0,3156
2026-05-07 05:00;0,3119
2026-05-07 06:00;0,3133
2026-05-07 07:00;0,3235
2026-05-07 08:00;0,3912
2026-05-07 09:00;0,3925
2026-05-07 10:00;0,3591
2026-05-07 11:00;0,4279
2026-05-07 12:00;0,4490
2026-05-07 13:00;0,4254
2026-05-07 14:00;0,5026
2026-05-07 15:00;0,5116
2026-05-07 16:00;0,4784
2026-05-07 17:00;0,5556
2026-05-07 18:00;0,5395
2026-05-07 19:00;0,4834
2026-05-07 20:00;0,4826
2026-05-07 21:00;0,4074
2026-05-07 22:00;0,3152
2026-05-07 23:00;0,2976
2026-05-08 00:00;0,3042
2026-05-08 01:00;0,2833
2026-05-08 02:00;0,3048
2026-05-08 03:00;0,3156
2026-05-08 04:00;0,3156
2026-05-08 05:00;0,3119
2026-05-08 06:00;0,3133
2026-05-08 07:00;0,3235
2026-05-08 08:00;0,3912
2026-05-08 09:00;0,3925
2026-05-08 10:00;0,3591
2026-05-08 11:00;0,4279
2026-05-08 12:00;0,4490
2026-05-08 13:00;0,4254
2026-05-08 14:00;0,5026
2026-05-08 15:00;0,5116
2026-05-08 16:00;0,4784
2026-05-08 17:00;0,5556
2026-05-08 18:00;0,5395
2026-05-08 19:00;0,4834
2026-05-08 20:00;0,4826
2026-05-08 21:00;0,4074
2026-05-08 22:00;0,3152
2026-05-08 23:00;0,2976
2026-05-09 00:00;0,3042
2026-05-09 01:00;0,2833
2026-05-09 02:00;0,3048
2026-05-09 03:00;0,3156
2026-05-09 04:00;0,3156
2026-05-09 05:00;0,3119
2026-05-09 06:00;0,3133
2026-05-09 07:00;0,3235
2026-05-09 08:00;0,3912
2026-05-09 09:00;0,3925
2026-05-09 10:00;0,3591
2026-05-09 11:00;0,4279
2026-05-09 12:00;0,4490
2026-05-09 13:00;0,4254
2026-05-09 14:00;0,5026
2026-05-09 15:00;0,5116
2026-05-09 16:00;0,4784
2026-05-09 17:00;0,5556
2026-05-09 18:00;0,5395
2026-05-09 19:00;0,4834
2026-05-09 20:00;0,4826
2026-05-09 21:00;0,4074
2026-05-09 22:00;0,3152
2026-05-09 23:00;0,2976
2026-05-10 00:00;0,3042
2026-05-10 01:00;0,2833
2026-05-10 02:00;0,3048
2026-05-10 03:00;0,3156
2026-05-10 04:00;0,3156
2026-05-10 05:00;0,3119
2026-05-10 06:00;0,3133
2026-05-10 07:00;0,3235
2026-05-10 08:00;0,3912
2026-05-10 09:00;0,3925
2026-05-10 10:00;0,3591
2026-05-10 11:00;0,4279
2026-05-10 12:00;0,4490
2026-05-10 13:00;0,4254
2026-05-10 14:00;0,5026
2026-05-10 15:00;0,5116
2026-05-10 16:00;0,4784
2026-05-10 17:00;0,5556
2026-05-10 18:00;0,5395
2026-05-10 19:00;0,4834
2026-05-10 20:00;0,4826
2026-05-10 21:00;0,4074
2026-05-10 22:00;0,3152
2026-05-10 23:00;0,2976
2026-05-11 00:00;0,3042
2026-05-11 01:00;0,2833
2026-05-11 02:00;0,3048
2026-05-11 03:00;0,3156
2026-05-11 04:00;0,3156
2026-05-11 05:00;0,3119
2026-05-11 06:00;0,3133
2026-05-11 07:00;0,3235
2026-05-11 08:00;0,3912
2026-05-11 09:00;0,3925
2026-05-11 10:00;0,3591
2026-05-11 11:00;0,4279
2026-05-11 12:00;0,4490
2026-05-11 13:00;0,4254
2026-05-11 14:00;0,5026
2026-05-11 15:00;0,5116
2026-05-11 16:00;0,4784
2026-05-11 17:00;0,5556
2026-05-11 18:00;0,5395
2026-05-11 19:00;0,4834
2026-05-11 20:00;0,4826
2026-05-11 21:00;0,4074
2026-05-11 22:00;0,3152
2026-05-11 23:00;0,2976
2026-05-12 00:00;0,3042
2026-05-12 01:00;0,2833
2026-05-12 02:00;0,3048
2026-05-12 03:00;0,3156
2026-05-12 04:00;0,3156
2026-05-12 05:00;0,3119
2026-05-12 06:00;0,3133
2026-05-12 07:00;0,3235
2026-05-12 08:00;0,3912
2026-05-12 09:00;0,3925
2026-05-12 10:00;0,3591
2026-05-12 11:00;0,4279
2026-05-12 12:00;0,4490
2026-05-12 13:00;0,4254
2026-05-12 14:00;0,5026
2026-05-12 15:00;0,5116
2026-05-12 16:00;0,4784
2026-05-12 17:00;0,5556
2026-05-12 18:00;0,5395
2026-05-12 19:00;0,4834
2026-05-12 20:00;0,4826
2026-05-12 21:00;0,4074
2026-05-12 22:00;0,3152
2026-05-12 23:00;0,2976
2026-05-13 00:00;0,3042
2026-05-13 01:00;0,2833
2026-05-13 02:00;0,3048
2026-05-13 03:00;0,3156
2026-05-13 04:00;0,3156
2026-05-13 05:00;0,3119
2026-05-13 06:00;0,3133
2026-05-13 07:00;0,3235
2026-05-13 08:00;0,3912
2026-05-13 09:00;0,3925
2026-05-13 10:00;0,3591
2026-05-13 11:00;0,4279
2026-05-13 12:00;0,4490
2026-05-13 13:00;0,4254
2026-05-13 14:00;0,5026
2026-05-13 15:00;0,5116
2026-05-13 16:00;0,4784
2026-05-13 17:00;0,5556
2026-05-13 18:00;0,5395
2026-05-13 19:00;0,4834
2026-05-13 20:00;0,4826
2026-05-13 21:00;0,4074
2026-05-13 22:00;0,3152
2026-05-13 23:00;0,2976
2026-05-14 00:00;0,3042
2026-05-14 01:00;0,2833
2026-05-14 02:00;0,3048
2026-05-14 03:00;0,3156
2026-05-14 04:00;0,3156
2026-05-14 05:00;0,3119
2026-05-14 06:00;0,3133
2026-05-14 07:00;0,3235
2026-05-14 08:00;0,3912
2026-05-14 09:00;0,3925
2026-05-14 10:00;0,3591
2026-05-14 11:00;0,4279
2026-05-14 12:00;0,4490
2026-05-14 13:00;0,4254
2026-05-14 14:00;0,5026
2026-05-14 15:00;0,5116
2026-05-14 16:00;0,4784
2026-05-14 17:00;0,5556
2026-05-14 18:00;0,5395
2026-05-14 19:00;0,4834
2026-05-14 20:00;0,4826
2026-05-14 21:00;0,4074
2026-05-14 22:00;0,3152
2026-05-14 23:00;0,2976
2026-05-15 00:00;0,3042
2026-05-15 01:00;0,2833
2026-05-15 02:00;0,3048
2026-05-15 03:00;0,3156
2026-05-15 04:00;0,3156
2026-05-15 05:00;0,3119
2026-05-15 06:00;0,3133
2026-05-15 07:00;0,3235
2026-05-15 08:00;0,3912
2026-05-15 09:00;0,3925
2026-05-15 10:00;0,3591
2026-05-15 11:00;0,4279
2026-05-15 12:00;0,4490
2026-05-15 13:00;0,4254
2026-05-15 14:00;0,5026
2026-05-15 15:00;0,5116
2026-05-15 16:00;0,4784
2026-05-15 17:00;0,5556
2026-05-15 18:00;0,5395
2026-05-15 19:00;0,4834
2026-05-15 20:00;0,4826
2026-05-15 21:00;0,4074
2026-05-15 22:00;0,3152
2026-05-15 23:00;0,2976
2026-05-16 00:00;0,3042
2026-05-16 01:00;0,2833
2026-05-16 02:00;0,3048
2026-05-16 03:00;0,3156
2026-05-16 04:00;0,3156
2026-05-16 05:00;0,3119
2026-05-16 06:00;0,3133
2026-05-16 07:00;0,3235
2026-05-16 08:00;0,3912
2026-05-16 09:00;0,3925
2026-05-16 10:00;0,3591
2026-05-16 11:00;0,4279
2026-05-16 12:00;0,4490
2026-05-16 13:00;0,4254
2026-05-16 14:00;0,5026
2026-05-16 15:00;0,5116
2026-05-16 16:00;0,4784
2026-05-16 17:00;0,5556
2026-05-16 18:00;0,5395
2026-05-16 19:00;0,4834
2026-05-16 20:00;0,4826
2026-05-16 21:00;0,4074
2026-05-16 22:00;0,3152
2026-05-16 23:00;0,2976
2026-05-17 00:00;0,3042
2026-05-17 01:00;0,2833
2026-05-17 02:00;0,3048
2026-05-17 03:00;0,3156
2026-05-17 04:00;0,3156
2026-05-17 05:00;0,3119
2026-05-17 06:00;0,3133
2026-05-17 07:00;0,3235
2026-05-17 08:00;0,3912
2026-05-17 09:00;0,3925
2026-05-17 10:00;0,3591
2026-05-17 11:00;0,4279
2026-05-17 12:00;0,4490
2026-05-17 13:00;0,4254
2026-05-17 14:00;0,5026
2026-05-17 15:00;0,5116
2026-05-17 16:00;0,4784
2026-05-17 17:00;0,5556
2026-05-17 18:00;0,5395
2026-05-17 19:00;0,4834
2026-05-17 20:00;0,4826
2026-05-17 21:00;0,4074
2026-05-17 22:00;0,3152
2026-05-17 23:00;0,2976
2026-05-18 00:00;0,3042
2026-05-18 01:00;0,2833
2026-05-18 02:00;0,3048
2026-05-18 03:00;0,3156
2026-05-18 04:00;0,3156
2026-05-18 05:00;0,3119
2026-05-18 06:00;0,3133
2026-05-18 07:00;0,3235
2026-05-18 08:00;0,3912
2026-05-18 09:00;0,3925
2026-05-18 10:00;0,3591
2026-05-18 11:00;0,4279
2026-05-18 12:00;0,4490
2026-05-18 13:00;0,4254
2026-05-18 14:00;0,5026
2026-05-18 15:00;0,5116
2026-05-18 16:00;0,4784
2026-05-18 17:00;0,5556
2026-05-18 18:00;0,5395
2026-05-18 19:00;0,4834
2026-05-18 20:00;0,4826
2026-05-18 21:00;0,4074
2026-05-18 22:00;0,3152
2026-05-18 23:00;0,2976
2026-05-19 00:00;0,3042
2026-05-19 01:00;0,2833
2026-05-19 02:00;0,3048
2026-05-19 03:00;0,3156
2026-05-19 04:00;0,3156
2026-05-19 05:00;0,3119
2026-05-19 06:00;0,3133
2026-05-19 07:00;0,3235
2026-05-19 08:00;0,3912
2026-05-19 09:00;0,3925
2026-05-19 10:00;0,3591
2026-05-19 11:00;0,4279
2026-05-19 12:00;0,4490
2026-05-19 13:00;0,4254
2026-05-19 14:00;0,5026
2026-05-19 15:00;0,5116
2026-05-19 16:00;0,4784
2026-05-19 17:00;0,5556
2026-05-19 18:00;0,5395
2026-05-19 19:00;0,4834
2026-05-19 20:00;0,4826
2026-05-19 21:00;0,4074
2026-05-19 22:00;0,3152
2026-05-19 23:00;0,2976
2026-05-20 00:00;0,3042
2026-05-20 01:00;0,2833
2026-05-20 02:00;0,3048
2026-05-20 03:00;0,3156
2026-05-20 04:00;0,3156
2026-05-20 05:00;0,3119
2026-05-20 06:00;0,3133
2026-05-20 07:00;0,3235
2026-05-20 08:00;0,3912
2026-05-20 09:00;0,3925
2026-05-20 10:00;0,3591
2026-05-20 11:00;0,4279
2026-05-20 12:00;0,4490
2026-05-20 13:00;0,4254
2026-05-20 14:00;0,5026
2026-05-20 15:00;0,5116
2026-05-20 16:00;0,4784
2026-05-20 17:00;0,5556
2026-05-20 18:00;0,5395
2026-05-20 19:00;0,4834
2026-05-20 20:00;0,4826
2026-05-20 21:00;0,4074
2026-05-20 22:00;0,3152
2026-05-20 23:00;0,2976
2026-05-21 00:00;0,3042
2026-05-21 01:00;0,2833
2026-05-21 02:00;0,3048
2026-05-21 03:00;0,3156
2026-05-21 04:00;0,3156
2026-05-21 05:00;0,3119
2026-05-21 06:00;0,3133
2026-05-21 07:00;0,3235
2026-05-21 08:00;0,3912
2026-05-21 09:00;0,3925
2026-05-21 10:00;0,3591
2026-05-21 11:00;0,4279
2026-05-21 12:00;0,4490
2026-05-21 13:00;0,4254
2026-05-21 14:00;0,5026
2026-05-21 15:00;0,5116
2026-05-21 16:00;0,4784
2026-05-21 17:00;0,5556
2026-05-21 18:00;0,5395
2026-05-21 19:00;0,4834
2026-05-21 20:00;0,4826
2026-05-21 21:00;0,4074
2026-05-21 22:00;0,3152
2026-05-21 23:00;0,2976
2026-05-22 00:00;0,3042
2026-05-22 01:00;0,2833
2026-05-22 02:00;0,3048
2026-05-22 03:00;0,3156
2026-05-22 04:00;0,3156
2026-05-22 05:00;0,3119
2026-05-22 06:00;0,3133
2026-05-22 07:00;0,3235
2026-05-22 08:00;0,3912
2026-05-22 09:00;0,3925
2026-05-22 10:00;0,3591
2026-05-22 11:00;0,4279
2026-05-22 12:00;0,4490
2026-05-22 13:00;0,4254
2026-05-22 14:00;0,5026
2026-05-22 15:00;0,5116
2026-05-22 16:00;0,4784
2026-05-22 17:00;0,5556
2026-05-22 18:00;0,5395
2026-05-22 19:00;0,4834
2026-05-22 20:00;0,4826
2026-05-22 21:00;0,4074
2026-05-22 22:00;0,3152
2026-05-22 23:00;0,2976
2026-05-23 00:00;0,3042
2026-05-23 01:00;0,2833
2026-05-23 02:00;0,3048
2026-05-23 03:00;0,3156
2026-05-23 04:00;0,3156
2026-05-23 05:00;0,3119
2026-05-23 06:00;0,3133
2026-05-23 07:00;0,3235
2026-05-23 08:00;0,3912
2026-05-23 09:00;0,3925
2026-05-23 10:00;0,3591
2026-05-23 11:00;0,4279
2026-05-23 12:00;0,4490
2026-05-23 13:00;0,4254
2026-05-23 14:00;0,5026
2026-05-23 15:00;0,5116
2026-05-23 16:00;0,4784
2026-05-23 17:00;0,5556
2026-05-23 18:00;0,5395
2026-05-23 19:00;0,4834
2026-05-23 20:00;0,4826
2026-05-23 21:00;0,4074
2026-05-23 22:00;0,3152
2026-05-23 23:00;0,2976
2026-05-24 00:00;0,3042
2026-05-24 01:00;0,2833
2026-05-24 02:00;0,3048
2026-05-24 03:00;0,3156
2026-05-24 04:00;0,3156
2026-05-24 05:00;0,3119
2026-05-24 06:00;0,3133
2026-05-24 07:00;0,3235
2026-05-24 08:00;0,3912
2026-05-24 09:00;0,3925
2026-05-24 10:00;0,3591
2026-05-24 11:00;0,4279
2026-05-24 12:00;0,4490
2026-05-24 13:00;0,4254
2026-05-24 14:00;0,5026
2026-05-24 15:00;0,5116
2026-05-24 16:00;0,4784
2026-05-24 17:00;0,5556
2026-05-24 18:00;0,5395
2026-05-24 19:00;0,4834
2026-05-24 20:00;0,4826
2026-05-24 21:00;0,4074
2026-05-24 22:00;0,3152
2026-05-24 23:00;0,2976
2026-05-25 00:00;0,3042
2026-05-25 01:00;0,2833
2026-05-25 02:00;0,3048
2026-05-25 03:00;0,3156
2026-05-25 04:00;0,3156
2026-05-25 05:00;0,3119
2026-05-25 06:00;0,3133
2026-05-25 07:00;0,3235
2026-05-25 08:00;0,3912
2026-05-25 09:00;0,3925
2026-05-25 10:00;0,3591
2026-05-25 11:00;0,4279
2026-05-25 12:00;0,4490
2026-05-25 13:00;0,4254
2026-05-25 14:00;0,5026
2026-05-25 15:00;0,5116
2026-05-25 16:00;0,4784
2026-05-25 17:00;0,5556
2026-05-25 18:00;0,5395
2026-05-25 19:00;0,4834
2026-05-25 20:00;0,4826
2026-05-25 21:00;0,4074
2026-05-25 22:00;0,3152
2026-05-25 23:00;0,2976
2026-05-26 00:00;0,3042
2026-05-26 01:00;0,2833
2026-05-26 02:00;0,3048
2026-05-26 03:00;0,3156
2026-05-26 04:00;0,3156
2026-05-26 05:00;0,3119
2026-05-26 06:00;0,3133
2026-05-26 07:00;0,3235
2026-05-26 08:00;0,3912
2026-05-26 09:00;0,3925
2026-05-26 10:00;0,3591
2026-05-26 11:00;0,4279
2026-05-26 12:00;0,4490
2026-05-26 13:00;0,4254
2026-05-26 14:00;0,5026
2026-05-26 15:00;0,5116
2026-05-26 16:00;0,4784
2026-05-26 17:00;0,5556
2026-05-26 18:00;0,5395
2026-05-26 19:00;0,4834
2026-05-26 20:00;0,4826
2026-05-26 21:00;0,4074
2026-05-26 22:00;0,3152
2026-05-26 23:00;0,2976
2026-05-27 00:00;0,3042
2026-05-27 01:00;0,2833
2026-05-27 02:00;0,3048
2026-05-27 03:00;0,3156
2026-05-27 04:00;0,3156
2026-05-27 05:00;0,3119
2026-05-27 06:00;0,3133
2026-05-27 07:00;0,3235
2026-05-27 08:00;0,3912
2026-05-27 09:00;0,3925
2026-05-27 10:00;0,3591
2026-05-27 11:00;0,4279
2026-05-27 12:00;0,4490
2026-05-27 13:00;0,4254
2026-05-27 14:00;0,5026
2026-05-27 15:00;0,5116
2026-05-27 16:00;0,4784
2026-05-27 17:00;0,5556
2026-05-27 18:00;0,5395
2026-05-27 19:00;0,4834
2026-05-27 20:00;0,4826
2026-05-27 21:00;0,4074
2026-05-27 22:00;0,3152
2026-05-27 23:00;0,2976
2026-05-28 00:00;0,3042
2026-05-28 01:00;0,2833
2026-05-28 02:00;0,3048
2026-05-28 03:00;0,3156
2026-05-28 04:00;0,3156
2026-05-28 05:00;0,3119
2026-05-28 06:00;0,3133
2026-05-28 07:00;0,3235
2026-05-28 08:00;0,3912
2026-05-28 09:00;0,3925
2026-05-28 10:00;0,3591
2026-05-28 11:00;0,4279
2026-05-28 12:00;0,4490
2026-05-28 13:00;0,4254
2026-05-28 14:00;0,5026
2026-05-28 15:00;0,5116
2026-05-28 16:00;0,4784
2026-05-28 17:00;0,5556
2026-05-28 18:00;0,5395
2026-05-28 19:00;0,4834
2026-05-28 20:00;0,4826
2026-05-28 21:00;0,4074
2026-05-28 22:00;0,3152
2026-05-28 23:00;0,2976
2026-05-29 00:00;0,3042
2026-05-29 01:00;0,2829
2026-05-29 02:00;0,3039
2026-05-29 03:00;0,3141
2026-05-29 04:00;0,3137
2026-05-29 05:00;0,3095
2026-05-29 06:00;0,3104
2026-05-29 07:00;0,3201
2026-05-29 08:00;0,3874
2026-05-29 09:00;0,3882
2026-05-29 10:00;0,3543
2026-05-29 11:00;0,4226
2026-05-29 12:00;0,4433
2026-05-29 13:00;0,4191
2026-05-29 14:00;0,4958
2026-05-29 15:00;0,5044
2026-05-29 16:00;0,4707
2026-05-29 17:00;0,5475
2026-05-29 18:00;0,5309
2026-05-29 19:00;0,4743
2026-05-29 20:00;0,4730
2026-05-29 21:00;0,3974
2026-05-29 22:00;0,3046
2026-05-29 23:00;0,2866
2026-05-30 00:00;0,2927
2026-05-30 01:00;0,2714
2026-05-30 02:00;0,2924
2026-05-30 03:00;0,3026
2026-05-30 04:00;0,3022
2026-05-30 05:00;0,2980
2026-05-30 06:00;0,2989
2026-05-30 07:00;0,3086
2026-05-30 08:00;0,3759
2026-05-30 09:00;0,3767
2026-05-30 10:00;0,3428
2026-05-30 11:00;0,4111
2026-05-30 12:00;0,4318
2026-05-30 13:00;0,4076
2026-05-30 14:00;0,4844
2026-05-30 15:00;0,4929
2026-05-30 16:00;0,4592
2026-05-30 17:00;0,5360
2026-05-30 18:00;0,5194
2026-05-30 19:00;0,4628
2026-05-30 20:00;0,4615
2026-05-30 21:00;0,3859
2026-05-30 22:00;0,2931
2026-05-30 23:00;0,2751
2026-05-31 00:00;0,2812
2026-05-31 01:00;0,2599
2026-05-31 02:00;0,2809
2026-05-31 03:00;0,2912
2026-05-31 04:00;0,2907
2026-05-31 05:00;0,2865
2026-05-31 06:00;0,2874
2026-05-31 07:00;0,2972
2026-05-31 08:00;0,3644
2026-05-31 09:00;0,3652
2026-05-31 10:00;0,3313
2026-05-31 11:00;0,3996
2026-05-31 12:00;0,4203
2026-05-31 13:00;0,3961
2026-05-31 14:00;0,4729
2026-05-31 15:00;0,4814
2026-05-31 16:00;0,4477
2026-05-31 17:00;0,5245
2026-05-31 18:00;0,5079
2026-05-31 19:00;0,4513
2026-05-31 20:00;0,4501
2026-05-31 21:00;0,3744
2026-05-31 22:00;0,2816
2026-05-31 23:00;0,2636
2026-06-01 00:00;0,2626
2026-06-01 01:00;0,2571
2026-06-01 02:00;0,2360
2026-06-01 03:00;0,2394
2026-06-01 04:00;0,2454
2026-06-01 05:00;0,2611
2026-06-01 06:00;0,2609
2026-06-01 07:00;0,2663
2026-06-01 08:00;0,3266
2026-06-01 09:00;0,3569
2026-06-01 10:00;0,3122
2026-06-01 11:00;0,3741
2026-06-01 12:00;0,4253
2026-06-01 13:00;0,4564
2026-06-01 14:00;0,5684
2026-06-01 15:00;0,6077
2026-06-01 16:00;0,5761
2026-06-01 17:00;0,6688
2026-06-01 18:00;0,6592
2026-06-01 19:00;0,5931
2026-06-01 20:00;0,5846
2026-06-01 21:00;0,4798
2026-06-01 22:00;0,3243
2026-06-01 23:00;0,2613
2026-06-02 00:00;0,2511
2026-06-02 01:00;0,2457
2026-06-02 02:00;0,2245
2026-06-02 03:00;0,2279
2026-06-02 04:00;0,2339
2026-06-02 05:00;0,2496
2026-06-02 06:00;0,2494
2026-06-02 07:00;0,2548
2026-06-02 08:00;0,3151
2026-06-02 09:00;0,3454
2026-06-02 10:00;0,3007
2026-06-02 11:00;0,3626
2026-06-02 12:00;0,4138
2026-06-02 13:00;0,4449
2026-06-02 14:00;0,5569
2026-06-02 15:00;0,5962
2026-06-02 16:00;0,5646
2026-06-02 17:00;0,6573
2026-06-02 18:00;0,6477
2026-06-02 19:00;0,5816
2026-06-02 20:00;0,5732
2026-06-02 21:00;0,4683
2026-06-02 22:00;0,3128
2026-06-02 23:00;0,2499
2026-06-03 00:00;0,2396
2026-06-03 01:00;0,2342
2026-06-03 02:00;0,2130
2026-06-03 03:00;0,2164
2026-06-03 04:00;0,2224
2026-06-03 05:00;0,2381
2026-06-03 06:00;0,2380
2026-06-03 07:00;0,2433
2026-06-03 08:00;0,3037
2026-06-03 09:00;0,3339
2026-06-03 10:00;0,2892
2026-06-03 11:00;0,3512
2026-06-03 12:00;0,4023
2026-06-03 13:00;0,4334
2026-06-03 14:00;0,5454
2026-06-03 15:00;0,5847
2026-06-03 16:00;0,5531
2026-06-03 17:00;0,6458
2026-06-03 18:00;0,6362
2026-06-03 19:00;0,5701
2026-06-03 20:00;0,5617
2026-06-03 21:00;0,4568
2026-06-03 22:00;0,3013
2026-06-03 23:00;0,2384
2026-06-04 00:00;0,2286
2026-06-04 01:00;0,2236
2026-06-04 02:00;0,2030
2026-06-04 03:00;0,2068
2026-06-04 04:00;0,2133
2026-06-04 05:00;0,2295
2026-06-04 06:00;0,2298
2026-06-04 07:00;0,2356
2026-06-04 08:00;0,2965
2026-06-04 09:00;0,3272
2026-06-04 10:00;0,2830
2026-06-04 11:00;0,3454
2026-06-04 12:00;0,3970
2026-06-04 13:00;0,4286
2026-06-04 14:00;0,5411
2026-06-04 15:00;0,5809
2026-06-04 16:00;0,5498
2026-06-04 17:00;0,6430
2026-06-04 18:00;0,6338
2026-06-04 19:00;0,5682
2026-06-04 20:00;0,5602
2026-06-04 21:00;0,4559
2026-06-04 22:00;0,3009
2026-06-04 23:00;0,2384
2026-06-05 00:00;0,2286
2026-06-05 01:00;0,2236
2026-06-05 02:00;0,2030
2026-06-05 03:00;0,2068
2026-06-05 04:00;0,2133
2026-06-05 05:00;0,2295
2026-06-05 06:00;0,2298
2026-06-05 07:00;0,2356
2026-06-05 08:00;0,2965
2026-06-05 09:00;0,3272
2026-06-05 10:00;0,2830
2026-06-05 11:00;0,3454
2026-06-05 12:00;0,3970
2026-06-05 13:00;0,4286
2026-06-05 14:00;0,5411
2026-06-05 15:00;0,5809
2026-06-05 16:00;0,5498
2026-06-05 17:00;0,6430
2026-06-05 18:00;0,6338
2026-06-05 19:00;0,5682
2026-06-05 20:00;0,5602
2026-06-05 21:00;0,4559
2026-06-05 22:00;0,3009
2026-06-05 23:00;0,2384
2026-06-06 00:00;0,2286
2026-06-06 01:00;0,2236
2026-06-06 02:00;0,2030
2026-06-06 03:00;0,2068
2026-06-06 04:00;0,2133
2026-06-06 05:00;0,2295
2026-06-06 06:00;0,2298
2026-06-06 07:00;0,2356
2026-06-06 08:00;0,2965
2026-06-06 09:00;0,3272
2026-06-06 10:00;0,2830
2026-06-06 11:00;0,3454
2026-06-06 12:00;0,3970
2026-06-06 13:00;0,4286
2026-06-06 14:00;0,5411
2026-06-06 15:00;0,5809
2026-06-06 16:00;0,5498
2026-06-06 17:00;0,6430
2026-06-06 18:00;0,6338
2026-06-06 19:00;0,5682
2026-06-06 20:00;0,5602
2026-06-06 21:00;0,4559
2026-06-06 22:00;0,3009
2026-06-06 23:00;0,2384
2026-06-07 00:00;0,2286
2026-06-07 01:00;0,2236
2026-06-07 02:00;0,2030
2026-06-07 03:00;0,2068
2026-06-07 04:00;0,2133
2026-06-07 05:00;0,2295
2026-06-07 06:00;0,2298
2026-06-07 07:00;0,2356
2026-06-07 08:00;0,2965
2026-06-07 09:00;0,3272
2026-06-07 10:00;0,2830
2026-06-07 11:00;0,3454
2026-06-07 12:00;0,3970
2026-06-07 13:00;0,4286
2026-06-07 14:00;0,5411
2026-06-07 15:00;0,5809
2026-06-07 16:00;0,5498
2026-06-07 17:00;0,6430
2026-06-07 18:00;0,6338
2026-06-07 19:00;0,5682
2026-06-07 20:00;0,5602
2026-06-07 21:00;0,4559
2026-06-07 22:00;0,3009
2026-06-07 23:00;0,2384
2026-06-08 00:00;0,2286
2026-06-08 01:00;0,2236
2026-06-08 02:00;0,2030
2026-06-08 03:00;0,2068
2026-06-08 04:00;0,2133
2026-06-08 05:00;0,2295
2026-06-08 06:00;0,2298
2026-06-08 07:00;0,2356
2026-06-08 08:00;0,2965
2026-06-08 09:00;0,3272
2026-06-08 10:00;0,2830
2026-06-08 11:00;0,3454
2026-06-08 12:00;0,3970
2026-06-08 13:00;0,4286
2026-06-08 14:00;0,5411
2026-06-08 15:00;0,5809
2026-06-08 16:00;0,5498
2026-06-08 17:00;0,6430
2026-06-08 18:00;0,6338
2026-06-08 19:00;0,5682
2026-06-08 20:00;0,5602
2026-06-08 21:00;0,4559
2026-06-08 22:00;0,3009
2026-06-08 23:00;0,2384
2026-06-09 00:00;0,2286
2026-06-09 01:00;0,2236
2026-06-09 02:00;0,2030
2026-06-09 03:00;0,2068
2026-06-09 04:00;0,2133
2026-06-09 05:00;0,2295
2026-06-09 06:00;0,2298
2026-06-09 07:00;0,2356
2026-06-09 08:00;0,2965
2026-06-09 09:00;0,3272
2026-06-09 10:00;0,2830
2026-06-09 11:00;0,3454
2026-06-09 12:00;0,3970
2026-06-09 13:00;0,4286
2026-06-09 14:00;0,5411
2026-06-09 15:00;0,5809
2026-06-09 16:00;0,5498
2026-06-09 17:00;0,6430
2026-06-09 18:00;0,6338
2026-06-09 19:00;0,5682
2026-06-09 20:00;0,5602
2026-06-09 21:00;0,4559
2026-06-09 22:00;0,3009
2026-06-09 23:00;0,2384
2026-06-10 00:00;0,2286
2026-06-10 01:00;0,2236
2026-06-10 02:00;0,2030
2026-06-10 03:00;0,2068
2026-06-10 04:00;0,2133
2026-06-10 05:00;0,2295
2026-06-10 06:00;0,2298
2026-06-10 07:00;0,2356
2026-06-10 08:00;0,2965
2026-06-10 09:00;0,3272
2026-06-10 10:00;0,2830
2026-06-10 11:00;0,3454
2026-06-10 12:00;0,3970
2026-06-10 13:00;0,4286
2026-06-10 14:00;0,5411
2026-06-10 15:00;0,5809
2026-06-10 16:00;0,5498
2026-06-10 17:00;0,6430
2026-06-10 18:00;0,6338
2026-06-10 19:00;0,5682
2026-06-10 20:00;0,5602
2026-06-10 21:00;0,4559
2026-06-10 22:00;0,3009
2026-06-10 23:00;0,2384
2026-06-11 00:00;0,2286
2026-06-11 01:00;0,2236
2026-06-11 02:00;0,2030
2026-06-11 03:00;0,2068
2026-06-11 04:00;0,2133
2026-06-11 05:00;0,2295
2026-06-11 06:00;0,2298
2026-06-11 07:00;0,2356
2026-06-11 08:00;0,2965
2026-06-11 09:00;0,3272
2026-06-11 10:00;0,2830
2026-06-11 11:00;0,3454
2026-06-11 12:00;0,3970
2026-06-11 13:00;0,4286
2026-06-11 14:00;0,5411
2026-06-11 15:00;0,5809
2026-06-11 16:00;0,5498
2026-06-11 17:00;0,6430
2026-06-11 18:00;0,6338
2026-06-11 19:00;0,5682
2026-06-11 20:00;0,5602
2026-06-11 21:00;0,4559
2026-06-11 22:00;0,3009
2026-06-11 23:00;0,2384
2026-06-12 00:00;0,2286
2026-06-12 01:00;0,2236
2026-06-12 02:00;0,2030
2026-06-12 03:00;0,2068
2026-06-12 04:00;0,2133
2026-06-12 05:00;0,2295
2026-06-12 06:00;0,2298
2026-06-12 07:00;0,2356
2026-06-12 08:00;0,2965
2026-06-12 09:00;0,3272
2026-06-12 10:00;0,2830
2026-06-12 11:00;0,3454
2026-06-12 12:00;0,3970
2026-06-12 13:00;0,4286
2026-06-12 14:00;0,5411
2026-06-12 15:00;0,5809
2026-06-12 16:00;0,5498
2026-06-12 17:00;0,6430
2026-06-12 18:00;0,6338
2026-06-12 19:00;0,5682
2026-06-12 20:00;0,5602
2026-06-12 21:00;0,4559
2026-06-12 22:00;0,3009
2026-06-12 23:00;0,2384
2026-06-13 00:00;0,2286
2026-06-13 01:00;0,2236
2026-06-13 02:00;0,2030
2026-06-13 03:00;0,2068
2026-06-13 04:00;0,2133
2026-06-13 05:00;0,2295
2026-06-13 06:00;0,2298
2026-06-13 07:00;0,2356
2026-06-13 08:00;0,2965
2026-06-13 09:00;0,3272
2026-06-13 10:00;0,2830
2026-06-13 11:00;0,3454
2026-06-13 12:00;0,3970
2026-06-13 13:00;0,4286
2026-06-13 14:00;0,5411
2026-06-13 15:00;0,5809
2026-06-13 16:00;0,5498
2026-06-13 17:00;0,6430
2026-06-13 18:00;0,6338
2026-06-13 19:00;0,5682
2026-06-13 20:00;0,5602
2026-06-13 21:00;0,4559
2026-06-13 22:00;0,3009
2026-06-13 23:00;0,2384
2026-06-14 00:00;0,2286
2026-06-14 01:00;0,2236
2026-06-14 02:00;0,2030
2026-06-14 03:00;0,2068
2026-06-14 04:00;0,2133
2026-06-14 05:00;0,2295
2026-06-14 06:00;0,2298
2026-06-14 07:00;0,2356
2026-06-14 08:00;0,2965
2026-06-14 09:00;0,3272
2026-06-14 10:00;0,2830
2026-06-14 11:00;0,3454
2026-06-14 12:00;0,3970
2026-06-14 13:00;0,4286
2026-06-14 14:00;0,5411
2026-06-14 15:00;0,5809
2026-06-14 16:00;0,5498
2026-06-14 17:00;0,6430
2026-06-14 18:00;0,6338
2026-06-14 19:00;0,5682
2026-06-14 20:00;0,5602
2026-06-14 21:00;0,4559
2026-06-14 22:00;0,3009
2026-06-14 23:00;0,2384
2026-06-15 00:00;0,2286
2026-06-15 01:00;0,2236
2026-06-15 02:00;0,2030
2026-06-15 03:00;0,2068
2026-06-15 04:00;0,2133
2026-06-15 05:00;0,2295
2026-06-15 06:00;0,2298
2026-06-15 07:00;0,2356
2026-06-15 08:00;0,2965
2026-06-15 09:00;0,3272
2026-06-15 10:00;0,2830
2026-06-15 11:00;0,3454
2026-06-15 12:00;0,3970
2026-06-15 13:00;0,4286
2026-06-15 14:00;0,5411
2026-06-15 15:00;0,5809
2026-06-15 16:00;0,5498
2026-06-15 17:00;0,6430
2026-06-15 18:00;0,6338
2026-06-15 19:00;0,5682
2026-06-15 20:00;0,5602
2026-06-15 21:00;0,4559
2026-06-15 22:00;0,3009
2026-06-15 23:00;0,2384
2026-06-16 00:00;0,2286
2026-06-16 01:00;0,2236
2026-06-16 02:00;0,2030
2026-06-16 03:00;0,2068
2026-06-16 04:00;0,2133
2026-06-16 05:00;0,2295
2026-06-16 06:00;0,2298
2026-06-16 07:00;0,2356
2026-06-16 08:00;0,2965
2026-06-16 09:00;0,3272
2026-06-16 10:00;0,2830
2026-06-16 11:00;0,3454
2026-06-16 12:00;0,3970
2026-06-16 13:00;0,4286
2026-06-16 14:00;0,5411
2026-06-16 15:00;0,5809
2026-06-16 16:00;0,5498
2026-06-16 17:00;0,6430
2026-06-16 18:00;0,6338
2026-06-16 19:00;0,5682
2026-06-16 20:00;0,5602
2026-06-16 21:00;0,4559
2026-06-16 22:00;0,3009
2026-06-16 23:00;0,2384
2026-06-17 00:00;0,2286
2026-06-17 01:00;0,2236
2026-06-17 02:00;0,2030
2026-06-17 03:00;0,2068
2026-06-17 04:00;0,2133
2026-06-17 05:00;0,2295
2026-06-17 06:00;0,2298
2026-06-17 07:00;0,2356
2026-06-17 08:00;0,2965
2026-06-17 09:00;0,3272
2026-06-17 10:00;0,2830
2026-06-17 11:00;0,3454
2026-06-17 12:00;0,3970
2026-06-17 13:00;0,4286
2026-06-17 14:00;0,5411
2026-06-17 15:00;0,5809
2026-06-17 16:00;0,5498
2026-06-17 17:00;0,6430
2026-06-17 18:00;0,6338
2026-06-17 19:00;0,5682
2026-06-17 20:00;0,5602
2026-06-17 21:00;0,4559
2026-06-17 22:00;0,3009
2026-06-17 23:00;0,2384
2026-06-18 00:00;0,2286
2026-06-18 01:00;0,2236
2026-06-18 02:00;0,2030
2026-06-18 03:00;0,2068
2026-06-18 04:00;0,2133
2026-06-18 05:00;0,2295
2026-06-18 06:00;0,2298
2026-06-18 07:00;0,2356
2026-06-18 08:00;0,2965
2026-06-18 09:00;0,3272
2026-06-18 10:00;0,2830
2026-06-18 11:00;0,3454
2026-06-18 12:00;0,3970
2026-06-18 13:00;0,4286
2026-06-18 14:00;0,5411
2026-06-18 15:00;0,5809
2026-06-18 16:00;0,5498
2026-06-18 17:00;0,6430
2026-06-18 18:00;0,6338
2026-06-18 19:00;0,5682
2026-06-18 20:00;0,5602
2026-06-18 21:00;0,4559
2026-06-18 22:00;0,3009
2026-06-18 23:00;0,2384
2026-06-19 00:00;0,2286
2026-06-19 01:00;0,2236
2026-06-19 02:00;0,2030
2026-06-19 03:00;0,2068
2026-06-19 04:00;0,2133
2026-06-19 05:00;0,2295
2026-06-19 06:00;0,2298
2026-06-19 07:00;0,2356
2026-06-19 08:00;0,2965
2026-06-19 09:00;0,3272
2026-06-19 10:00;0,2830
2026-06-19 11:00;0,3454
2026-06-19 12:00;0,3970
2026-06-19 13:00;0,4286
2026-06-19 14:00;0,5411
2026-06-19 15:00;0,5809
2026-06-19 16:00;0,5498
2026-06-19 17:00;0,6430
2026-06-19 18:00;0,6338
2026-06-19 19:00;0,5682
2026-06-19 20:00;0,5602
2026-06-19 21:00;0,4559
2026-06-19 22:00;0,3009
2026-06-19 23:00;0,2384
2026-06-20 00:00;0,2286
2026-06-20 01:00;0,2236
2026-06-20 02:00;0,2030
2026-06-20 03:00;0,2068
2026-06-20 04:00;0,2133
2026-06-20 05:00;0,2295
2026-06-20 06:00;0,2298
2026-06-20 07:00;0,2356
2026-06-20 08:00;0,2965
2026-06-20 09:00;0,3272
2026-06-20 10:00;0,2830
2026-06-20 11:00;0,3454
2026-06-20 12:00;0,3970
2026-06-20 13:00;0,4286
2026-06-20 14:00;0,5411
2026-06-20 15:00;0,5809
2026-06-20 16:00;0,5498
2026-06-20 17:00;0,6430
2026-06-20 18:00;0,6338
2026-06-20 19:00;0,5682
2026-06-20 20:00;0,5602
2026-06-20 21:00;0,4559
2026-06-20 22:00;0,3009
2026-06-20 23:00;0,2384
2026-06-21 00:00;0,2286
2026-06-21 01:00;0,2236
2026-06-21 02:00;0,2030
2026-06-21 03:00;0,2068
2026-06-21 04:00;0,2133
2026-06-21 05:00;0,2295
2026-06-21 06:00;0,2298
2026-06-21 07:00;0,2356
2026-06-21 08:00;0,2965
2026-06-21 09:00;0,3272
2026-06-21 10:00;0,2830
2026-06-21 11:00;0,3454
2026-06-21 12:00;0,3970
2026-06-21 13:00;0,4286
2026-06-21 14:00;0,5411
2026-06-21 15:00;0,5809
2026-06-21 16:00;0,5498
2026-06-21 17:00;0,6430
2026-06-21 18:00;0,6338
2026-06-21 19:00;0,5682
2026-06-21 20:00;0,5602
2026-06-21 21:00;0,4559
2026-06-21 22:00;0,3009
2026-06-21 23:00;0,2384
2026-06-22 00:00;0,2286
2026-06-22 01:00;0,2236
2026-06-22 02:00;0,2030
2026-06-22 03:00;0,2068
2026-06-22 04:00;0,2133
2026-06-22 05:00;0,2295
2026-06-22 06:00;0,2298
2026-06-22 07:00;0,2356
2026-06-22 08:00;0,2965
2026-06-22 09:00;0,3272
2026-06-22 10:00;0,2830
2026-06-22 11:00;0,3454
2026-06-22 12:00;0,3970
2026-06-22 13:00;0,4286
2026-06-22 14:00;0,5411
2026-06-22 15:00;0,5809
2026-06-22 16:00;0,5498
2026-06-22 17:00;0,6430
2026-06-22 18:00;0,6338
2026-06-22 19:00;0,5682
2026-06-22 20:00;0,5602
2026-06-22 21:00;0,4559
2026-06-22 22:00;0,3009
2026-06-22 23:00;0,2384
2026-06-23 00:00;0,2286
2026-06-23 01:00;0,2236
2026-06-23 02:00;0,2030
2026-06-23 03:00;0,2068
2026-06-23 04:00;0,2133
2026-06-23 05:00;0,2295
2026-06-23 06:00;0,2298
2026-06-23 07:00;0,2356
2026-06-23 08:00;0,2965
2026-06-23 09:00;0,3272
2026-06-23 10:00;0,2830
2026-06-23 11:00;0,3454
2026-06-23 12:00;0,3970
2026-06-23 13:00;0,4286
2026-06-23 14:00;0,5411
2026-06-23 15:00;0,5809
2026-06-23 16:00;0,5498
2026-06-23 17:00;0,6430
2026-06-23 18:00;0,6338
2026-06-23 19:00;0,5682
2026-06-23 20:00;0,5602
2026-06-23 21:00;0,4559
2026-06-23 22:00;0,3009
2026-06-23 23:00;0,2384
2026-06-24 00:00;0,2286
2026-06-24 01:00;0,2236
2026-06-24 02:00;0,2030
2026-06-24 03:00;0,2068
2026-06-24 04:00;0,2133
2026-06-24 05:00;0,2295
2026-06-24 06:00;0,2298
2026-06-24 07:00;0,2356
2026-06-24 08:00;0,2965
2026-06-24 09:00;0,3272
2026-06-24 10:00;0,2830
2026-06-24 11:00;0,3454
2026-06-24 12:00;0,3970
2026-06-24 13:00;0,4286
2026-06-24 14:00;0,5411
2026-06-24 15:00;0,5809
2026-06-24 16:00;0,5498
2026-06-24 17:00;0,6430
2026-06-24 18:00;0,6338
2026-06-24 19:00;0,5682
2026-06-24 20:00;0,5602
2026-06-24 21:00;0,4559
2026-06-24 22:00;0,3009
2026-06-24 23:00;0,2384
2026-06-25 00:00;0,2286
2026-06-25 01:00;0,2236
2026-06-25 02:00;0,2030
2026-06-25 03:00;0,2068
2026-06-25 04:00;0,2133
2026-06-25 05:00;0,2295
2026-06-25 06:00;0,2298
2026-06-25 07:00;0,2356
2026-06-25 08:00;0,2965
2026-06-25 09:00;0,3272
2026-06-25 10:00;0,2830
2026-06-25 11:00;0,3454
2026-06-25 12:00;0,3970
2026-06-25 13:00;0,4286
2026-06-25 14:00;0,5411
2026-06-25 15:00;0,5809
2026-06-25 16:00;0,5498
2026-06-25 17:00;0,6430
2026-06-25 18:00;0,6338
2026-06-25 19:00;0,5682
2026-06-25 20:00;0,5602
2026-06-25 21:00;0,4559
2026-06-25 22:00;0,3009
2026-06-25 23:00;0,2384
2026-06-26 00:00;0,2286
2026-06-26 01:00;0,2236
2026-06-26 02:00;0,2030
2026-06-26 03:00;0,2068
2026-06-26 04:00;0,2133
2026-06-26 05:00;0,2295
2026-06-26 06:00;0,2298
2026-06-26 07:00;0,2356
2026-06-26 08:00;0,2965
2026-06-26 09:00;0,3272
2026-06-26 10:00;0,2830
2026-06-26 11:00;0,3454
2026-06-26 12:00;0,3970
2026-06-26 13:00;0,4286
2026-06-26 14:00;0,5411
2026-06-26 15:00;0,5809
2026-06-26 16:00;0,5498
2026-06-26 17:00;0,6430
2026-06-26 18:00;0,6338
2026-06-26 19:00;0,5682
2026-06-26 20:00;0,5602
2026-06-26 21:00;0,4559
2026-06-26 22:00;0,3009
2026-06-26 23:00;0,2384
2026-06-27 00:00;0,2286
2026-06-27 01:00;0,2236
2026-06-27 02:00;0,2030
2026-06-27 03:00;0,2068
2026-06-27 04:00;0,2133
2026-06-27 05:00;0,2295
2026-06-27 06:00;0,2298
2026-06-27 07:00;0,2356
2026-06-27 08:00;0,2965
2026-06-27 09:00;0,3272
2026-06-27 10:00;0,2830
2026-06-27 11:00;0,3454
2026-06-27 12:00;0,3970
2026-06-27 13:00;0,4286
2026-06-27 14:00;0,5411
2026-06-27 15:00;0,5809
2026-06-27 16:00;0,5498
2026-06-27 17:00;0,6430
2026-06-27 18:00;0,6338
2026-06-27 19:00;0,5682
2026-06-27 20:00;0,5602
2026-06-27 21:00;0,4559
2026-06-27 22:00;0,3009
2026-06-27 23:00;0,2384
2026-06-28 00:00;0,2286
2026-06-28 01:00;0,2231
2026-06-28 02:00;0,2019
2026-06-28 03:00;0,2052
2026-06-28 04:00;0,2111
2026-06-28 05:00;0,2267
2026-06-28 06:00;0,2265
2026-06-28 07:00;0,2317
2026-06-28 08:00;0,2920
2026-06-28 09:00;0,3222
2026-06-28 10:00;0,2774
2026-06-28 11:00;0,3393
2026-06-28 12:00;0,3904
2026-06-28 13:00;0,4214
2026-06-28 14:00;0,5334
2026-06-28 15:00;0,5726
2026-06-28 16:00;0,5409
2026-06-28 17:00;0,6336
2026-06-28 18:00;0,6238
2026-06-28 19:00;0,5577
2026-06-28 20:00;0,5492
2026-06-28 21:00;0,4443
2026-06-28 22:00;0,2887
2026-06-28 23:00;0,2256
2026-06-29 00:00;0,2153
2026-06-29 01:00;0,2098
2026-06-29 02:00;0,1886
2026-06-29 03:00;0,1919
2026-06-29 04:00;0,1978
2026-06-29 05:00;0,2134
2026-06-29 06:00;0,2132
2026-06-29 07:00;0,2185
2026-06-29 08:00;0,2788
2026-06-29 09:00;0,3089
2026-06-29 10:00;0,2642
2026-06-29 11:00;0,3260
2026-06-29 12:00;0,3771
2026-06-29 13:00;0,4081
2026-06-29 14:00;0,5201
2026-06-29 15:00;0,5593
2026-06-29 16:00;0,5276
2026-06-29 17:00;0,6203
2026-06-29 18:00;0,6106
2026-06-29 19:00;0,5444
2026-06-29 20:00;0,5359
2026-06-29 21:00;0,4310
2026-06-29 22:00;0,2754
2026-06-29 23:00;0,2124
2026-06-30 00:00;0,2021
2026-06-30 01:00;0,1965
2026-06-30 02:00;0,1753
2026-06-30 03:00;0,1786
2026-06-30 04:00;0,1846
2026-06-30 05:00;0,2002
2026-06-30 06:00;0,1999
2026-06-30 07:00;0,2052
2026-06-30 08:00;0,2655
2026-06-30 09:00;0,2956
2026-06-30 10:00;0,2509
2026-06-30 11:00;0,3128
2026-06-30 12:00;0,3639
2026-06-30 13:00;0,3948
2026-06-30 14:00;0,5068
2026-06-30 15:00;0,5461
2026-06-30 16:00;0,5143
2026-06-30 17:00;0,6070
2026-06-30 18:00;0,5973
2026-06-30 19:00;0,5312
2026-06-30 20:00;0,5226
2026-06-30 21:00;0,4177
2026-06-30 22:00;0,2621
2026-06-30 23:00;0,1991
2026-07-01 00:00;0,1980
2026-07-01 01:00;0,1977
2026-07-01 02:00;0,2047
2026-07-01 03:00;0,2093
2026-07-01 04:00;0,2232
2026-07-01 05:00;0,2170
2026-07-01 06:00;0,2111
2026-07-01 07:00;0,2252
2026-07-01 08:00;0,2663
2026-07-01 09:00;0,2954
2026-07-01 10:00;0,2534
2026-07-01 11:00;0,3299
2026-07-01 12:00;0,3960
2026-07-01 13:00;0,4149
2026-07-01 14:00;0,5801
2026-07-01 15:00;0,6354
2026-07-01 16:00;0,5776
2026-07-01 17:00;0,6683
2026-07-01 18:00;0,6671
2026-07-01 19:00;0,5972
2026-07-01 20:00;0,5741
2026-07-01 21:00;0,4119
2026-07-01 22:00;0,2764
2026-07-01 23:00;0,2122
2026-07-02 00:00;0,1847
2026-07-02 01:00;0,1844
2026-07-02 02:00;0,1914
2026-07-02 03:00;0,1961
2026-07-02 04:00;0,2099
2026-07-02 05:00;0,2038
2026-07-02 06:00;0,1978
2026-07-02 07:00;0,2119
2026-07-02 08:00;0,2530
2026-07-02 09:00;0,2821
2026-07-02 10:00;0,2402
2026-07-02 11:00;0,3167
2026-07-02 12:00;0,3827
2026-07-02 13:00;0,4017
2026-07-02 14:00;0,5669
2026-07-02 15:00;0,6221
2026-07-02 16:00;0,5643
2026-07-02 17:00;0,6551
2026-07-02 18:00;0,6538
2026-07-02 19:00;0,5839
2026-07-02 20:00;0,5609
2026-07-02 21:00;0,3986
2026-07-02 22:00;0,2632
2026-07-02 23:00;0,1989
2026-07-03 00:00;0,1714
2026-07-03 01:00;0,1711
2026-07-03 02:00;0,1781
2026-07-03 03:00;0,1828
2026-07-03 04:00;0,1966
2026-07-03 05:00;0,1905
2026-07-03 06:00;0,1846
2026-07-03 07:00;0,1986
2026-07-03 08:00;0,2397
2026-07-03 09:00;0,2688
2026-07-03 10:00;0,2269
2026-07-03 11:00;0,3034
2026-07-03 12:00;0,3694
2026-07-03 13:00;0,3884
2026-07-03 14:00;0,5536
2026-07-03 15:00;0,6088
2026-07-03 16:00;0,5510
2026-07-03 17:00;0,6418
2026-07-03 18:00;0,6405
2026-07-03 19:00;0,5706
2026-07-03 20:00;0,5476
2026-07-03 21:00;0,3853
2026-07-03 22:00;0,2499
2026-07-03 23:00;0,1856
2026-07-04 00:00;0,1587
2026-07-04 01:00;0,1589
2026-07-04 02:00;0,1665
2026-07-04 03:00;0,1717
2026-07-04 04:00;0,1861
2026-07-04 05:00;0,1805
2026-07-04 06:00;0,1752
2026-07-04 07:00;0,1898
2026-07-04 08:00;0,2314
2026-07-04 09:00;0,2611
2026-07-04 10:00;0,2197
2026-07-04 11:00;0,2967
2026-07-04 12:00;0,3633
2026-07-04 13:00;0,3829
2026-07-04 14:00;0,5486
2026-07-04 15:00;0,6044
2026-07-04 16:00;0,5472
2026-07-04 17:00;0,6385
2026-07-04 18:00;0,6377
2026-07-04 19:00;0,5684
2026-07-04 20:00;0,5459
2026-07-04 21:00;0,3842
2026-07-04 22:00;0,2493
2026-07-04 23:00;0,1856
2026-07-05 00:00;0,1587
2026-07-05 01:00;0,1589
2026-07-05 02:00;0,1665
2026-07-05 03:00;0,1717
2026-07-05 04:00;0,1861
2026-07-05 05:00;0,1805
2026-07-05 06:00;0,1752
2026-07-05 07:00;0,1898
2026-07-05 08:00;0,2314
2026-07-05 09:00;0,2611
2026-07-05 10:00;0,2197
2026-07-05 11:00;0,2967
2026-07-05 12:00;0,3633
2026-07-05 13:00;0,3829
2026-07-05 14:00;0,5486
2026-07-05 15:00;0,6044
2026-07-05 16:00;0,5472
2026-07-05 17:00;0,6385
2026-07-05 18:00;0,6377
2026-07-05 19:00;0,5684
2026-07-05 20:00;0,5459
2026-07-05 21:00;0,3842
2026-07-05 22:00;0,2493
2026-07-05 23:00;0,1856
2026-07-06 00:00;0,1587
2026-07-06 01:00;0,1589
2026-07-06 02:00;0,1665
2026-07-06 03:00;0,1717
2026-07-06 04:00;0,1861
2026-07-06 05:00;0,1805
2026-07-06 06:00;0,1752
2026-07-06 07:00;0,1898
2026-07-06 08:00;0,2314
2026-07-06 09:00;0,2611
2026-07-06 10:00;0,2197
2026-07-06 11:00;0,2967
2026-07-06 12:00;0,3633
2026-07-06 13:00;0,3829
2026-07-06 14:00;0,5486
2026-07-06 15:00;0,6044
2026-07-06 16:00;0,5472
2026-07-06 17:00;0,6385
2026-07-06 18:00;0,6377
2026-07-06 19:00;0,5684
2026-07-06 20:00;0,5459
2026-07-06 21:00;0,3842
2026-07-06 22:00;0,2493
2026-07-06 23:00;0,1856
2026-07-07 00:00;0,1587
2026-07-07 01:00;0,1589
2026-07-07 02:00;0,1665
2026-07-07 03:00;0,1717
2026-07-07 04:00;0,1861
2026-07-07 05:00;0,1805
2026-07-07 06:00;0,1752
2026-07-07 07:00;0,1898
2026-07-07 08:00;0,2314
2026-07-07 09:00;0,2611
2026-07-07 10:00;0,2197
2026-07-07 11:00;0,2967
2026-07-07 12:00;0,3633
2026-07-07 13:00;0,3829
2026-07-07 14:00;0,5486
2026-07-07 15:00;0,6044
2026-07-07 16:00;0,5472
2026-07-07 17:00;0,6385
2026-07-07 18:00;0,6377
2026-07-07 19:00;0,5684
2026-07-07 20:00;0,5459
2026-07-07 21:00;0,3842
2026-07-07 22:00;0,2493
2026-07-07 23:00;0,1856
2026-07-08 00:00;0,1587
2026-07-08 01:00;0,1589
2026-07-08 02:00;0,1665
2026-07-08 03:00;0,1717
2026-07-08 04:00;0,1861
2026-07-08 05:00;0,1805
2026-07-08 06:00;0,1752
2026-07-08 07:00;0,1898
2026-07-08 08:00;0,2314
2026-07-08 09:00;0,2611
2026-07-08 10:00;0,2197
2026-07-08 11:00;0,2967
2026-07-08 12:00;0,3633
2026-07-08 13:00;0,3829
2026-07-08 14:00;0,5486
2026-07-08 15:00;0,6044
2026-07-08 16:00;0,5472
2026-07-08 17:00;0,6385
2026-07-08 18:00;0,6377
2026-07-08 19:00;0,5684
2026-07-08 20:00;0,5459
2026-07-08 21:00;0,3842
2026-07-08 22:00;0,2493
2026-07-08 23:00;0,1856
2026-07-09 00:00;0,1587
2026-07-09 01:00;0,1589
2026-07-09 02:00;0,1665
2026-07-09 03:00;0,1717
2026-07-09 04:00;0,1861
2026-07-09 05:00;0,1805
2026-07-09 06:00;0,1752
2026-07-09 07:00;0,1898
2026-07-09 08:00;0,2314
2026-07-09 09:00;0,2611
2026-07-09 10:00;0,2197
2026-07-09 11:00;0,2967
2026-07-09 12:00;0,3633
2026-07-09 13:00;0,3829
2026-07-09 14:00;0,5486
2026-07-09 15:00;0,6044
2026-07-09 16:00;0,5472
2026-07-09 17:00;0,6385
2026-07-09 18:00;0,6377
2026-07-09 19:00;0,5684
2026-07-09 20:00;0,5459
2026-07-09 21:00;0,3842
2026-07-09 22:00;0,2493
2026-07-09 23:00;0,1856
2026-07-10 00:00;0,1587
2026-07-10 01:00;0,1589
2026-07-10 02:00;0,1665
2026-07-10 03:00;0,1717
2026-07-10 04:00;0,1861
2026-07-10 05:00;0,1805
2026-07-10 06:00;0,1752
2026-07-10 07:00;0,1898
2026-07-10 08:00;0,2314
2026-07-10 09:00;0,2611
2026-07-10 10:00;0,2197
2026-07-10 11:00;0,2967
2026-07-10 12:00;0,3633
2026-07-10 13:00;0,3829
2026-07-10 14:00;0,5486
2026-07-10 15:00;0,6044
2026-07-10 16:00;0,5472
2026-07-10 17:00;0,6385
2026-07-10 18:00;0,6377
2026-07-10 19:00;0,5684
2026-07-10 20:00;0,5459
2026-07-10 21:00;0,3842
2026-07-10 22:00;0,2493
2026-07-10 23:00;0,1856
2026-07-11 00:00;0,1587
2026-07-11 01:00;0,1589
2026-07-11 02:00;0,1665
2026-07-11 03:00;0,1717
2026-07-11 04:00;0,1861
2026-07-11 05:00;0,1805
2026-07-11 06:00;0,1752
2026-07-11 07:00;0,1898
2026-07-11 08:00;0,2314
2026-07-11 09:00;0,2611
2026-07-11 10:00;0,2197
2026-07-11 11:00;0,2967
2026-07-11 12:00;0,3633
2026-07-11 13:00;0,3829
2026-07-11 14:00;0,5486
2026-07-11 15:00;0,6044
2026-07-11 16:00;0,5472
2026-07-11 17:00;0,6385
2026-07-11 18:00;0,6377
2026-07-11 19:00;0,5684
2026-07-11 20:00;0,5459
2026-07-11 21:00;0,3842
2026-07-11 22:00;0,2493
2026-07-11 23:00;0,1856
2026-07-12 00:00;0,1587
2026-07-12 01:00;0,1589
2026-07-12 02:00;0,1665
2026-07-12 03:00;0,1717
2026-07-12 04:00;0,1861
2026-07-12 05:00;0,1805
2026-07-12 06:00;0,1752
2026-07-12 07:00;0,1898
2026-07-12 08:00;0,2314
2026-07-12 09:00;0,2611
2026-07-12 10:00;0,2197
2026-07-12 11:00;0,2967
2026-07-12 12:00;0,3633
2026-07-12 13:00;0,3829
2026-07-12 14:00;0,5486
2026-07-12 15:00;0,6044
2026-07-12 16:00;0,5472
2026-07-12 17:00;0,6385
2026-07-12 18:00;0,6377
2026-07-12 19:00;0,5684
2026-07-12 20:00;0,5459
2026-07-12 21:00;0,3842
2026-07-12 22:00;0,2493
2026-07-12 23:00;0,1856
2026-07-13 00:00;0,1587
2026-07-13 01:00;0,1589
2026-07-13 02:00;0,1665
2026-07-13 03:00;0,1717
2026-07-13 04:00;0,1861
2026-07-13 05:00;0,1805
2026-07-13 06:00;0,1752
2026-07-13 07:00;0,1898
2026-07-13 08:00;0,2314
2026-07-13 09:00;0,2611
2026-07-13 10:00;0,2197
2026-07-13 11:00;0,2967
2026-07-13 12:00;0,3633
2026-07-13 13:00;0,3829
2026-07-13 14:00;0,5486
2026-07-13 15:00;0,6044
2026-07-13 16:00;0,5472
2026-07-13 17:00;0,6385
2026-07-13 18:00;0,6377
2026-07-13 19:00;0,5684
2026-07-13 20:00;0,5459
2026-07-13 21:00;0,3842
2026-07-13 22:00;0,2493
2026-07-13 23:00;0,1856
2026-07-14 00:00;0,1587
2026-07-14 01:00;0,1589
2026-07-14 02:00;0,1665
2026-07-14 03:00;0,1717
2026-07-14 04:00;0,1861
2026-07-14 05:00;0,1805
2026-07-14 06:00;0,1752
2026-07-14 07:00;0,1898
2026-07-14 08:00;0,2314
2026-07-14 09:00;0,2611
2026-07-14 10:00;0,2197
2026-07-14 11:00;0,2967
2026-07-14 12:00;0,3633
2026-07-14 13:00;0,3829
2026-07-14 14:00;0,5486
2026-07-14 15:00;0,6044
2026-07-14 16:00;0,5472
2026-07-14 17:00;0,6385
2026-07-14 18:00;0,6377
2026-07-14 19:00;0,5684
2026-07-14 20:00;0,5459
2026-07-14 21:00;0,3842
2026-07-14 22:00;0,2493
2026-07-14 23:00;0,1856
2026-07-15 00:00;0,1587
2026-07-15 01:00;0,1589
2026-07-15 02:00;0,1665
2026-07-15 03:00;0,1717
2026-07-15 04:00;0,1861
2026-07-15 05:00;0,1805
2026-07-15 06:00;0,1752
2026-07-15 07:00;0,1898
2026-07-15 08:00;0,2314
2026-07-15 09:00;0,2611
2026-07-15 10:00;0,2197
2026-07-15 11:00;0,2967
2026-07-15 12:00;0,3633
2026-07-15 13:00;0,3829
2026-07-15 14:00;0,5486
2026-07-15 15:00;0,6044
2026-07-15 16:00;0,5472
2026-07-15 17:00;0,6385
2026-07-15 18:00;0,6377
2026-07-15 19:00;0,5684
2026-07-15 20:00;0,5459
2026-07-15 21:00;0,3842
2026-07-15 22:00;0,2493
2026-07-15 23:00;0,1856
2026-07-16 00:00;0,1587
2026-07-16 01:00;0,1589
2026-07-16 02:00;0,1665
2026-07-16 03:00;0,1717
2026-07-16 04:00;0,1861
2026-07-16 05:00;0,1805
2026-07-16 06:00;0,1752
2026-07-16 07:00;0,1898
2026-07-16 08:00;0,2314
2026-07-16 09:00;0,2611
2026-07-16 10:00;0,2197
2026-07-16 11:00;0,2967
2026-07-16 12:00;0,3633
2026-07-16 13:00;0,3829
2026-07-16 14:00;0,5486
2026-07-16 15:00;0,6044
2026-07-16 16:00;0,5472
2026-07-16 17:00;0,6385
2026-07-16 18:00;0,6377
2026-07-16 19:00;0,5684
2026-07-16 20:00;0,5459
2026-07-16 21:00;0,3842
2026-07-16 22:00;0,2493
2026-07-16 23:00;0,1856
2026-07-17 00:00;0,1587
2026-07-17 01:00;0,1589
2026-07-17 02:00;0,1665
2026-07-17 03:00;0,1717
2026-07-17 04:00;0,1861
2026-07-17 05:00;0,1805
2026-07-17 06:00;0,1752
2026-07-17 07:00;0,1898
2026-07-17 08:00;0,2314
2026-07-17 09:00;0,2611
2026-07-17 10:00;0,2197
2026-07-17 11:00;0,2967
2026-07-17 12:00;0,3633
2026-07-17 13:00;0,3829
2026-07-17 14:00;0,5486
2026-07-17 15:00;0,6044
2026-07-17 16:00;0,5472
2026-07-17 17:00;0,6385
2026-07-17 18:00;0,6377
2026-07-17 19:00;0,5684
2026-07-17 20:00;0,5459
2026-07-17 21:00;0,3842
2026-07-17 22:00;0,2493
2026-07-17 23:00;0,1856
2026-07-18 00:00;0,1587
2026-07-18 01:00;0,1589
2026-07-18 02:00;0,1665
2026-07-18 03:00;0,1717
2026-07-18 04:00;0,1861
2026-07-18 05:00;0,1805
2026-07-18 06:00;0,1752
2026-07-18 07:00;0,1898
2026-07-18 08:00;0,2314
2026-07-18 09:00;0,2611
2026-07-18 10:00;0,2197
2026-07-18 11:00;0,2967
2026-07-18 12:00;0,3633
2026-07-18 13:00;0,3829
2026-07-18 14:00;0,5486
2026-07-18 15:00;0,6044
2026-07-18 16:00;0,5472
2026-07-18 17:00;0,6385
2026-07-18 18:00;0,6377
2026-07-18 19:00;0,5684
2026-07-18 20:00;0,5459
2026-07-18 21:00;0,3842
2026-07-18 22:00;0,2493
2026-07-18 23:00;0,1856
2026-07-19 00:00;0,1587
2026-07-19 01:00;0,1589
2026-07-19 02:00;0,1665
2026-07-19 03:00;0,1717
2026-07-19 04:00;0,1861
2026-07-19 05:00;0,1805
2026-07-19 06:00;0,1752
2026-07-19 07:00;0,1898
2026-07-19 08:00;0,2314
2026-07-19 09:00;0,2611
2026-07-19 10:00;0,2197
2026-07-19 11:00;0,2967
2026-07-19 12:00;0,3633
2026-07-19 13:00;0,3829
2026-07-19 14:00;0,5486
2026-07-19 15:00;0,6044
2026-07-19 16:00;0,5472
2026-07-19 17:00;0,6385
2026-07-19 18:00;0,6377
2026-07-19 19:00;0,5684
2026-07-19 20:00;0,5459
2026-07-19 21:00;0,3842
2026-07-19 22:00;0,2493
2026-07-19 23:00;0,1856
2026-07-20 00:00;0,1587
2026-07-20 01:00;0,1589
2026-07-20 02:00;0,1665
2026-07-20 03:00;0,1717
2026-07-20 04:00;0,1861
2026-07-20 05:00;0,1805
2026-07-20 06:00;0,1752
2026-07-20 07:00;0,1898
2026-07-20 08:00;0,2314
2026-07-20 09:00;0,2611
2026-07-20 10:00;0,2197
2026-07-20 11:00;0,2967
2026-07-20 12:00;0,3633
2026-07-20 13:00;0,3829
2026-07-20 14:00;0,5486
2026-07-20 15:00;0,6044
2026-07-20 16:00;0,5472
2026-07-20 17:00;0,6385
2026-07-20 18:00;0,6377
2026-07-20 19:00;0,5684
2026-07-20 20:00;0,5459
2026-07-20 21:00;0,3842
2026-07-20 22:00;0,2493
2026-07-20 23:00;0,1856
2026-07-21 00:00;0,1587
2026-07-21 01:00;0,1589
2026-07-21 02:00;0,1665
2026-07-21 03:00;0,1717
2026-07-21 04:00;0,1861
2026-07-21 05:00;0,1805
2026-07-21 06:00;0,1752
2026-07-21 07:00;0,1898
2026-07-21 08:00;0,2314
2026-07-21 09:00;0,2611
2026-07-21 10:00;0,2197
2026-07-21 11:00;0,2967
2026-07-21 12:00;0,3633
2026-07-21 13:00;0,3829
2026-07-21 14:00;0,5486
2026-07-21 15:00;0,6044
2026-07-21 16:00;0,5472
2026-07-21 17:00;0,6385
2026-07-21 18:00;0,6377
2026-07-21 19:00;0,5684
2026-07-21 20:00;0,5459
2026-07-21 21:00;0,3842
2026-07-21 22:00;0,2493
2026-07-21 23:00;0,1856
2026-07-22 00:00;0,1587
2026-07-22 01:00;0,1589
2026-07-22 02:00;0,1665
2026-07-22 03:00;0,1717
2026-07-22 04:00;0,1861
2026-07-22 05:00;0,1805
2026-07-22 06:00;0,1752
2026-07-22 07:00;0,1898
2026-07-22 08:00;0,2314
2026-07-22 09:00;0,2611
2026-07-22 10:00;0,2197
2026-07-22 11:00;0,2967
2026-07-22 12:00;0,3633
2026-07-22 13:00;0,3829
2026-07-22 14:00;0,5486
2026-07-22 15:00;0,6044
2026-07-22 16:00;0,5472
2026-07-22 17:00;0,6385
2026-07-22 18:00;0,6377
2026-07-22 19:00;0,5684
2026-07-22 20:00;0,5459
2026-07-22 21:00;0,3842
2026-07-22 22:00;0,2493
2026-07-22 23:00;0,1856
2026-07-23 00:00;0,1587
2026-07-23 01:00;0,1589
2026-07-23 02:00;0,1665
2026-07-23 03:00;0,1717
2026-07-23 04:00;0,1861
2026-07-23 05:00;0,1805
2026-07-23 06:00;0,1752
2026-07-23 07:00;0,1898
2026-07-23 08:00;0,2314
2026-07-23 09:00;0,2611
2026-07-23 10:00;0,2197
2026-07-23 11:00;0,2967
2026-07-23 12:00;0,3633
2026-07-23 13:00;0,3829
2026-07-23 14:00;0,5486
2026-07-23 15:00;0,6044
2026-07-23 16:00;0,5472
2026-07-23 17:00;0,6385
2026-07-23 18:00;0,6377
2026-07-23 19:00;0,5684
2026-07-23 20:00;0,5459
2026-07-23 21:00;0,3842
2026-07-23 22:00;0,2493
2026-07-23 23:00;0,1856
2026-07-24 00:00;0,1587
2026-07-24 01:00;0,1589
2026-07-24 02:00;0,1665
2026-07-24 03:00;0,1717
2026-07-24 04:00;0,1861
2026-07-24 05:00;0,1805
2026-07-24 06:00;0,1752
2026-07-24 07:00;0,1898
2026-07-24 08:00;0,2314
2026-07-24 09:00;0,2611
2026-07-24 10:00;0,2197
2026-07-24 11:00;0,2967
2026-07-24 12:00;0,3633
2026-07-24 13:00;0,3829
2026-07-24 14:00;0,5486
2026-07-24 15:00;0,6044
2026-07-24 16:00;0,5472
2026-07-24 17:00;0,6385
2026-07-24 18:00;0,6377
2026-07-24 19:00;0,5684
2026-07-24 20:00;0,5459
2026-07-24 21:00;0,3842
2026-07-24 22:00;0,2493
2026-07-24 23:00;0,1856
2026-07-25 00:00;0,1587
2026-07-25 01:00;0,1589
2026-07-25 02:00;0,1665
2026-07-25 03:00;0,1717
2026-07-25 04:00;0,1861
2026-07-25 05:00;0,1805
2026-07-25 06:00;0,1752
2026-07-25 07:00;0,1898
2026-07-25 08:00;0,2314
2026-07-25 09:00;0,2611
2026-07-25 10:00;0,2197
2026-07-25 11:00;0,2967
2026-07-25 12:00;0,3633
2026-07-25 13:00;0,3829
2026-07-25 14:00;0,5486
2026-07-25 15:00;0,6044
2026-07-25 16:00;0,5472
2026-07-25 17:00;0,6385
2026-07-25 18:00;0,6377
2026-07-25 19:00;0,5684
2026-07-25 20:00;0,5459
2026-07-25 21:00;0,3842
2026-07-25 22:00;0,2493
2026-07-25 23:00;0,1856
2026-07-26 00:00;0,1587
2026-07-26 01:00;0,1589
2026-07-26 02:00;0,1665
2026-07-26 03:00;0,1717
2026-07-26 04:00;0,1861
2026-07-26 05:00;0,1805
2026-07-26 06:00;0,1752
2026-07-26 07:00;0,1898
2026-07-26 08:00;0,2314
2026-07-26 09:00;0,2611
2026-07-26 10:00;0,2197
2026-07-26 11:00;0,2967
2026-07-26 12:00;0,3633
2026-07-26 13:00;0,3829
2026-07-26 14:00;0,5486
2026-07-26 15:00;0,6044
2026-07-26 16:00;0,5472
2026-07-26 17:00;0,6385
2026-07-26 18:00;0,6377
2026-07-26 19:00;0,5684
2026-07-26 20:00;0,5459
2026-07-26 21:00;0,3842
2026-07-26 22:00;0,2493
2026-07-26 23:00;0,1856
2026-07-27 00:00;0,1587
2026-07-27 01:00;0,1589
2026-07-27 02:00;0,1665
2026-07-27 03:00;0,1717
2026-07-27 04:00;0,1861
2026-07-27 05:00;0,1805
2026-07-27 06:00;0,1752
2026-07-27 07:00;0,1898
2026-07-27 08:00;0,2314
2026-07-27 09:00;0,2611
2026-07-27 10:00;0,2197
2026-07-27 11:00;0,2967
2026-07-27 12:00;0,3633
2026-07-27 13:00;0,3829
2026-07-27 14:00;0,5486
2026-07-27 15:00;0,6044
2026-07-27 16:00;0,5472
2026-07-27 17:00;0,6385
2026-07-27 18:00;0,6377
2026-07-27 19:00;0,5684
2026-07-27 20:00;0,5459
2026-07-27 21:00;0,3842
2026-07-27 22:00;0,2493
2026-07-27 23:00;0,1856
2026-07-28 00:00;0,1587
2026-07-28 01:00;0,1589
2026-07-28 02:00;0,1665
2026-07-28 03:00;0,1717
2026-07-28 04:00;0,1861
2026-07-28 05:00;0,1805
2026-07-28 06:00;0,1752
2026-07-28 07:00;0,1898
2026-07-28 08:00;0,2314
2026-07-28 09:00;0,2611
2026-07-28 10:00;0,2197
2026-07-28 11:00;0,2967
2026-07-28 12:00;0,3633
2026-07-28 13:00;0,3829
2026-07-28 14:00;0,5486
2026-07-28 15:00;0,6044
2026-07-28 16:00;0,5472
2026-07-28 17:00;0,6385
2026-07-28 18:00;0,6377
2026-07-28 19:00;0,5684
2026-07-28 20:00;0,5459
2026-07-28 21:00;0,3842
2026-07-28 22:00;0,2493
2026-07-28 23:00;0,1856
2026-07-29 00:00;0,1587
2026-07-29 01:00;0,1589
2026-07-29 02:00;0,1664
2026-07-29 03:00;0,1716
2026-07-29 04:00;0,1859
2026-07-29 05:00;0,1802
2026-07-29 06:00;0,1748
2026-07-29 07:00;0,1893
2026-07-29 08:00;0,2309
2026-07-29 09:00;0,2606
2026-07-29 10:00;0,2191
2026-07-29 11:00;0,2961
2026-07-29 12:00;0,3626
2026-07-29 13:00;0,3821
2026-07-29 14:00;0,5478
2026-07-29 15:00;0,6035
2026-07-29 16:00;0,5462
2026-07-29 17:00;0,6375
2026-07-29 18:00;0,6367
2026-07-29 19:00;0,5673
2026-07-29 20:00;0,5447
2026-07-29 21:00;0,3830
2026-07-29 22:00;0,2480
2026-07-29 23:00;0,1843
2026-07-30 00:00;0,1573
2026-07-30 01:00;0,1575
2026-07-30 02:00;0,1650
2026-07-30 03:00;0,1701
2026-07-30 04:00;0,1845
2026-07-30 05:00;0,1788
2026-07-30 06:00;0,1734
2026-07-30 07:00;0,1879
2026-07-30 08:00;0,2295
2026-07-30 09:00;0,2592
2026-07-30 10:00;0,2177
2026-07-30 11:00;0,2947
2026-07-30 12:00;0,3612
2026-07-30 13:00;0,3807
2026-07-30 14:00;0,5464
2026-07-30 15:00;0,6021
2026-07-30 16:00;0,5448
2026-07-30 17:00;0,6361
2026-07-30 18:00;0,6353
2026-07-30 19:00;0,5659
2026-07-30 20:00;0,5433
2026-07-30 21:00;0,3816
2026-07-30 22:00;0,2466
2026-07-30 23:00;0,1829
2026-07-31 00:00;0,1559
2026-07-31 01:00;0,1561
2026-07-31 02:00;0,1636
2026-07-31 03:00;0,1687
2026-07-31 04:00;0,1831
2026-07-31 05:00;0,1774
2026-07-31 06:00;0,1720
2026-07-31 07:00;0,1865
2026-07-31 08:00;0,2281
2026-07-31 09:00;0,2577
2026-07-31 10:00;0,2163
2026-07-31 11:00;0,2933
2026-07-31 12:00;0,3598
2026-07-31 13:00;0,3793
2026-07-31 14:00;0,5450
2026-07-31 15:00;0,6007
2026-07-31 16:00;0,5434
2026-07-31 17:00;0,6346
2026-07-31 18:00;0,6339
2026-07-31 19:00;0,5645
2026-07-31 20:00;0,5419
2026-07-31 21:00;0,3801
2026-07-31 22:00;0,2452
2026-07-31 23:00;0,1815
2026-08-01 00:00;0,1813
2026-08-01 01:00;0,1948
2026-08-01 02:00;0,1880
2026-08-01 03:00;0,2063
2026-08-01 04:00;0,2214
2026-08-01 05:00;0,2133
2026-08-01 06:00;0,2191
2026-08-01 07:00;0,2464
2026-08-01 08:00;0,2561
2026-08-01 09:00;0,2885
2026-08-01 10:00;0,2926
2026-08-01 11:00;0,3137
2026-08-01 12:00;0,3542
2026-08-01 13:00;0,4128
2026-08-01 14:00;0,5843
2026-08-01 15:00;0,6238
2026-08-01 16:00;0,5672
2026-08-01 17:00;0,6892
2026-08-01 18:00;0,6808
2026-08-01 19:00;0,5808
2026-08-01 20:00;0,5348
2026-08-01 21:00;0,3319
2026-08-01 22:00;0,2320
2026-08-01 23:00;0,1806
2026-08-02 00:00;0,1799
2026-08-02 01:00;0,1934
2026-08-02 02:00;0,1866
2026-08-02 03:00;0,2049
2026-08-02 04:00;0,2199
2026-08-02 05:00;0,2119
2026-08-02 06:00;0,2177
2026-08-02 07:00;0,2450
2026-08-02 08:00;0,2547
2026-08-02 09:00;0,2871
2026-08-02 10:00;0,2912
2026-08-02 11:00;0,3122
2026-08-02 12:00;0,3528
2026-08-02 13:00;0,4114
2026-08-02 14:00;0,5829
2026-08-02 15:00;0,6224
2026-08-02 16:00;0,5658
2026-08-02 17:00;0,6878
2026-08-02 18:00;0,6794
2026-08-02 19:00;0,5794
2026-08-02 20:00;0,5334
2026-08-02 21:00;0,3305
2026-08-02 22:00;0,2306
2026-08-02 23:00;0,1792
2026-08-03 00:00;0,1785
2026-08-03 01:00;0,1920
2026-08-03 02:00;0,1852
2026-08-03 03:00;0,2035
2026-08-03 04:00;0,2185
2026-08-03 05:00;0,2105
2026-08-03 06:00;0,2163
2026-08-03 07:00;0,2436
2026-08-03 08:00;0,2533
2026-08-03 09:00;0,2857
2026-08-03 10:00;0,2898
2026-08-03 11:00;0,3108
2026-08-03 12:00;0,3514
2026-08-03 13:00;0,4100
2026-08-03 14:00;0,5815
2026-08-03 15:00;0,6210
2026-08-03 16:00;0,5644
2026-08-03 17:00;0,6863
2026-08-03 18:00;0,6780
2026-08-03 19:00;0,5780
2026-08-03 20:00;0,5320
2026-08-03 21:00;0,3291
2026-08-03 22:00;0,2292
2026-08-03 23:00;0,1778
2026-08-04 00:00;0,1772
2026-08-04 01:00;0,1907
2026-08-04 02:00;0,1840
2026-08-04 03:00;0,2023
2026-08-04 04:00;0,2174
2026-08-04 05:00;0,2094
2026-08-04 06:00;0,2153
2026-08-04 07:00;0,2426
2026-08-04 08:00;0,2524
2026-08-04 09:00;0,2848
2026-08-04 10:00;0,2890
2026-08-04 11:00;0,3101
2026-08-04 12:00;0,3508
2026-08-04 13:00;0,4094
2026-08-04 14:00;0,5810
2026-08-04 15:00;0,6205
2026-08-04 16:00;0,5640
2026-08-04 17:00;0,6860
2026-08-04 18:00;0,6777
2026-08-04 19:00;0,5778
2026-08-04 20:00;0,5318
2026-08-04 21:00;0,3289
2026-08-04 22:00;0,2291
2026-08-04 23:00;0,1778
2026-08-05 00:00;0,1772
2026-08-05 01:00;0,1907
2026-08-05 02:00;0,1840
2026-08-05 03:00;0,2023
2026-08-05 04:00;0,2174
2026-08-05 05:00;0,2094
2026-08-05 06:00;0,2153
2026-08-05 07:00;0,2426
2026-08-05 08:00;0,2524
2026-08-05 09:00;0,2848
2026-08-05 10:00;0,2890
2026-08-05 11:00;0,3101
2026-08-05 12:00;0,3508
2026-08-05 13:00;0,4094
2026-08-05 14:00;0,5810
2026-08-05 15:00;0,6205
2026-08-05 16:00;0,5640
2026-08-05 17:00;0,6860
2026-08-05 18:00;0,6777
2026-08-05 19:00;0,5778
2026-08-05 20:00;0,5318
2026-08-05 21:00;0,3289
2026-08-05 22:00;0,2291
2026-08-05 23:00;0,1778
2026-08-06 00:00;0,1772
2026-08-06 01:00;0,1907
2026-08-06 02:00;0,1840
2026-08-06 03:00;0,2023
2026-08-06 04:00;0,2174
2026-08-06 05:00;0,2094
2026-08-06 06:00;0,2153
2026-08-06 07:00;0,2426
2026-08-06 08:00;0,2524
2026-08-06 09:00;0,2848
2026-08-06 10:00;0,2890
2026-08-06 11:00;0,3101
2026-08-06 12:00;0,3508
2026-08-06 13:00;0,4094
2026-08-06 14:00;0,5810
2026-08-06 15:00;0,6205
2026-08-06 16:00;0,5640
2026-08-06 17:00;0,6860
2026-08-06 18:00;0,6777
2026-08-06 19:00;0,5778
2026-08-06 20:00;0,5318
2026-08-06 21:00;0,3289
2026-08-06 22:00;0,2291
2026-08-06 23:00;0,1778
2026-08-07 00:00;0,1772
2026-08-07 01:00;0,1907
2026-08-07 02:00;0,1840
2026-08-07 03:00;0,2023
2026-08-07 04:00;0,2174
2026-08-07 05:00;0,2094
2026-08-07 06:00;0,2153
2026-08-07 07:00;0,2426
2026-08-07 08:00;0,2524
2026-08-07 09:00;0,2848
2026-08-07 10:00;0,2890
2026-08-07 11:00;0,3101
2026-08-07 12:00;0,3508
2026-08-07 13:00;0,4094
2026-08-07 14:00;0,5810
2026-08-07 15:00;0,6205
2026-08-07 16:00;0,5640
2026-08-07 17:00;0,6860
2026-08-07 18:00;0,6777
2026-08-07 19:00;0,5778
2026-08-07 20:00;0,5318
2026-08-07 21:00;0,3289
2026-08-07 22:00;0,2291
2026-08-07 23:00;0,1778
2026-08-08 00:00;0,1772
2026-08-08 01:00;0,1907
2026-08-08 02:00;0,1840
2026-08-08 03:00;0,2023
2026-08-08 04:00;0,2174
2026-08-08 05:00;0,2094
2026-08-08 06:00;0,2153
2026-08-08 07:00;0,2426
2026-08-08 08:00;0,2524
2026-08-08 09:00;0,2848
2026-08-08 10:00;0,2890
2026-08-08 11:00;0,3101
2026-08-08 12:00;0,3508
2026-08-08 13:00;0,4094
2026-08-08 14:00;0,5810
2026-08-08 15:00;0,6205
2026-08-08 16:00;0,5640
2026-08-08 17:00;0,6860
2026-08-08 18:00;0,6777
2026-08-08 19:00;0,5778
2026-08-08 20:00;0,5318
2026-08-08 21:00;0,3289
2026-08-08 22:00;0,2291
2026-08-08 23:00;0,1778
2026-08-09 00:00;0,1772
2026-08-09 01:00;0,1907
2026-08-09 02:00;0,1840
2026-08-09 03:00;0,2023
2026-08-09 04:00;0,2174
2026-08-09 05:00;0,2094
2026-08-09 06:00;0,2153
2026-08-09 07:00;0,2426
2026-08-09 08:00;0,2524
2026-08-09 09:00;0,2848
2026-08-09 10:00;0,2890
2026-08-09 11:00;0,3101
2026-08-09 12:00;0,3508
2026-08-09 13:00;0,4094
2026-08-09 14:00;0,5810
2026-08-09 15:00;0,6205
2026-08-09 16:00;0,5640
2026-08-09 17:00;0,6860
2026-08-09 18:00;0,6777
2026-08-09 19:00;0,5778
2026-08-09 20:00;0,5318
2026-08-09 21:00;0,3289
2026-08-09 22:00;0,2291
2026-08-09 23:00;0,1778
2026-08-10 00:00;0,1772
2026-08-10 01:00;0,1907
2026-08-10 02:00;0,1840
2026-08-10 03:00;0,2023
2026-08-10 04:00;0,2174
2026-08-10 05:00;0,2094
2026-08-10 06:00;0,2153
2026-08-10 07:00;0,2426
2026-08-10 08:00;0,2524
2026-08-10 09:00;0,2848
2026-08-10 10:00;0,2890
2026-08-10 11:00;0,3101
2026-08-10 12:00;0,3508
2026-08-10 13:00;0,4094
2026-08-10 14:00;0,5810
2026-08-10 15:00;0,6205
2026-08-10 16:00;0,5640
2026-08-10 17:00;0,6860
2026-08-10 18:00;0,6777
2026-08-10 19:00;0,5778
2026-08-10 20:00;0,5318
2026-08-10 21:00;0,3289
2026-08-10 22:00;0,2291
2026-08-10 23:00;0,1778
2026-08-11 00:00;0,1772
2026-08-11 01:00;0,1907
2026-08-11 02:00;0,1840
2026-08-11 03:00;0,2023
2026-08-11 04:00;0,2174
2026-08-11 05:00;0,2094
2026-08-11 06:00;0,2153
2026-08-11 07:00;0,2426
2026-08-11 08:00;0,2524
2026-08-11 09:00;0,2848
2026-08-11 10:00;0,2890
2026-08-11 11:00;0,3101
2026-08-11 12:00;0,3508
2026-08-11 13:00;0,4094
2026-08-11 14:00;0,5810
2026-08-11 15:00;0,6205
2026-08-11 16:00;0,5640
2026-08-11 17:00;0,6860
2026-08-11 18:00;0,6777
2026-08-11 19:00;0,5778
2026-08-11 20:00;0,5318
2026-08-11 21:00;0,3289
2026-08-11 22:00;0,2291
2026-08-11 23:00;0,1778
2026-08-12 00:00;0,1772
2026-08-12 01:00;0,1907
2026-08-12 02:00;0,1840
2026-08-12 03:00;0,2023
2026-08-12 04:00;0,2174
2026-08-12 05:00;0,2094
2026-08-12 06:00;0,2153
2026-08-12 07:00;0,2426
2026-08-12 08:00;0,2524
2026-08-12 09:00;0,2848
2026-08-12 10:00;0,2890
2026-08-12 11:00;0,3101
2026-08-12 12:00;0,3508
2026-08-12 13:00;0,4094
2026-08-12 14:00;0,5810
2026-08-12 15:00;0,6205
2026-08-12 16:00;0,5640
2026-08-12 17:00;0,6860
2026-08-12 18:00;0,6777
2026-08-12 19:00;0,5778
2026-08-12 20:00;0,5318
2026-08-12 21:00;0,3289
2026-08-12 22:00;0,2291
2026-08-12 23:00;0,1778
2026-08-13 00:00;0,1772
2026-08-13 01:00;0,1907
2026-08-13 02:00;0,1840
2026-08-13 03:00;0,2023
2026-08-13 04:00;0,2174
2026-08-13 05:00;0,2094
2026-08-13 06:00;0,2153
2026-08-13 07:00;0,2426
2026-08-13 08:00;0,2524
2026-08-13 09:00;0,2848
2026-08-13 10:00;0,2890
2026-08-13 11:00;0,3101
2026-08-13 12:00;0,3508
2026-08-13 13:00;0,4094
2026-08-13 14:00;0,5810
2026-08-13 15:00;0,6205
2026-08-13 16:00;0,5640
2026-08-13 17:00;0,6860
2026-08-13 18:00;0,6777
2026-08-13 19:00;0,5778
2026-08-13 20:00;0,5318
2026-08-13 21:00;0,3289
2026-08-13 22:00;0,2291
2026-08-13 23:00;0,1778
2026-08-14 00:00;0,1772
2026-08-14 01:00;0,1907
2026-08-14 02:00;0,1840
2026-08-14 03:00;0,2023
2026-08-14 04:00;0,2174
2026-08-14 05:00;0,2094
2026-08-14 06:00;0,2153
2026-08-14 07:00;0,2426
2026-08-14 08:00;0,2524
2026-08-14 09:00;0,2848
2026-08-14 10:00;0,2890
2026-08-14 11:00;0,3101
2026-08-14 12:00;0,3508
2026-08-14 13:00;0,4094
2026-08-14 14:00;0,5810
2026-08-14 15:00;0,6205
2026-08-14 16:00;0,5640
2026-08-14 17:00;0,6860
2026-08-14 18:00;0,6777
2026-08-14 19:00;0,5778
2026-08-14 20:00;0,5318
2026-08-14 21:00;0,3289
2026-08-14 22:00;0,2291
2026-08-14 23:00;0,1778
2026-08-15 00:00;0,1772
2026-08-15 01:00;0,1907
2026-08-15 02:00;0,1840
2026-08-15 03:00;0,2023
2026-08-15 04:00;0,2174
2026-08-15 05:00;0,2094
2026-08-15 06:00;0,2153
2026-08-15 07:00;0,2426
2026-08-15 08:00;0,2524
2026-08-15 09:00;0,2848
2026-08-15 10:00;0,2890
2026-08-15 11:00;0,3101
2026-08-15 12:00;0,3508
2026-08-15 13:00;0,4094
2026-08-15 14:00;0,5810
2026-08-15 15:00;0,6205
2026-08-15 16:00;0,5640
2026-08-15 17:00;0,6860
2026-08-15 18:00;0,6777
2026-08-15 19:00;0,5778
2026-08-15 20:00;0,5318
2026-08-15 21:00;0,3289
2026-08-15 22:00;0,2291
2026-08-15 23:00;0,1778
2026-08-16 00:00;0,1772
2026-08-16 01:00;0,1907
2026-08-16 02:00;0,1840
2026-08-16 03:00;0,2023
2026-08-16 04:00;0,2174
2026-08-16 05:00;0,2094
2026-08-16 06:00;0,2153
2026-08-16 07:00;0,2426
2026-08-16 08:00;0,2524
2026-08-16 09:00;0,2848
2026-08-16 10:00;0,2890
2026-08-16 11:00;0,3101
2026-08-16 12:00;0,3508
2026-08-16 13:00;0,4094
2026-08-16 14:00;0,5810
2026-08-16 15:00;0,6205
2026-08-16 16:00;0,5640
2026-08-16 17:00;0,6860
2026-08-16 18:00;0,6777
2026-08-16 19:00;0,5778
2026-08-16 20:00;0,5318
2026-08-16 21:00;0,3289
2026-08-16 22:00;0,2291
2026-08-16 23:00;0,1778
2026-08-17 00:00;0,1772
2026-08-17 01:00;0,1907
2026-08-17 02:00;0,1840
2026-08-17 03:00;0,2023
2026-08-17 04:00;0,2174
2026-08-17 05:00;0,2094
2026-08-17 06:00;0,2153
2026-08-17 07:00;0,2426
2026-08-17 08:00;0,2524
2026-08-17 09:00;0,2848
2026-08-17 10:00;0,2890
2026-08-17 11:00;0,3101
2026-08-17 12:00;0,3508
2026-08-17 13:00;0,4094
2026-08-17 14:00;0,5810
2026-08-17 15:00;0,6205
2026-08-17 16:00;0,5640
2026-08-17 17:00;0,6860
2026-08-17 18:00;0,6777
2026-08-17 19:00;0,5778
2026-08-17 20:00;0,5318
2026-08-17 21:00;0,3289
2026-08-17 22:00;0,2291
2026-08-17 23:00;0,1778
2026-08-18 00:00;0,1772
2026-08-18 01:00;0,1907
2026-08-18 02:00;0,1840
2026-08-18 03:00;0,2023
2026-08-18 04:00;0,2174
2026-08-18 05:00;0,2094
2026-08-18 06:00;0,2153
2026-08-18 07:00;0,2426
2026-08-18 08:00;0,2524
2026-08-18 09:00;0,2848
2026-08-18 10:00;0,2890
2026-08-18 11:00;0,3101
2026-08-18 12:00;0,3508
2026-08-18 13:00;0,4094
2026-08-18 14:00;0,5810
2026-08-18 15:00;0,6205
2026-08-18 16:00;0,5640
2026-08-18 17:00;0,6860
2026-08-18 18:00;0,6777
2026-08-18 19:00;0,5778
2026-08-18 20:00;0,5318
2026-08-18 21:00;0,3289
2026-08-18 22:00;0,2291
2026-08-18 23:00;0,1778
2026-08-19 00:00;0,1772
2026-08-19 01:00;0,1907
2026-08-19 02:00;0,1840
2026-08-19 03:00;0,2023
2026-08-19 04:00;0,2174
2026-08-19 05:00;0,2094
2026-08-19 06:00;0,2153
2026-08-19 07:00;0,2426
2026-08-19 08:00;0,2524
2026-08-19 09:00;0,2848
2026-08-19 10:00;0,2890
2026-08-19 11:00;0,3101
2026-08-19 12:00;0,3508
2026-08-19 13:00;0,4094
2026-08-19 14:00;0,5810
2026-08-19 15:00;0,6205
2026-08-19 16:00;0,5640
2026-08-19 17:00;0,6860
2026-08-19 18:00;0,6777
2026-08-19 19:00;0,5778
2026-08-19 20:00;0,5318
2026-08-19 21:00;0,3289
2026-08-19 22:00;0,2291
2026-08-19 23:00;0,1778
2026-08-20 00:00;0,1772
2026-08-20 01:00;0,1907
2026-08-20 02:00;0,1840
2026-08-20 03:00;0,2023
2026-08-20 04:00;0,2174
2026-08-20 05:00;0,2094
2026-08-20 06:00;0,2153
2026-08-20 07:00;0,2426
2026-08-20 08:00;0,2524
2026-08-20 09:00;0,2848
2026-08-20 10:00;0,2890
2026-08-20 11:00;0,3101
2026-08-20 12:00;0,3508
2026-08-20 13:00;0,4094
2026-08-20 14:00;0,5810
2026-08-20 15:00;0,6205
2026-08-20 16:00;0,5640
2026-08-20 17:00;0,6860
2026-08-20 18:00;0,6777
2026-08-20 19:00;0,5778
2026-08-20 20:00;0,5318
2026-08-20 21:00;0,3289
2026-08-20 22:00;0,2291
2026-08-20 23:00;0,1778
2026-08-21 00:00;0,1772
2026-08-21 01:00;0,1907
2026-08-21 02:00;0,1840
2026-08-21 03:00;0,2023
2026-08-21 04:00;0,2174
2026-08-21 05:00;0,2094
2026-08-21 06:00;0,2153
2026-08-21 07:00;0,2426
2026-08-21 08:00;0,2524
2026-08-21 09:00;0,2848
2026-08-21 10:00;0,2890
2026-08-21 11:00;0,3101
2026-08-21 12:00;0,3508
2026-08-21 13:00;0,4094
2026-08-21 14:00;0,5810
2026-08-21 15:00;0,6205
2026-08-21 16:00;0,5640
2026-08-21 17:00;0,6860
2026-08-21 18:00;0,6777
2026-08-21 19:00;0,5778
2026-08-21 20:00;0,5318
2026-08-21 21:00;0,3289
2026-08-21 22:00;0,2291
2026-08-21 23:00;0,1778
2026-08-22 00:00;0,1772
2026-08-22 01:00;0,1907
2026-08-22 02:00;0,1840
2026-08-22 03:00;0,2023
2026-08-22 04:00;0,2174
2026-08-22 05:00;0,2094
2026-08-22 06:00;0,2153
2026-08-22 07:00;0,2426
2026-08-22 08:00;0,2524
2026-08-22 09:00;0,2848
2026-08-22 10:00;0,2890
2026-08-22 11:00;0,3101
2026-08-22 12:00;0,3508
2026-08-22 13:00;0,4094
2026-08-22 14:00;0,5810
2026-08-22 15:00;0,6205
2026-08-22 16:00;0,5640
2026-08-22 17:00;0,6860
2026-08-22 18:00;0,6777
2026-08-22 19:00;0,5778
2026-08-22 20:00;0,5318
2026-08-22 21:00;0,3289
2026-08-22 22:00;0,2291
2026-08-22 23:00;0,1778
2026-08-23 00:00;0,1772
2026-08-23 01:00;0,1907
2026-08-23 02:00;0,1840
2026-08-23 03:00;0,2023
2026-08-23 04:00;0,2174
2026-08-23 05:00;0,2094
2026-08-23 06:00;0,2153
2026-08-23 07:00;0,2426
2026-08-23 08:00;0,2524
2026-08-23 09:00;0,2848
2026-08-23 10:00;0,2890
2026-08-23 11:00;0,3101
2026-08-23 12:00;0,3508
2026-08-23 13:00;0,4094
2026-08-23 14:00;0,5810
2026-08-23 15:00;0,6205
2026-08-23 16:00;0,5640
2026-08-23 17:00;0,6860
2026-08-23 18:00;0,6777
2026-08-23 19:00;0,5778
2026-08-23 20:00;0,5318
2026-08-23 21:00;0,3289
2026-08-23 22:00;0,2291
2026-08-23 23:00;0,1778
2026-08-24 00:00;0,1772
2026-08-24 01:00;0,1907
2026-08-24 02:00;0,1840
2026-08-24 03:00;0,2023
2026-08-24 04:00;0,2174
2026-08-24 05:00;0,2094
2026-08-24 06:00;0,2153
2026-08-24 07:00;0,2426
2026-08-24 08:00;0,2524
2026-08-24 09:00;0,2848
2026-08-24 10:00;0,2890
2026-08-24 11:00;0,3101
2026-08-24 12:00;0,3508
2026-08-24 13:00;0,4094
2026-08-24 14:00;0,5810
2026-08-24 15:00;0,6205
2026-08-24 16:00;0,5640
2026-08-24 17:00;0,6860
2026-08-24 18:00;0,6777
2026-08-24 19:00;0,5778
2026-08-24 20:00;0,5318
2026-08-24 21:00;0,3289
2026-08-24 22:00;0,2291
2026-08-24 23:00;0,1778
2026-08-25 00:00;0,1772
2026-08-25 01:00;0,1907
2026-08-25 02:00;0,1840
2026-08-25 03:00;0,2023
2026-08-25 04:00;0,2174
2026-08-25 05:00;0,2094
2026-08-25 06:00;0,2153
2026-08-25 07:00;0,2426
2026-08-25 08:00;0,2524
2026-08-25 09:00;0,2848
2026-08-25 10:00;0,2890
2026-08-25 11:00;0,3101
2026-08-25 12:00;0,3508
2026-08-25 13:00;0,4094
2026-08-25 14:00;0,5810
2026-08-25 15:00;0,6205
2026-08-25 16:00;0,5640
2026-08-25 17:00;0,6860
2026-08-25 18:00;0,6777
2026-08-25 19:00;0,5778
2026-08-25 20:00;0,5318
2026-08-25 21:00;0,3289
2026-08-25 22:00;0,2291
2026-08-25 23:00;0,1778
2026-08-26 00:00;0,1772
2026-08-26 01:00;0,1907
2026-08-26 02:00;0,1840
2026-08-26 03:00;0,2023
2026-08-26 04:00;0,2174
2026-08-26 05:00;0,2094
2026-08-26 06:00;0,2153
2026-08-26 07:00;0,2426
2026-08-26 08:00;0,2524
2026-08-26 09:00;0,2848
2026-08-26 10:00;0,2890
2026-08-26 11:00;0,3101
2026-08-26 12:00;0,3508
2026-08-26 13:00;0,4094
2026-08-26 14:00;0,5810
2026-08-26 15:00;0,6205
2026-08-26 16:00;0,5640
2026-08-26 17:00;0,6860
2026-08-26 18:00;0,6777
2026-08-26 19:00;0,5778
2026-08-26 20:00;0,5318
2026-08-26 21:00;0,3289
2026-08-26 22:00;0,2291
2026-08-26 23:00;0,1778
2026-08-27 00:00;0,1772
2026-08-27 01:00;0,1907
2026-08-27 02:00;0,1840
2026-08-27 03:00;0,2023
2026-08-27 04:00;0,2174
2026-08-27 05:00;0,2094
2026-08-27 06:00;0,2153
2026-08-27 07:00;0,2426
2026-08-27 08:00;0,2524
2026-08-27 09:00;0,2848
2026-08-27 10:00;0,2890
2026-08-27 11:00;0,3101
2026-08-27 12:00;0,3508
2026-08-27 13:00;0,4094
2026-08-27 14:00;0,5810
2026-08-27 15:00;0,6205
2026-08-27 16:00;0,5640
2026-08-27 17:00;0,6860
2026-08-27 18:00;0,6777
2026-08-27 19:00;0,5778
2026-08-27 20:00;0,5318
2026-08-27 21:00;0,3289
2026-08-27 22:00;0,2291
2026-08-27 23:00;0,1778
2026-08-28 00:00;0,1772
2026-08-28 01:00;0,1907
2026-08-28 02:00;0,1840
2026-08-28 03:00;0,2023
2026-08-28 04:00;0,2174
2026-08-28 05:00;0,2094
2026-08-28 06:00;0,2153
2026-08-28 07:00;0,2426
2026-08-28 08:00;0,2524
2026-08-28 09:00;0,2848
2026-08-28 10:00;0,2890
2026-08-28 11:00;0,3101
2026-08-28 12:00;0,3508
2026-08-28 13:00;0,4094
2026-08-28 14:00;0,5810
2026-08-28 15:00;0,6205
2026-08-28 16:00;0,5640
2026-08-28 17:00;0,6860
2026-08-28 18:00;0,6777
2026-08-28 19:00;0,5778
2026-08-28 20:00;0,5318
2026-08-28 21:00;0,3289
2026-08-28 22:00;0,2291
2026-08-28 23:00;0,1778
2026-08-29 00:00;0,1772
2026-08-29 01:00;0,1911
2026-08-29 02:00;0,1848
2026-08-29 03:00;0,2035
2026-08-29 04:00;0,2190
2026-08-29 05:00;0,2114
2026-08-29 06:00;0,2177
2026-08-29 07:00;0,2454
2026-08-29 08:00;0,2556
2026-08-29 09:00;0,2884
2026-08-29 10:00;0,2930
2026-08-29 11:00;0,3145
2026-08-29 12:00;0,3555
2026-08-29 13:00;0,4146
2026-08-29 14:00;0,5865
2026-08-29 15:00;0,6265
2026-08-29 16:00;0,5704
2026-08-29 17:00;0,6928
2026-08-29 18:00;0,6849
2026-08-29 19:00;0,5853
2026-08-29 20:00;0,5398
2026-08-29 21:00;0,3373
2026-08-29 22:00;0,2379
2026-08-29 23:00;0,1870
2026-08-30 00:00;0,1867
2026-08-30 01:00;0,2007
2026-08-30 02:00;0,1943
2026-08-30 03:00;0,2131
2026-08-30 04:00;0,2286
2026-08-30 05:00;0,2210
2026-08-30 06:00;0,2273
2026-08-30 07:00;0,2550
2026-08-30 08:00;0,2652
2026-08-30 09:00;0,2980
2026-08-30 10:00;0,3026
2026-08-30 11:00;0,3241
2026-08-30 12:00;0,3651
2026-08-30 13:00;0,4242
2026-08-30 14:00;0,5961
2026-08-30 15:00;0,6360
2026-08-30 16:00;0,5799
2026-08-30 17:00;0,7023
2026-08-30 18:00;0,6944
2026-08-30 19:00;0,5949
2026-08-30 20:00;0,5493
2026-08-30 21:00;0,3469
2026-08-30 22:00;0,2474
2026-08-30 23:00;0,1965
2026-08-31 00:00;0,1963
2026-08-31 01:00;0,2102
2026-08-31 02:00;0,2039
2026-08-31 03:00;0,2226
2026-08-31 04:00;0,2381
2026-08-31 05:00;0,2305
2026-08-31 06:00;0,2368
2026-08-31 07:00;0,2646
2026-08-31 08:00;0,2748
2026-08-31 09:00;0,3076
2026-08-31 10:00;0,3122
2026-08-31 11:00;0,3336
2026-08-31 12:00;0,3747
2026-08-31 13:00;0,4337
2026-08-31 14:00;0,6057
2026-08-31 15:00;0,6456
2026-08-31 16:00;0,5895
2026-08-31 17:00;0,7119
2026-08-31 18:00;0,7040
2026-08-31 19:00;0,6045
2026-08-31 20:00;0,5589
2026-08-31 21:00;0,3564
2026-08-31 22:00;0,2570
2026-08-31 23:00;0,2061
2026-09-01 00:00;0,2069
2026-09-01 01:00;0,2227
2026-09-01 02:00;0,2152
2026-09-01 03:00;0,2315
2026-09-01 04:00;0,2490
2026-09-01 05:00;0,2305
2026-09-01 06:00;0,2325
2026-09-01 07:00;0,2648
2026-09-01 08:00;0,2809
2026-09-01 09:00;0,3256
2026-09-01 10:00;0,3569
2026-09-01 11:00;0,3747
2026-09-01 12:00;0,3739
2026-09-01 13:00;0,3752
2026-09-01 14:00;0,4547
2026-09-01 15:00;0,4940
2026-09-01 16:00;0,4608
2026-09-01 17:00;0,5483
2026-09-01 18:00;0,5389
2026-09-01 19:00;0,3852
2026-09-01 20:00;0,3443
2026-09-01 21:00;0,2773
2026-09-01 22:00;0,2272
2026-09-01 23:00;0,2113
2026-09-02 00:00;0,2164
2026-09-02 01:00;0,2323
2026-09-02 02:00;0,2248
2026-09-02 03:00;0,2410
2026-09-02 04:00;0,2585
2026-09-02 05:00;0,2401
2026-09-02 06:00;0,2420
2026-09-02 07:00;0,2744
2026-09-02 08:00;0,2905
2026-09-02 09:00;0,3352
2026-09-02 10:00;0,3665
2026-09-02 11:00;0,3842
2026-09-02 12:00;0,3834
2026-09-02 13:00;0,3847
2026-09-02 14:00;0,4643
2026-09-02 15:00;0,5035
2026-09-02 16:00;0,4704
2026-09-02 17:00;0,5579
2026-09-02 18:00;0,5485
2026-09-02 19:00;0,3947
2026-09-02 20:00;0,3539
2026-09-02 21:00;0,2869
2026-09-02 22:00;0,2368
2026-09-02 23:00;0,2209
2026-09-03 00:00;0,2260
2026-09-03 01:00;0,2418
2026-09-03 02:00;0,2343
2026-09-03 03:00;0,2506
2026-09-03 04:00;0,2681
2026-09-03 05:00;0,2496
2026-09-03 06:00;0,2516
2026-09-03 07:00;0,2840
2026-09-03 08:00;0,3000
2026-09-03 09:00;0,3448
2026-09-03 10:00;0,3761
2026-09-03 11:00;0,3938
2026-09-03 12:00;0,3930
2026-09-03 13:00;0,3943
2026-09-03 14:00;0,4738
2026-09-03 15:00;0,5131
2026-09-03 16:00;0,4799
2026-09-03 17:00;0,5675
2026-09-03 18:00;0,5581
2026-09-03 19:00;0,4043
2026-09-03 20:00;0,3635
2026-09-03 21:00;0,2965
2026-09-03 22:00;0,2463
2026-09-03 23:00;0,2304
2026-09-04 00:00;0,2352
2026-09-04 01:00;0,2506
2026-09-04 02:00;0,2427
2026-09-04 03:00;0,2586
2026-09-04 04:00;0,2757
2026-09-04 05:00;0,2568
2026-09-04 06:00;0,2584
2026-09-04 07:00;0,2903
2026-09-04 08:00;0,3060
2026-09-04 09:00;0,3504
2026-09-04 10:00;0,3812
2026-09-04 11:00;0,3986
2026-09-04 12:00;0,3974
2026-09-04 13:00;0,3983
2026-09-04 14:00;0,4774
2026-09-04 15:00;0,5163
2026-09-04 16:00;0,4827
2026-09-04 17:00;0,5698
2026-09-04 18:00;0,5600
2026-09-04 19:00;0,4059
2026-09-04 20:00;0,3647
2026-09-04 21:00;0,2972
2026-09-04 22:00;0,2467
2026-09-04 23:00;0,2304
2026-09-05 00:00;0,2352
2026-09-05 01:00;0,2506
2026-09-05 02:00;0,2427
2026-09-05 03:00;0,2586
2026-09-05 04:00;0,2757
2026-09-05 05:00;0,2568
2026-09-05 06:00;0,2584
2026-09-05 07:00;0,2903
2026-09-05 08:00;0,3060
2026-09-05 09:00;0,3504
2026-09-05 10:00;0,3812
2026-09-05 11:00;0,3986
2026-09-05 12:00;0,3974
2026-09-05 13:00;0,3983
2026-09-05 14:00;0,4774
2026-09-05 15:00;0,5163
2026-09-05 16:00;0,4827
2026-09-05 17:00;0,5698
2026-09-05 18:00;0,5600
2026-09-05 19:00;0,4059
2026-09-05 20:00;0,3647
2026-09-05 21:00;0,2972
2026-09-05 22:00;0,2467
2026-09-05 23:00;0,2304
2026-09-06 00:00;0,2352
2026-09-06 01:00;0,2506
2026-09-06 02:00;0,2427
2026-09-06 03:00;0,2586
2026-09-06 04:00;0,2757
2026-09-06 05:00;0,2568
2026-09-06 06:00;0,2584
2026-09-06 07:00;0,2903
2026-09-06 08:00;0,3060
2026-09-06 09:00;0,3504
2026-09-06 10:00;0,3812
2026-09-06 11:00;0,3986
2026-09-06 12:00;0,3974
2026-09-06 13:00;0,3983
2026-09-06 14:00;0,4774
2026-09-06 15:00;0,5163
2026-09-06 16:00;0,4827
2026-09-06 17:00;0,5698
2026-09-06 18:00;0,5600
2026-09-06 19:00;0,4059
2026-09-06 20:00;0,3647
2026-09-06 21:00;0,2972
2026-09-06 22:00;0,2467
2026-09-06 23:00;0,2304
2026-09-07 00:00;0,2352
2026-09-07 01:00;0,2506
2026-09-07 02:00;0,2427
2026-09-07 03:00;0,2586
2026-09-07 04:00;0,2757
2026-09-07 05:00;0,2568
2026-09-07 06:00;0,2584
2026-09-07 07:00;0,2903
2026-09-07 08:00;0,3060
2026-09-07 09:00;0,3504
2026-09-07 10:00;0,3812
2026-09-07 11:00;0,3986
2026-09-07 12:00;0,3974
2026-09-07 13:00;0,3983
2026-09-07 14:00;0,4774
2026-09-07 15:00;0,5163
2026-09-07 16:00;0,4827
2026-09-07 17:00;0,5698
2026-09-07 18:00;0,5600
2026-09-07 19:00;0,4059
2026-09-07 20:00;0,3647
2026-09-07 21:00;0,2972
2026-09-07 22:00;0,2467
2026-09-07 23:00;0,2304
2026-09-08 00:00;0,2352
2026-09-08 01:00;0,2506
2026-09-08 02:00;0,2427
2026-09-08 03:00;0,2586
2026-09-08 04:00;0,2757
2026-09-08 05:00;0,2568
2026-09-08 06:00;0,2584
2026-09-08 07:00;0,2903
2026-09-08 08:00;0,3060
2026-09-08 09:00;0,3504
2026-09-08 10:00;0,3812
2026-09-08 11:00;0,3986
2026-09-08 12:00;0,3974
2026-09-08 13:00;0,3983
2026-09-08 14:00;0,4774
2026-09-08 15:00;0,5163
2026-09-08 16:00;0,4827
2026-09-08 17:00;0,5698
2026-09-08 18:00;0,5600
2026-09-08 19:00;0,4059
2026-09-08 20:00;0,3647
2026-09-08 21:00;0,2972
2026-09-08 22:00;0,2467
2026-09-08 23:00;0,2304
2026-09-09 00:00;0,2352
2026-09-09 01:00;0,2506
2026-09-09 02:00;0,2427
2026-09-09 03:00;0,2586
2026-09-09 04:00;0,2757
2026-09-09 05:00;0,2568
2026-09-09 06:00;0,2584
2026-09-09 07:00;0,2903
2026-09-09 08:00;0,3060
2026-09-09 09:00;0,3504
2026-09-09 10:00;0,3812
2026-09-09 11:00;0,3986
2026-09-09 12:00;0,3974
2026-09-09 13:00;0,3983
2026-09-09 14:00;0,4774
2026-09-09 15:00;0,5163
2026-09-09 16:00;0,4827
2026-09-09 17:00;0,5698
2026-09-09 18:00;0,5600
2026-09-09 19:00;0,4059
2026-09-09 20:00;0,3647
2026-09-09 21:00;0,2972
2026-09-09 22:00;0,2467
2026-09-09 23:00;0,2304
2026-09-10 00:00;0,2352
2026-09-10 01:00;0,2506
2026-09-10 02:00;0,2427
2026-09-10 03:00;0,2586
2026-09-10 04:00;0,2757
2026-09-10 05:00;0,2568
2026-09-10 06:00;0,2584
2026-09-10 07:00;0,2903
2026-09-10 08:00;0,3060
2026-09-10 09:00;0,3504
2026-09-10 10:00;0,3812
2026-09-10 11:00;0,3986
2026-09-10 12:00;0,3974
2026-09-10 13:00;0,3983
2026-09-10 14:00;0,4774
2026-09-10 15:00;0,5163
2026-09-10 16:00;0,4827
2026-09-10 17:00;0,5698
2026-09-10 18:00;0,5600
2026-09-10 19:00;0,4059
2026-09-10 20:00;0,3647
2026-09-10 21:00;0,2972
2026-09-10 22:00;0,2467
2026-09-10 23:00;0,2304
2026-09-11 00:00;0,2352
2026-09-11 01:00;0,2506
2026-09-11 02:00;0,2427
2026-09-11 03:00;0,2586
2026-09-11 04:00;0,2757
2026-09-11 05:00;0,2568
2026-09-11 06:00;0,2584
2026-09-11 07:00;0,2903
2026-09-11 08:00;0,3060
2026-09-11 09:00;0,3504
2026-09-11 10:00;0,3812
2026-09-11 11:00;0,3986
2026-09-11 12:00;0,3974
2026-09-11 13:00;0,3983
2026-09-11 14:00;0,4774
2026-09-11 15:00;0,5163
2026-09-11 16:00;0,4827
2026-09-11 17:00;0,5698
2026-09-11 18:00;0,5600
2026-09-11 19:00;0,4059
2026-09-11 20:00;0,3647
2026-09-11 21:00;0,2972
2026-09-11 22:00;0,2467
2026-09-11 23:00;0,2304
2026-09-12 00:00;0,2352
2026-09-12 01:00;0,2506
2026-09-12 02:00;0,2427
2026-09-12 03:00;0,2586
2026-09-12 04:00;0,2757
2026-09-12 05:00;0,2568
2026-09-12 06:00;0,2584
2026-09-12 07:00;0,2903
2026-09-12 08:00;0,3060
2026-09-12 09:00;0,3504
2026-09-12 10:00;0,3812
2026-09-12 11:00;0,3986
2026-09-12 12:00;0,3974
2026-09-12 13:00;0,3983
2026-09-12 14:00;0,4774
2026-09-12 15:00;0,5163
2026-09-12 16:00;0,4827
2026-09-12 17:00;0,5698
2026-09-12 18:00;0,5600
2026-09-12 19:00;0,4059
2026-09-12 20:00;0,3647
2026-09-12 21:00;0,2972
2026-09-12 22:00;0,2467
2026-09-12 23:00;0,2304
2026-09-13 00:00;0,2352
2026-09-13 01:00;0,2506
2026-09-13 02:00;0,2427
2026-09-13 03:00;0,2586
2026-09-13 04:00;0,2757
2026-09-13 05:00;0,2568
2026-09-13 06:00;0,2584
2026-09-13 07:00;0,2903
2026-09-13 08:00;0,3060
2026-09-13 09:00;0,3504
2026-09-13 10:00;0,3812
2026-09-13 11:00;0,3986
2026-09-13 12:00;0,3974
2026-09-13 13:00;0,3983
2026-09-13 14:00;0,4774
2026-09-13 15:00;0,5163
2026-09-13 16:00;0,4827
2026-09-13 17:00;0,5698
2026-09-13 18:00;0,5600
2026-09-13 19:00;0,4059
2026-09-13 20:00;0,3647
2026-09-13 21:00;0,2972
2026-09-13 22:00;0,2467
2026-09-13 23:00;0,2304
2026-09-14 00:00;0,2352
2026-09-14 01:00;0,2506
2026-09-14 02:00;0,2427
2026-09-14 03:00;0,2586
2026-09-14 04:00;0,2757
2026-09-14 05:00;0,2568
2026-09-14 06:00;0,2584
2026-09-14 07:00;0,2903
2026-09-14 08:00;0,3060
2026-09-14 09:00;0,3504
2026-09-14 10:00;0,3812
2026-09-14 11:00;0,3986
2026-09-14 12:00;0,3974
2026-09-14 13:00;0,3983
2026-09-14 14:00;0,4774
2026-09-14 15:00;0,5163
2026-09-14 16:00;0,4827
2026-09-14 17:00;0,5698
2026-09-14 18:00;0,5600
2026-09-14 19:00;0,4059
2026-09-14 20:00;0,3647
2026-09-14 21:00;0,2972
2026-09-14 22:00;0,2467
2026-09-14 23:00;0,2304
2026-09-15 00:00;0,2352
2026-09-15 01:00;0,2506
2026-09-15 02:00;0,2427
2026-09-15 03:00;0,2586
2026-09-15 04:00;0,2757
2026-09-15 05:00;0,2568
2026-09-15 06:00;0,2584
2026-09-15 07:00;0,2903
2026-09-15 08:00;0,3060
2026-09-15 09:00;0,3504
2026-09-15 10:00;0,3812
2026-09-15 11:00;0,3986
2026-09-15 12:00;0,3974
2026-09-15 13:00;0,3983
2026-09-15 14:00;0,4774
2026-09-15 15:00;0,5163
2026-09-15 16:00;0,4827
2026-09-15 17:00;0,5698
2026-09-15 18:00;0,5600
2026-09-15 19:00;0,4059
2026-09-15 20:00;0,3647
2026-09-15 21:00;0,2972
2026-09-15 22:00;0,2467
2026-09-15 23:00;0,2304
2026-09-16 00:00;0,2352
2026-09-16 01:00;0,2506
2026-09-16 02:00;0,2427
2026-09-16 03:00;0,2586
2026-09-16 04:00;0,2757
2026-09-16 05:00;0,2568
2026-09-16 06:00;0,2584
2026-09-16 07:00;0,2903
2026-09-16 08:00;0,3060
2026-09-16 09:00;0,3504
2026-09-16 10:00;0,3812
2026-09-16 11:00;0,3986
2026-09-16 12:00;0,3974
2026-09-16 13:00;0,3983
2026-09-16 14:00;0,4774
2026-09-16 15:00;0,5163
2026-09-16 16:00;0,4827
2026-09-16 17:00;0,5698
2026-09-16 18:00;0,5600
2026-09-16 19:00;0,4059
2026-09-16 20:00;0,3647
2026-09-16 21:00;0,2972
2026-09-16 22:00;0,2467
2026-09-16 23:00;0,2304
2026-09-17 00:00;0,2352
2026-09-17 01:00;0,2506
2026-09-17 02:00;0,2427
2026-09-17 03:00;0,2586
2026-09-17 04:00;0,2757
2026-09-17 05:00;0,2568
2026-09-17 06:00;0,2584
2026-09-17 07:00;0,2903
2026-09-17 08:00;0,3060
2026-09-17 09:00;0,3504
2026-09-17 10:00;0,3812
2026-09-17 11:00;0,3986
2026-09-17 12:00;0,3974
2026-09-17 13:00;0,3983
2026-09-17 14:00;0,4774
2026-09-17 15:00;0,5163
2026-09-17 16:00;0,4827
2026-09-17 17:00;0,5698
2026-09-17 18:00;0,5600
2026-09-17 19:00;0,4059
2026-09-17 20:00;0,3647
2026-09-17 21:00;0,2972
2026-09-17 22:00;0,2467
2026-09-17 23:00;0,2304
2026-09-18 00:00;0,2352
2026-09-18 01:00;0,2506
2026-09-18 02:00;0,2427
2026-09-18 03:00;0,2586
2026-09-18 04:00;0,2757
2026-09-18 05:00;0,2568
2026-09-18 06:00;0,2584
2026-09-18 07:00;0,2903
2026-09-18 08:00;0,3060
2026-09-18 09:00;0,3504
2026-09-18 10:00;0,3812
2026-09-18 11:00;0,3986
2026-09-18 12:00;0,3974
2026-09-18 13:00;0,3983
2026-09-18 14:00;0,4774
2026-09-18 15:00;0,5163
2026-09-18 16:00;0,4827
2026-09-18 17:00;0,5698
2026-09-18 18:00;0,5600
2026-09-18 19:00;0,4059
2026-09-18 20:00;0,3647
2026-09-18 21:00;0,2972
2026-09-18 22:00;0,2467
2026-09-18 23:00;0,2304
2026-09-19 00:00;0,2352
2026-09-19 01:00;0,2506
2026-09-19 02:00;0,2427
2026-09-19 03:00;0,2586
2026-09-19 04:00;0,2757
2026-09-19 05:00;0,2568
2026-09-19 06:00;0,2584
2026-09-19 07:00;0,2903
2026-09-19 08:00;0,3060
2026-09-19 09:00;0,3504
2026-09-19 10:00;0,3812
2026-09-19 11:00;0,3986
2026-09-19 12:00;0,3974
2026-09-19 13:00;0,3983
2026-09-19 14:00;0,4774
2026-09-19 15:00;0,5163
2026-09-19 16:00;0,4827
2026-09-19 17:00;0,5698
2026-09-19 18:00;0,5600
2026-09-19 19:00;0,4059
2026-09-19 20:00;0,3647
2026-09-19 21:00;0,2972
2026-09-19 22:00;0,2467
2026-09-19 23:00;0,2304
2026-09-20 00:00;0,2352
2026-09-20 01:00;0,2506
2026-09-20 02:00;0,2427
2026-09-20 03:00;0,2586
2026-09-20 04:00;0,2757
2026-09-20 05:00;0,2568
2026-09-20 06:00;0,2584
2026-09-20 07:00;0,2903
2026-09-20 08:00;0,3060
2026-09-20 09:00;0,3504
2026-09-20 10:00;0,3812
2026-09-20 11:00;0,3986
2026-09-20 12:00;0,3974
2026-09-20 13:00;0,3983
2026-09-20 14:00;0,4774
2026-09-20 15:00;0,5163
2026-09-20 16:00;0,4827
2026-09-20 17:00;0,5698
2026-09-20 18:00;0,5600
2026-09-20 19:00;0,4059
2026-09-20 20:00;0,3647
2026-09-20 21:00;0,2972
2026-09-20 22:00;0,2467
2026-09-20 23:00;0,2304
2026-09-21 00:00;0,2352
2026-09-21 01:00;0,2506
2026-09-21 02:00;0,2427
2026-09-21 03:00;0,2586
2026-09-21 04:00;0,2757
2026-09-21 05:00;0,2568
2026-09-21 06:00;0,2584
2026-09-21 07:00;0,2903
2026-09-21 08:00;0,3060
2026-09-21 09:00;0,3504
2026-09-21 10:00;0,3812
2026-09-21 11:00;0,3986
2026-09-21 12:00;0,3974
2026-09-21 13:00;0,3983
2026-09-21 14:00;0,4774
2026-09-21 15:00;0,5163
2026-09-21 16:00;0,4827
2026-09-21 17:00;0,5698
2026-09-21 18:00;0,5600
2026-09-21 19:00;0,4059
2026-09-21 20:00;0,3647
2026-09-21 21:00;0,2972
2026-09-21 22:00;0,2467
2026-09-21 23:00;0,2304
2026-09-22 00:00;0,2352
2026-09-22 01:00;0,2506
2026-09-22 02:00;0,2427
2026-09-22 03:00;0,2586
2026-09-22 04:00;0,2757
2026-09-22 05:00;0,2568
2026-09-22 06:00;0,2584
2026-09-22 07:00;0,2903
2026-09-22 08:00;0,3060
2026-09-22 09:00;0,3504
2026-09-22 10:00;0,3812
2026-09-22 11:00;0,3986
2026-09-22 12:00;0,3974
2026-09-22 13:00;0,3983
2026-09-22 14:00;0,4774
2026-09-22 15:00;0,5163
2026-09-22 16:00;0,4827
2026-09-22 17:00;0,5698
2026-09-22 18:00;0,5600
2026-09-22 19:00;0,4059
2026-09-22 20:00;0,3647
2026-09-22 21:00;0,2972
2026-09-22 22:00;0,2467
2026-09-22 23:00;0,2304
2026-09-23 00:00;0,2352
2026-09-23 01:00;0,2506
2026-09-23 02:00;0,2427
2026-09-23 03:00;0,2586
2026-09-23 04:00;0,2757
2026-09-23 05:00;0,2568
2026-09-23 06:00;0,2584
2026-09-23 07:00;0,2903
2026-09-23 08:00;0,3060
2026-09-23 09:00;0,3504
2026-09-23 10:00;0,3812
2026-09-23 11:00;0,3986
2026-09-23 12:00;0,3974
2026-09-23 13:00;0,3983
2026-09-23 14:00;0,4774
2026-09-23 15:00;0,5163
2026-09-23 16:00;0,4827
2026-09-23 17:00;0,5698
2026-09-23 18:00;0,5600
2026-09-23 19:00;0,4059
2026-09-23 20:00;0,3647
2026-09-23 21:00;0,2972
2026-09-23 22:00;0,2467
2026-09-23 23:00;0,2304
2026-09-24 00:00;0,2352
2026-09-24 01:00;0,2506
2026-09-24 02:00;0,2427
2026-09-24 03:00;0,2586
2026-09-24 04:00;0,2757
2026-09-24 05:00;0,2568
2026-09-24 06:00;0,2584
2026-09-24 07:00;0,2903
2026-09-24 08:00;0,3060
2026-09-24 09:00;0,3504
2026-09-24 10:00;0,3812
2026-09-24 11:00;0,3986
2026-09-24 12:00;0,3974
2026-09-24 13:00;0,3983
2026-09-24 14:00;0,4774
2026-09-24 15:00;0,5163
2026-09-24 16:00;0,4827
2026-09-24 17:00;0,5698
2026-09-24 18:00;0,5600
2026-09-24 19:00;0,4059
2026-09-24 20:00;0,3647
2026-09-24 21:00;0,2972
2026-09-24 22:00;0,2467
2026-09-24 23:00;0,2304
2026-09-25 00:00;0,2352
2026-09-25 01:00;0,2506
2026-09-25 02:00;0,2427
2026-09-25 03:00;0,2586
2026-09-25 04:00;0,2757
2026-09-25 05:00;0,2568
2026-09-25 06:00;0,2584
2026-09-25 07:00;0,2903
2026-09-25 08:00;0,3060
2026-09-25 09:00;0,3504
2026-09-25 10:00;0,3812
2026-09-25 11:00;0,3986
2026-09-25 12:00;0,3974
2026-09-25 13:00;0,3983
2026-09-25 14:00;0,4774
2026-09-25 15:00;0,5163
2026-09-25 16:00;0,4827
2026-09-25 17:00;0,5698
2026-09-25 18:00;0,5600
2026-09-25 19:00;0,4059
2026-09-25 20:00;0,3647
2026-09-25 21:00;0,2972
2026-09-25 22:00;0,2467
2026-09-25 23:00;0,2304
2026-09-26 00:00;0,2352
2026-09-26 01:00;0,2506
2026-09-26 02:00;0,2427
2026-09-26 03:00;0,2586
2026-09-26 04:00;0,2757
2026-09-26 05:00;0,2568
2026-09-26 06:00;0,2584
2026-09-26 07:00;0,2903
2026-09-26 08:00;0,3060
2026-09-26 09:00;0,3504
2026-09-26 10:00;0,3812
2026-09-26 11:00;0,3986
2026-09-26 12:00;0,3974
2026-09-26 13:00;0,3983
2026-09-26 14:00;0,4774
2026-09-26 15:00;0,5163
2026-09-26 16:00;0,4827
2026-09-26 17:00;0,5698
2026-09-26 18:00;0,5600
2026-09-26 19:00;0,4059
2026-09-26 20:00;0,3647
2026-09-26 21:00;0,2972
2026-09-26 22:00;0,2467
2026-09-26 23:00;0,2304
2026-09-27 00:00;0,2352
2026-09-27 01:00;0,2506
2026-09-27 02:00;0,2427
2026-09-27 03:00;0,2586
2026-09-27 04:00;0,2757
2026-09-27 05:00;0,2568
2026-09-27 06:00;0,2584
2026-09-27 07:00;0,2903
2026-09-27 08:00;0,3060
2026-09-27 09:00;0,3504
2026-09-27 10:00;0,3812
2026-09-27 11:00;0,3986
2026-09-27 12:00;0,3974
2026-09-27 13:00;0,3983
2026-09-27 14:00;0,4774
2026-09-27 15:00;0,5163
2026-09-27 16:00;0,4827
2026-09-27 17:00;0,5698
2026-09-27 18:00;0,5600
2026-09-27 19:00;0,4059
2026-09-27 20:00;0,3647
2026-09-27 21:00;0,2972
2026-09-27 22:00;0,2467
2026-09-27 23:00;0,2304
2026-09-28 00:00;0,2352
2026-09-28 01:00;0,2513
2026-09-28 02:00;0,2441
2026-09-28 03:00;0,2607
2026-09-28 04:00;0,2785
2026-09-28 05:00;0,2604
2026-09-28 06:00;0,2626
2026-09-28 07:00;0,2953
2026-09-28 08:00;0,3117
2026-09-28 09:00;0,3568
2026-09-28 10:00;0,3884
2026-09-28 11:00;0,4064
2026-09-28 12:00;0,4059
2026-09-28 13:00;0,4076
2026-09-28 14:00;0,4874
2026-09-28 15:00;0,5270
2026-09-28 16:00;0,4941
2026-09-28 17:00;0,5819
2026-09-28 18:00;0,5729
2026-09-28 19:00;0,4194
2026-09-28 20:00;0,3789
2026-09-28 21:00;0,3122
2026-09-28 22:00;0,2624
2026-09-28 23:00;0,2468
2026-09-29 00:00;0,2523
2026-09-29 01:00;0,2684
2026-09-29 02:00;0,2612
2026-09-29 03:00;0,2778
2026-09-29 04:00;0,2956
2026-09-29 05:00;0,2775
2026-09-29 06:00;0,2797
2026-09-29 07:00;0,3124
2026-09-29 08:00;0,3288
2026-09-29 09:00;0,3739
2026-09-29 10:00;0,4055
2026-09-29 11:00;0,4235
2026-09-29 12:00;0,4230
2026-09-29 13:00;0,4246
2026-09-29 14:00;0,5045
2026-09-29 15:00;0,5441
2026-09-29 16:00;0,5112
2026-09-29 17:00;0,5990
2026-09-29 18:00;0,5900
2026-09-29 19:00;0,4365
2026-09-29 20:00;0,3960
2026-09-29 21:00;0,3293
2026-09-29 22:00;0,2795
2026-09-29 23:00;0,2639
2026-09-30 00:00;0,2694
2026-09-30 01:00;0,2855
2026-09-30 02:00;0,2783
2026-09-30 03:00;0,2949
2026-09-30 04:00;0,3127
2026-09-30 05:00;0,2946
2026-09-30 06:00;0,2968
2026-09-30 07:00;0,3295
2026-09-30 08:00;0,3459
2026-09-30 09:00;0,3910
2026-09-30 10:00;0,4226
2026-09-30 11:00;0,4406
2026-09-30 12:00;0,4401
2026-09-30 13:00;0,4417
2026-09-30 14:00;0,5216
2026-09-30 15:00;0,5612
2026-09-30 16:00;0,5283
2026-09-30 17:00;0,6161
2026-09-30 18:00;0,6071
2026-09-30 19:00;0,4536
2026-09-30 20:00;0,4131
2026-09-30 21:00;0,3464
2026-09-30 22:00;0,2966
2026-09-30 23:00;0,2810
2026-10-01 00:00;0,2824
2026-10-01 01:00;0,2984
2026-10-01 02:00;0,3029
2026-10-01 03:00;0,3101
2026-10-01 04:00;0,3182
2026-10-01 05:00;0,3272
2026-10-01 06:00;0,3354
2026-10-01 07:00;0,3523
2026-10-01 08:00;0,3536
2026-10-01 09:00;0,3779
2026-10-01 10:00;0,3737
2026-10-01 11:00;0,4389
2026-10-01 12:00;0,4360
2026-10-01 13:00;0,3924
2026-10-01 14:00;0,4295
2026-10-01 15:00;0,4402
2026-10-01 16:00;0,3839
2026-10-01 17:00;0,4432
2026-10-01 18:00;0,3752
2026-10-01 19:00;0,3238
2026-10-01 20:00;0,3154
2026-10-01 21:00;0,3080
2026-10-01 22:00;0,2953
2026-10-01 23:00;0,2956
2026-10-02 00:00;0,2995
2026-10-02 01:00;0,3155
2026-10-02 02:00;0,3200
2026-10-02 03:00;0,3272
2026-10-02 04:00;0,3353
2026-10-02 05:00;0,3443
2026-10-02 06:00;0,3524
2026-10-02 07:00;0,3694
2026-10-02 08:00;0,3707
2026-10-02 09:00;0,3950
2026-10-02 10:00;0,3908
2026-10-02 11:00;0,4560
2026-10-02 12:00;0,4531
2026-10-02 13:00;0,4095
2026-10-02 14:00;0,4466
2026-10-02 15:00;0,4573
2026-10-02 16:00;0,4010
2026-10-02 17:00;0,4603
2026-10-02 18:00;0,3923
2026-10-02 19:00;0,3409
2026-10-02 20:00;0,3325
2026-10-02 21:00;0,3251
2026-10-02 22:00;0,3124
2026-10-02 23:00;0,3127
2026-10-03 00:00;0,3166
2026-10-03 01:00;0,3326
2026-10-03 02:00;0,3371
2026-10-03 03:00;0,3443
2026-10-03 04:00;0,3524
2026-10-03 05:00;0,3614
2026-10-03 06:00;0,3695
2026-10-03 07:00;0,3864
2026-10-03 08:00;0,3878
2026-10-03 09:00;0,4121
2026-10-03 10:00;0,4079
2026-10-03 11:00;0,4731
2026-10-03 12:00;0,4702
2026-10-03 13:00;0,4266
2026-10-03 14:00;0,4637
2026-10-03 15:00;0,4744
2026-10-03 16:00;0,4181
2026-10-03 17:00;0,4774
2026-10-03 18:00;0,4094
2026-10-03 19:00;0,3580
2026-10-03 20:00;0,3496
2026-10-03 21:00;0,3422
2026-10-03 22:00;0,3295
2026-10-03 23:00;0,3298
2026-10-04 00:00;0,3330
2026-10-04 01:00;0,3483
2026-10-04 02:00;0,3521
2026-10-04 03:00;0,3585
2026-10-04 04:00;0,3660
2026-10-04 05:00;0,3742
2026-10-04 06:00;0,3817
2026-10-04 07:00;0,3978
2026-10-04 08:00;0,3985
2026-10-04 09:00;0,4221
2026-10-04 10:00;0,4172
2026-10-04 11:00;0,4816
2026-10-04 12:00;0,4780
2026-10-04 13:00;0,4337
2026-10-04 14:00;0,4701
2026-10-04 15:00;0,4801
2026-10-04 16:00;0,4231
2026-10-04 17:00;0,4817
2026-10-04 18:00;0,4130
2026-10-04 19:00;0,3609
2026-10-04 20:00;0,3517
2026-10-04 21:00;0,3436
2026-10-04 22:00;0,3302
2026-10-04 23:00;0,3298
2026-10-05 00:00;0,3330
2026-10-05 01:00;0,3483
2026-10-05 02:00;0,3521
2026-10-05 03:00;0,3585
2026-10-05 04:00;0,3660
2026-10-05 05:00;0,3742
2026-10-05 06:00;0,3817
2026-10-05 07:00;0,3978
2026-10-05 08:00;0,3985
2026-10-05 09:00;0,4221
2026-10-05 10:00;0,4172
2026-10-05 11:00;0,4816
2026-10-05 12:00;0,4780
2026-10-05 13:00;0,4337
2026-10-05 14:00;0,4701
2026-10-05 15:00;0,4801
2026-10-05 16:00;0,4231
2026-10-05 17:00;0,4817
2026-10-05 18:00;0,4130
2026-10-05 19:00;0,3609
2026-10-05 20:00;0,3517
2026-10-05 21:00;0,3436
2026-10-05 22:00;0,3302
2026-10-05 23:00;0,3298
2026-10-06 00:00;0,3330
2026-10-06 01:00;0,3483
2026-10-06 02:00;0,3521
2026-10-06 03:00;0,3585
2026-10-06 04:00;0,3660
2026-10-06 05:00;0,3742
2026-10-06 06:00;0,3817
2026-10-06 07:00;0,3978
2026-10-06 08:00;0,3985
2026-10-06 09:00;0,4221
2026-10-06 10:00;0,4172
2026-10-06 11:00;0,4816
2026-10-06 12:00;0,4780
2026-10-06 13:00;0,4337
2026-10-06 14:00;0,4701
2026-10-06 15:00;0,4801
2026-10-06 16:00;0,4231
2026-10-06 17:00;0,4817
2026-10-06 18:00;0,4130
2026-10-06 19:00;0,3609
2026-10-06 20:00;0,3517
2026-10-06 21:00;0,3436
2026-10-06 22:00;0,3302
2026-10-06 23:00;0,3298
2026-10-07 00:00;0,3330
2026-10-07 01:00;0,3483
2026-10-07 02:00;0,3521
2026-10-07 03:00;0,3585
2026-10-07 04:00;0,3660
2026-10-07 05:00;0,3742
2026-10-07 06:00;0,3817
2026-10-07 07:00;0,3978
2026-10-07 08:00;0,3985
2026-10-07 09:00;0,4221
2026-10-07 10:00;0,4172
2026-10-07 11:00;0,4816
2026-10-07 12:00;0,4780
2026-10-07 13:00;0,4337
2026-10-07 14:00;0,4701
2026-10-07 15:00;0,4801
2026-10-07 16:00;0,4231
2026-10-07 17:00;0,4817
2026-10-07 18:00;0,4130
2026-10-07 19:00;0,3609
2026-10-07 20:00;0,3517
2026-10-07 21:00;0,3436
2026-10-07 22:00;0,3302
2026-10-07 23:00;0,3298
2026-10-08 00:00;0,3330
2026-10-08 01:00;0,3483
2026-10-08 02:00;0,3521
2026-10-08 03:00;0,3585
2026-10-08 04:00;0,3660
2026-10-08 05:00;0,3742
2026-10-08 06:00;0,3817
2026-10-08 07:00;0,3978
2026-10-08 08:00;0,3985
2026-10-08 09:00;0,4221
2026-10-08 10:00;0,4172
2026-10-08 11:00;0,4816
2026-10-08 12:00;0,4780
2026-10-08 13:00;0,4337
2026-10-08 14:00;0,4701
2026-10-08 15:00;0,4801
2026-10-08 16:00;0,4231
2026-10-08 17:00;0,4817
2026-10-08 18:00;0,4130
2026-10-08 19:00;0,3609
2026-10-08 20:00;0,3517
2026-10-08 21:00;0,3436
2026-10-08 22:00;0,3302
2026-10-08 23:00;0,3298
2026-10-09 00:00;0,3330
2026-10-09 01:00;0,3483
2026-10-09 02:00;0,3521
2026-10-09 03:00;0,3585
2026-10-09 04:00;0,3660
2026-10-09 05:00;0,3742
2026-10-09 06:00;0,3817
2026-10-09 07:00;0,3978
2026-10-09 08:00;0,3985
2026-10-09 09:00;0,4221
2026-10-09 10:00;0,4172
2026-10-09 11:00;0,4816
2026-10-09 12:00;0,4780
2026-10-09 13:00;0,4337
2026-10-09 14:00;0,4701
2026-10-09 15:00;0,4801
2026-10-09 16:00;0,4231
2026-10-09 17:00;0,4817
2026-10-09 18:00;0,4130
2026-10-09 19:00;0,3609
2026-10-09 20:00;0,3517
2026-10-09 21:00;0,3436
2026-10-09 22:00;0,3302
2026-10-09 23:00;0,3298
2026-10-10 00:00;0,3330
2026-10-10 01:00;0,3483
2026-10-10 02:00;0,3521
2026-10-10 03:00;0,3585
2026-10-10 04:00;0,3660
2026-10-10 05:00;0,3742
2026-10-10 06:00;0,3817
2026-10-10 07:00;0,3978
2026-10-10 08:00;0,3985
2026-10-10 09:00;0,4221
2026-10-10 10:00;0,4172
2026-10-10 11:00;0,4816
2026-10-10 12:00;0,4780
2026-10-10 13:00;0,4337
2026-10-10 14:00;0,4701
2026-10-10 15:00;0,4801
2026-10-10 16:00;0,4231
2026-10-10 17:00;0,4817
2026-10-10 18:00;0,4130
2026-10-10 19:00;0,3609
2026-10-10 20:00;0,3517
2026-10-10 21:00;0,3436
2026-10-10 22:00;0,3302
2026-10-10 23:00;0,3298
2026-10-11 00:00;0,3330
2026-10-11 01:00;0,3483
2026-10-11 02:00;0,3521
2026-10-11 03:00;0,3585
2026-10-11 04:00;0,3660
2026-10-11 05:00;0,3742
2026-10-11 06:00;0,3817
2026-10-11 07:00;0,3978
2026-10-11 08:00;0,3985
2026-10-11 09:00;0,4221
2026-10-11 10:00;0,4172
2026-10-11 11:00;0,4816
2026-10-11 12:00;0,4780
2026-10-11 13:00;0,4337
2026-10-11 14:00;0,4701
2026-10-11 15:00;0,4801
2026-10-11 16:00;0,4231
2026-10-11 17:00;0,4817
2026-10-11 18:00;0,4130
2026-10-11 19:00;0,3609
2026-10-11 20:00;0,3517
2026-10-11 21:00;0,3436
2026-10-11 22:00;0,3302
2026-10-11 23:00;0,3298
2026-10-12 00:00;0,3330
2026-10-12 01:00;0,3483
2026-10-12 02:00;0,3521
2026-10-12 03:00;0,3585
2026-10-12 04:00;0,3660
2026-10-12 05:00;0,3742
2026-10-12 06:00;0,3817
2026-10-12 07:00;0,3978
2026-10-12 08:00;0,3985
2026-10-12 09:00;0,4221
2026-10-12 10:00;0,4172
2026-10-12 11:00;0,4816
2026-10-12 12:00;0,4780
2026-10-12 13:00;0,4337
2026-10-12 14:00;0,4701
2026-10-12 15:00;0,4801
2026-10-12 16:00;0,4231
2026-10-12 17:00;0,4817
2026-10-12 18:00;0,4130
2026-10-12 19:00;0,3609
2026-10-12 20:00;0,3517
2026-10-12 21:00;0,3436
2026-10-12 22:00;0,3302
2026-10-12 23:00;0,3298
2026-10-13 00:00;0,3330
2026-10-13 01:00;0,3483
2026-10-13 02:00;0,3521
2026-10-13 03:00;0,3585
2026-10-13 04:00;0,3660
2026-10-13 05:00;0,3742
2026-10-13 06:00;0,3817
2026-10-13 07:00;0,3978
2026-10-13 08:00;0,3985
2026-10-13 09:00;0,4221
2026-10-13 10:00;0,4172
2026-10-13 11:00;0,4816
2026-10-13 12:00;0,4780
2026-10-13 13:00;0,4337
2026-10-13 14:00;0,4701
2026-10-13 15:00;0,4801
2026-10-13 16:00;0,4231
2026-10-13 17:00;0,4817
2026-10-13 18:00;0,4130
2026-10-13 19:00;0,3609
2026-10-13 20:00;0,3517
2026-10-13 21:00;0,3436
2026-10-13 22:00;0,3302
2026-10-13 23:00;0,3298
2026-10-14 00:00;0,3330
2026-10-14 01:00;0,3483
2026-10-14 02:00;0,3521
2026-10-14 03:00;0,3585
2026-10-14 04:00;0,3660
2026-10-14 05:00;0,3742
2026-10-14 06:00;0,3817
2026-10-14 07:00;0,3978
2026-10-14 08:00;0,3985
2026-10-14 09:00;0,4221
2026-10-14 10:00;0,4172
2026-10-14 11:00;0,4816
2026-10-14 12:00;0,4780
2026-10-14 13:00;0,4337
2026-10-14 14:00;0,4701
2026-10-14 15:00;0,4801
2026-10-14 16:00;0,4231
2026-10-14 17:00;0,4817
2026-10-14 18:00;0,4130
2026-10-14 19:00;0,3609
2026-10-14 20:00;0,3517
2026-10-14 21:00;0,3436
2026-10-14 22:00;0,3302
2026-10-14 23:00;0,3298
2026-10-15 00:00;0,3330
2026-10-15 01:00;0,3483
2026-10-15 02:00;0,3521
2026-10-15 03:00;0,3585
2026-10-15 04:00;0,3660
2026-10-15 05:00;0,3742
2026-10-15 06:00;0,3817
2026-10-15 07:00;0,3978
2026-10-15 08:00;0,3985
2026-10-15 09:00;0,4221
2026-10-15 10:00;0,4172
2026-10-15 11:00;0,4816
2026-10-15 12:00;0,4780
2026-10-15 13:00;0,4337
2026-10-15 14:00;0,4701
2026-10-15 15:00;0,4801
2026-10-15 16:00;0,4231
2026-10-15 17:00;0,4817
2026-10-15 18:00;0,4130
2026-10-15 19:00;0,3609
2026-10-15 20:00;0,3517
2026-10-15 21:00;0,3436
2026-10-15 22:00;0,3302
2026-10-15 23:00;0,3298
2026-10-16 00:00;0,3330
2026-10-16 01:00;0,3483
2026-10-16 02:00;0,3521
2026-10-16 03:00;0,3585
2026-10-16 04:00;0,3660
2026-10-16 05:00;0,3742
2026-10-16 06:00;0,3817
2026-10-16 07:00;0,3978
2026-10-16 08:00;0,3985
2026-10-16 09:00;0,4221
2026-10-16 10:00;0,4172
2026-10-16 11:00;0,4816
2026-10-16 12:00;0,4780
2026-10-16 13:00;0,4337
2026-10-16 14:00;0,4701
2026-10-16 15:00;0,4801
2026-10-16 16:00;0,4231
2026-10-16 17:00;0,4817
2026-10-16 18:00;0,4130
2026-10-16 19:00;0,3609
2026-10-16 20:00;0,3517
2026-10-16 21:00;0,3436
2026-10-16 22:00;0,3302
2026-10-16 23:00;0,3298
2026-10-17 00:00;0,3330
2026-10-17 01:00;0,3483
2026-10-17 02:00;0,3521
2026-10-17 03:00;0,3585
2026-10-17 04:00;0,3660
2026-10-17 05:00;0,3742
2026-10-17 06:00;0,3817
2026-10-17 07:00;0,3978
2026-10-17 08:00;0,3985
2026-10-17 09:00;0,4221
2026-10-17 10:00;0,4172
2026-10-17 11:00;0,4816
2026-10-17 12:00;0,4780
2026-10-17 13:00;0,4337
2026-10-17 14:00;0,4701
2026-10-17 15:00;0,4801
2026-10-17 16:00;0,4231
2026-10-17 17:00;0,4817
2026-10-17 18:00;0,4130
2026-10-17 19:00;0,3609
2026-10-17 20:00;0,3517
2026-10-17 21:00;0,3436
2026-10-17 22:00;0,3302
2026-10-17 23:00;0,3298
2026-10-18 00:00;0,3330
2026-10-18 01:00;0,3483
2026-10-18 02:00;0,3521
2026-10-18 03:00;0,3585
2026-10-18 04:00;0,3660
2026-10-18 05:00;0,3742
2026-10-18 06:00;0,3817
2026-10-18 07:00;0,3978
2026-10-18 08:00;0,3985
2026-10-18 09:00;0,4221
2026-10-18 10:00;0,4172
2026-10-18 11:00;0,4816
2026-10-18 12:00;0,4780
2026-10-18 13:00;0,4337
2026-10-18 14:00;0,4701
2026-10-18 15:00;0,4801
2026-10-18 16:00;0,4231
2026-10-18 17:00;0,4817
2026-10-18 18:00;0,4130
2026-10-18 19:00;0,3609
2026-10-18 20:00;0,3517
2026-10-18 21:00;0,3436
2026-10-18 22:00;0,3302
2026-10-18 23:00;0,3298
2026-10-19 00:00;0,3330
2026-10-19 01:00;0,3483
2026-10-19 02:00;0,3521
2026-10-19 03:00;0,3585
2026-10-19 04:00;0,3660
2026-10-19 05:00;0,3742
2026-10-19 06:00;0,3817
2026-10-19 07:00;0,3978
2026-10-19 08:00;0,3985
2026-10-19 09:00;0,4221
2026-10-19 10:00;0,4172
2026-10-19 11:00;0,4816
2026-10-19 12:00;0,4780
2026-10-19 13:00;0,4337
2026-10-19 14:00;0,4701
2026-10-19 15:00;0,4801
2026-10-19 16:00;0,4231
2026-10-19 17:00;0,4817
2026-10-19 18:00;0,4130
2026-10-19 19:00;0,3609
2026-10-19 20:00;0,3517
2026-10-19 21:00;0,3436
2026-10-19 22:00;0,3302
2026-10-19 23:00;0,3298
2026-10-20 00:00;0,3330
2026-10-20 01:00;0,3483
2026-10-20 02:00;0,3521
2026-10-20 03:00;0,3585
2026-10-20 04:00;0,3660
2026-10-20 05:00;0,3742
2026-10-20 06:00;0,3817
2026-10-20 07:00;0,3978
2026-10-20 08:00;0,3985
2026-10-20 09:00;0,4221
2026-10-20 10:00;0,4172
2026-10-20 11:00;0,4816
2026-10-20 12:00;0,4780
2026-10-20 13:00;0,4337
2026-10-20 14:00;0,4701
2026-10-20 15:00;0,4801
2026-10-20 16:00;0,4231
2026-10-20 17:00;0,4817
2026-10-20 18:00;0,4130
2026-10-20 19:00;0,3609
2026-10-20 20:00;0,3517
2026-10-20 21:00;0,3436
2026-10-20 22:00;0,3302
2026-10-20 23:00;0,3298
2026-10-21 00:00;0,3330
2026-10-21 01:00;0,3483
2026-10-21 02:00;0,3521
2026-10-21 03:00;0,3585
2026-10-21 04:00;0,3660
2026-10-21 05:00;0,3742
2026-10-21 06:00;0,3817
2026-10-21 07:00;0,3978
2026-10-21 08:00;0,3985
2026-10-21 09:00;0,4221
2026-10-21 10:00;0,4172
2026-10-21 11:00;0,4816
2026-10-21 12:00;0,4780
2026-10-21 13:00;0,4337
2026-10-21 14:00;0,4701
2026-10-21 15:00;0,4801
2026-10-21 16:00;0,4231
2026-10-21 17:00;0,4817
2026-10-21 18:00;0,4130
2026-10-21 19:00;0,3609
2026-10-21 20:00;0,3517
2026-10-21 21:00;0,3436
2026-10-21 22:00;0,3302
2026-10-21 23:00;0,3298
2026-10-22 00:00;0,3330
2026-10-22 01:00;0,3483
2026-10-22 02:00;0,3521
2026-10-22 03:00;0,3585
2026-10-22 04:00;0,3660
2026-10-22 05:00;0,3742
2026-10-22 06:00;0,3817
2026-10-22 07:00;0,3978
2026-10-22 08:00;0,3985
2026-10-22 09:00;0,4221
2026-10-22 10:00;0,4172
2026-10-22 11:00;0,4816
2026-10-22 12:00;0,4780
2026-10-22 13:00;0,4337
2026-10-22 14:00;0,4701
2026-10-22 15:00;0,4801
2026-10-22 16:00;0,4231
2026-10-22 17:00;0,4817
2026-10-22 18:00;0,4130
2026-10-22 19:00;0,3609
2026-10-22 20:00;0,3517
2026-10-22 21:00;0,3436
2026-10-22 22:00;0,3302
2026-10-22 23:00;0,3298
2026-10-23 00:00;0,3330
2026-10-23 01:00;0,3483
2026-10-23 02:00;0,3521
2026-10-23 03:00;0,3585
2026-10-23 04:00;0,3660
2026-10-23 05:00;0,3742
2026-10-23 06:00;0,3817
2026-10-23 07:00;0,3978
2026-10-23 08:00;0,3985
2026-10-23 09:00;0,4221
2026-10-23 10:00;0,4172
2026-10-23 11:00;0,4816
2026-10-23 12:00;0,4780
2026-10-23 13:00;0,4337
2026-10-23 14:00;0,4701
2026-10-23 15:00;0,4801
2026-10-23 16:00;0,4231
2026-10-23 17:00;0,4817
2026-10-23 18:00;0,4130
2026-10-23 19:00;0,3609
2026-10-23 20:00;0,3517
2026-10-23 21:00;0,3436
2026-10-23 22:00;0,3302
2026-10-23 23:00;0,3298
2026-10-24 00:00;0,3330
2026-10-24 01:00;0,3483
2026-10-24 02:00;0,3521
2026-10-24 03:00;0,3585
2026-10-24 04:00;0,3660
2026-10-24 05:00;0,3742
2026-10-24 06:00;0,3817
2026-10-24 07:00;0,3978
2026-10-24 08:00;0,3985
2026-10-24 09:00;0,4221
2026-10-24 10:00;0,4172
2026-10-24 11:00;0,4816
2026-10-24 12:00;0,4780
2026-10-24 13:00;0,4337
2026-10-24 14:00;0,4701
2026-10-24 15:00;0,4801
2026-10-24 16:00;0,4231
2026-10-24 17:00;0,4817
2026-10-24 18:00;0,4130
2026-10-24 19:00;0,3609
2026-10-24 20:00;0,3517
2026-10-24 21:00;0,3436
2026-10-24 22:00;0,3302
2026-10-24 23:00;0,3298
2026-10-25 00:00;0,3330
2026-10-25 01:00;0,3483
2026-10-25 02:00;0,3521
2026-10-25 03:00;0,3585
2026-10-25 04:00;0,3660
2026-10-25 05:00;0,3742
2026-10-25 06:00;0,3817
2026-10-25 07:00;0,3978
2026-10-25 08:00;0,3985
2026-10-25 09:00;0,4221
2026-10-25 10:00;0,4172
2026-10-25 11:00;0,4816
2026-10-25 12:00;0,4780
2026-10-25 13:00;0,4337
2026-10-25 14:00;0,4701
2026-10-25 15:00;0,4801
2026-10-25 16:00;0,4231
2026-10-25 17:00;0,4817
2026-10-25 18:00;0,4130
2026-10-25 19:00;0,3609
2026-10-25 20:00;0,3517
2026-10-25 21:00;0,3436
2026-10-25 22:00;0,3302
2026-10-25 23:00;0,3298
2026-10-26 00:00;0,3330
2026-10-26 01:00;0,3483
2026-10-26 02:00;0,3521
2026-10-26 03:00;0,3585
2026-10-26 04:00;0,3660
2026-10-26 05:00;0,3742
2026-10-26 06:00;0,3817
2026-10-26 07:00;0,3978
2026-10-26 08:00;0,3985
2026-10-26 09:00;0,4221
2026-10-26 10:00;0,4172
2026-10-26 11:00;0,4816
2026-10-26 12:00;0,4780
2026-10-26 13:00;0,4337
2026-10-26 14:00;0,4701
2026-10-26 15:00;0,4801
2026-10-26 16:00;0,4231
2026-10-26 17:00;0,4817
2026-10-26 18:00;0,4130
2026-10-26 19:00;0,3609
2026-10-26 20:00;0,3517
2026-10-26 21:00;0,3436
2026-10-26 22:00;0,3302
2026-10-26 23:00;0,3298
2026-10-27 00:00;0,3330
2026-10-27 01:00;0,3483
2026-10-27 02:00;0,3521
2026-10-27 03:00;0,3585
2026-10-27 04:00;0,3660
2026-10-27 05:00;0,3742
2026-10-27 06:00;0,3817
2026-10-27 07:00;0,3978
2026-10-27 08:00;0,3985
2026-10-27 09:00;0,4221
2026-10-27 10:00;0,4172
2026-10-27 11:00;0,4816
2026-10-27 12:00;0,4780
2026-10-27 13:00;0,4337
2026-10-27 14:00;0,4701
2026-10-27 15:00;0,4801
2026-10-27 16:00;0,4231
2026-10-27 17:00;0,4817
2026-10-27 18:00;0,4130
2026-10-27 19:00;0,3609
2026-10-27 20:00;0,3517
2026-10-27 21:00;0,3436
2026-10-27 22:00;0,3302
2026-10-27 23:00;0,3298
2026-10-28 00:00;0,3330
2026-10-28 01:00;0,3483
2026-10-28 02:00;0,3521
2026-10-28 03:00;0,3585
2026-10-28 04:00;0,3660
2026-10-28 05:00;0,3742
2026-10-28 06:00;0,3817
2026-10-28 07:00;0,3978
2026-10-28 08:00;0,3985
2026-10-28 09:00;0,4221
2026-10-28 10:00;0,4172
2026-10-28 11:00;0,4816
2026-10-28 12:00;0,4780
2026-10-28 13:00;0,4337
2026-10-28 14:00;0,4701
2026-10-28 15:00;0,4801
2026-10-28 16:00;0,4231
2026-10-28 17:00;0,4817
2026-10-28 18:00;0,4130
2026-10-28 19:00;0,3609
2026-10-28 20:00;0,3517
2026-10-28 21:00;0,3436
2026-10-28 22:00;0,3302
2026-10-28 23:00;0,3298
2026-10-29 00:00;0,3330
2026-10-29 01:00;0,3487
2026-10-29 02:00;0,3529
2026-10-29 03:00;0,3598
2026-10-29 04:00;0,3676
2026-10-29 05:00;0,3762
2026-10-29 06:00;0,3841
2026-10-29 07:00;0,4007
2026-10-29 08:00;0,4017
2026-10-29 09:00;0,4257
2026-10-29 10:00;0,4212
2026-10-29 11:00;0,4861
2026-10-29 12:00;0,4829
2026-10-29 13:00;0,4390
2026-10-29 14:00;0,4758
2026-10-29 15:00;0,4862
2026-10-29 16:00;0,4296
2026-10-29 17:00;0,4886
2026-10-29 18:00;0,4202
2026-10-29 19:00;0,3686
2026-10-29 20:00;0,3598
2026-10-29 21:00;0,3521
2026-10-29 22:00;0,3391
2026-10-29 23:00;0,3391
2026-10-30 00:00;0,3427
2026-10-30 01:00;0,3584
2026-10-30 02:00;0,3626
2026-10-30 03:00;0,3695
2026-10-30 04:00;0,3773
2026-10-30 05:00;0,3859
2026-10-30 06:00;0,3938
2026-10-30 07:00;0,4104
2026-10-30 08:00;0,4114
2026-10-30 09:00;0,4354
2026-10-30 10:00;0,4309
2026-10-30 11:00;0,4958
2026-10-30 12:00;0,4926
2026-10-30 13:00;0,4487
2026-10-30 14:00;0,4855
2026-10-30 15:00;0,4959
2026-10-30 16:00;0,4392
2026-10-30 17:00;0,4983
2026-10-30 18:00;0,4299
2026-10-30 19:00;0,3782
2026-10-30 20:00;0,3695
2026-10-30 21:00;0,3618
2026-10-30 22:00;0,3488
2026-10-30 23:00;0,3488
2026-10-31 00:00;0,3524
2026-10-31 01:00;0,3681
2026-10-31 02:00;0,3723
2026-10-31 03:00;0,3792
2026-10-31 04:00;0,3870
2026-10-31 05:00;0,3956
2026-10-31 06:00;0,4035
2026-10-31 07:00;0,4201
2026-10-31 08:00;0,4211
2026-10-31 09:00;0,4451
2026-10-31 10:00;0,4406
2026-10-31 11:00;0,5054
2026-10-31 12:00;0,5023
2026-10-31 13:00;0,4584
2026-10-31 14:00;0,4952
2026-10-31 15:00;0,5056
2026-10-31 16:00;0,4489
2026-10-31 17:00;0,5080
2026-10-31 18:00;0,4396
2026-10-31 19:00;0,3879
2026-10-31 20:00;0,3792
2026-10-31 21:00;0,3715
2026-10-31 22:00;0,3585
2026-10-31 23:00;0,3585
2026-11-01 00:00;0,3593
2026-11-01 01:00;0,3736
2026-11-01 02:00;0,3557
2026-11-01 03:00;0,3708
2026-11-01 04:00;0,4039
2026-11-01 05:00;0,3793
2026-11-01 06:00;0,3786
2026-11-01 07:00;0,4013
2026-11-01 08:00;0,3766
2026-11-01 09:00;0,3759
2026-11-01 10:00;0,4138
2026-11-01 11:00;0,4775
2026-11-01 12:00;0,4840
2026-11-01 13:00;0,4323
2026-11-01 14:00;0,4467
2026-11-01 15:00;0,4423
2026-11-01 16:00;0,3942
2026-11-01 17:00;0,3822
2026-11-01 18:00;0,3585
2026-11-01 19:00;0,3389
2026-11-01 20:00;0,3383
2026-11-01 21:00;0,3441
2026-11-01 22:00;0,3496
2026-11-01 23:00;0,3671
2026-11-02 00:00;0,3690
2026-11-02 01:00;0,3833
2026-11-02 02:00;0,3654
2026-11-02 03:00;0,3805
2026-11-02 04:00;0,4136
2026-11-02 05:00;0,3890
2026-11-02 06:00;0,3883
2026-11-02 07:00;0,4110
2026-11-02 08:00;0,3862
2026-11-02 09:00;0,3856
2026-11-02 10:00;0,4235
2026-11-02 11:00;0,4872
2026-11-02 12:00;0,4937
2026-11-02 13:00;0,4420
2026-11-02 14:00;0,4564
2026-11-02 15:00;0,4520
2026-11-02 16:00;0,4039
2026-11-02 17:00;0,3918
2026-11-02 18:00;0,3682
2026-11-02 19:00;0,3486
2026-11-02 20:00;0,3480
2026-11-02 21:00;0,3538
2026-11-02 22:00;0,3593
2026-11-02 23:00;0,3768
2026-11-03 00:00;0,3787
2026-11-03 01:00;0,3930
2026-11-03 02:00;0,3751
2026-11-03 03:00;0,3902
2026-11-03 04:00;0,4233
2026-11-03 05:00;0,3987
2026-11-03 06:00;0,3980
2026-11-03 07:00;0,4207
2026-11-03 08:00;0,3959
2026-11-03 09:00;0,3953
2026-11-03 10:00;0,4332
2026-11-03 11:00;0,4968
2026-11-03 12:00;0,5034
2026-11-03 13:00;0,4517
2026-11-03 14:00;0,4661
2026-11-03 15:00;0,4617
2026-11-03 16:00;0,4136
2026-11-03 17:00;0,4015
2026-11-03 18:00;0,3779
2026-11-03 19:00;0,3583
2026-11-03 20:00;0,3577
2026-11-03 21:00;0,3635
2026-11-03 22:00;0,3690
2026-11-03 23:00;0,3865
2026-11-04 00:00;0,3880
2026-11-04 01:00;0,4019
2026-11-04 02:00;0,3836
2026-11-04 03:00;0,3983
2026-11-04 04:00;0,4310
2026-11-04 05:00;0,4060
2026-11-04 06:00;0,4048
2026-11-04 07:00;0,4271
2026-11-04 08:00;0,4020
2026-11-04 09:00;0,4010
2026-11-04 10:00;0,4385
2026-11-04 11:00;0,5017
2026-11-04 12:00;0,5078
2026-11-04 13:00;0,4557
2026-11-04 14:00;0,4697
2026-11-04 15:00;0,4649
2026-11-04 16:00;0,4164
2026-11-04 17:00;0,4040
2026-11-04 18:00;0,3800
2026-11-04 19:00;0,3599
2026-11-04 20:00;0,3590
2026-11-04 21:00;0,3643
2026-11-04 22:00;0,3694
2026-11-04 23:00;0,3865
2026-11-05 00:00;0,3880
2026-11-05 01:00;0,4019
2026-11-05 02:00;0,3836
2026-11-05 03:00;0,3983
2026-11-05 04:00;0,4310
2026-11-05 05:00;0,4060
2026-11-05 06:00;0,4048
2026-11-05 07:00;0,4271
2026-11-05 08:00;0,4020
2026-11-05 09:00;0,4010
2026-11-05 10:00;0,4385
2026-11-05 11:00;0,5017
2026-11-05 12:00;0,5078
2026-11-05 13:00;0,4557
2026-11-05 14:00;0,4697
2026-11-05 15:00;0,4649
2026-11-05 16:00;0,4164
2026-11-05 17:00;0,4040
2026-11-05 18:00;0,3800
2026-11-05 19:00;0,3599
2026-11-05 20:00;0,3590
2026-11-05 21:00;0,3643
2026-11-05 22:00;0,3694
2026-11-05 23:00;0,3865
2026-11-06 00:00;0,3880
2026-11-06 01:00;0,4019
2026-11-06 02:00;0,3836
2026-11-06 03:00;0,3983
2026-11-06 04:00;0,4310
2026-11-06 05:00;0,4060
2026-11-06 06:00;0,4048
2026-11-06 07:00;0,4271
2026-11-06 08:00;0,4020
2026-11-06 09:00;0,4010
2026-11-06 10:00;0,4385
2026-11-06 11:00;0,5017
2026-11-06 12:00;0,5078
2026-11-06 13:00;0,4557
2026-11-06 14:00;0,4697
2026-11-06 15:00;0,4649
2026-11-06 16:00;0,4164
2026-11-06 17:00;0,4040
2026-11-06 18:00;0,3800
2026-11-06 19:00;0,3599
2026-11-06 20:00;0,3590
2026-11-06 21:00;0,3643
2026-11-06 22:00;0,3694
2026-11-06 23:00;0,3865
2026-11-07 00:00;0,3880
2026-11-07 01:00;0,4019
2026-11-07 02:00;0,3836
2026-11-07 03:00;0,3983
2026-11-07 04:00;0,4310
2026-11-07 05:00;0,4060
2026-11-07 06:00;0,4048
2026-11-07 07:00;0,4271
2026-11-07 08:00;0,4020
2026-11-07 09:00;0,4010
2026-11-07 10:00;0,4385
2026-11-07 11:00;0,5017
2026-11-07 12:00;0,5078
2026-11-07 13:00;0,4557
2026-11-07 14:00;0,4697
2026-11-07 15:00;0,4649
2026-11-07 16:00;0,4164
2026-11-07 17:00;0,4040
2026-11-07 18:00;0,3800
2026-11-07 19:00;0,3599
2026-11-07 20:00;0,3590
2026-11-07 21:00;0,3643
2026-11-07 22:00;0,3694
2026-11-07 23:00;0,3865
2026-11-08 00:00;0,3880
2026-11-08 01:00;0,4019
2026-11-08 02:00;0,3836
2026-11-08 03:00;0,3983
2026-11-08 04:00;0,4310
2026-11-08 05:00;0,4060
2026-11-08 06:00;0,4048
2026-11-08 07:00;0,4271
2026-11-08 08:00;0,4020
2026-11-08 09:00;0,4010
2026-11-08 10:00;0,4385
2026-11-08 11:00;0,5017
2026-11-08 12:00;0,5078
2026-11-08 13:00;0,4557
2026-11-08 14:00;0,4697
2026-11-08 15:00;0,4649
2026-11-08 16:00;0,4164
2026-11-08 17:00;0,4040
2026-11-08 18:00;0,3800
2026-11-08 19:00;0,3599
2026-11-08 20:00;0,3590
2026-11-08 21:00;0,3643
2026-11-08 22:00;0,3694
2026-11-08 23:00;0,3865
2026-11-09 00:00;0,3880
2026-11-09 01:00;0,4019
2026-11-09 02:00;0,3836
2026-11-09 03:00;0,3983
2026-11-09 04:00;0,4310
2026-11-09 05:00;0,4060
2026-11-09 06:00;0,4048
2026-11-09 07:00;0,4271
2026-11-09 08:00;0,4020
2026-11-09 09:00;0,4010
2026-11-09 10:00;0,4385
2026-11-09 11:00;0,5017
2026-11-09 12:00;0,5078
2026-11-09 13:00;0,4557
2026-11-09 14:00;0,4697
2026-11-09 15:00;0,4649
2026-11-09 16:00;0,4164
2026-11-09 17:00;0,4040
2026-11-09 18:00;0,3800
2026-11-09 19:00;0,3599
2026-11-09 20:00;0,3590
2026-11-09 21:00;0,3643
2026-11-09 22:00;0,3694
2026-11-09 23:00;0,3865
2026-11-10 00:00;0,3880
2026-11-10 01:00;0,4019
2026-11-10 02:00;0,3836
2026-11-10 03:00;0,3983
2026-11-10 04:00;0,4310
2026-11-10 05:00;0,4060
2026-11-10 06:00;0,4048
2026-11-10 07:00;0,4271
2026-11-10 08:00;0,4020
2026-11-10 09:00;0,4010
2026-11-10 10:00;0,4385
2026-11-10 11:00;0,5017
2026-11-10 12:00;0,5078
2026-11-10 13:00;0,4557
2026-11-10 14:00;0,4697
2026-11-10 15:00;0,4649
2026-11-10 16:00;0,4164
2026-11-10 17:00;0,4040
2026-11-10 18:00;0,3800
2026-11-10 19:00;0,3599
2026-11-10 20:00;0,3590
2026-11-10 21:00;0,3643
2026-11-10 22:00;0,3694
2026-11-10 23:00;0,3865
2026-11-11 00:00;0,3880
2026-11-11 01:00;0,4019
2026-11-11 02:00;0,3836
2026-11-11 03:00;0,3983
2026-11-11 04:00;0,4310
2026-11-11 05:00;0,4060
2026-11-11 06:00;0,4048
2026-11-11 07:00;0,4271
2026-11-11 08:00;0,4020
2026-11-11 09:00;0,4010
2026-11-11 10:00;0,4385
2026-11-11 11:00;0,5017
2026-11-11 12:00;0,5078
2026-11-11 13:00;0,4557
2026-11-11 14:00;0,4697
2026-11-11 15:00;0,4649
2026-11-11 16:00;0,4164
2026-11-11 17:00;0,4040
2026-11-11 18:00;0,3800
2026-11-11 19:00;0,3599
2026-11-11 20:00;0,3590
2026-11-11 21:00;0,3643
2026-11-11 22:00;0,3694
2026-11-11 23:00;0,3865
2026-11-12 00:00;0,3880
2026-11-12 01:00;0,4019
2026-11-12 02:00;0,3836
2026-11-12 03:00;0,3983
2026-11-12 04:00;0,4310
2026-11-12 05:00;0,4060
2026-11-12 06:00;0,4048
2026-11-12 07:00;0,4271
2026-11-12 08:00;0,4020
2026-11-12 09:00;0,4010
2026-11-12 10:00;0,4385
2026-11-12 11:00;0,5017
2026-11-12 12:00;0,5078
2026-11-12 13:00;0,4557
2026-11-12 14:00;0,4697
2026-11-12 15:00;0,4649
2026-11-12 16:00;0,4164
2026-11-12 17:00;0,4040
2026-11-12 18:00;0,3800
2026-11-12 19:00;0,3599
2026-11-12 20:00;0,3590
2026-11-12 21:00;0,3643
2026-11-12 22:00;0,3694
2026-11-12 23:00;0,3865
2026-11-13 00:00;0,3880
2026-11-13 01:00;0,4019
2026-11-13 02:00;0,3836
2026-11-13 03:00;0,3983
2026-11-13 04:00;0,4310
2026-11-13 05:00;0,4060
2026-11-13 06:00;0,4048
2026-11-13 07:00;0,4271
2026-11-13 08:00;0,4020
2026-11-13 09:00;0,4010
2026-11-13 10:00;0,4385
2026-11-13 11:00;0,5017
2026-11-13 12:00;0,5078
2026-11-13 13:00;0,4557
2026-11-13 14:00;0,4697
2026-11-13 15:00;0,4649
2026-11-13 16:00;0,4164
2026-11-13 17:00;0,4040
2026-11-13 18:00;0,3800
2026-11-13 19:00;0,3599
2026-11-13 20:00;0,3590
2026-11-13 21:00;0,3643
2026-11-13 22:00;0,3694
2026-11-13 23:00;0,3865
2026-11-14 00:00;0,3880
2026-11-14 01:00;0,4019
2026-11-14 02:00;0,3836
2026-11-14 03:00;0,3983
2026-11-14 04:00;0,4310
2026-11-14 05:00;0,4060
2026-11-14 06:00;0,4048
2026-11-14 07:00;0,4271
2026-11-14 08:00;0,4020
2026-11-14 09:00;0,4010
2026-11-14 10:00;0,4385
2026-11-14 11:00;0,5017
2026-11-14 12:00;0,5078
2026-11-14 13:00;0,4557
2026-11-14 14:00;0,4697
2026-11-14 15:00;0,4649
2026-11-14 16:00;0,4164
2026-11-14 17:00;0,4040
2026-11-14 18:00;0,3800
2026-11-14 19:00;0,3599
2026-11-14 20:00;0,3590
2026-11-14 21:00;0,3643
2026-11-14 22:00;0,3694
2026-11-14 23:00;0,3865
2026-11-15 00:00;0,3880
2026-11-15 01:00;0,4019
2026-11-15 02:00;0,3836
2026-11-15 03:00;0,3983
2026-11-15 04:00;0,4310
2026-11-15 05:00;0,4060
2026-11-15 06:00;0,4048
2026-11-15 07:00;0,4271
2026-11-15 08:00;0,4020
2026-11-15 09:00;0,4010
2026-11-15 10:00;0,4385
2026-11-15 11:00;0,5017
2026-11-15 12:00;0,5078
2026-11-15 13:00;0,4557
2026-11-15 14:00;0,4697
2026-11-15 15:00;0,4649
2026-11-15 16:00;0,4164
2026-11-15 17:00;0,4040
2026-11-15 18:00;0,3800
2026-11-15 19:00;0,3599
2026-11-15 20:00;0,3590
2026-11-15 21:00;0,3643
2026-11-15 22:00;0,3694
2026-11-15 23:00;0,3865
2026-11-16 00:00;0,3880
2026-11-16 01:00;0,4019
2026-11-16 02:00;0,3836
2026-11-16 03:00;0,3983
2026-11-16 04:00;0,4310
2026-11-16 05:00;0,4060
2026-11-16 06:00;0,4048
2026-11-16 07:00;0,4271
2026-11-16 08:00;0,4020
2026-11-16 09:00;0,4010
2026-11-16 10:00;0,4385
2026-11-16 11:00;0,5017
2026-11-16 12:00;0,5078
2026-11-16 13:00;0,4557
2026-11-16 14:00;0,4697
2026-11-16 15:00;0,4649
2026-11-16 16:00;0,4164
2026-11-16 17:00;0,4040
2026-11-16 18:00;0,3800
2026-11-16 19:00;0,3599
2026-11-16 20:00;0,3590
2026-11-16 21:00;0,3643
2026-11-16 22:00;0,3694
2026-11-16 23:00;0,3865
2026-11-17 00:00;0,3880
2026-11-17 01:00;0,4019
2026-11-17 02:00;0,3836
2026-11-17 03:00;0,3983
2026-11-17 04:00;0,4310
2026-11-17 05:00;0,4060
2026-11-17 06:00;0,4048
2026-11-17 07:00;0,4271
2026-11-17 08:00;0,4020
2026-11-17 09:00;0,4010
2026-11-17 10:00;0,4385
2026-11-17 11:00;0,5017
2026-11-17 12:00;0,5078
2026-11-17 13:00;0,4557
2026-11-17 14:00;0,4697
2026-11-17 15:00;0,4649
2026-11-17 16:00;0,4164
2026-11-17 17:00;0,4040
2026-11-17 18:00;0,3800
2026-11-17 19:00;0,3599
2026-11-17 20:00;0,3590
2026-11-17 21:00;0,3643
2026-11-17 22:00;0,3694
2026-11-17 23:00;0,3865
2026-11-18 00:00;0,3880
2026-11-18 01:00;0,4019
2026-11-18 02:00;0,3836
2026-11-18 03:00;0,3983
2026-11-18 04:00;0,4310
2026-11-18 05:00;0,4060
2026-11-18 06:00;0,4048
2026-11-18 07:00;0,4271
2026-11-18 08:00;0,4020
2026-11-18 09:00;0,4010
2026-11-18 10:00;0,4385
2026-11-18 11:00;0,5017
2026-11-18 12:00;0,5078
2026-11-18 13:00;0,4557
2026-11-18 14:00;0,4697
2026-11-18 15:00;0,4649
2026-11-18 16:00;0,4164
2026-11-18 17:00;0,4040
2026-11-18 18:00;0,3800
2026-11-18 19:00;0,3599
2026-11-18 20:00;0,3590
2026-11-18 21:00;0,3643
2026-11-18 22:00;0,3694
2026-11-18 23:00;0,3865
2026-11-19 00:00;0,3880
2026-11-19 01:00;0,4019
2026-11-19 02:00;0,3836
2026-11-19 03:00;0,3983
2026-11-19 04:00;0,4310
2026-11-19 05:00;0,4060
2026-11-19 06:00;0,4048
2026-11-19 07:00;0,4271
2026-11-19 08:00;0,4020
2026-11-19 09:00;0,4010
2026-11-19 10:00;0,4385
2026-11-19 11:00;0,5017
2026-11-19 12:00;0,5078
2026-11-19 13:00;0,4557
2026-11-19 14:00;0,4697
2026-11-19 15:00;0,4649
2026-11-19 16:00;0,4164
2026-11-19 17:00;0,4040
2026-11-19 18:00;0,3800
2026-11-19 19:00;0,3599
2026-11-19 20:00;0,3590
2026-11-19 21:00;0,3643
2026-11-19 22:00;0,3694
2026-11-19 23:00;0,3865
2026-11-20 00:00;0,3880
2026-11-20 01:00;0,4019
2026-11-20 02:00;0,3836
2026-11-20 03:00;0,3983
2026-11-20 04:00;0,4310
2026-11-20 05:00;0,4060
2026-11-20 06:00;0,4048
2026-11-20 07:00;0,4271
2026-11-20 08:00;0,4020
2026-11-20 09:00;0,4010
2026-11-20 10:00;0,4385
2026-11-20 11:00;0,5017
2026-11-20 12:00;0,5078
2026-11-20 13:00;0,4557
2026-11-20 14:00;0,4697
2026-11-20 15:00;0,4649
2026-11-20 16:00;0,4164
2026-11-20 17:00;0,4040
2026-11-20 18:00;0,3800
2026-11-20 19:00;0,3599
2026-11-20 20:00;0,3590
2026-11-20 21:00;0,3643
2026-11-20 22:00;0,3694
2026-11-20 23:00;0,3865
2026-11-21 00:00;0,3880
2026-11-21 01:00;0,4019
2026-11-21 02:00;0,3836
2026-11-21 03:00;0,3983
2026-11-21 04:00;0,4310
2026-11-21 05:00;0,4060
2026-11-21 06:00;0,4048
2026-11-21 07:00;0,4271
2026-11-21 08:00;0,4020
2026-11-21 09:00;0,4010
2026-11-21 10:00;0,4385
2026-11-21 11:00;0,5017
2026-11-21 12:00;0,5078
2026-11-21 13:00;0,4557
2026-11-21 14:00;0,4697
2026-11-21 15:00;0,4649
2026-11-21 16:00;0,4164
2026-11-21 17:00;0,4040
2026-11-21 18:00;0,3800
2026-11-21 19:00;0,3599
2026-11-21 20:00;0,3590
2026-11-21 21:00;0,3643
2026-11-21 22:00;0,3694
2026-11-21 23:00;0,3865
2026-11-22 00:00;0,3880
2026-11-22 01:00;0,4019
2026-11-22 02:00;0,3836
2026-11-22 03:00;0,3983
2026-11-22 04:00;0,4310
2026-11-22 05:00;0,4060
2026-11-22 06:00;0,4048
2026-11-22 07:00;0,4271
2026-11-22 08:00;0,4020
2026-11-22 09:00;0,4010
2026-11-22 10:00;0,4385
2026-11-22 11:00;0,5017
2026-11-22 12:00;0,5078
2026-11-22 13:00;0,4557
2026-11-22 14:00;0,4697
2026-11-22 15:00;0,4649
2026-11-22 16:00;0,4164
2026-11-22 17:00;0,4040
2026-11-22 18:00;0,3800
2026-11-22 19:00;0,3599
2026-11-22 20:00;0,3590
2026-11-22 21:00;0,3643
2026-11-22 22:00;0,3694
2026-11-22 23:00;0,3865
2026-11-23 00:00;0,3880
2026-11-23 01:00;0,4019
2026-11-23 02:00;0,3836
2026-11-23 03:00;0,3983
2026-11-23 04:00;0,4310
2026-11-23 05:00;0,4060
2026-11-23 06:00;0,4048
2026-11-23 07:00;0,4271
2026-11-23 08:00;0,4020
2026-11-23 09:00;0,4010
2026-11-23 10:00;0,4385
2026-11-23 11:00;0,5017
2026-11-23 12:00;0,5078
2026-11-23 13:00;0,4557
2026-11-23 14:00;0,4697
2026-11-23 15:00;0,4649
2026-11-23 16:00;0,4164
2026-11-23 17:00;0,4040
2026-11-23 18:00;0,3800
2026-11-23 19:00;0,3599
2026-11-23 20:00;0,3590
2026-11-23 21:00;0,3643
2026-11-23 22:00;0,3694
2026-11-23 23:00;0,3865
2026-11-24 00:00;0,3880
2026-11-24 01:00;0,4019
2026-11-24 02:00;0,3836
2026-11-24 03:00;0,3983
2026-11-24 04:00;0,4310
2026-11-24 05:00;0,4060
2026-11-24 06:00;0,4048
2026-11-24 07:00;0,4271
2026-11-24 08:00;0,4020
2026-11-24 09:00;0,4010
2026-11-24 10:00;0,4385
2026-11-24 11:00;0,5017
2026-11-24 12:00;0,5078
2026-11-24 13:00;0,4557
2026-11-24 14:00;0,4697
2026-11-24 15:00;0,4649
2026-11-24 16:00;0,4164
2026-11-24 17:00;0,4040
2026-11-24 18:00;0,3800
2026-11-24 19:00;0,3599
2026-11-24 20:00;0,3590
2026-11-24 21:00;0,3643
2026-11-24 22:00;0,3694
2026-11-24 23:00;0,3865
2026-11-25 00:00;0,3880
2026-11-25 01:00;0,4019
2026-11-25 02:00;0,3836
2026-11-25 03:00;0,3983
2026-11-25 04:00;0,4310
2026-11-25 05:00;0,4060
2026-11-25 06:00;0,4048
2026-11-25 07:00;0,4271
2026-11-25 08:00;0,4020
2026-11-25 09:00;0,4010
2026-11-25 10:00;0,4385
2026-11-25 11:00;0,5017
2026-11-25 12:00;0,5078
2026-11-25 13:00;0,4557
2026-11-25 14:00;0,4697
2026-11-25 15:00;0,4649
2026-11-25 16:00;0,4164
2026-11-25 17:00;0,4040
2026-11-25 18:00;0,3800
2026-11-25 19:00;0,3599
2026-11-25 20:00;0,3590
2026-11-25 21:00;0,3643
2026-11-25 22:00;0,3694
2026-11-25 23:00;0,3865
2026-11-26 00:00;0,3880
2026-11-26 01:00;0,4019
2026-11-26 02:00;0,3836
2026-11-26 03:00;0,3983
2026-11-26 04:00;0,4310
2026-11-26 05:00;0,4060
2026-11-26 06:00;0,4048
2026-11-26 07:00;0,4271
2026-11-26 08:00;0,4020
2026-11-26 09:00;0,4010
2026-11-26 10:00;0,4385
2026-11-26 11:00;0,5017
2026-11-26 12:00;0,5078
2026-11-26 13:00;0,4557
2026-11-26 14:00;0,4697
2026-11-26 15:00;0,4649
2026-11-26 16:00;0,4164
2026-11-26 17:00;0,4040
2026-11-26 18:00;0,3800
2026-11-26 19:00;0,3599
2026-11-26 20:00;0,3590
2026-11-26 21:00;0,3643
2026-11-26 22:00;0,3694
2026-11-26 23:00;0,3865
2026-11-27 00:00;0,3880
2026-11-27 01:00;0,4019
2026-11-27 02:00;0,3836
2026-11-27 03:00;0,3983
2026-11-27 04:00;0,4310
2026-11-27 05:00;0,4060
2026-11-27 06:00;0,4048
2026-11-27 07:00;0,4271
2026-11-27 08:00;0,4020
2026-11-27 09:00;0,4010
2026-11-27 10:00;0,4385
2026-11-27 11:00;0,5017
2026-11-27 12:00;0,5078
2026-11-27 13:00;0,4557
2026-11-27 14:00;0,4697
2026-11-27 15:00;0,4649
2026-11-27 16:00;0,4164
2026-11-27 17:00;0,4040
2026-11-27 18:00;0,3800
2026-11-27 19:00;0,3599
2026-11-27 20:00;0,3590
2026-11-27 21:00;0,3643
2026-11-27 22:00;0,3694
2026-11-27 23:00;0,3865
2026-11-28 00:00;0,3880
2026-11-28 01:00;0,4021
2026-11-28 02:00;0,3841
2026-11-28 03:00;0,3990
2026-11-28 04:00;0,4320
2026-11-28 05:00;0,4072
2026-11-28 06:00;0,4063
2026-11-28 07:00;0,4288
2026-11-28 08:00;0,4040
2026-11-28 09:00;0,4032
2026-11-28 10:00;0,4409
2026-11-28 11:00;0,5044
2026-11-28 12:00;0,5108
2026-11-28 13:00;0,4589
2026-11-28 14:00;0,4731
2026-11-28 15:00;0,4686
2026-11-28 16:00;0,4203
2026-11-28 17:00;0,4081
2026-11-28 18:00;0,3843
2026-11-28 19:00;0,3646
2026-11-28 20:00;0,3638
2026-11-28 21:00;0,3695
2026-11-28 22:00;0,3747
2026-11-28 23:00;0,3921
2026-11-29 00:00;0,3939
2026-11-29 01:00;0,4080
2026-11-29 02:00;0,3899
2026-11-29 03:00;0,4049
2026-11-29 04:00;0,4378
2026-11-29 05:00;0,4130
2026-11-29 06:00;0,4122
2026-11-29 07:00;0,4347
2026-11-29 08:00;0,4098
2026-11-29 09:00;0,4090
2026-11-29 10:00;0,4468
2026-11-29 11:00;0,5102
2026-11-29 12:00;0,5166
2026-11-29 13:00;0,4648
2026-11-29 14:00;0,4790
2026-11-29 15:00;0,4744
2026-11-29 16:00;0,4262
2026-11-29 17:00;0,4140
2026-11-29 18:00;0,3902
2026-11-29 19:00;0,3704
2026-11-29 20:00;0,3697
2026-11-29 21:00;0,3753
2026-11-29 22:00;0,3806
2026-11-29 23:00;0,3980
2026-11-30 00:00;0,3997
2026-11-30 01:00;0,4138
2026-11-30 02:00;0,3958
2026-11-30 03:00;0,4108
2026-11-30 04:00;0,4437
2026-11-30 05:00;0,4189
2026-11-30 06:00;0,4180
2026-11-30 07:00;0,4406
2026-11-30 08:00;0,4157
2026-11-30 09:00;0,4149
2026-11-30 10:00;0,4526
2026-11-30 11:00;0,5161
2026-11-30 12:00;0,5225
2026-11-30 13:00;0,4706
2026-11-30 14:00;0,4848
2026-11-30 15:00;0,4803
2026-11-30 16:00;0,4321
2026-11-30 17:00;0,4198
2026-11-30 18:00;0,3961
2026-11-30 19:00;0,3763
2026-11-30 20:00;0,3756
2026-11-30 21:00;0,3812
2026-11-30 22:00;0,3865
2026-11-30 23:00;0,4039
2026-12-01 00:00;0,4044
2026-12-01 01:00;0,4067
2026-12-01 02:00;0,4135
2026-12-01 03:00;0,4144
2026-12-01 04:00;0,4099
2026-12-01 05:00;0,4134
2026-12-01 06:00;0,4198
2026-12-01 07:00;0,4374
2026-12-01 08:00;0,4141
2026-12-01 09:00;0,4169
2026-12-01 10:00;0,4371
2026-12-01 11:00;0,4994
2026-12-01 12:00;0,5180
2026-12-01 13:00;0,4468
2026-12-01 14:00;0,4899
2026-12-01 15:00;0,4814
2026-12-01 16:00;0,4197
2026-12-01 17:00;0,4202
2026-12-01 18:00;0,4031
2026-12-01 19:00;0,3909
2026-12-01 20:00;0,3976
2026-12-01 21:00;0,4088
2026-12-01 22:00;0,3980
2026-12-01 23:00;0,4063
2026-12-02 00:00;0,4102
2026-12-02 01:00;0,4126
2026-12-02 02:00;0,4193
2026-12-02 03:00;0,4202
2026-12-02 04:00;0,4158
2026-12-02 05:00;0,4193
2026-12-02 06:00;0,4257
2026-12-02 07:00;0,4433
2026-12-02 08:00;0,4199
2026-12-02 09:00;0,4227
2026-12-02 10:00;0,4430
2026-12-02 11:00;0,5053
2026-12-02 12:00;0,5238
2026-12-02 13:00;0,4526
2026-12-02 14:00;0,4958
2026-12-02 15:00;0,4873
2026-12-02 16:00;0,4255
2026-12-02 17:00;0,4260
2026-12-02 18:00;0,4090
2026-12-02 19:00;0,3968
2026-12-02 20:00;0,4035
2026-12-02 21:00;0,4147
2026-12-02 22:00;0,4039
2026-12-02 23:00;0,4121
2026-12-03 00:00;0,4161
2026-12-03 01:00;0,4184
2026-12-03 02:00;0,4252
2026-12-03 03:00;0,4261
2026-12-03 04:00;0,4216
2026-12-03 05:00;0,4251
2026-12-03 06:00;0,4316
2026-12-03 07:00;0,4491
2026-12-03 08:00;0,4258
2026-12-03 09:00;0,4286
2026-12-03 10:00;0,4488
2026-12-03 11:00;0,5111
2026-12-03 12:00;0,5297
2026-12-03 13:00;0,4585
2026-12-03 14:00;0,5017
2026-12-03 15:00;0,4931
2026-12-03 16:00;0,4314
2026-12-03 17:00;0,4319
2026-12-03 18:00;0,4148
2026-12-03 19:00;0,4027
2026-12-03 20:00;0,4093
2026-12-03 21:00;0,4206
2026-12-03 22:00;0,4098
2026-12-03 23:00;0,4180
2026-12-04 00:00;0,4217
2026-12-04 01:00;0,4238
2026-12-04 02:00;0,4303
2026-12-04 03:00;0,4310
2026-12-04 04:00;0,4263
2026-12-04 05:00;0,4295
2026-12-04 06:00;0,4357
2026-12-04 07:00;0,4530
2026-12-04 08:00;0,4294
2026-12-04 09:00;0,4320
2026-12-04 10:00;0,4520
2026-12-04 11:00;0,5140
2026-12-04 12:00;0,5324
2026-12-04 13:00;0,4609
2026-12-04 14:00;0,5039
2026-12-04 15:00;0,4951
2026-12-04 16:00;0,4331
2026-12-04 17:00;0,4334
2026-12-04 18:00;0,4161
2026-12-04 19:00;0,4036
2026-12-04 20:00;0,4100
2026-12-04 21:00;0,4210
2026-12-04 22:00;0,4100
2026-12-04 23:00;0,4180
2026-12-05 00:00;0,4217
2026-12-05 01:00;0,4238
2026-12-05 02:00;0,4303
2026-12-05 03:00;0,4310
2026-12-05 04:00;0,4263
2026-12-05 05:00;0,4295
2026-12-05 06:00;0,4357
2026-12-05 07:00;0,4530
2026-12-05 08:00;0,4294
2026-12-05 09:00;0,4320
2026-12-05 10:00;0,4520
2026-12-05 11:00;0,5140
2026-12-05 12:00;0,5324
2026-12-05 13:00;0,4609
2026-12-05 14:00;0,5039
2026-12-05 15:00;0,4951
2026-12-05 16:00;0,4331
2026-12-05 17:00;0,4334
2026-12-05 18:00;0,4161
2026-12-05 19:00;0,4036
2026-12-05 20:00;0,4100
2026-12-05 21:00;0,4210
2026-12-05 22:00;0,4100
2026-12-05 23:00;0,4180
2026-12-06 00:00;0,4217
2026-12-06 01:00;0,4238
2026-12-06 02:00;0,4303
2026-12-06 03:00;0,4310
2026-12-06 04:00;0,4263
2026-12-06 05:00;0,4295
2026-12-06 06:00;0,4357
2026-12-06 07:00;0,4530
2026-12-06 08:00;0,4294
2026-12-06 09:00;0,4320
2026-12-06 10:00;0,4520
2026-12-06 11:00;0,5140
2026-12-06 12:00;0,5324
2026-12-06 13:00;0,4609
2026-12-06 14:00;0,5039
2026-12-06 15:00;0,4951
2026-12-06 16:00;0,4331
2026-12-06 17:00;0,4334
2026-12-06 18:00;0,4161
2026-12-06 19:00;0,4036
2026-12-06 20:00;0,4100
2026-12-06 21:00;0,4210
2026-12-06 22:00;0,4100
2026-12-06 23:00;0,4180
2026-12-07 00:00;0,4217
2026-12-07 01:00;0,4238
2026-12-07 02:00;0,4303
2026-12-07 03:00;0,4310
2026-12-07 04:00;0,4263
2026-12-07 05:00;0,4295
2026-12-07 06:00;0,4357
2026-12-07 07:00;0,4530
2026-12-07 08:00;0,4294
2026-12-07 09:00;0,4320
2026-12-07 10:00;0,4520
2026-12-07 11:00;0,5140
2026-12-07 12:00;0,5324
2026-12-07 13:00;0,4609
2026-12-07 14:00;0,5039
2026-12-07 15:00;0,4951
2026-12-07 16:00;0,4331
2026-12-07 17:00;0,4334
2026-12-07 18:00;0,4161
2026-12-07 19:00;0,4036
2026-12-07 20:00;0,4100
2026-12-07 21:00;0,4210
2026-12-07 22:00;0,4100
2026-12-07 23:00;0,4180
2026-12-08 00:00;0,4217
2026-12-08 01:00;0,4238
2026-12-08 02:00;0,4303
2026-12-08 03:00;0,4310
2026-12-08 04:00;0,4263
2026-12-08 05:00;0,4295
2026-12-08 06:00;0,4357
2026-12-08 07:00;0,4530
2026-12-08 08:00;0,4294
2026-12-08 09:00;0,4320
2026-12-08 10:00;0,4520
2026-12-08 11:00;0,5140
2026-12-08 12:00;0,5324
2026-12-08 13:00;0,4609
2026-12-08 14:00;0,5039
2026-12-08 15:00;0,4951
2026-12-08 16:00;0,4331
2026-12-08 17:00;0,4334
2026-12-08 18:00;0,4161
2026-12-08 19:00;0,4036
2026-12-08 20:00;0,4100
2026-12-08 21:00;0,4210
2026-12-08 22:00;0,4100
2026-12-08 23:00;0,4180
2026-12-09 00:00;0,4217
2026-12-09 01:00;0,4238
2026-12-09 02:00;0,4303
2026-12-09 03:00;0,4310
2026-12-09 04:00;0,4263
2026-12-09 05:00;0,4295
2026-12-09 06:00;0,4357
2026-12-09 07:00;0,4530
2026-12-09 08:00;0,4294
2026-12-09 09:00;0,4320
2026-12-09 10:00;0,4520
2026-12-09 11:00;0,5140
2026-12-09 12:00;0,5324
2026-12-09 13:00;0,4609
2026-12-09 14:00;0,5039
2026-12-09 15:00;0,4951
2026-12-09 16:00;0,4331
2026-12-09 17:00;0,4334
2026-12-09 18:00;0,4161
2026-12-09 19:00;0,4036
2026-12-09 20:00;0,4100
2026-12-09 21:00;0,4210
2026-12-09 22:00;0,4100
2026-12-09 23:00;0,4180
2026-12-10 00:00;0,4217
2026-12-10 01:00;0,4238
2026-12-10 02:00;0,4303
2026-12-10 03:00;0,4310
2026-12-10 04:00;0,4263
2026-12-10 05:00;0,4295
2026-12-10 06:00;0,4357
2026-12-10 07:00;0,4530
2026-12-10 08:00;0,4294
2026-12-10 09:00;0,4320
2026-12-10 10:00;0,4520
2026-12-10 11:00;0,5140
2026-12-10 12:00;0,5324
2026-12-10 13:00;0,4609
2026-12-10 14:00;0,5039
2026-12-10 15:00;0,4951
2026-12-10 16:00;0,4331
2026-12-10 17:00;0,4334
2026-12-10 18:00;0,4161
2026-12-10 19:00;0,4036
2026-12-10 20:00;0,4100
2026-12-10 21:00;0,4210
2026-12-10 22:00;0,4100
2026-12-10 23:00;0,4180
2026-12-11 00:00;0,4217
2026-12-11 01:00;0,4238
2026-12-11 02:00;0,4303
2026-12-11 03:00;0,4310
2026-12-11 04:00;0,4263
2026-12-11 05:00;0,4295
2026-12-11 06:00;0,4357
2026-12-11 07:00;0,4530
2026-12-11 08:00;0,4294
2026-12-11 09:00;0,4320
2026-12-11 10:00;0,4520
2026-12-11 11:00;0,5140
2026-12-11 12:00;0,5324
2026-12-11 13:00;0,4609
2026-12-11 14:00;0,5039
2026-12-11 15:00;0,4951
2026-12-11 16:00;0,4331
2026-12-11 17:00;0,4334
2026-12-11 18:00;0,4161
2026-12-11 19:00;0,4036
2026-12-11 20:00;0,4100
2026-12-11 21:00;0,4210
2026-12-11 22:00;0,4100
2026-12-11 23:00;0,4180
2026-12-12 00:00;0,4217
2026-12-12 01:00;0,4238
2026-12-12 02:00;0,4303
2026-12-12 03:00;0,4310
2026-12-12 04:00;0,4263
2026-12-12 05:00;0,4295
2026-12-12 06:00;0,4357
2026-12-12 07:00;0,4530
2026-12-12 08:00;0,4294
2026-12-12 09:00;0,4320
2026-12-12 10:00;0,4520
2026-12-12 11:00;0,5140
2026-12-12 12:00;0,5324
2026-12-12 13:00;0,4609
2026-12-12 14:00;0,5039
2026-12-12 15:00;0,4951
2026-12-12 16:00;0,4331
2026-12-12 17:00;0,4334
2026-12-12 18:00;0,4161
2026-12-12 19:00;0,4036
2026-12-12 20:00;0,4100
2026-12-12 21:00;0,4210
2026-12-12 22:00;0,4100
2026-12-12 23:00;0,4180
2026-12-13 00:00;0,4217
2026-12-13 01:00;0,4238
2026-12-13 02:00;0,4303
2026-12-13 03:00;0,4310
2026-12-13 04:00;0,4263
2026-12-13 05:00;0,4295
2026-12-13 06:00;0,4357
2026-12-13 07:00;0,4530
2026-12-13 08:00;0,4294
2026-12-13 09:00;0,4320
2026-12-13 10:00;0,4520
2026-12-13 11:00;0,5140
2026-12-13 12:00;0,5324
2026-12-13 13:00;0,4609
2026-12-13 14:00;0,5039
2026-12-13 15:00;0,4951
2026-12-13 16:00;0,4331
2026-12-13 17:00;0,4334
2026-12-13 18:00;0,4161
2026-12-13 19:00;0,4036
2026-12-13 20:00;0,4100
2026-12-13 21:00;0,4210
2026-12-13 22:00;0,4100
2026-12-13 23:00;0,4180
2026-12-14 00:00;0,4217
2026-12-14 01:00;0,4238
2026-12-14 02:00;0,4303
2026-12-14 03:00;0,4310
2026-12-14 04:00;0,4263
2026-12-14 05:00;0,4295
2026-12-14 06:00;0,4357
2026-12-14 07:00;0,4530
2026-12-14 08:00;0,4294
2026-12-14 09:00;0,4320
2026-12-14 10:00;0,4520
2026-12-14 11:00;0,5140
2026-12-14 12:00;0,5324
2026-12-14 13:00;0,4609
2026-12-14 14:00;0,5039
2026-12-14 15:00;0,4951
2026-12-14 16:00;0,4331
2026-12-14 17:00;0,4334
2026-12-14 18:00;0,4161
2026-12-14 19:00;0,4036
2026-12-14 20:00;0,4100
2026-12-14 21:00;0,4210
2026-12-14 22:00;0,4100
2026-12-14 23:00;0,4180
2026-12-15 00:00;0,4217
2026-12-15 01:00;0,4238
2026-12-15 02:00;0,4303
2026-12-15 03:00;0,4310
2026-12-15 04:00;0,4263
2026-12-15 05:00;0,4295
2026-12-15 06:00;0,4357
2026-12-15 07:00;0,4530
2026-12-15 08:00;0,4294
2026-12-15 09:00;0,4320
2026-12-15 10:00;0,4520
2026-12-15 11:00;0,5140
2026-12-15 12:00;0,5324
2026-12-15 13:00;0,4609
2026-12-15 14:00;0,5039
2026-12-15 15:00;0,4951
2026-12-15 16:00;0,4331
2026-12-15 17:00;0,4334
2026-12-15 18:00;0,4161
2026-12-15 19:00;0,4036
2026-12-15 20:00;0,4100
2026-12-15 21:00;0,4210
2026-12-15 22:00;0,4100
2026-12-15 23:00;0,4180
2026-12-16 00:00;0,4217
2026-12-16 01:00;0,4238
2026-12-16 02:00;0,4303
2026-12-16 03:00;0,4310
2026-12-16 04:00;0,4263
2026-12-16 05:00;0,4295
2026-12-16 06:00;0,4357
2026-12-16 07:00;0,4530
2026-12-16 08:00;0,4294
2026-12-16 09:00;0,4320
2026-12-16 10:00;0,4520
2026-12-16 11:00;0,5140
2026-12-16 12:00;0,5324
2026-12-16 13:00;0,4609
2026-12-16 14:00;0,5039
2026-12-16 15:00;0,4951
2026-12-16 16:00;0,4331
2026-12-16 17:00;0,4334
2026-12-16 18:00;0,4161
2026-12-16 19:00;0,4036
2026-12-16 20:00;0,4100
2026-12-16 21:00;0,4210
2026-12-16 22:00;0,4100
2026-12-16 23:00;0,4180
2026-12-17 00:00;0,4217
2026-12-17 01:00;0,4238
2026-12-17 02:00;0,4303
2026-12-17 03:00;0,4310
2026-12-17 04:00;0,4263
2026-12-17 05:00;0,4295
2026-12-17 06:00;0,4357
2026-12-17 07:00;0,4530
2026-12-17 08:00;0,4294
2026-12-17 09:00;0,4320
2026-12-17 10:00;0,4520
2026-12-17 11:00;0,5140
2026-12-17 12:00;0,5324
2026-12-17 13:00;0,4609
2026-12-17 14:00;0,5039
2026-12-17 15:00;0,4951
2026-12-17 16:00;0,4331
2026-12-17 17:00;0,4334
2026-12-17 18:00;0,4161
2026-12-17 19:00;0,4036
2026-12-17 20:00;0,4100
2026-12-17 21:00;0,4210
2026-12-17 22:00;0,4100
2026-12-17 23:00;0,4180
2026-12-18 00:00;0,4217
2026-12-18 01:00;0,4238
2026-12-18 02:00;0,4303
2026-12-18 03:00;0,4310
2026-12-18 04:00;0,4263
2026-12-18 05:00;0,4295
2026-12-18 06:00;0,4357
2026-12-18 07:00;0,4530
2026-12-18 08:00;0,4294
2026-12-18 09:00;0,4320
2026-12-18 10:00;0,4520
2026-12-18 11:00;0,5140
2026-12-18 12:00;0,5324
2026-12-18 13:00;0,4609
2026-12-18 14:00;0,5039
2026-12-18 15:00;0,4951
2026-12-18 16:00;0,4331
2026-12-18 17:00;0,4334
2026-12-18 18:00;0,4161
2026-12-18 19:00;0,4036
2026-12-18 20:00;0,4100
2026-12-18 21:00;0,4210
2026-12-18 22:00;0,4100
2026-12-18 23:00;0,4180
2026-12-19 00:00;0,4217
2026-12-19 01:00;0,4238
2026-12-19 02:00;0,4303
2026-12-19 03:00;0,4310
2026-12-19 04:00;0,4263
2026-12-19 05:00;0,4295
2026-12-19 06:00;0,4357
2026-12-19 07:00;0,4530
2026-12-19 08:00;0,4294
2026-12-19 09:00;0,4320
2026-12-19 10:00;0,4520
2026-12-19 11:00;0,5140
2026-12-19 12:00;0,5324
2026-12-19 13:00;0,4609
2026-12-19 14:00;0,5039
2026-12-19 15:00;0,4951
2026-12-19 16:00;0,4331
2026-12-19 17:00;0,4334
2026-12-19 18:00;0,4161
2026-12-19 19:00;0,4036
2026-12-19 20:00;0,4100
2026-12-19 21:00;0,4210
2026-12-19 22:00;0,4100
2026-12-19 23:00;0,4180
2026-12-20 00:00;0,4217
2026-12-20 01:00;0,4238
2026-12-20 02:00;0,4303
2026-12-20 03:00;0,4310
2026-12-20 04:00;0,4263
2026-12-20 05:00;0,4295
2026-12-20 06:00;0,4357
2026-12-20 07:00;0,4530
2026-12-20 08:00;0,4294
2026-12-20 09:00;0,4320
2026-12-20 10:00;0,4520
2026-12-20 11:00;0,5140
2026-12-20 12:00;0,5324
2026-12-20 13:00;0,4609
2026-12-20 14:00;0,5039
2026-12-20 15:00;0,4951
2026-12-20 16:00;0,4331
2026-12-20 17:00;0,4334
2026-12-20 18:00;0,4161
2026-12-20 19:00;0,4036
2026-12-20 20:00;0,4100
2026-12-20 21:00;0,4210
2026-12-20 22:00;0,4100
2026-12-20 23:00;0,4180
2026-12-21 00:00;0,4217
2026-12-21 01:00;0,4238
2026-12-21 02:00;0,4303
2026-12-21 03:00;0,4310
2026-12-21 04:00;0,4263
2026-12-21 05:00;0,4295
2026-12-21 06:00;0,4357
2026-12-21 07:00;0,4530
2026-12-21 08:00;0,4294
2026-12-21 09:00;0,4320
2026-12-21 10:00;0,4520
2026-12-21 11:00;0,5140
2026-12-21 12:00;0,5324
2026-12-21 13:00;0,4609
2026-12-21 14:00;0,5039
2026-12-21 15:00;0,4951
2026-12-21 16:00;0,4331
2026-12-21 17:00;0,4334
2026-12-21 18:00;0,4161
2026-12-21 19:00;0,4036
2026-12-21 20:00;0,4100
2026-12-21 21:00;0,4210
2026-12-21 22:00;0,4100
2026-12-21 23:00;0,4180
2026-12-22 00:00;0,4217
2026-12-22 01:00;0,4238
2026-12-22 02:00;0,4303
2026-12-22 03:00;0,4310
2026-12-22 04:00;0,4263
2026-12-22 05:00;0,4295
2026-12-22 06:00;0,4357
2026-12-22 07:00;0,4530
2026-12-22 08:00;0,4294
2026-12-22 09:00;0,4320
2026-12-22 10:00;0,4520
2026-12-22 11:00;0,5140
2026-12-22 12:00;0,5324
2026-12-22 13:00;0,4609
2026-12-22 14:00;0,5039
2026-12-22 15:00;0,4951
2026-12-22 16:00;0,4331
2026-12-22 17:00;0,4334
2026-12-22 18:00;0,4161
2026-12-22 19:00;0,4036
2026-12-22 20:00;0,4100
2026-12-22 21:00;0,4210
2026-12-22 22:00;0,4100
2026-12-22 23:00;0,4180
2026-12-23 00:00;0,4217
2026-12-23 01:00;0,4238
2026-12-23 02:00;0,4303
2026-12-23 03:00;0,4310
2026-12-23 04:00;0,4263
2026-12-23 05:00;0,4295
2026-12-23 06:00;0,4357
2026-12-23 07:00;0,4530
2026-12-23 08:00;0,4294
2026-12-23 09:00;0,4320
2026-12-23 10:00;0,4520
2026-12-23 11:00;0,5140
2026-12-23 12:00;0,5324
2026-12-23 13:00;0,4609
2026-12-23 14:00;0,5039
2026-12-23 15:00;0,4951
2026-12-23 16:00;0,4331
2026-12-23 17:00;0,4334
2026-12-23 18:00;0,4161
2026-12-23 19:00;0,4036
2026-12-23 20:00;0,4100
2026-12-23 21:00;0,4210
2026-12-23 22:00;0,4100
2026-12-23 23:00;0,4180
2026-12-24 00:00;0,4217
2026-12-24 01:00;0,4238
2026-12-24 02:00;0,4303
2026-12-24 03:00;0,4310
2026-12-24 04:00;0,4263
2026-12-24 05:00;0,4295
2026-12-24 06:00;0,4357
2026-12-24 07:00;0,4530
2026-12-24 08:00;0,4294
2026-12-24 09:00;0,4320
2026-12-24 10:00;0,4520
2026-12-24 11:00;0,5140
2026-12-24 12:00;0,5324
2026-12-24 13:00;0,4609
2026-12-24 14:00;0,5039
2026-12-24 15:00;0,4951
2026-12-24 16:00;0,4331
2026-12-24 17:00;0,4334
2026-12-24 18:00;0,4161
2026-12-24 19:00;0,4036
2026-12-24 20:00;0,4100
2026-12-24 21:00;0,4210
2026-12-24 22:00;0,4100
2026-12-24 23:00;0,4180
2026-12-25 00:00;0,4217
2026-12-25 01:00;0,4238
2026-12-25 02:00;0,4303
2026-12-25 03:00;0,4310
2026-12-25 04:00;0,4263
2026-12-25 05:00;0,4295
2026-12-25 06:00;0,4357
2026-12-25 07:00;0,4530
2026-12-25 08:00;0,4294
2026-12-25 09:00;0,4320
2026-12-25 10:00;0,4520
2026-12-25 11:00;0,5140
2026-12-25 12:00;0,5324
2026-12-25 13:00;0,4609
2026-12-25 14:00;0,5039
2026-12-25 15:00;0,4951
2026-12-25 16:00;0,4331
2026-12-25 17:00;0,4334
2026-12-25 18:00;0,4161
2026-12-25 19:00;0,4036
2026-12-25 20:00;0,4100
2026-12-25 21:00;0,4210
2026-12-25 22:00;0,4100
2026-12-25 23:00;0,4180
2026-12-26 00:00;0,4217
2026-12-26 01:00;0,4238
2026-12-26 02:00;0,4303
2026-12-26 03:00;0,4310
2026-12-26 04:00;0,4263
2026-12-26 05:00;0,4295
2026-12-26 06:00;0,4357
2026-12-26 07:00;0,4530
2026-12-26 08:00;0,4294
2026-12-26 09:00;0,4320
2026-12-26 10:00;0,4520
2026-12-26 11:00;0,5140
2026-12-26 12:00;0,5324
2026-12-26 13:00;0,4609
2026-12-26 14:00;0,5039
2026-12-26 15:00;0,4951
2026-12-26 16:00;0,4331
2026-12-26 17:00;0,4334
2026-12-26 18:00;0,4161
2026-12-26 19:00;0,4036
2026-12-26 20:00;0,4100
2026-12-26 21:00;0,4210
2026-12-26 22:00;0,4100
2026-12-26 23:00;0,4180
2026-12-27 00:00;0,4217
2026-12-27 01:00;0,4238
2026-12-27 02:00;0,4303
2026-12-27 03:00;0,4310
2026-12-27 04:00;0,4263
2026-12-27 05:00;0,4295
2026-12-27 06:00;0,4357
2026-12-27 07:00;0,4530
2026-12-27 08:00;0,4294
2026-12-27 09:00;0,4320
2026-12-27 10:00;0,4520
2026-12-27 11:00;0,5140
2026-12-27 12:00;0,5324
2026-12-27 13:00;0,4609
2026-12-27 14:00;0,5039
2026-12-27 15:00;0,4951
2026-12-27 16:00;0,4331
2026-12-27 17:00;0,4334
2026-12-27 18:00;0,4161
2026-12-27 19:00;0,4036
2026-12-27 20:00;0,4100
2026-12-27 21:00;0,4210
2026-12-27 22:00;0,4100
2026-12-27 23:00;0,4180
2026-12-28 00:00;0,4217
2026-12-28 01:00;0,4238
2026-12-28 02:00;0,4303
2026-12-28 03:00;0,4310
2026-12-28 04:00;0,4263
2026-12-28 05:00;0,4295
2026-12-28 06:00;0,4357
2026-12-28 07:00;0,4530
2026-12-28 08:00;0,4294
2026-12-28 09:00;0,4320
2026-12-28 10:00;0,4520
2026-12-28 11:00;0,5140
2026-12-28 12:00;0,5324
2026-12-28 13:00;0,4609
2026-12-28 14:00;0,5039
2026-12-28 15:00;0,4951
2026-12-28 16:00;0,4331
2026-12-28 17:00;0,4334
2026-12-28 18:00;0,4161
2026-12-28 19:00;0,4036
2026-12-28 20:00;0,4100
2026-12-28 21:00;0,4210
2026-12-28 22:00;0,4100
2026-12-28 23:00;0,4180
2026-12-29 00:00;0,4217
2026-12-29 01:00;0,4238
2026-12-29 02:00;0,4303
2026-12-29 03:00;0,4310
2026-12-29 04:00;0,4263
2026-12-29 05:00;0,4295
2026-12-29 06:00;0,4357
2026-12-29 07:00;0,4530
2026-12-29 08:00;0,4294
2026-12-29 09:00;0,4320
2026-12-29 10:00;0,4520
2026-12-29 11:00;0,5140
2026-12-29 12:00;0,5324
2026-12-29 13:00;0,4609
2026-12-29 14:00;0,5039
2026-12-29 15:00;0,4951
2026-12-29 16:00;0,4331
2026-12-29 17:00;0,4334
2026-12-29 18:00;0,4161
2026-12-29 19:00;0,4036
2026-12-29 20:00;0,4100
2026-12-29 21:00;0,4210
2026-12-29 22:00;0,4100
2026-12-29 23:00;0,4180
2026-12-30 00:00;0,4217
2026-12-30 01:00;0,4238
2026-12-30 02:00;0,4303
2026-12-30 03:00;0,4310
2026-12-30 04:00;0,4263
2026-12-30 05:00;0,4295
2026-12-30 06:00;0,4357
2026-12-30 07:00;0,4530
2026-12-30 08:00;0,4294
2026-12-30 09:00;0,4320
2026-12-30 10:00;0,4520
2026-12-30 11:00;0,5140
2026-12-30 12:00;0,5324
2026-12-30 13:00;0,4609
2026-12-30 14:00;0,5039
2026-12-30 15:00;0,4951
2026-12-30 16:00;0,4331
2026-12-30 17:00;0,4334
2026-12-30 18:00;0,4161
2026-12-30 19:00;0,4036
2026-12-30 20:00;0,4100
2026-12-30 21:00;0,4210
2026-12-30 22:00;0,4100
2026-12-30 23:00;0,4180
2026-12-31 00:00;0,4217
2026-12-31 01:00;0,4238
2026-12-31 02:00;0,4303
2026-12-31 03:00;0,4310
2026-12-31 04:00;0,4263
2026-12-31 05:00;0,4295
2026-12-31 06:00;0,4357
2026-12-31 07:00;0,4530
2026-12-31 08:00;0,4294
2026-12-31 09:00;0,4320
2026-12-31 10:00;0,4520
2026-12-31 11:00;0,5140
2026-12-31 12:00;0,5324
2026-12-31 13:00;0,4609
2026-12-31 14:00;0,5039
2026-12-31 15:00;0,4951
2026-12-31 16:00;0,4331
2026-12-31 17:00;0,4334
2026-12-31 18:00;0,4161
2026-12-31 19:00;0,4036
2026-12-31 20:00;0,4100
2026-12-31 21:00;0,4210
2026-12-31 22:00;0,4100
2026-12-31 23:00;0,4180
