Datetime;CF
2026-01-01 00:00;0,2075
2026-01-01 01:00;0,1499
2026-01-01 02:00;0,0748
2026-01-01 03:00;0,1473
2026-01-01 04:00;0,9070
2026-01-01 05:00;0,5591
2026-01-01 06:00;0,4932
2026-01-01 07:00;0,3409
2026-01-01 08:00;0,5691
2026-01-01 09:00;0,8621
2026-01-01 10:00;0,9070
2026-01-01 11:00;0,9070
2026-01-01 12:00;0,9070
2026-01-01 13:00;0,9070
2026-01-01 14:00;0,9070
2026-01-01 15:00;0,9070
2026-01-01 16:00;0,8261
2026-01-01 17:00;0,9070
2026-01-01 18:00;0,9070
2026-01-01 19:00;0,9070
2026-01-01 20:00;0,9070
2026-01-01 21:00;0,9070
2026-01-01 22:00;0,8840
2026-01-01 23:00;0,9033
2026-01-02 00:00;0,4979
2026-01-02 01:00;0,9070
2026-01-02 02:00;0,3865
2026-01-02 03:00;0,3560
2026-01-02 04:00;0,9070
2026-01-02 05:00;0,4113
2026-01-02 06:00;0,4327
2026-01-02 07:00;0,9070
2026-01-02 08:00;0,3647
2026-01-02 09:00;0,5035
2026-01-02 10:00;0,1532
2026-01-02 11:00;0,6769
2026-01-02 12:00;0,9070
2026-01-02 13:00;0,9070
2026-01-02 14:00;0,9070
2026-01-02 15:00;0,9070
2026-01-02 16:00;0,9070
2026-01-02 17:00;0,3026
2026-01-02 18:00;0,2651
2026-01-02 19:00;0,3273
2026-01-02 20:00;0,3118
2026-01-02 21:00;0,3843
2026-01-02 22:00;0,9070
2026-01-02 23:00;0,6050
2026-01-03 00:00;0,7358
2026-01-03 01:00;0,8215
2026-01-03 02:00;0,7463
2026-01-03 03:00;0,7287
2026-01-03 04:00;0,8841
2026-01-03 05:00;0,8909
2026-01-03 06:00;0,8301
2026-01-03 07:00;0,9070
2026-01-03 08:00;0,9070
2026-01-03 09:00;0,9070
2026-01-03 10:00;0,9070
2026-01-03 11:00;0,9070
2026-01-03 12:00;0,8388
2026-01-03 13:00;0,9070
2026-01-03 14:00;0,6466
2026-01-03 15:00;0,3008
2026-01-03 16:00;0,1646
2026-01-03 17:00;0,0582
2026-01-03 18:00;0,1547
2026-01-03 19:00;0,2627
2026-01-03 20:00;0,4048
2026-01-03 21:00;0,6406
2026-01-03 22:00;0,9070
2026-01-03 23:00;0,9070
2026-01-04 00:00;0,0364
2026-01-04 01:00;0,1161
2026-01-04 02:00;0,1291
2026-01-04 03:00;0,1659
2026-01-04 04:00;0,1895
2026-01-04 05:00;0,2219
2026-01-04 06:00;0,2711
2026-01-04 07:00;0,2808
2026-01-04 08:00;0,2879
2026-01-04 09:00;0,4058
2026-01-04 10:00;0,8950
2026-01-04 11:00;0,5085
2026-01-04 12:00;0,5984
2026-01-04 13:00;0,8853
2026-01-04 14:00;0,9070
2026-01-04 15:00;0,9070
2026-01-04 16:00;0,9070
2026-01-04 17:00;0,9070
2026-01-04 18:00;0,8506
2026-01-04 19:00;0,9070
2026-01-04 20:00;0,5033
2026-01-04 21:00;0,3311
2026-01-04 22:00;0,2686
2026-01-04 23:00;0,1831
2026-01-05 00:00;0,8678
2026-01-05 01:00;0,1537
2026-01-05 02:00;0,9070
2026-01-05 03:00;0,9070
2026-01-05 04:00;0,1573
2026-01-05 05:00;0,9070
2026-01-05 06:00;0,9070
2026-01-05 07:00;0,9070
2026-01-05 08:00;0,9070
2026-01-05 09:00;0,9070
2026-01-05 10:00;0,4955
2026-01-05 11:00;0,9070
2026-01-05 12:00;0,9070
2026-01-05 13:00;0,1411
2026-01-05 14:00;0,8626
2026-01-05 15:00;0,9070
2026-01-05 16:00;0,1486
2026-01-05 17:00;0,2745
2026-01-05 18:00;0,4233
2026-01-05 19:00;0,1355
2026-01-05 20:00;0,8575
2026-01-05 21:00;0,9070
2026-01-05 22:00;0,3631
2026-01-05 23:00;0,9070
2026-01-06 00:00;0,9070
2026-01-06 01:00;0,1186
2026-01-06 02:00;0,9070
2026-01-06 03:00;0,9070
2026-01-06 04:00;0,1241
2026-01-06 05:00;0,8284
2026-01-06 06:00;0,8155
2026-01-06 07:00;0,4111
2026-01-06 08:00;0,8677
2026-01-06 09:00;0,9070
2026-01-06 10:00;0,1329
2026-01-06 11:00;0,8900
2026-01-06 12:00;0,9070
2026-01-06 13:00;0,1354
2026-01-06 14:00;0,8812
2026-01-06 15:00;0,7911
2026-01-06 16:00;0,1285
2026-01-06 17:00;0,1823
2026-01-06 18:00;0,2963
2026-01-06 19:00;0,1446
2026-01-06 20:00;0,4684
2026-01-06 21:00;0,5469
2026-01-06 22:00;0,8924
2026-01-06 23:00;0,7541
2026-01-07 00:00;0,9070
2026-01-07 01:00;0,9070
2026-01-07 02:00;0,6465
2026-01-07 03:00;0,3983
2026-01-07 04:00;0,3042
2026-01-07 05:00;0,2023
2026-01-07 06:00;0,2351
2026-01-07 07:00;0,2791
2026-01-07 08:00;0,4638
2026-01-07 09:00;0,6747
2026-01-07 10:00;0,1741
2026-01-07 11:00;0,8890
2026-01-07 12:00;0,9070
2026-01-07 13:00;0,9070
2026-01-07 14:00;0,9070
2026-01-07 15:00;0,9070
2026-01-07 16:00;0,9070
2026-01-07 17:00;0,9045
2026-01-07 18:00;0,4521
2026-01-07 19:00;0,5154
2026-01-07 20:00;0,5368
2026-01-07 21:00;0,5875
2026-01-07 22:00;0,9006
2026-01-07 23:00;0,6441
2026-01-08 00:00;0,6274
2026-01-08 01:00;0,9070
2026-01-08 02:00;0,6749
2026-01-08 03:00;0,9070
2026-01-08 04:00;0,9070
2026-01-08 05:00;0,6346
2026-01-08 06:00;0,6680
2026-01-08 07:00;0,8849
2026-01-08 08:00;0,7408
2026-01-08 09:00;0,7897
2026-01-08 10:00;0,9070
2026-01-08 11:00;0,9070
2026-01-08 12:00;0,9070
2026-01-08 13:00;0,9070
2026-01-08 14:00;0,9070
2026-01-08 15:00;0,9070
2026-01-08 16:00;0,8977
2026-01-08 17:00;0,7258
2026-01-08 18:00;0,3405
2026-01-08 19:00;0,1817
2026-01-08 20:00;0,2293
2026-01-08 21:00;0,1818
2026-01-08 22:00;0,2185
2026-01-08 23:00;0,2533
2026-01-09 00:00;0,0435
2026-01-09 01:00;0,0735
2026-01-09 02:00;0,1072
2026-01-09 03:00;0,1910
2026-01-09 04:00;0,2439
2026-01-09 05:00;0,2868
2026-01-09 06:00;0,4068
2026-01-09 07:00;0,5494
2026-01-09 08:00;0,5385
2026-01-09 09:00;0,6209
2026-01-09 10:00;0,9070
2026-01-09 11:00;0,9070
2026-01-09 12:00;0,9070
2026-01-09 13:00;0,9070
2026-01-09 14:00;0,9070
2026-01-09 15:00;0,9070
2026-01-09 16:00;0,9070
2026-01-09 17:00;0,9070
2026-01-09 18:00;0,9070
2026-01-09 19:00;0,9070
2026-01-09 20:00;0,6513
2026-01-09 21:00;0,5792
2026-01-09 22:00;0,9070
2026-01-09 23:00;0,5061
2026-01-10 00:00;0,4999
2026-01-10 01:00;0,9070
2026-01-10 02:00;0,4975
2026-01-10 03:00;0,4459
2026-01-10 04:00;0,9070
2026-01-10 05:00;0,4657
2026-01-10 06:00;0,5264
2026-01-10 07:00;0,6525
2026-01-10 08:00;0,5767
2026-01-10 09:00;0,5939
2026-01-10 10:00;0,9070
2026-01-10 11:00;0,6132
2026-01-10 12:00;0,7521
2026-01-10 13:00;0,9070
2026-01-10 14:00;0,6098
2026-01-10 15:00;0,4335
2026-01-10 16:00;0,9070
2026-01-10 17:00;0,5894
2026-01-10 18:00;0,4359
2026-01-10 19:00;0,9070
2026-01-10 20:00;0,4073
2026-01-10 21:00;0,3858
2026-01-10 22:00;0,8727
2026-01-10 23:00;0,4216
2026-01-11 00:00;0,8733
2026-01-11 01:00;0,4322
2026-01-11 02:00;0,8221
2026-01-11 03:00;0,7694
2026-01-11 04:00;0,5141
2026-01-11 05:00;0,9070
2026-01-11 06:00;0,9070
2026-01-11 07:00;0,9070
2026-01-11 08:00;0,9070
2026-01-11 09:00;0,9070
2026-01-11 10:00;0,1662
2026-01-11 11:00;0,9070
2026-01-11 12:00;0,9070
2026-01-11 13:00;0,1476
2026-01-11 14:00;0,6503
2026-01-11 15:00;0,5755
2026-01-11 16:00;0,5232
2026-01-11 17:00;0,0435
2026-01-11 18:00;0,0459
2026-01-11 19:00;0,0946
2026-01-11 20:00;0,1398
2026-01-11 21:00;0,2255
2026-01-11 22:00;0,4468
2026-01-11 23:00;0,4964
2026-01-12 00:00;0,2709
2026-01-12 01:00;0,9070
2026-01-12 02:00;0,5603
2026-01-12 03:00;0,5420
2026-01-12 04:00;0,8587
2026-01-12 05:00;0,4944
2026-01-12 06:00;0,5427
2026-01-12 07:00;0,9070
2026-01-12 08:00;0,6482
2026-01-12 09:00;0,6416
2026-01-12 10:00;0,9070
2026-01-12 11:00;0,1298
2026-01-12 12:00;0,4826
2026-01-12 13:00;0,9070
2026-01-12 14:00;0,6102
2026-01-12 15:00;0,7860
2026-01-12 16:00;0,9070
2026-01-12 17:00;0,3473
2026-01-12 18:00;0,1095
2026-01-12 19:00;0,1025
2026-01-12 20:00;0,0983
2026-01-12 21:00;0,0101
2026-01-12 22:00;0,0977
2026-01-12 23:00;0,2036
2026-01-13 00:00;0,7045
2026-01-13 01:00;0,9070
2026-01-13 02:00;0,7113
2026-01-13 03:00;0,6179
2026-01-13 04:00;0,9070
2026-01-13 05:00;0,6816
2026-01-13 06:00;0,6196
2026-01-13 07:00;0,9070
2026-01-13 08:00;0,5839
2026-01-13 09:00;0,7472
2026-01-13 10:00;0,9070
2026-01-13 11:00;0,8343
2026-01-13 12:00;0,5715
2026-01-13 13:00;0,8790
2026-01-13 14:00;0,3973
2026-01-13 15:00;0,2396
2026-01-13 16:00;0,1416
2026-01-13 17:00;0,1028
2026-01-13 18:00;0,2552
2026-01-13 19:00;0,9070
2026-01-13 20:00;0,6222
2026-01-13 21:00;0,6481
2026-01-13 22:00;0,9070
2026-01-13 23:00;0,5252
2026-01-14 00:00;0,6290
2026-01-14 01:00;0,5389
2026-01-14 02:00;0,7003
2026-01-14 03:00;0,5682
2026-01-14 04:00;0,5814
2026-01-14 05:00;0,5040
2026-01-14 06:00;0,5439
2026-01-14 07:00;0,3898
2026-01-14 08:00;0,5177
2026-01-14 09:00;0,4789
2026-01-14 10:00;0,4866
2026-01-14 11:00;0,8589
2026-01-14 12:00;0,8979
2026-01-14 13:00;0,9070
2026-01-14 14:00;0,9070
2026-01-14 15:00;0,9070
2026-01-14 16:00;0,8843
2026-01-14 17:00;0,2440
2026-01-14 18:00;0,3709
2026-01-14 19:00;0,4191
2026-01-14 20:00;0,5624
2026-01-14 21:00;0,5994
2026-01-14 22:00;0,9070
2026-01-14 23:00;0,6065
2026-01-15 00:00;0,1526
2026-01-15 01:00;0,9070
2026-01-15 02:00;0,7460
2026-01-15 03:00;0,7944
2026-01-15 04:00;0,9070
2026-01-15 05:00;0,5018
2026-01-15 06:00;0,4070
2026-01-15 07:00;0,3169
2026-01-15 08:00;0,2967
2026-01-15 09:00;0,3306
2026-01-15 10:00;0,9070
2026-01-15 11:00;0,8830
2026-01-15 12:00;0,7751
2026-01-15 13:00;0,8939
2026-01-15 14:00;0,7272
2026-01-15 15:00;0,8133
2026-01-15 16:00;0,9016
2026-01-15 17:00;0,4525
2026-01-15 18:00;0,1869
2026-01-15 19:00;0,1336
2026-01-15 20:00;0,1321
2026-01-15 21:00;0,1483
2026-01-15 22:00;0,1465
2026-01-15 23:00;0,1083
2026-01-16 00:00;0,9070
2026-01-16 01:00;0,1336
2026-01-16 02:00;0,9070
2026-01-16 03:00;0,9070
2026-01-16 04:00;0,1464
2026-01-16 05:00;0,9070
2026-01-16 06:00;0,8854
2026-01-16 07:00;0,1150
2026-01-16 08:00;0,8708
2026-01-16 09:00;0,9070
2026-01-16 10:00;0,1403
2026-01-16 11:00;0,9070
2026-01-16 12:00;0,9070
2026-01-16 13:00;0,1247
2026-01-16 14:00;0,9070
2026-01-16 15:00;0,9070
2026-01-16 16:00;0,1453
2026-01-16 17:00;0,9070
2026-01-16 18:00;0,9070
2026-01-16 19:00;0,9070
2026-01-16 20:00;0,9070
2026-01-16 21:00;0,9070
2026-01-16 22:00;0,1215
2026-01-16 23:00;0,9070
2026-01-17 00:00;0,2047
2026-01-17 01:00;0,2000
2026-01-17 02:00;0,1895
2026-01-17 03:00;0,1754
2026-01-17 04:00;0,1522
2026-01-17 05:00;0,1315
2026-01-17 06:00;0,1345
2026-01-17 07:00;0,1431
2026-01-17 08:00;0,1566
2026-01-17 09:00;0,2429
2026-01-17 10:00;0,8551
2026-01-17 11:00;0,4151
2026-01-17 12:00;0,7962
2026-01-17 13:00;0,8558
2026-01-17 14:00;0,9070
2026-01-17 15:00;0,9070
2026-01-17 16:00;0,9070
2026-01-17 17:00;0,9070
2026-01-17 18:00;0,8106
2026-01-17 19:00;0,7877
2026-01-17 20:00;0,7600
2026-01-17 21:00;0,7644
2026-01-17 22:00;0,8431
2026-01-17 23:00;0,5550
2026-01-18 00:00;0,0359
2026-01-18 01:00;0,0625
2026-01-18 02:00;0,1010
2026-01-18 03:00;0,2061
2026-01-18 04:00;0,2431
2026-01-18 05:00;0,2839
2026-01-18 06:00;0,3651
2026-01-18 07:00;0,4188
2026-01-18 08:00;0,4325
2026-01-18 09:00;0,5128
2026-01-18 10:00;0,7802
2026-01-18 11:00;0,7165
2026-01-18 12:00;0,8546
2026-01-18 13:00;0,8400
2026-01-18 14:00;0,8425
2026-01-18 15:00;0,7831
2026-01-18 16:00;0,7642
2026-01-18 17:00;0,8312
2026-01-18 18:00;0,8044
2026-01-18 19:00;0,9070
2026-01-18 20:00;0,6253
2026-01-18 21:00;0,6431
2026-01-18 22:00;0,9070
2026-01-18 23:00;0,4863
2026-01-19 00:00;0,9070
2026-01-19 01:00;0,9070
2026-01-19 02:00;0,9070
2026-01-19 03:00;0,9070
2026-01-19 04:00;0,9070
2026-01-19 05:00;0,9070
2026-01-19 06:00;0,9070
2026-01-19 07:00;0,9070
2026-01-19 08:00;0,9070
2026-01-19 09:00;0,9070
2026-01-19 10:00;0,9070
2026-01-19 11:00;0,9070
2026-01-19 12:00;0,9070
2026-01-19 13:00;0,9070
2026-01-19 14:00;0,9070
2026-01-19 15:00;0,7021
2026-01-19 16:00;0,5078
2026-01-19 17:00;0,1097
2026-01-19 18:00;0,1919
2026-01-19 19:00;0,1533
2026-01-19 20:00;0,4048
2026-01-19 21:00;0,3742
2026-01-19 22:00;0,1388
2026-01-19 23:00;0,4005
2026-01-20 00:00;0,4949
2026-01-20 01:00;0,9070
2026-01-20 02:00;0,4686
2026-01-20 03:00;0,3731
2026-01-20 04:00;0,8820
2026-01-20 05:00;0,4371
2026-01-20 06:00;0,4372
2026-01-20 07:00;0,5883
2026-01-20 08:00;0,5011
2026-01-20 09:00;0,4724
2026-01-20 10:00;0,9070
2026-01-20 11:00;0,5385
2026-01-20 12:00;0,5869
2026-01-20 13:00;0,9070
2026-01-20 14:00;0,4796
2026-01-20 15:00;0,4312
2026-01-20 16:00;0,9070
2026-01-20 17:00;0,5501
2026-01-20 18:00;0,4143
2026-01-20 19:00;0,9070
2026-01-20 20:00;0,4261
2026-01-20 21:00;0,4332
2026-01-20 22:00;0,8845
2026-01-20 23:00;0,4091
2026-01-21 00:00;0,4717
2026-01-21 01:00;0,9070
2026-01-21 02:00;0,5685
2026-01-21 03:00;0,4223
2026-01-21 04:00;0,9070
2026-01-21 05:00;0,5670
2026-01-21 06:00;0,5406
2026-01-21 07:00;0,6474
2026-01-21 08:00;0,5348
2026-01-21 09:00;0,4806
2026-01-21 10:00;0,9070
2026-01-21 11:00;0,5436
2026-01-21 12:00;0,6352
2026-01-21 13:00;0,9070
2026-01-21 14:00;0,5463
2026-01-21 15:00;0,4346
2026-01-21 16:00;0,9070
2026-01-21 17:00;0,5403
2026-01-21 18:00;0,4272
2026-01-21 19:00;0,9070
2026-01-21 20:00;0,3788
2026-01-21 21:00;0,3953
2026-01-21 22:00;0,7746
2026-01-21 23:00;0,3670
2026-01-22 00:00;0,7607
2026-01-22 01:00;0,5123
2026-01-22 02:00;0,8875
2026-01-22 03:00;0,8752
2026-01-22 04:00;0,9070
2026-01-22 05:00;0,9070
2026-01-22 06:00;0,9070
2026-01-22 07:00;0,9070
2026-01-22 08:00;0,9070
2026-01-22 09:00;0,9070
2026-01-22 10:00;0,9070
2026-01-22 11:00;0,9070
2026-01-22 12:00;0,9070
2026-01-22 13:00;0,9070
2026-01-22 14:00;0,4876
2026-01-22 15:00;0,4234
2026-01-22 16:00;0,2521
2026-01-22 17:00;0,0437
2026-01-22 18:00;0,1160
2026-01-22 19:00;0,1477
2026-01-22 20:00;0,2995
2026-01-22 21:00;0,5132
2026-01-22 22:00;0,1573
2026-01-22 23:00;0,7017
2026-01-23 00:00;0,7797
2026-01-23 01:00;0,8825
2026-01-23 02:00;0,6195
2026-01-23 03:00;0,5156
2026-01-23 04:00;0,1398
2026-01-23 05:00;0,4223
2026-01-23 06:00;0,2800
2026-01-23 07:00;0,2179
2026-01-23 08:00;0,1596
2026-01-23 09:00;0,2847
2026-01-23 10:00;0,9070
2026-01-23 11:00;0,7635
2026-01-23 12:00;0,6774
2026-01-23 13:00;0,5283
2026-01-23 14:00;0,9070
2026-01-23 15:00;0,9070
2026-01-23 16:00;0,1512
2026-01-23 17:00;0,3528
2026-01-23 18:00;0,0965
2026-01-23 19:00;0,1908
2026-01-23 20:00;0,4027
2026-01-23 21:00;0,5397
2026-01-23 22:00;0,9070
2026-01-23 23:00;0,3867
2026-01-24 00:00;0,9070
2026-01-24 01:00;0,4911
2026-01-24 02:00;0,8844
2026-01-24 03:00;0,9070
2026-01-24 04:00;0,8772
2026-01-24 05:00;0,8388
2026-01-24 06:00;0,7907
2026-01-24 07:00;0,4280
2026-01-24 08:00;0,9070
2026-01-24 09:00;0,8836
2026-01-24 10:00;0,1263
2026-01-24 11:00;0,5925
2026-01-24 12:00;0,4951
2026-01-24 13:00;0,1216
2026-01-24 14:00;0,3955
2026-01-24 15:00;0,2723
2026-01-24 16:00;0,1133
2026-01-24 17:00;0,1794
2026-01-24 18:00;0,2863
2026-01-24 19:00;0,1384
2026-01-24 20:00;0,4022
2026-01-24 21:00;0,4400
2026-01-24 22:00;0,1394
2026-01-24 23:00;0,2001
2026-01-25 00:00;0,8777
2026-01-25 01:00;0,1348
2026-01-25 02:00;0,8832
2026-01-25 03:00;0,7953
2026-01-25 04:00;0,1381
2026-01-25 05:00;0,9070
2026-01-25 06:00;0,9070
2026-01-25 07:00;0,9070
2026-01-25 08:00;0,9018
2026-01-25 09:00;0,9070
2026-01-25 10:00;0,4887
2026-01-25 11:00;0,8645
2026-01-25 12:00;0,8958
2026-01-25 13:00;0,1527
2026-01-25 14:00;0,7897
2026-01-25 15:00;0,8803
2026-01-25 16:00;0,1614
2026-01-25 17:00;0,2988
2026-01-25 18:00;0,4989
2026-01-25 19:00;0,1677
2026-01-25 20:00;0,9070
2026-01-25 21:00;0,9070
2026-01-25 22:00;0,3618
2026-01-25 23:00;0,9070
2026-01-26 00:00;0,0187
2026-01-26 01:00;0,0282
2026-01-26 02:00;0,0364
2026-01-26 03:00;0,1350
2026-01-26 04:00;0,2009
2026-01-26 05:00;0,2530
2026-01-26 06:00;0,2370
2026-01-26 07:00;0,3260
2026-01-26 08:00;0,2356
2026-01-26 09:00;0,2880
2026-01-26 10:00;0,8989
2026-01-26 11:00;0,7800
2026-01-26 12:00;0,9006
2026-01-26 13:00;0,8838
2026-01-26 14:00;0,9070
2026-01-26 15:00;0,8344
2026-01-26 16:00;0,9018
2026-01-26 17:00;0,8215
2026-01-26 18:00;0,5354
2026-01-26 19:00;0,3490
2026-01-26 20:00;0,4009
2026-01-26 21:00;0,5978
2026-01-26 22:00;0,9070
2026-01-26 23:00;0,5449
2026-01-27 00:00;0,9070
2026-01-27 01:00;0,1464
2026-01-27 02:00;0,9070
2026-01-27 03:00;0,9070
2026-01-27 04:00;0,1367
2026-01-27 05:00;0,8590
2026-01-27 06:00;0,9070
2026-01-27 07:00;0,1511
2026-01-27 08:00;0,8518
2026-01-27 09:00;0,8276
2026-01-27 10:00;0,1405
2026-01-27 11:00;0,8862
2026-01-27 12:00;0,9070
2026-01-27 13:00;0,1409
2026-01-27 14:00;0,9070
2026-01-27 15:00;0,9070
2026-01-27 16:00;0,5404
2026-01-27 17:00;0,3271
2026-01-27 18:00;0,3404
2026-01-27 19:00;0,5639
2026-01-27 20:00;0,5925
2026-01-27 21:00;0,5352
2026-01-27 22:00;0,5485
2026-01-27 23:00;0,5859
2026-01-28 00:00;0,4419
2026-01-28 01:00;0,9070
2026-01-28 02:00;0,5812
2026-01-28 03:00;0,5522
2026-01-28 04:00;0,9070
2026-01-28 05:00;0,5076
2026-01-28 06:00;0,6625
2026-01-28 07:00;0,9070
2026-01-28 08:00;0,6143
2026-01-28 09:00;0,9070
2026-01-28 10:00;0,9070
2026-01-28 11:00;0,9070
2026-01-28 12:00;0,8877
2026-01-28 13:00;0,9034
2026-01-28 14:00;0,5052
2026-01-28 15:00;0,3056
2026-01-28 16:00;0,1691
2026-01-28 17:00;0,0594
2026-01-28 18:00;0,1633
2026-01-28 19:00;0,2158
2026-01-28 20:00;0,3139
2026-01-28 21:00;0,2951
2026-01-28 22:00;0,2868
2026-01-28 23:00;0,2685
2026-01-29 00:00;0,5811
2026-01-29 01:00;0,8680
2026-01-29 02:00;0,6410
2026-01-29 03:00;0,4593
2026-01-29 04:00;0,7557
2026-01-29 05:00;0,3643
2026-01-29 06:00;0,3567
2026-01-29 07:00;0,3695
2026-01-29 08:00;0,3372
2026-01-29 09:00;0,3591
2026-01-29 10:00;0,7621
2026-01-29 11:00;0,7494
2026-01-29 12:00;0,7403
2026-01-29 13:00;0,7271
2026-01-29 14:00;0,7807
2026-01-29 15:00;0,8516
2026-01-29 16:00;0,7668
2026-01-29 17:00;0,0743
2026-01-29 18:00;0,0917
2026-01-29 19:00;0,0914
2026-01-29 20:00;0,1230
2026-01-29 21:00;0,2236
2026-01-29 22:00;0,0265
2026-01-29 23:00;0,2563
2026-01-30 00:00;0,2624
2026-01-30 01:00;0,8366
2026-01-30 02:00;0,4121
2026-01-30 03:00;0,5296
2026-01-30 04:00;0,6413
2026-01-30 05:00;0,6982
2026-01-30 06:00;0,8180
2026-01-30 07:00;0,8126
2026-01-30 08:00;0,8072
2026-01-30 09:00;0,6921
2026-01-30 10:00;0,7097
2026-01-30 11:00;0,6840
2026-01-30 12:00;0,6682
2026-01-30 13:00;0,6315
2026-01-30 14:00;0,7415
2026-01-30 15:00;0,7695
2026-01-30 16:00;0,7641
2026-01-30 17:00;0,5561
2026-01-30 18:00;0,3008
2026-01-30 19:00;0,0701
2026-01-30 20:00;0,0000
2026-01-30 21:00;0,0000
2026-01-30 22:00;0,0000
2026-01-30 23:00;0,0000
2026-01-31 00:00;0,7210
2026-01-31 01:00;0,0000
2026-01-31 02:00;0,7103
2026-01-31 03:00;0,7049
2026-01-31 04:00;0,0000
2026-01-31 05:00;0,6941
2026-01-31 06:00;0,6887
2026-01-31 07:00;0,0000
2026-01-31 08:00;0,6780
2026-01-31 09:00;0,5728
2026-01-31 10:00;0,0000
2026-01-31 11:00;0,5643
2026-01-31 12:00;0,6564
2026-01-31 13:00;0,0000
2026-01-31 14:00;0,5530
2026-01-31 15:00;0,4880
2026-01-31 16:00;0,0000
2026-01-31 17:00;0,6295
2026-01-31 18:00;0,6241
2026-01-31 19:00;0,6187
2026-01-31 20:00;0,6133
2026-01-31 21:00;0,6065
2026-01-31 22:00;0,0000
2026-01-31 23:00;0,5744
2026-02-01 00:00;0,5636
2026-02-01 01:00;0,6767
2026-02-01 02:00;0,7551
2026-02-01 03:00;0,9070
2026-02-01 04:00;0,9070
2026-02-01 05:00;0,6899
2026-02-01 06:00;0,5384
2026-02-01 07:00;0,5725
2026-02-01 08:00;0,6106
2026-02-01 09:00;0,7872
2026-02-01 10:00;0,9070
2026-02-01 11:00;0,9070
2026-02-01 12:00;0,9070
2026-02-01 13:00;0,9070
2026-02-01 14:00;0,9070
2026-02-01 15:00;0,9070
2026-02-01 16:00;0,9070
2026-02-01 17:00;0,9070
2026-02-01 18:00;0,9070
2026-02-01 19:00;0,9070
2026-02-01 20:00;0,7318
2026-02-01 21:00;0,6152
2026-02-01 22:00;0,5706
2026-02-01 23:00;0,5152
2026-02-02 00:00;0,4890
2026-02-02 01:00;0,3957
2026-02-02 02:00;0,5747
2026-02-02 03:00;0,6003
2026-02-02 04:00;0,3880
2026-02-02 05:00;0,7007
2026-02-02 06:00;0,6301
2026-02-02 07:00;0,9070
2026-02-02 08:00;0,9070
2026-02-02 09:00;0,9070
2026-02-02 10:00;0,6839
2026-02-02 11:00;0,9070
2026-02-02 12:00;0,9070
2026-02-02 13:00;0,6520
2026-02-02 14:00;0,9070
2026-02-02 15:00;0,9070
2026-02-02 16:00;0,6351
2026-02-02 17:00;0,9070
2026-02-02 18:00;0,9070
2026-02-02 19:00;0,9070
2026-02-02 20:00;0,9070
2026-02-02 21:00;0,9070
2026-02-02 22:00;0,9070
2026-02-02 23:00;0,9070
2026-02-03 00:00;0,4471
2026-02-03 01:00;0,9070
2026-02-03 02:00;0,5162
2026-02-03 03:00;0,5229
2026-02-03 04:00;0,9070
2026-02-03 05:00;0,4972
2026-02-03 06:00;0,4672
2026-02-03 07:00;0,9070
2026-02-03 08:00;0,4520
2026-02-03 09:00;0,6880
2026-02-03 10:00;0,9070
2026-02-03 11:00;0,4561
2026-02-03 12:00;0,4749
2026-02-03 13:00;0,9070
2026-02-03 14:00;0,6508
2026-02-03 15:00;0,8739
2026-02-03 16:00;0,9070
2026-02-03 17:00;0,4654
2026-02-03 18:00;0,3181
2026-02-03 19:00;0,3047
2026-02-03 20:00;0,2935
2026-02-03 21:00;0,3383
2026-02-03 22:00;0,9070
2026-02-03 23:00;0,4253
2026-02-04 00:00;0,0443
2026-02-04 01:00;0,0592
2026-02-04 02:00;0,0673
2026-02-04 03:00;0,1862
2026-02-04 04:00;0,9070
2026-02-04 05:00;0,5895
2026-02-04 06:00;0,4609
2026-02-04 07:00;0,3458
2026-02-04 08:00;0,2868
2026-02-04 09:00;0,1921
2026-02-04 10:00;0,7037
2026-02-04 11:00;0,5488
2026-02-04 12:00;0,9070
2026-02-04 13:00;0,9070
2026-02-04 14:00;0,3824
2026-02-04 15:00;0,8734
2026-02-04 16:00;0,9070
2026-02-04 17:00;0,6970
2026-02-04 18:00;0,4756
2026-02-04 19:00;0,9070
2026-02-04 20:00;0,7122
2026-02-04 21:00;0,6867
2026-02-04 22:00;0,8968
2026-02-04 23:00;0,9070
2026-02-05 00:00;0,6578
2026-02-05 01:00;0,9070
2026-02-05 02:00;0,4669
2026-02-05 03:00;0,3674
2026-02-05 04:00;0,3559
2026-02-05 05:00;0,3376
2026-02-05 06:00;0,3855
2026-02-05 07:00;0,2813
2026-02-05 08:00;0,1526
2026-02-05 09:00;0,0969
2026-02-05 10:00;0,0825
2026-02-05 11:00;0,0640
2026-02-05 12:00;0,9070
2026-02-05 13:00;0,9070
2026-02-05 14:00;0,9070
2026-02-05 15:00;0,9070
2026-02-05 16:00;0,9070
2026-02-05 17:00;0,8665
2026-02-05 18:00;0,7949
2026-02-05 19:00;0,9070
2026-02-05 20:00;0,8578
2026-02-05 21:00;0,8226
2026-02-05 22:00;0,8200
2026-02-05 23:00;0,9070
2026-02-06 00:00;0,8888
2026-02-06 01:00;0,8959
2026-02-06 02:00;0,9070
2026-02-06 03:00;0,9070
2026-02-06 04:00;0,9070
2026-02-06 05:00;0,9070
2026-02-06 06:00;0,9070
2026-02-06 07:00;0,1520
2026-02-06 08:00;0,9070
2026-02-06 09:00;0,9070
2026-02-06 10:00;0,9070
2026-02-06 11:00;0,9070
2026-02-06 12:00;0,9070
2026-02-06 13:00;0,1348
2026-02-06 14:00;0,4589
2026-02-06 15:00;0,3763
2026-02-06 16:00;0,1325
2026-02-06 17:00;0,2317
2026-02-06 18:00;0,4353
2026-02-06 19:00;0,1268
2026-02-06 20:00;0,7710
2026-02-06 21:00;0,9070
2026-02-06 22:00;0,7096
2026-02-06 23:00;0,8513
2026-02-07 00:00;0,0410
2026-02-07 01:00;0,0513
2026-02-07 02:00;0,0584
2026-02-07 03:00;0,1689
2026-02-07 04:00;0,9070
2026-02-07 05:00;0,5509
2026-02-07 06:00;0,5046
2026-02-07 07:00;0,4204
2026-02-07 08:00;0,3293
2026-02-07 09:00;0,2097
2026-02-07 10:00;0,7271
2026-02-07 11:00;0,5660
2026-02-07 12:00;0,8476
2026-02-07 13:00;0,9070
2026-02-07 14:00;0,3856
2026-02-07 15:00;0,9070
2026-02-07 16:00;0,9070
2026-02-07 17:00;0,8132
2026-02-07 18:00;0,4466
2026-02-07 19:00;0,8248
2026-02-07 20:00;0,6431
2026-02-07 21:00;0,6594
2026-02-07 22:00;0,9070
2026-02-07 23:00;0,8578
2026-02-08 00:00;0,1272
2026-02-08 01:00;0,1896
2026-02-08 02:00;0,2331
2026-02-08 03:00;0,2849
2026-02-08 04:00;0,8965
2026-02-08 05:00;0,5072
2026-02-08 06:00;0,4654
2026-02-08 07:00;0,8434
2026-02-08 08:00;0,4237
2026-02-08 09:00;0,3991
2026-02-08 10:00;0,9070
2026-02-08 11:00;0,6175
2026-02-08 12:00;0,7769
2026-02-08 13:00;0,9070
2026-02-08 14:00;0,8625
2026-02-08 15:00;0,9070
2026-02-08 16:00;0,9070
2026-02-08 17:00;0,9070
2026-02-08 18:00;0,9070
2026-02-08 19:00;0,6161
2026-02-08 20:00;0,6321
2026-02-08 21:00;0,5580
2026-02-08 22:00;0,9070
2026-02-08 23:00;0,4492
2026-02-09 00:00;0,8660
2026-02-09 01:00;0,7616
2026-02-09 02:00;0,9042
2026-02-09 03:00;0,8170
2026-02-09 04:00;0,7867
2026-02-09 05:00;0,7229
2026-02-09 06:00;0,7310
2026-02-09 07:00;0,5067
2026-02-09 08:00;0,4605
2026-02-09 09:00;0,5333
2026-02-09 10:00;0,9070
2026-02-09 11:00;0,9070
2026-02-09 12:00;0,8496
2026-02-09 13:00;0,1415
2026-02-09 14:00;0,9070
2026-02-09 15:00;0,9070
2026-02-09 16:00;0,9070
2026-02-09 17:00;0,5398
2026-02-09 18:00;0,0773
2026-02-09 19:00;0,0792
2026-02-09 20:00;0,0789
2026-02-09 21:00;0,1611
2026-02-09 22:00;0,2330
2026-02-09 23:00;0,2685
2026-02-10 00:00;0,0941
2026-02-10 01:00;0,1153
2026-02-10 02:00;0,1287
2026-02-10 03:00;0,1245
2026-02-10 04:00;0,1653
2026-02-10 05:00;0,2109
2026-02-10 06:00;0,2196
2026-02-10 07:00;0,2601
2026-02-10 08:00;0,3433
2026-02-10 09:00;0,7366
2026-02-10 10:00;0,9070
2026-02-10 11:00;0,8305
2026-02-10 12:00;0,8280
2026-02-10 13:00;0,9070
2026-02-10 14:00;0,9070
2026-02-10 15:00;0,9070
2026-02-10 16:00;0,9070
2026-02-10 17:00;0,7798
2026-02-10 18:00;0,7693
2026-02-10 19:00;0,8367
2026-02-10 20:00;0,8997
2026-02-10 21:00;0,8923
2026-02-10 22:00;0,9070
2026-02-10 23:00;0,9070
2026-02-11 00:00;0,9054
2026-02-11 01:00;0,9070
2026-02-11 02:00;0,8374
2026-02-11 03:00;0,7686
2026-02-11 04:00;0,8483
2026-02-11 05:00;0,8669
2026-02-11 06:00;0,8430
2026-02-11 07:00;0,7966
2026-02-11 08:00;0,8829
2026-02-11 09:00;0,9070
2026-02-11 10:00;0,9070
2026-02-11 11:00;0,9070
2026-02-11 12:00;0,8294
2026-02-11 13:00;0,1324
2026-02-11 14:00;0,2334
2026-02-11 15:00;0,0969
2026-02-11 16:00;0,1421
2026-02-11 17:00;0,0176
2026-02-11 18:00;0,0366
2026-02-11 19:00;0,1445
2026-02-11 20:00;0,1904
2026-02-11 21:00;0,2508
2026-02-11 22:00;0,1258
2026-02-11 23:00;0,2516
2026-02-12 00:00;0,8857
2026-02-12 01:00;0,9070
2026-02-12 02:00;0,9035
2026-02-12 03:00;0,9070
2026-02-12 04:00;0,9070
2026-02-12 05:00;0,9070
2026-02-12 06:00;0,9070
2026-02-12 07:00;0,9070
2026-02-12 08:00;0,7861
2026-02-12 09:00;0,8412
2026-02-12 10:00;0,8499
2026-02-12 11:00;0,7334
2026-02-12 12:00;0,4109
2026-02-12 13:00;0,3613
2026-02-12 14:00;0,2876
2026-02-12 15:00;0,2963
2026-02-12 16:00;0,1591
2026-02-12 17:00;0,0448
2026-02-12 18:00;0,0204
2026-02-12 19:00;0,9070
2026-02-12 20:00;0,0203
2026-02-12 21:00;0,1083
2026-02-12 22:00;0,2375
2026-02-12 23:00;0,3692
2026-02-13 00:00;0,4504
2026-02-13 01:00;0,2461
2026-02-13 02:00;0,0666
2026-02-13 03:00;0,0994
2026-02-13 04:00;0,1785
2026-02-13 05:00;0,2413
2026-02-13 06:00;0,4147
2026-02-13 07:00;0,9070
2026-02-13 08:00;0,8528
2026-02-13 09:00;0,7960
2026-02-13 10:00;0,8932
2026-02-13 11:00;0,9070
2026-02-13 12:00;0,9070
2026-02-13 13:00;0,9070
2026-02-13 14:00;0,9070
2026-02-13 15:00;0,9070
2026-02-13 16:00;0,9070
2026-02-13 17:00;0,6931
2026-02-13 18:00;0,9070
2026-02-13 19:00;0,9070
2026-02-13 20:00;0,9070
2026-02-13 21:00;0,9070
2026-02-13 22:00;0,9070
2026-02-13 23:00;0,9070
2026-02-14 00:00;0,0169
2026-02-14 01:00;0,2581
2026-02-14 02:00;0,5236
2026-02-14 03:00;0,5528
2026-02-14 04:00;0,9070
2026-02-14 05:00;0,6536
2026-02-14 06:00;0,5902
2026-02-14 07:00;0,7456
2026-02-14 08:00;0,3694
2026-02-14 09:00;0,3932
2026-02-14 10:00;0,9070
2026-02-14 11:00;0,6482
2026-02-14 12:00;0,6053
2026-02-14 13:00;0,9070
2026-02-14 14:00;0,6840
2026-02-14 15:00;0,7896
2026-02-14 16:00;0,9070
2026-02-14 17:00;0,7331
2026-02-14 18:00;0,4756
2026-02-14 19:00;0,9070
2026-02-14 20:00;0,3556
2026-02-14 21:00;0,3344
2026-02-14 22:00;0,1649
2026-02-14 23:00;0,0166
2026-02-15 00:00;0,3124
2026-02-15 01:00;0,8572
2026-02-15 02:00;0,3317
2026-02-15 03:00;0,3615
2026-02-15 04:00;0,9070
2026-02-15 05:00;0,4310
2026-02-15 06:00;0,5715
2026-02-15 07:00;0,9070
2026-02-15 08:00;0,8752
2026-02-15 09:00;0,9070
2026-02-15 10:00;0,9070
2026-02-15 11:00;0,9070
2026-02-15 12:00;0,9068
2026-02-15 13:00;0,9070
2026-02-15 14:00;0,3252
2026-02-15 15:00;0,1455
2026-02-15 16:00;0,0822
2026-02-15 17:00;0,0174
2026-02-15 18:00;0,3621
2026-02-15 19:00;0,2299
2026-02-15 20:00;0,0445
2026-02-15 21:00;0,1012
2026-02-15 22:00;0,1762
2026-02-15 23:00;0,2658
2026-02-16 00:00;0,8315
2026-02-16 01:00;0,9070
2026-02-16 02:00;0,4733
2026-02-16 03:00;0,4891
2026-02-16 04:00;0,9070
2026-02-16 05:00;0,8284
2026-02-16 06:00;0,7265
2026-02-16 07:00;0,7422
2026-02-16 08:00;0,6870
2026-02-16 09:00;0,8255
2026-02-16 10:00;0,9070
2026-02-16 11:00;0,8556
2026-02-16 12:00;0,7611
2026-02-16 13:00;0,8067
2026-02-16 14:00;0,6731
2026-02-16 15:00;0,5549
2026-02-16 16:00;0,7571
2026-02-16 17:00;0,4572
2026-02-16 18:00;0,1235
2026-02-16 19:00;0,1030
2026-02-16 20:00;0,0932
2026-02-16 21:00;0,0714
2026-02-16 22:00;0,1041
2026-02-16 23:00;0,1287
2026-02-17 00:00;0,6801
2026-02-17 01:00;0,8584
2026-02-17 02:00;0,5852
2026-02-17 03:00;0,6066
2026-02-17 04:00;0,9070
2026-02-17 05:00;0,5507
2026-02-17 06:00;0,5394
2026-02-17 07:00;0,9070
2026-02-17 08:00;0,4596
2026-02-17 09:00;0,5614
2026-02-17 10:00;0,9070
2026-02-17 11:00;0,7160
2026-02-17 12:00;0,8323
2026-02-17 13:00;0,8578
2026-02-17 14:00;0,9070
2026-02-17 15:00;0,9070
2026-02-17 16:00;0,9070
2026-02-17 17:00;0,7757
2026-02-17 18:00;0,4481
2026-02-17 19:00;0,8115
2026-02-17 20:00;0,2906
2026-02-17 21:00;0,3125
2026-02-17 22:00;0,2930
2026-02-17 23:00;0,3320
2026-02-18 00:00;0,9070
2026-02-18 01:00;0,9070
2026-02-18 02:00;0,9070
2026-02-18 03:00;0,9070
2026-02-18 04:00;0,8782
2026-02-18 05:00;0,9070
2026-02-18 06:00;0,9070
2026-02-18 07:00;0,9070
2026-02-18 08:00;0,9070
2026-02-18 09:00;0,9070
2026-02-18 10:00;0,9070
2026-02-18 11:00;0,8808
2026-02-18 12:00;0,9011
2026-02-18 13:00;0,8405
2026-02-18 14:00;0,7856
2026-02-18 15:00;0,4206
2026-02-18 16:00;0,2545
2026-02-18 17:00;0,0168
2026-02-18 18:00;0,6799
2026-02-18 19:00;0,9070
2026-02-18 20:00;0,1041
2026-02-18 21:00;0,1565
2026-02-18 22:00;0,1939
2026-02-18 23:00;0,2075
2026-02-19 00:00;0,3626
2026-02-19 01:00;0,3316
2026-02-19 02:00;0,3769
2026-02-19 03:00;0,3470
2026-02-19 04:00;0,1113
2026-02-19 05:00;0,4114
2026-02-19 06:00;0,3723
2026-02-19 07:00;0,1362
2026-02-19 08:00;0,3910
2026-02-19 09:00;0,5069
2026-02-19 10:00;0,1355
2026-02-19 11:00;0,6408
2026-02-19 12:00;0,7854
2026-02-19 13:00;0,9070
2026-02-19 14:00;0,9070
2026-02-19 15:00;0,8332
2026-02-19 16:00;0,9070
2026-02-19 17:00;0,6467
2026-02-19 18:00;0,9070
2026-02-19 19:00;0,9070
2026-02-19 20:00;0,9070
2026-02-19 21:00;0,9070
2026-02-19 22:00;0,5476
2026-02-19 23:00;0,9070
2026-02-20 00:00;0,0728
2026-02-20 01:00;0,1407
2026-02-20 02:00;0,2056
2026-02-20 03:00;0,1488
2026-02-20 04:00;0,1698
2026-02-20 05:00;0,2088
2026-02-20 06:00;0,2541
2026-02-20 07:00;0,2875
2026-02-20 08:00;0,2912
2026-02-20 09:00;0,4461
2026-02-20 10:00;0,9070
2026-02-20 11:00;0,9052
2026-02-20 12:00;0,9070
2026-02-20 13:00;0,9070
2026-02-20 14:00;0,9070
2026-02-20 15:00;0,9070
2026-02-20 16:00;0,9070
2026-02-20 17:00;0,9000
2026-02-20 18:00;0,8521
2026-02-20 19:00;0,8667
2026-02-20 20:00;0,6773
2026-02-20 21:00;0,5372
2026-02-20 22:00;0,9032
2026-02-20 23:00;0,5929
2026-02-21 00:00;0,6007
2026-02-21 01:00;0,8802
2026-02-21 02:00;0,6858
2026-02-21 03:00;0,7798
2026-02-21 04:00;0,8498
2026-02-21 05:00;0,9070
2026-02-21 06:00;0,9070
2026-02-21 07:00;0,9070
2026-02-21 08:00;0,8463
2026-02-21 09:00;0,6063
2026-02-21 10:00;0,9070
2026-02-21 11:00;0,6023
2026-02-21 12:00;0,2773
2026-02-21 13:00;0,3327
2026-02-21 14:00;0,3363
2026-02-21 15:00;0,4607
2026-02-21 16:00;0,2570
2026-02-21 17:00;0,0780
2026-02-21 18:00;0,3006
2026-02-21 19:00;0,9070
2026-02-21 20:00;0,6672
2026-02-21 21:00;0,9070
2026-02-21 22:00;0,9070
2026-02-21 23:00;0,8893
2026-02-22 00:00;0,3973
2026-02-22 01:00;0,3853
2026-02-22 02:00;0,3760
2026-02-22 03:00;0,3725
2026-02-22 04:00;0,1422
2026-02-22 05:00;0,4439
2026-02-22 06:00;0,3741
2026-02-22 07:00;0,1274
2026-02-22 08:00;0,4093
2026-02-22 09:00;0,4864
2026-02-22 10:00;0,1447
2026-02-22 11:00;0,6106
2026-02-22 12:00;0,8343
2026-02-22 13:00;0,9070
2026-02-22 14:00;0,8243
2026-02-22 15:00;0,8230
2026-02-22 16:00;0,9070
2026-02-22 17:00;0,6566
2026-02-22 18:00;0,8593
2026-02-22 19:00;0,9070
2026-02-22 20:00;0,9070
2026-02-22 21:00;0,9070
2026-02-22 22:00;0,4521
2026-02-22 23:00;0,8216
2026-02-23 00:00;0,8922
2026-02-23 01:00;0,9070
2026-02-23 02:00;0,9070
2026-02-23 03:00;0,9070
2026-02-23 04:00;0,9070
2026-02-23 05:00;0,9070
2026-02-23 06:00;0,9070
2026-02-23 07:00;0,9070
2026-02-23 08:00;0,8907
2026-02-23 09:00;0,9070
2026-02-23 10:00;0,9070
2026-02-23 11:00;0,9047
2026-02-23 12:00;0,9070
2026-02-23 13:00;0,9070
2026-02-23 14:00;0,9070
2026-02-23 15:00;0,5123
2026-02-23 16:00;0,2720
2026-02-23 17:00;0,0194
2026-02-23 18:00;0,6166
2026-02-23 19:00;0,8454
2026-02-23 20:00;0,0797
2026-02-23 21:00;0,1154
2026-02-23 22:00;0,1482
2026-02-23 23:00;0,1793
2026-02-24 00:00;0,8486
2026-02-24 01:00;0,9070
2026-02-24 02:00;0,2575
2026-02-24 03:00;0,1914
2026-02-24 04:00;0,2374
2026-02-24 05:00;0,3043
2026-02-24 06:00;0,2650
2026-02-24 07:00;0,2467
2026-02-24 08:00;0,1867
2026-02-24 09:00;0,1378
2026-02-24 10:00;0,3496
2026-02-24 11:00;0,4035
2026-02-24 12:00;0,2420
2026-02-24 13:00;0,3406
2026-02-24 14:00;0,4006
2026-02-24 15:00;0,9070
2026-02-24 16:00;0,9070
2026-02-24 17:00;0,8356
2026-02-24 18:00;0,4763
2026-02-24 19:00;0,7170
2026-02-24 20:00;0,9070
2026-02-24 21:00;0,9070
2026-02-24 22:00;0,9070
2026-02-24 23:00;0,9070
2026-02-25 00:00;0,1888
2026-02-25 01:00;0,2679
2026-02-25 02:00;0,3311
2026-02-25 03:00;0,4160
2026-02-25 04:00;0,9070
2026-02-25 05:00;0,4880
2026-02-25 06:00;0,5484
2026-02-25 07:00;0,9070
2026-02-25 08:00;0,7517
2026-02-25 09:00;0,7220
2026-02-25 10:00;0,9070
2026-02-25 11:00;0,9070
2026-02-25 12:00;0,9070
2026-02-25 13:00;0,9070
2026-02-25 14:00;0,9070
2026-02-25 15:00;0,9070
2026-02-25 16:00;0,9070
2026-02-25 17:00;0,3652
2026-02-25 18:00;0,6429
2026-02-25 19:00;0,9070
2026-02-25 20:00;0,9070
2026-02-25 21:00;0,9070
2026-02-25 22:00;0,9070
2026-02-25 23:00;0,8464
2026-02-26 00:00;0,8753
2026-02-26 01:00;0,8256
2026-02-26 02:00;0,9070
2026-02-26 03:00;0,8739
2026-02-26 04:00;0,9070
2026-02-26 05:00;0,9070
2026-02-26 06:00;0,9070
2026-02-26 07:00;0,9070
2026-02-26 08:00;0,9070
2026-02-26 09:00;0,9070
2026-02-26 10:00;0,9070
2026-02-26 11:00;0,9070
2026-02-26 12:00;0,9070
2026-02-26 13:00;0,9070
2026-02-26 14:00;0,9070
2026-02-26 15:00;0,5202
2026-02-26 16:00;0,2649
2026-02-26 17:00;0,0000
2026-02-26 18:00;0,7244
2026-02-26 19:00;0,9070
2026-02-26 20:00;0,0537
2026-02-26 21:00;0,0868
2026-02-26 22:00;0,1051
2026-02-26 23:00;0,1377
2026-02-27 00:00;0,9070
2026-02-27 01:00;0,9070
2026-02-27 02:00;0,7788
2026-02-27 03:00;0,6115
2026-02-27 04:00;0,9070
2026-02-27 05:00;0,3541
2026-02-27 06:00;0,3209
2026-02-27 07:00;0,2284
2026-02-27 08:00;0,2083
2026-02-27 09:00;0,0925
2026-02-27 10:00;0,8969
2026-02-27 11:00;0,4148
2026-02-27 12:00;0,6139
2026-02-27 13:00;0,8371
2026-02-27 14:00;0,8872
2026-02-27 15:00;0,8848
2026-02-27 16:00;0,8823
2026-02-27 17:00;0,8799
2026-02-27 18:00;0,6802
2026-02-27 19:00;0,5485
2026-02-27 20:00;0,5029
2026-02-27 21:00;0,6110
2026-02-27 22:00;0,8257
2026-02-27 23:00;0,7934
2026-02-28 00:00;0,1508
2026-02-28 01:00;0,3512
2026-02-28 02:00;0,2286
2026-02-28 03:00;0,1975
2026-02-28 04:00;0,5488
2026-02-28 05:00;0,3221
2026-02-28 06:00;0,4138
2026-02-28 07:00;0,3638
2026-02-28 08:00;0,3554
2026-02-28 09:00;0,6218
2026-02-28 10:00;0,0087
2026-02-28 11:00;0,8088
2026-02-28 12:00;0,8337
2026-02-28 13:00;0,8313
2026-02-28 14:00;0,8289
2026-02-28 15:00;0,8264
2026-02-28 16:00;0,6750
2026-02-28 17:00;0,7348
2026-02-28 18:00;0,5755
2026-02-28 19:00;0,5359
2026-02-28 20:00;0,6741
2026-02-28 21:00;0,7357
2026-02-28 22:00;0,8002
2026-02-28 23:00;0,6053
2026-03-01 00:00;0,6005
2026-03-01 01:00;0,9070
2026-03-01 02:00;0,7160
2026-03-01 03:00;0,7317
2026-03-01 04:00;0,9070
2026-03-01 05:00;0,7390
2026-03-01 06:00;0,6294
2026-03-01 07:00;0,6319
2026-03-01 08:00;0,6826
2026-03-01 09:00;0,9070
2026-03-01 10:00;0,9070
2026-03-01 11:00;0,9070
2026-03-01 12:00;0,9070
2026-03-01 13:00;0,9070
2026-03-01 14:00;0,9070
2026-03-01 15:00;0,9070
2026-03-01 16:00;0,9070
2026-03-01 17:00;0,9070
2026-03-01 18:00;0,9070
2026-03-01 19:00;0,9070
2026-03-01 20:00;0,9070
2026-03-01 21:00;0,8747
2026-03-01 22:00;0,9070
2026-03-01 23:00;0,4715
2026-03-02 00:00;0,9070
2026-03-02 01:00;0,9070
2026-03-02 02:00;0,9070
2026-03-02 03:00;0,9070
2026-03-02 04:00;0,9070
2026-03-02 05:00;0,9070
2026-03-02 06:00;0,9070
2026-03-02 07:00;0,9070
2026-03-02 08:00;0,9070
2026-03-02 09:00;0,9070
2026-03-02 10:00;0,9070
2026-03-02 11:00;0,9070
2026-03-02 12:00;0,9070
2026-03-02 13:00;0,9070
2026-03-02 14:00;0,6209
2026-03-02 15:00;0,3659
2026-03-02 16:00;0,2771
2026-03-02 17:00;0,1804
2026-03-02 18:00;0,3109
2026-03-02 19:00;0,3298
2026-03-02 20:00;0,2417
2026-03-02 21:00;0,2809
2026-03-02 22:00;0,2620
2026-03-02 23:00;0,2634
2026-03-03 00:00;0,7948
2026-03-03 01:00;0,9070
2026-03-03 02:00;0,8207
2026-03-03 03:00;0,8751
2026-03-03 04:00;0,8565
2026-03-03 05:00;0,9070
2026-03-03 06:00;0,8824
2026-03-03 07:00;0,9070
2026-03-03 08:00;0,8873
2026-03-03 09:00;0,7827
2026-03-03 10:00;0,9070
2026-03-03 11:00;0,9070
2026-03-03 12:00;0,9070
2026-03-03 13:00;0,9070
2026-03-03 14:00;0,9070
2026-03-03 15:00;0,9070
2026-03-03 16:00;0,9070
2026-03-03 17:00;0,7643
2026-03-03 18:00;0,4666
2026-03-03 19:00;0,2926
2026-03-03 20:00;0,1418
2026-03-03 21:00;0,1043
2026-03-03 22:00;0,0946
2026-03-03 23:00;0,0795
2026-03-04 00:00;0,8718
2026-03-04 01:00;0,9070
2026-03-04 02:00;0,9070
2026-03-04 03:00;0,9070
2026-03-04 04:00;0,8348
2026-03-04 05:00;0,8678
2026-03-04 06:00;0,7106
2026-03-04 07:00;0,8042
2026-03-04 08:00;0,9070
2026-03-04 09:00;0,8353
2026-03-04 10:00;0,9021
2026-03-04 11:00;0,8144
2026-03-04 12:00;0,8303
2026-03-04 13:00;0,9070
2026-03-04 14:00;0,9070
2026-03-04 15:00;0,9070
2026-03-04 16:00;0,9070
2026-03-04 17:00;0,1845
2026-03-04 18:00;0,1582
2026-03-04 19:00;0,1484
2026-03-04 20:00;0,1037
2026-03-04 21:00;0,0639
2026-03-04 22:00;0,1337
2026-03-04 23:00;0,0663
2026-03-05 00:00;0,3816
2026-03-05 01:00;0,9070
2026-03-05 02:00;0,5395
2026-03-05 03:00;0,5659
2026-03-05 04:00;0,9070
2026-03-05 05:00;0,6811
2026-03-05 06:00;0,4934
2026-03-05 07:00;0,5036
2026-03-05 08:00;0,4950
2026-03-05 09:00;0,8510
2026-03-05 10:00;0,9070
2026-03-05 11:00;0,9070
2026-03-05 12:00;0,9070
2026-03-05 13:00;0,8923
2026-03-05 14:00;0,8654
2026-03-05 15:00;0,8012
2026-03-05 16:00;0,8344
2026-03-05 17:00;0,9070
2026-03-05 18:00;0,9070
2026-03-05 19:00;0,9070
2026-03-05 20:00;0,9070
2026-03-05 21:00;0,9070
2026-03-05 22:00;0,9070
2026-03-05 23:00;0,4348
2026-03-06 00:00;0,9070
2026-03-06 01:00;0,9070
2026-03-06 02:00;0,9070
2026-03-06 03:00;0,8903
2026-03-06 04:00;0,9070
2026-03-06 05:00;0,9070
2026-03-06 06:00;0,8905
2026-03-06 07:00;0,9070
2026-03-06 08:00;0,8773
2026-03-06 09:00;0,9070
2026-03-06 10:00;0,9070
2026-03-06 11:00;0,8414
2026-03-06 12:00;0,8985
2026-03-06 13:00;0,9070
2026-03-06 14:00;0,9070
2026-03-06 15:00;0,9070
2026-03-06 16:00;0,9070
2026-03-06 17:00;0,9070
2026-03-06 18:00;0,7671
2026-03-06 19:00;0,2417
2026-03-06 20:00;0,0996
2026-03-06 21:00;0,0402
2026-03-06 22:00;0,2625
2026-03-06 23:00;0,4919
2026-03-07 00:00;0,9070
2026-03-07 01:00;0,1234
2026-03-07 02:00;0,9070
2026-03-07 03:00;0,9070
2026-03-07 04:00;0,9070
2026-03-07 05:00;0,9070
2026-03-07 06:00;0,9070
2026-03-07 07:00;0,9070
2026-03-07 08:00;0,9070
2026-03-07 09:00;0,9070
2026-03-07 10:00;0,9070
2026-03-07 11:00;0,9070
2026-03-07 12:00;0,9070
2026-03-07 13:00;0,9070
2026-03-07 14:00;0,9070
2026-03-07 15:00;0,9070
2026-03-07 16:00;0,9070
2026-03-07 17:00;0,8914
2026-03-07 18:00;0,5052
2026-03-07 19:00;0,2626
2026-03-07 20:00;0,2748
2026-03-07 21:00;0,2411
2026-03-07 22:00;0,1957
2026-03-07 23:00;0,1580
2026-03-08 00:00;0,1327
2026-03-08 01:00;0,2084
2026-03-08 02:00;0,2712
2026-03-08 03:00;0,3193
2026-03-08 04:00;0,9070
2026-03-08 05:00;0,5176
2026-03-08 06:00;0,7571
2026-03-08 07:00;0,8763
2026-03-08 08:00;0,8701
2026-03-08 09:00;0,8171
2026-03-08 10:00;0,9070
2026-03-08 11:00;0,9070
2026-03-08 12:00;0,9070
2026-03-08 13:00;0,9070
2026-03-08 14:00;0,9070
2026-03-08 15:00;0,8757
2026-03-08 16:00;0,9070
2026-03-08 17:00;0,9070
2026-03-08 18:00;0,7731
2026-03-08 19:00;0,5271
2026-03-08 20:00;0,3141
2026-03-08 21:00;0,1576
2026-03-08 22:00;0,2254
2026-03-08 23:00;0,3320
2026-03-09 00:00;0,3199
2026-03-09 01:00;0,2943
2026-03-09 02:00;0,3144
2026-03-09 03:00;0,3414
2026-03-09 04:00;0,3350
2026-03-09 05:00;0,3297
2026-03-09 06:00;0,3303
2026-03-09 07:00;0,2943
2026-03-09 08:00;0,3025
2026-03-09 09:00;0,4352
2026-03-09 10:00;0,9070
2026-03-09 11:00;0,8420
2026-03-09 12:00;0,9070
2026-03-09 13:00;0,8544
2026-03-09 14:00;0,8044
2026-03-09 15:00;0,8424
2026-03-09 16:00;0,8782
2026-03-09 17:00;0,8706
2026-03-09 18:00;0,8199
2026-03-09 19:00;0,9070
2026-03-09 20:00;0,5038
2026-03-09 21:00;0,5481
2026-03-09 22:00;0,9070
2026-03-09 23:00;0,6250
2026-03-10 00:00;0,7662
2026-03-10 01:00;0,8694
2026-03-10 02:00;0,8778
2026-03-10 03:00;0,8375
2026-03-10 04:00;0,8088
2026-03-10 05:00;0,7771
2026-03-10 06:00;0,8077
2026-03-10 07:00;0,9070
2026-03-10 08:00;0,7370
2026-03-10 09:00;0,7663
2026-03-10 10:00;0,9070
2026-03-10 11:00;0,9070
2026-03-10 12:00;0,9070
2026-03-10 13:00;0,9070
2026-03-10 14:00;0,9070
2026-03-10 15:00;0,9070
2026-03-10 16:00;0,9070
2026-03-10 17:00;0,7439
2026-03-10 18:00;0,4756
2026-03-10 19:00;0,2881
2026-03-10 20:00;0,1173
2026-03-10 21:00;0,0940
2026-03-10 22:00;0,0758
2026-03-10 23:00;0,0585
2026-03-11 00:00;0,7893
2026-03-11 01:00;0,4761
2026-03-11 02:00;0,9070
2026-03-11 03:00;0,9070
2026-03-11 04:00;0,5140
2026-03-11 05:00;0,7866
2026-03-11 06:00;0,8119
2026-03-11 07:00;0,9070
2026-03-11 08:00;0,8404
2026-03-11 09:00;0,5826
2026-03-11 10:00;0,1282
2026-03-11 11:00;0,4405
2026-03-11 12:00;0,5737
2026-03-11 13:00;0,1475
2026-03-11 14:00;0,8804
2026-03-11 15:00;0,9070
2026-03-11 16:00;0,9070
2026-03-11 17:00;0,8562
2026-03-11 18:00;0,3025
2026-03-11 19:00;0,9070
2026-03-11 20:00;0,7666
2026-03-11 21:00;0,7061
2026-03-11 22:00;0,8966
2026-03-11 23:00;0,9070
2026-03-12 00:00;0,0429
2026-03-12 01:00;0,0865
2026-03-12 02:00;0,1382
2026-03-12 03:00;0,1889
2026-03-12 04:00;0,2320
2026-03-12 05:00;0,2838
2026-03-12 06:00;0,2533
2026-03-12 07:00;0,3043
2026-03-12 08:00;0,3629
2026-03-12 09:00;0,4159
2026-03-12 10:00;0,9070
2026-03-12 11:00;0,5661
2026-03-12 12:00;0,8953
2026-03-12 13:00;0,9070
2026-03-12 14:00;0,8856
2026-03-12 15:00;0,8969
2026-03-12 16:00;0,9070
2026-03-12 17:00;0,8829
2026-03-12 18:00;0,9070
2026-03-12 19:00;0,9070
2026-03-12 20:00;0,7144
2026-03-12 21:00;0,5718
2026-03-12 22:00;0,9070
2026-03-12 23:00;0,6493
2026-03-13 00:00;0,9070
2026-03-13 01:00;0,8829
2026-03-13 02:00;0,9070
2026-03-13 03:00;0,8670
2026-03-13 04:00;0,9070
2026-03-13 05:00;0,8549
2026-03-13 06:00;0,8378
2026-03-13 07:00;0,9070
2026-03-13 08:00;0,9070
2026-03-13 09:00;0,9070
2026-03-13 10:00;0,9070
2026-03-13 11:00;0,9070
2026-03-13 12:00;0,9070
2026-03-13 13:00;0,9070
2026-03-13 14:00;0,9070
2026-03-13 15:00;0,9070
2026-03-13 16:00;0,9070
2026-03-13 17:00;0,9070
2026-03-13 18:00;0,7853
2026-03-13 19:00;0,2211
2026-03-13 20:00;0,0889
2026-03-13 21:00;0,0321
2026-03-13 22:00;0,2724
2026-03-13 23:00;0,4709
2026-03-14 00:00;0,2486
2026-03-14 01:00;0,2929
2026-03-14 02:00;0,3379
2026-03-14 03:00;0,4828
2026-03-14 04:00;0,9070
2026-03-14 05:00;0,6013
2026-03-14 06:00;0,8606
2026-03-14 07:00;0,9070
2026-03-14 08:00;0,9070
2026-03-14 09:00;0,8652
2026-03-14 10:00;0,9070
2026-03-14 11:00;0,9070
2026-03-14 12:00;0,9070
2026-03-14 13:00;0,9070
2026-03-14 14:00;0,9070
2026-03-14 15:00;0,9070
2026-03-14 16:00;0,8521
2026-03-14 17:00;0,3753
2026-03-14 18:00;0,0588
2026-03-14 19:00;0,1444
2026-03-14 20:00;0,2321
2026-03-14 21:00;0,5062
2026-03-14 22:00;0,9070
2026-03-14 23:00;0,9070
2026-03-15 00:00;0,5625
2026-03-15 01:00;0,7566
2026-03-15 02:00;0,5544
2026-03-15 03:00;0,5954
2026-03-15 04:00;0,7772
2026-03-15 05:00;0,6522
2026-03-15 06:00;0,6965
2026-03-15 07:00;0,9070
2026-03-15 08:00;0,7540
2026-03-15 09:00;0,9070
2026-03-15 10:00;0,9070
2026-03-15 11:00;0,9070
2026-03-15 12:00;0,9070
2026-03-15 13:00;0,9070
2026-03-15 14:00;0,9070
2026-03-15 15:00;0,9070
2026-03-15 16:00;0,8401
2026-03-15 17:00;0,5390
2026-03-15 18:00;0,0821
2026-03-15 19:00;0,0714
2026-03-15 20:00;0,0534
2026-03-15 21:00;0,1565
2026-03-15 22:00;0,6007
2026-03-15 23:00;0,5247
2026-03-16 00:00;0,1395
2026-03-16 01:00;0,0795
2026-03-16 02:00;0,0193
2026-03-16 03:00;0,4002
2026-03-16 04:00;0,8711
2026-03-16 05:00;0,6446
2026-03-16 06:00;0,5744
2026-03-16 07:00;0,0717
2026-03-16 08:00;0,2843
2026-03-16 09:00;0,4929
2026-03-16 10:00;0,7590
2026-03-16 11:00;0,8450
2026-03-16 12:00;0,9064
2026-03-16 13:00;0,9070
2026-03-16 14:00;0,9070
2026-03-16 15:00;0,9070
2026-03-16 16:00;0,9070
2026-03-16 17:00;0,9070
2026-03-16 18:00;0,8743
2026-03-16 19:00;0,9070
2026-03-16 20:00;0,7943
2026-03-16 21:00;0,5930
2026-03-16 22:00;0,9070
2026-03-16 23:00;0,2703
2026-03-17 00:00;0,2551
2026-03-17 01:00;0,2153
2026-03-17 02:00;0,1578
2026-03-17 03:00;0,1971
2026-03-17 04:00;0,3350
2026-03-17 05:00;0,4630
2026-03-17 06:00;0,5473
2026-03-17 07:00;0,9070
2026-03-17 08:00;0,9070
2026-03-17 09:00;0,9070
2026-03-17 10:00;0,9070
2026-03-17 11:00;0,9070
2026-03-17 12:00;0,8879
2026-03-17 13:00;0,9070
2026-03-17 14:00;0,9070
2026-03-17 15:00;0,9070
2026-03-17 16:00;0,9070
2026-03-17 17:00;0,9070
2026-03-17 18:00;0,8125
2026-03-17 19:00;0,9070
2026-03-17 20:00;0,8527
2026-03-17 21:00;0,8917
2026-03-17 22:00;0,9070
2026-03-17 23:00;0,9070
2026-03-18 00:00;0,6569
2026-03-18 01:00;0,9070
2026-03-18 02:00;0,9070
2026-03-18 03:00;0,7496
2026-03-18 04:00;0,9070
2026-03-18 05:00;0,2835
2026-03-18 06:00;0,2782
2026-03-18 07:00;0,2042
2026-03-18 08:00;0,1652
2026-03-18 09:00;0,2083
2026-03-18 10:00;0,8766
2026-03-18 11:00;0,8692
2026-03-18 12:00;0,8763
2026-03-18 13:00;0,8192
2026-03-18 14:00;0,7737
2026-03-18 15:00;0,8147
2026-03-18 16:00;0,8745
2026-03-18 17:00;0,9070
2026-03-18 18:00;0,8756
2026-03-18 19:00;0,4676
2026-03-18 20:00;0,3107
2026-03-18 21:00;0,1985
2026-03-18 22:00;0,1259
2026-03-18 23:00;0,0589
2026-03-19 00:00;0,1347
2026-03-19 01:00;0,2112
2026-03-19 02:00;0,2789
2026-03-19 03:00;0,3655
2026-03-19 04:00;0,9070
2026-03-19 05:00;0,5155
2026-03-19 06:00;0,7634
2026-03-19 07:00;0,9070
2026-03-19 08:00;0,8271
2026-03-19 09:00;0,7143
2026-03-19 10:00;0,7991
2026-03-19 11:00;0,7253
2026-03-19 12:00;0,9027
2026-03-19 13:00;0,9070
2026-03-19 14:00;0,9070
2026-03-19 15:00;0,7683
2026-03-19 16:00;0,7865
2026-03-19 17:00;0,7162
2026-03-19 18:00;0,6213
2026-03-19 19:00;0,5037
2026-03-19 20:00;0,2970
2026-03-19 21:00;0,1448
2026-03-19 22:00;0,2033
2026-03-19 23:00;0,2710
2026-03-20 00:00;0,4164
2026-03-20 01:00;0,9070
2026-03-20 02:00;0,4741
2026-03-20 03:00;0,4397
2026-03-20 04:00;0,8827
2026-03-20 05:00;0,5593
2026-03-20 06:00;0,4354
2026-03-20 07:00;0,4605
2026-03-20 08:00;0,4641
2026-03-20 09:00;0,7818
2026-03-20 10:00;0,9070
2026-03-20 11:00;0,9070
2026-03-20 12:00;0,9042
2026-03-20 13:00;0,9070
2026-03-20 14:00;0,9070
2026-03-20 15:00;0,9070
2026-03-20 16:00;0,8807
2026-03-20 17:00;0,9070
2026-03-20 18:00;0,9070
2026-03-20 19:00;0,9070
2026-03-20 20:00;0,9070
2026-03-20 21:00;0,9070
2026-03-20 22:00;0,9070
2026-03-20 23:00;0,4272
2026-03-21 00:00;0,4441
2026-03-21 01:00;0,9070
2026-03-21 02:00;0,8239
2026-03-21 03:00;0,7617
2026-03-21 04:00;0,9070
2026-03-21 05:00;0,9070
2026-03-21 06:00;0,9070
2026-03-21 07:00;0,9070
2026-03-21 08:00;0,9070
2026-03-21 09:00;0,9070
2026-03-21 10:00;0,9070
2026-03-21 11:00;0,9070
2026-03-21 12:00;0,9070
2026-03-21 13:00;0,9070
2026-03-21 14:00;0,8839
2026-03-21 15:00;0,9070
2026-03-21 16:00;0,9070
2026-03-21 17:00;0,7547
2026-03-21 18:00;0,4221
2026-03-21 19:00;0,3472
2026-03-21 20:00;0,2697
2026-03-21 21:00;0,3373
2026-03-21 22:00;0,9070
2026-03-21 23:00;0,4834
2026-03-22 00:00;0,0986
2026-03-22 01:00;0,0733
2026-03-22 02:00;0,0432
2026-03-22 03:00;0,0184
2026-03-22 04:00;0,1427
2026-03-22 05:00;0,2533
2026-03-22 06:00;0,4985
2026-03-22 07:00;0,9070
2026-03-22 08:00;0,9070
2026-03-22 09:00;0,9070
2026-03-22 10:00;0,8778
2026-03-22 11:00;0,9070
2026-03-22 12:00;0,9070
2026-03-22 13:00;0,8666
2026-03-22 14:00;0,9070
2026-03-22 15:00;0,9070
2026-03-22 16:00;0,9070
2026-03-22 17:00;0,8798
2026-03-22 18:00;0,9070
2026-03-22 19:00;0,9070
2026-03-22 20:00;0,9070
2026-03-22 21:00;0,9070
2026-03-22 22:00;0,9070
2026-03-22 23:00;0,9070
2026-03-23 00:00;0,4217
2026-03-23 01:00;0,9070
2026-03-23 02:00;0,7147
2026-03-23 03:00;0,7975
2026-03-23 04:00;0,9043
2026-03-23 05:00;0,7964
2026-03-23 06:00;0,9070
2026-03-23 07:00;0,8939
2026-03-23 08:00;0,9070
2026-03-23 09:00;0,9070
2026-03-23 10:00;0,9070
2026-03-23 11:00;0,9070
2026-03-23 12:00;0,9070
2026-03-23 13:00;0,9070
2026-03-23 14:00;0,8695
2026-03-23 15:00;0,8532
2026-03-23 16:00;0,8133
2026-03-23 17:00;0,6140
2026-03-23 18:00;0,3308
2026-03-23 19:00;0,2977
2026-03-23 20:00;0,2455
2026-03-23 21:00;0,3326
2026-03-23 22:00;0,9070
2026-03-23 23:00;0,5389
2026-03-24 00:00;0,1791
2026-03-24 01:00;0,2345
2026-03-24 02:00;0,3278
2026-03-24 03:00;0,4524
2026-03-24 04:00;0,4866
2026-03-24 05:00;0,3693
2026-03-24 06:00;0,3827
2026-03-24 07:00;0,8854
2026-03-24 08:00;0,7144
2026-03-24 09:00;0,9070
2026-03-24 10:00;0,8408
2026-03-24 11:00;0,9070
2026-03-24 12:00;0,9070
2026-03-24 13:00;0,9070
2026-03-24 14:00;0,9070
2026-03-24 15:00;0,9070
2026-03-24 16:00;0,8529
2026-03-24 17:00;0,6220
2026-03-24 18:00;0,1016
2026-03-24 19:00;0,1408
2026-03-24 20:00;0,1737
2026-03-24 21:00;0,4157
2026-03-24 22:00;0,9070
2026-03-24 23:00;0,8133
2026-03-25 00:00;0,2700
2026-03-25 01:00;0,3647
2026-03-25 02:00;0,4536
2026-03-25 03:00;0,5454
2026-03-25 04:00;0,9070
2026-03-25 05:00;0,5362
2026-03-25 06:00;0,8079
2026-03-25 07:00;0,9070
2026-03-25 08:00;0,9070
2026-03-25 09:00;0,8819
2026-03-25 10:00;0,8608
2026-03-25 11:00;0,9070
2026-03-25 12:00;0,9070
2026-03-25 13:00;0,9070
2026-03-25 14:00;0,9070
2026-03-25 15:00;0,9070
2026-03-25 16:00;0,9070
2026-03-25 17:00;0,4612
2026-03-25 18:00;0,0772
2026-03-25 19:00;0,1856
2026-03-25 20:00;0,2981
2026-03-25 21:00;0,5934
2026-03-25 22:00;0,9070
2026-03-25 23:00;0,9070
2026-03-26 00:00;0,9070
2026-03-26 01:00;0,9070
2026-03-26 02:00;0,9070
2026-03-26 03:00;0,8923
2026-03-26 04:00;0,9070
2026-03-26 05:00;0,9070
2026-03-26 06:00;0,9070
2026-03-26 07:00;0,9070
2026-03-26 08:00;0,9070
2026-03-26 09:00;0,8532
2026-03-26 10:00;0,9070
2026-03-26 11:00;0,7646
2026-03-26 12:00;0,6930
2026-03-26 13:00;0,1420
2026-03-26 14:00;0,9070
2026-03-26 15:00;0,8431
2026-03-26 16:00;0,1397
2026-03-26 17:00;0,5147
2026-03-26 18:00;0,2766
2026-03-26 19:00;0,9070
2026-03-26 20:00;0,4888
2026-03-26 21:00;0,5767
2026-03-26 22:00;0,9070
2026-03-26 23:00;0,6896
2026-03-27 00:00;0,5942
2026-03-27 01:00;0,9070
2026-03-27 02:00;0,5531
2026-03-27 03:00;0,5514
2026-03-27 04:00;0,9070
2026-03-27 05:00;0,3384
2026-03-27 06:00;0,1942
2026-03-27 07:00;0,1787
2026-03-27 08:00;0,1361
2026-03-27 09:00;0,1830
2026-03-27 10:00;0,9070
2026-03-27 11:00;0,9070
2026-03-27 12:00;0,9070
2026-03-27 13:00;0,9070
2026-03-27 14:00;0,9070
2026-03-27 15:00;0,9070
2026-03-27 16:00;0,9070
2026-03-27 17:00;0,9070
2026-03-27 18:00;0,9070
2026-03-27 19:00;0,9070
2026-03-27 20:00;0,5748
2026-03-27 21:00;0,6086
2026-03-27 22:00;0,9070
2026-03-27 23:00;0,6128
2026-03-28 00:00;0,1760
2026-03-28 01:00;0,8983
2026-03-28 02:00;0,4046
2026-03-28 03:00;0,5284
2026-03-28 04:00;0,9070
2026-03-28 05:00;0,8505
2026-03-28 06:00;0,8716
2026-03-28 07:00;0,9070
2026-03-28 08:00;0,9070
2026-03-28 09:00;0,9070
2026-03-28 10:00;0,7913
2026-03-28 11:00;0,8230
2026-03-28 12:00;0,7672
2026-03-28 13:00;0,8098
2026-03-28 14:00;0,9047
2026-03-28 15:00;0,9070
2026-03-28 16:00;0,9070
2026-03-28 17:00;0,7527
2026-03-28 18:00;0,1266
2026-03-28 19:00;0,0789
2026-03-28 20:00;0,0462
2026-03-28 21:00;0,1267
2026-03-28 22:00;0,1736
2026-03-28 23:00;0,2173
2026-03-29 00:00;0,5286
2026-03-29 01:00;0,9070
2026-03-29 02:00;0,7822
2026-03-29 03:00;0,8311
2026-03-29 04:00;0,9070
2026-03-29 05:00;0,9070
2026-03-29 06:00;0,9070
2026-03-29 07:00;0,9070
2026-03-29 08:00;0,9070
2026-03-29 09:00;0,9070
2026-03-29 10:00;0,8762
2026-03-29 11:00;0,9070
2026-03-29 12:00;0,9070
2026-03-29 13:00;0,9070
2026-03-29 14:00;0,9070
2026-03-29 15:00;0,9070
2026-03-29 16:00;0,9070
2026-03-29 17:00;0,9070
2026-03-29 18:00;0,4490
2026-03-29 19:00;0,3119
2026-03-29 20:00;0,1544
2026-03-29 21:00;0,2628
2026-03-29 22:00;0,2395
2026-03-29 23:00;0,2260
2026-03-30 00:00;0,1855
2026-03-30 01:00;0,9070
2026-03-30 02:00;0,4492
2026-03-30 03:00;0,6085
2026-03-30 04:00;0,9070
2026-03-30 05:00;0,8537
2026-03-30 06:00;0,8250
2026-03-30 07:00;0,9064
2026-03-30 08:00;0,9070
2026-03-30 09:00;0,8783
2026-03-30 10:00;0,7956
2026-03-30 11:00;0,9070
2026-03-30 12:00;0,8978
2026-03-30 13:00;0,9070
2026-03-30 14:00;0,9070
2026-03-30 15:00;0,9070
2026-03-30 16:00;0,9070
2026-03-30 17:00;0,9070
2026-03-30 18:00;0,1389
2026-03-30 19:00;0,1029
2026-03-30 20:00;0,0610
2026-03-30 21:00;0,1336
2026-03-30 22:00;0,1837
2026-03-30 23:00;0,2249
2026-03-31 00:00;0,8965
2026-03-31 01:00;0,9070
2026-03-31 02:00;0,9070
2026-03-31 03:00;0,9070
2026-03-31 04:00;0,9070
2026-03-31 05:00;0,9070
2026-03-31 06:00;0,9070
2026-03-31 07:00;0,9070
2026-03-31 08:00;0,9070
2026-03-31 09:00;0,8537
2026-03-31 10:00;0,9070
2026-03-31 11:00;0,9070
2026-03-31 12:00;0,9070
2026-03-31 13:00;0,9070
2026-03-31 14:00;0,9070
2026-03-31 15:00;0,9070
2026-03-31 16:00;0,9070
2026-03-31 17:00;0,8433
2026-03-31 18:00;0,5719
2026-03-31 19:00;0,3499
2026-03-31 20:00;0,1719
2026-03-31 21:00;0,1183
2026-03-31 22:00;0,1077
2026-03-31 23:00;0,0849
2026-04-01 00:00;0,0855
2026-04-01 01:00;0,0993
2026-04-01 02:00;0,1178
2026-04-01 03:00;0,1250
2026-04-01 04:00;0,1152
2026-04-01 05:00;0,0948
2026-04-01 06:00;0,1450
2026-04-01 07:00;0,9070
2026-04-01 08:00;0,8288
2026-04-01 09:00;0,9070
2026-04-01 10:00;0,9070
2026-04-01 11:00;0,8952
2026-04-01 12:00;0,8620
2026-04-01 13:00;0,7877
2026-04-01 14:00;0,8430
2026-04-01 15:00;0,8497
2026-04-01 16:00;0,9070
2026-04-01 17:00;0,7002
2026-04-01 18:00;0,5986
2026-04-01 19:00;0,9070
2026-04-01 20:00;0,2542
2026-04-01 21:00;0,5379
2026-04-01 22:00;0,3159
2026-04-01 23:00;0,1431
2026-04-02 00:00;0,5288
2026-04-02 01:00;0,9070
2026-04-02 02:00;0,4260
2026-04-02 03:00;0,4739
2026-04-02 04:00;0,9070
2026-04-02 05:00;0,9070
2026-04-02 06:00;0,9070
2026-04-02 07:00;0,9070
2026-04-02 08:00;0,9070
2026-04-02 09:00;0,9070
2026-04-02 10:00;0,9070
2026-04-02 11:00;0,9070
2026-04-02 12:00;0,8967
2026-04-02 13:00;0,9070
2026-04-02 14:00;0,1941
2026-04-02 15:00;0,0109
2026-04-02 16:00;0,1694
2026-04-02 17:00;0,3263
2026-04-02 18:00;0,7831
2026-04-02 19:00;0,9070
2026-04-02 20:00;0,2032
2026-04-02 21:00;0,1107
2026-04-02 22:00;0,2971
2026-04-02 23:00;0,5289
2026-04-03 00:00;0,8032
2026-04-03 01:00;0,9070
2026-04-03 02:00;0,7800
2026-04-03 03:00;0,7331
2026-04-03 04:00;0,9070
2026-04-03 05:00;0,7829
2026-04-03 06:00;0,8320
2026-04-03 07:00;0,9070
2026-04-03 08:00;0,9070
2026-04-03 09:00;0,9070
2026-04-03 10:00;0,9070
2026-04-03 11:00;0,9070
2026-04-03 12:00;0,9070
2026-04-03 13:00;0,9070
2026-04-03 14:00;0,9070
2026-04-03 15:00;0,8260
2026-04-03 16:00;0,9070
2026-04-03 17:00;0,2357
2026-04-03 18:00;0,0000
2026-04-03 19:00;0,2199
2026-04-03 20:00;0,4491
2026-04-03 21:00;0,5782
2026-04-03 22:00;0,3055
2026-04-03 23:00;0,0925
2026-04-04 00:00;0,4127
2026-04-04 01:00;0,9070
2026-04-04 02:00;0,3785
2026-04-04 03:00;0,3485
2026-04-04 04:00;0,9070
2026-04-04 05:00;0,3702
2026-04-04 06:00;0,3459
2026-04-04 07:00;0,8545
2026-04-04 08:00;0,7770
2026-04-04 09:00;0,7524
2026-04-04 10:00;0,9070
2026-04-04 11:00;0,8295
2026-04-04 12:00;0,8694
2026-04-04 13:00;0,9053
2026-04-04 14:00;0,9070
2026-04-04 15:00;0,9070
2026-04-04 16:00;0,9070
2026-04-04 17:00;0,7440
2026-04-04 18:00;0,4104
2026-04-04 19:00;0,2295
2026-04-04 20:00;0,0860
2026-04-04 21:00;0,0885
2026-04-04 22:00;0,1085
2026-04-04 23:00;0,1355
2026-04-05 00:00;0,5385
2026-04-05 01:00;0,8817
2026-04-05 02:00;0,6080
2026-04-05 03:00;0,5789
2026-04-05 04:00;0,9070
2026-04-05 05:00;0,5875
2026-04-05 06:00;0,5709
2026-04-05 07:00;0,4766
2026-04-05 08:00;0,2849
2026-04-05 09:00;0,6884
2026-04-05 10:00;0,9070
2026-04-05 11:00;0,7636
2026-04-05 12:00;0,8775
2026-04-05 13:00;0,9070
2026-04-05 14:00;0,9070
2026-04-05 15:00;0,9070
2026-04-05 16:00;0,9070
2026-04-05 17:00;0,9047
2026-04-05 18:00;0,6904
2026-04-05 19:00;0,8692
2026-04-05 20:00;0,1789
2026-04-05 21:00;0,1764
2026-04-05 22:00;0,2174
2026-04-05 23:00;0,2644
2026-04-06 00:00;0,1004
2026-04-06 01:00;0,1472
2026-04-06 02:00;0,0664
2026-04-06 03:00;0,0640
2026-04-06 04:00;0,0685
2026-04-06 05:00;0,0744
2026-04-06 06:00;0,0476
2026-04-06 07:00;0,0411
2026-04-06 08:00;0,9070
2026-04-06 09:00;0,9070
2026-04-06 10:00;0,9070
2026-04-06 11:00;0,2202
2026-04-06 12:00;0,6018
2026-04-06 13:00;0,9070
2026-04-06 14:00;0,9070
2026-04-06 15:00;0,9070
2026-04-06 16:00;0,9070
2026-04-06 17:00;0,9070
2026-04-06 18:00;0,9070
2026-04-06 19:00;0,9070
2026-04-06 20:00;0,9070
2026-04-06 21:00;0,9070
2026-04-06 22:00;0,9070
2026-04-06 23:00;0,9070
2026-04-07 00:00;0,9070
2026-04-07 01:00;0,9070
2026-04-07 02:00;0,9070
2026-04-07 03:00;0,9070
2026-04-07 04:00;0,9003
2026-04-07 05:00;0,9070
2026-04-07 06:00;0,9070
2026-04-07 07:00;0,8947
2026-04-07 08:00;0,8286
2026-04-07 09:00;0,8231
2026-04-07 10:00;0,8025
2026-04-07 11:00;0,7213
2026-04-07 12:00;0,5143
2026-04-07 13:00;0,9070
2026-04-07 14:00;0,1986
2026-04-07 15:00;0,1381
2026-04-07 16:00;0,1177
2026-04-07 17:00;0,1086
2026-04-07 18:00;0,1094
2026-04-07 19:00;0,2981
2026-04-07 20:00;0,4281
2026-04-07 21:00;0,5206
2026-04-07 22:00;0,9070
2026-04-07 23:00;0,6401
2026-04-08 00:00;0,1033
2026-04-08 01:00;0,1470
2026-04-08 02:00;0,1127
2026-04-08 03:00;0,1153
2026-04-08 04:00;0,0937
2026-04-08 05:00;0,0738
2026-04-08 06:00;0,1083
2026-04-08 07:00;0,1443
2026-04-08 08:00;0,0423
2026-04-08 09:00;0,2658
2026-04-08 10:00;0,1534
2026-04-08 11:00;0,9070
2026-04-08 12:00;0,9070
2026-04-08 13:00;0,1482
2026-04-08 14:00;0,9070
2026-04-08 15:00;0,9070
2026-04-08 16:00;0,8822
2026-04-08 17:00;0,9070
2026-04-08 18:00;0,9070
2026-04-08 19:00;0,9070
2026-04-08 20:00;0,9070
2026-04-08 21:00;0,9070
2026-04-08 22:00;0,8810
2026-04-08 23:00;0,9070
2026-04-09 00:00;0,1312
2026-04-09 01:00;0,1626
2026-04-09 02:00;0,1935
2026-04-09 03:00;0,2675
2026-04-09 04:00;0,3137
2026-04-09 05:00;0,3625
2026-04-09 06:00;0,3395
2026-04-09 07:00;0,4014
2026-04-09 08:00;0,3551
2026-04-09 09:00;0,4090
2026-04-09 10:00;0,7992
2026-04-09 11:00;0,7528
2026-04-09 12:00;0,7082
2026-04-09 13:00;0,8973
2026-04-09 14:00;0,8762
2026-04-09 15:00;0,8991
2026-04-09 16:00;0,9070
2026-04-09 17:00;0,9070
2026-04-09 18:00;0,8979
2026-04-09 19:00;0,8209
2026-04-09 20:00;0,9070
2026-04-09 21:00;0,8207
2026-04-09 22:00;0,8661
2026-04-09 23:00;0,6868
2026-04-10 00:00;0,9067
2026-04-10 01:00;0,9070
2026-04-10 02:00;0,8494
2026-04-10 03:00;0,8071
2026-04-10 04:00;0,8148
2026-04-10 05:00;0,8304
2026-04-10 06:00;0,9070
2026-04-10 07:00;0,9070
2026-04-10 08:00;0,9070
2026-04-10 09:00;0,8889
2026-04-10 10:00;0,9070
2026-04-10 11:00;0,8553
2026-04-10 12:00;0,6298
2026-04-10 13:00;0,9070
2026-04-10 14:00;0,1775
2026-04-10 15:00;0,1236
2026-04-10 16:00;0,1148
2026-04-10 17:00;0,0860
2026-04-10 18:00;0,0979
2026-04-10 19:00;0,2765
2026-04-10 20:00;0,4833
2026-04-10 21:00;0,5959
2026-04-10 22:00;0,9070
2026-04-10 23:00;0,5655
2026-04-11 00:00;0,1770
2026-04-11 01:00;0,1049
2026-04-11 02:00;0,0416
2026-04-11 03:00;0,0203
2026-04-11 04:00;0,8616
2026-04-11 05:00;0,0177
2026-04-11 06:00;0,1370
2026-04-11 07:00;0,3759
2026-04-11 08:00;0,9020
2026-04-11 09:00;0,9070
2026-04-11 10:00;0,9070
2026-04-11 11:00;0,9070
2026-04-11 12:00;0,9070
2026-04-11 13:00;0,9050
2026-04-11 14:00;0,8614
2026-04-11 15:00;0,9070
2026-04-11 16:00;0,9070
2026-04-11 17:00;0,9070
2026-04-11 18:00;0,9070
2026-04-11 19:00;0,8684
2026-04-11 20:00;0,4681
2026-04-11 21:00;0,3502
2026-04-11 22:00;0,2483
2026-04-11 23:00;0,1687
2026-04-12 00:00;0,1909
2026-04-12 01:00;0,2626
2026-04-12 02:00;0,3313
2026-04-12 03:00;0,1822
2026-04-12 04:00;0,8521
2026-04-12 05:00;0,4868
2026-04-12 06:00;0,8471
2026-04-12 07:00;0,8914
2026-04-12 08:00;0,7847
2026-04-12 09:00;0,5436
2026-04-12 10:00;0,9070
2026-04-12 11:00;0,9070
2026-04-12 12:00;0,9070
2026-04-12 13:00;0,9070
2026-04-12 14:00;0,9070
2026-04-12 15:00;0,8417
2026-04-12 16:00;0,8447
2026-04-12 17:00;0,8562
2026-04-12 18:00;0,7498
2026-04-12 19:00;0,5692
2026-04-12 20:00;0,3763
2026-04-12 21:00;0,2271
2026-04-12 22:00;0,1788
2026-04-12 23:00;0,1013
2026-04-13 00:00;0,8058
2026-04-13 01:00;0,9070
2026-04-13 02:00;0,7920
2026-04-13 03:00;0,8544
2026-04-13 04:00;0,9070
2026-04-13 05:00;0,7183
2026-04-13 06:00;0,8148
2026-04-13 07:00;0,9070
2026-04-13 08:00;0,9070
2026-04-13 09:00;0,9070
2026-04-13 10:00;0,9070
2026-04-13 11:00;0,9009
2026-04-13 12:00;0,8390
2026-04-13 13:00;0,8099
2026-04-13 14:00;0,7839
2026-04-13 15:00;0,7063
2026-04-13 16:00;0,8142
2026-04-13 17:00;0,1999
2026-04-13 18:00;0,0000
2026-04-13 19:00;0,2015
2026-04-13 20:00;0,3723
2026-04-13 21:00;0,4909
2026-04-13 22:00;0,2667
2026-04-13 23:00;0,0785
2026-04-14 00:00;0,3223
2026-04-14 01:00;0,2146
2026-04-14 02:00;0,0688
2026-04-14 03:00;0,8307
2026-04-14 04:00;0,9070
2026-04-14 05:00;0,3743
2026-04-14 06:00;0,3337
2026-04-14 07:00;0,3613
2026-04-14 08:00;0,3334
2026-04-14 09:00;0,2844
2026-04-14 10:00;0,9070
2026-04-14 11:00;0,6682
2026-04-14 12:00;0,9070
2026-04-14 13:00;0,9070
2026-04-14 14:00;0,9070
2026-04-14 15:00;0,9070
2026-04-14 16:00;0,9070
2026-04-14 17:00;0,9070
2026-04-14 18:00;0,9070
2026-04-14 19:00;0,9070
2026-04-14 20:00;0,8101
2026-04-14 21:00;0,6518
2026-04-14 22:00;0,5237
2026-04-14 23:00;0,5624
2026-04-15 00:00;0,1379
2026-04-15 01:00;0,1491
2026-04-15 02:00;0,1426
2026-04-15 03:00;0,1859
2026-04-15 04:00;0,9070
2026-04-15 05:00;0,6582
2026-04-15 06:00;0,6192
2026-04-15 07:00;0,3856
2026-04-15 08:00;0,5040
2026-04-15 09:00;0,5390
2026-04-15 10:00;0,8236
2026-04-15 11:00;0,9070
2026-04-15 12:00;0,9070
2026-04-15 13:00;0,9070
2026-04-15 14:00;0,9070
2026-04-15 15:00;0,9070
2026-04-15 16:00;0,9070
2026-04-15 17:00;0,9070
2026-04-15 18:00;0,8869
2026-04-15 19:00;0,2146
2026-04-15 20:00;0,1084
2026-04-15 21:00;0,1002
2026-04-15 22:00;0,1544
2026-04-15 23:00;0,3143
2026-04-16 00:00;0,4164
2026-04-16 01:00;0,5173
2026-04-16 02:00;0,0169
2026-04-16 03:00;0,0346
2026-04-16 04:00;0,0863
2026-04-16 05:00;0,1263
2026-04-16 06:00;0,1180
2026-04-16 07:00;0,4481
2026-04-16 08:00;0,5455
2026-04-16 09:00;0,5795
2026-04-16 10:00;0,9070
2026-04-16 11:00;0,8852
2026-04-16 12:00;0,8953
2026-04-16 13:00;0,4395
2026-04-16 14:00;0,9070
2026-04-16 15:00;0,9070
2026-04-16 16:00;0,9070
2026-04-16 17:00;0,9070
2026-04-16 18:00;0,7276
2026-04-16 19:00;0,9070
2026-04-16 20:00;0,0405
2026-04-16 21:00;0,0176
2026-04-16 22:00;0,1402
2026-04-16 23:00;0,2733
2026-04-17 00:00;0,4443
2026-04-17 01:00;0,1610
2026-04-17 02:00;0,7123
2026-04-17 03:00;0,7231
2026-04-17 04:00;0,5926
2026-04-17 05:00;0,9070
2026-04-17 06:00;0,7460
2026-04-17 07:00;0,9070
2026-04-17 08:00;0,8326
2026-04-17 09:00;0,5234
2026-04-17 10:00;0,8603
2026-04-17 11:00;0,6721
2026-04-17 12:00;0,6939
2026-04-17 13:00;0,9070
2026-04-17 14:00;0,8990
2026-04-17 15:00;0,7700
2026-04-17 16:00;0,8818
2026-04-17 17:00;0,2414
2026-04-17 18:00;0,0626
2026-04-17 19:00;0,0598
2026-04-17 20:00;0,0599
2026-04-17 21:00;0,1617
2026-04-17 22:00;0,7885
2026-04-17 23:00;0,4695
2026-04-18 00:00;0,0428
2026-04-18 01:00;0,0336
2026-04-18 02:00;0,0208
2026-04-18 03:00;0,0182
2026-04-18 04:00;0,9033
2026-04-18 05:00;0,0189
2026-04-18 06:00;0,2446
2026-04-18 07:00;0,1520
2026-04-18 08:00;0,0493
2026-04-18 09:00;0,3582
2026-04-18 10:00;0,8942
2026-04-18 11:00;0,9070
2026-04-18 12:00;0,9070
2026-04-18 13:00;0,8172
2026-04-18 14:00;0,9070
2026-04-18 15:00;0,9070
2026-04-18 16:00;0,9070
2026-04-18 17:00;0,9070
2026-04-18 18:00;0,9070
2026-04-18 19:00;0,9070
2026-04-18 20:00;0,9070
2026-04-18 21:00;0,7996
2026-04-18 22:00;0,8536
2026-04-18 23:00;0,7038
2026-04-19 00:00;0,9070
2026-04-19 01:00;0,1478
2026-04-19 02:00;0,9070
2026-04-19 03:00;0,9070
2026-04-19 04:00;0,4712
2026-04-19 05:00;0,9070
2026-04-19 06:00;0,9065
2026-04-19 07:00;0,8083
2026-04-19 08:00;0,9070
2026-04-19 09:00;0,9070
2026-04-19 10:00;0,1432
2026-04-19 11:00;0,9070
2026-04-19 12:00;0,9070
2026-04-19 13:00;0,5133
2026-04-19 14:00;0,9070
2026-04-19 15:00;0,9070
2026-04-19 16:00;0,1335
2026-04-19 17:00;0,1623
2026-04-19 18:00;0,1771
2026-04-19 19:00;0,1853
2026-04-19 20:00;0,2166
2026-04-19 21:00;0,3882
2026-04-19 22:00;0,5314
2026-04-19 23:00;0,8798
2026-04-20 00:00;0,2643
2026-04-20 01:00;0,2447
2026-04-20 02:00;0,2287
2026-04-20 03:00;0,2464
2026-04-20 04:00;0,2709
2026-04-20 05:00;0,2507
2026-04-20 06:00;0,3238
2026-04-20 07:00;0,9070
2026-04-20 08:00;0,5806
2026-04-20 09:00;0,5496
2026-04-20 10:00;0,8469
2026-04-20 11:00;0,9070
2026-04-20 12:00;0,8938
2026-04-20 13:00;0,9070
2026-04-20 14:00;0,9070
2026-04-20 15:00;0,9070
2026-04-20 16:00;0,8726
2026-04-20 17:00;0,8389
2026-04-20 18:00;0,9070
2026-04-20 19:00;0,9070
2026-04-20 20:00;0,9070
2026-04-20 21:00;0,8758
2026-04-20 22:00;0,9070
2026-04-20 23:00;0,3064
2026-04-21 00:00;0,0399
2026-04-21 01:00;0,0672
2026-04-21 02:00;0,0866
2026-04-21 03:00;0,1648
2026-04-21 04:00;0,2136
2026-04-21 05:00;0,2739
2026-04-21 06:00;0,1738
2026-04-21 07:00;0,0570
2026-04-21 08:00;0,8052
2026-04-21 09:00;0,8019
2026-04-21 10:00;0,8297
2026-04-21 11:00;0,9009
2026-04-21 12:00;0,9070
2026-04-21 13:00;0,9070
2026-04-21 14:00;0,9070
2026-04-21 15:00;0,9070
2026-04-21 16:00;0,9070
2026-04-21 17:00;0,9070
2026-04-21 18:00;0,9070
2026-04-21 19:00;0,9070
2026-04-21 20:00;0,9070
2026-04-21 21:00;0,8721
2026-04-21 22:00;0,9070
2026-04-21 23:00;0,5346
2026-04-22 00:00;0,5115
2026-04-22 01:00;0,9070
2026-04-22 02:00;0,5224
2026-04-22 03:00;0,4597
2026-04-22 04:00;0,4232
2026-04-22 05:00;0,4369
2026-04-22 06:00;0,3491
2026-04-22 07:00;0,3497
2026-04-22 08:00;0,5695
2026-04-22 09:00;0,7874
2026-04-22 10:00;0,9070
2026-04-22 11:00;0,9070
2026-04-22 12:00;0,9070
2026-04-22 13:00;0,9070
2026-04-22 14:00;0,9070
2026-04-22 15:00;0,8900
2026-04-22 16:00;0,9070
2026-04-22 17:00;0,8637
2026-04-22 18:00;0,8814
2026-04-22 19:00;0,8505
2026-04-22 20:00;0,4932
2026-04-22 21:00;0,3324
2026-04-22 22:00;0,2436
2026-04-22 23:00;0,1323
2026-04-23 00:00;0,1763
2026-04-23 01:00;0,0870
2026-04-23 02:00;0,0100
2026-04-23 03:00;0,0603
2026-04-23 04:00;0,0922
2026-04-23 05:00;0,1371
2026-04-23 06:00;0,0579
2026-04-23 07:00;0,1062
2026-04-23 08:00;0,1560
2026-04-23 09:00;0,3411
2026-04-23 10:00;0,9040
2026-04-23 11:00;0,8818
2026-04-23 12:00;0,8864
2026-04-23 13:00;0,9070
2026-04-23 14:00;0,8814
2026-04-23 15:00;0,9070
2026-04-23 16:00;0,8998
2026-04-23 17:00;0,8944
2026-04-23 18:00;0,7973
2026-04-23 19:00;0,7609
2026-04-23 20:00;0,4639
2026-04-23 21:00;0,4311
2026-04-23 22:00;0,9070
2026-04-23 23:00;0,4393
2026-04-24 00:00;0,2733
2026-04-24 01:00;0,2567
2026-04-24 02:00;0,2707
2026-04-24 03:00;0,2634
2026-04-24 04:00;0,2695
2026-04-24 05:00;0,3360
2026-04-24 06:00;0,2561
2026-04-24 07:00;0,9070
2026-04-24 08:00;0,4765
2026-04-24 09:00;0,5256
2026-04-24 10:00;0,9070
2026-04-24 11:00;0,9070
2026-04-24 12:00;0,9070
2026-04-24 13:00;0,9070
2026-04-24 14:00;0,9070
2026-04-24 15:00;0,9070
2026-04-24 16:00;0,9070
2026-04-24 17:00;0,6631
2026-04-24 18:00;0,6283
2026-04-24 19:00;0,8700
2026-04-24 20:00;0,5327
2026-04-24 21:00;0,0714
2026-04-24 22:00;0,0530
2026-04-24 23:00;0,0383
2026-04-25 00:00;0,1986
2026-04-25 01:00;0,1829
2026-04-25 02:00;0,1820
2026-04-25 03:00;0,2363
2026-04-25 04:00;0,2551
2026-04-25 05:00;0,2382
2026-04-25 06:00;0,2669
2026-04-25 07:00;0,3135
2026-04-25 08:00;0,3974
2026-04-25 09:00;0,2906
2026-04-25 10:00;0,8338
2026-04-25 11:00;0,8474
2026-04-25 12:00;0,7730
2026-04-25 13:00;0,8556
2026-04-25 14:00;0,8294
2026-04-25 15:00;0,8676
2026-04-25 16:00;0,9070
2026-04-25 17:00;0,9070
2026-04-25 18:00;0,6337
2026-04-25 19:00;0,9070
2026-04-25 20:00;0,3553
2026-04-25 21:00;0,3436
2026-04-25 22:00;0,3629
2026-04-25 23:00;0,3498
2026-04-26 00:00;0,3268
2026-04-26 01:00;0,3951
2026-04-26 02:00;0,3993
2026-04-26 03:00;0,3393
2026-04-26 04:00;0,3611
2026-04-26 05:00;0,3805
2026-04-26 06:00;0,4022
2026-04-26 07:00;0,9070
2026-04-26 08:00;0,9070
2026-04-26 09:00;0,9070
2026-04-26 10:00;0,2522
2026-04-26 11:00;0,9070
2026-04-26 12:00;0,9070
2026-04-26 13:00;0,2921
2026-04-26 14:00;0,9070
2026-04-26 15:00;0,9070
2026-04-26 16:00;0,9070
2026-04-26 17:00;0,5628
2026-04-26 18:00;0,1994
2026-04-26 19:00;0,1933
2026-04-26 20:00;0,1560
2026-04-26 21:00;0,1938
2026-04-26 22:00;0,9070
2026-04-26 23:00;0,6860
2026-04-27 00:00;0,2748
2026-04-27 01:00;0,7760
2026-04-27 02:00;0,3249
2026-04-27 03:00;0,3214
2026-04-27 04:00;0,9070
2026-04-27 05:00;0,4417
2026-04-27 06:00;0,5717
2026-04-27 07:00;0,9070
2026-04-27 08:00;0,9070
2026-04-27 09:00;0,9070
2026-04-27 10:00;0,9070
2026-04-27 11:00;0,8663
2026-04-27 12:00;0,8203
2026-04-27 13:00;0,8998
2026-04-27 14:00;0,9070
2026-04-27 15:00;0,9070
2026-04-27 16:00;0,0979
2026-04-27 17:00;0,9070
2026-04-27 18:00;0,9070
2026-04-27 19:00;0,7562
2026-04-27 20:00;0,4121
2026-04-27 21:00;0,4245
2026-04-27 22:00;0,9070
2026-04-27 23:00;0,5028
2026-04-28 00:00;0,9070
2026-04-28 01:00;0,9070
2026-04-28 02:00;0,9070
2026-04-28 03:00;0,9070
2026-04-28 04:00;0,9070
2026-04-28 05:00;0,9070
2026-04-28 06:00;0,9070
2026-04-28 07:00;0,8843
2026-04-28 08:00;0,8153
2026-04-28 09:00;0,9070
2026-04-28 10:00;0,8391
2026-04-28 11:00;0,6777
2026-04-28 12:00;0,4693
2026-04-28 13:00;0,8983
2026-04-28 14:00;0,1223
2026-04-28 15:00;0,0682
2026-04-28 16:00;0,0556
2026-04-28 17:00;0,0279
2026-04-28 18:00;0,0322
2026-04-28 19:00;0,1912
2026-04-28 20:00;0,3957
2026-04-28 21:00;0,4808
2026-04-28 22:00;0,8828
2026-04-28 23:00;0,4898
2026-04-29 00:00;0,0462
2026-04-29 01:00;0,0449
2026-04-29 02:00;0,0494
2026-04-29 03:00;0,1045
2026-04-29 04:00;0,8565
2026-04-29 05:00;0,7492
2026-04-29 06:00;0,5454
2026-04-29 07:00;0,2806
2026-04-29 08:00;0,3842
2026-04-29 09:00;0,4762
2026-04-29 10:00;0,7725
2026-04-29 11:00;0,8199
2026-04-29 12:00;0,8213
2026-04-29 13:00;0,7752
2026-04-29 14:00;0,7488
2026-04-29 15:00;0,7469
2026-04-29 16:00;0,5785
2026-04-29 17:00;0,6036
2026-04-29 18:00;0,4504
2026-04-29 19:00;0,0000
2026-04-29 20:00;0,0000
2026-04-29 21:00;0,0000
2026-04-29 22:00;0,0000
2026-04-29 23:00;0,1065
2026-04-30 00:00;0,4595
2026-04-30 01:00;0,7411
2026-04-30 02:00;0,3034
2026-04-30 03:00;0,3415
2026-04-30 04:00;0,1169
2026-04-30 05:00;0,0000
2026-04-30 06:00;0,0000
2026-04-30 07:00;0,0000
2026-04-30 08:00;0,0000
2026-04-30 09:00;0,0000
2026-04-30 10:00;0,7246
2026-04-30 11:00;0,6239
2026-04-30 12:00;0,6204
2026-04-30 13:00;0,7114
2026-04-30 14:00;0,0678
2026-04-30 15:00;0,0000
2026-04-30 16:00;0,0000
2026-04-30 17:00;0,0490
2026-04-30 18:00;0,6894
2026-04-30 19:00;0,6850
2026-04-30 20:00;0,6586
2026-04-30 21:00;0,6324
2026-04-30 22:00;0,5442
2026-04-30 23:00;0,4704
2026-05-01 00:00;0,4616
2026-05-01 01:00;0,4420
2026-05-01 02:00;0,4239
2026-05-01 03:00;0,4589
2026-05-01 04:00;0,4802
2026-05-01 05:00;0,4965
2026-05-01 06:00;0,5167
2026-05-01 07:00;0,5653
2026-05-01 08:00;0,5944
2026-05-01 09:00;0,8779
2026-05-01 10:00;0,9070
2026-05-01 11:00;0,9070
2026-05-01 12:00;0,9070
2026-05-01 13:00;0,9070
2026-05-01 14:00;0,9070
2026-05-01 15:00;0,9070
2026-05-01 16:00;0,9070
2026-05-01 17:00;0,3949
2026-05-01 18:00;0,2728
2026-05-01 19:00;0,4281
2026-05-01 20:00;0,5425
2026-05-01 21:00;0,2615
2026-05-01 22:00;0,2800
2026-05-01 23:00;0,3010
2026-05-02 00:00;0,2132
2026-05-02 01:00;0,3380
2026-05-02 02:00;0,4365
2026-05-02 03:00;0,7285
2026-05-02 04:00;0,6533
2026-05-02 05:00;0,7235
2026-05-02 06:00;0,6132
2026-05-02 07:00;0,2417
2026-05-02 08:00;0,9070
2026-05-02 09:00;0,9070
2026-05-02 10:00;0,5659
2026-05-02 11:00;0,9070
2026-05-02 12:00;0,9070
2026-05-02 13:00;0,9070
2026-05-02 14:00;0,9070
2026-05-02 15:00;0,9070
2026-05-02 16:00;0,9070
2026-05-02 17:00;0,7501
2026-05-02 18:00;0,4223
2026-05-02 19:00;0,4001
2026-05-02 20:00;0,3473
2026-05-02 21:00;0,4555
2026-05-02 22:00;0,2431
2026-05-02 23:00;0,1055
2026-05-03 00:00;0,4073
2026-05-03 01:00;0,3249
2026-05-03 02:00;0,2385
2026-05-03 03:00;0,2183
2026-05-03 04:00;0,2499
2026-05-03 05:00;0,2557
2026-05-03 06:00;0,2907
2026-05-03 07:00;0,3307
2026-05-03 08:00;0,3613
2026-05-03 09:00;0,4772
2026-05-03 10:00;0,9070
2026-05-03 11:00;0,6552
2026-05-03 12:00;0,5998
2026-05-03 13:00;0,9070
2026-05-03 14:00;0,7526
2026-05-03 15:00;0,6040
2026-05-03 16:00;0,9070
2026-05-03 17:00;0,4836
2026-05-03 18:00;0,4346
2026-05-03 19:00;0,9070
2026-05-03 20:00;0,2549
2026-05-03 21:00;0,0270
2026-05-03 22:00;0,1057
2026-05-03 23:00;0,1794
2026-05-04 00:00;0,0936
2026-05-04 01:00;0,0760
2026-05-04 02:00;0,0556
2026-05-04 03:00;0,0537
2026-05-04 04:00;0,0432
2026-05-04 05:00;0,0363
2026-05-04 06:00;0,0387
2026-05-04 07:00;0,0378
2026-05-04 08:00;0,1266
2026-05-04 09:00;0,2203
2026-05-04 10:00;0,7459
2026-05-04 11:00;0,4999
2026-05-04 12:00;0,7017
2026-05-04 13:00;0,7703
2026-05-04 14:00;0,9070
2026-05-04 15:00;0,8951
2026-05-04 16:00;0,8293
2026-05-04 17:00;0,9070
2026-05-04 18:00;0,9070
2026-05-04 19:00;0,9070
2026-05-04 20:00;0,5811
2026-05-04 21:00;0,2452
2026-05-04 22:00;0,1404
2026-05-04 23:00;0,0612
2026-05-05 00:00;0,2714
2026-05-05 01:00;0,2142
2026-05-05 02:00;0,1361
2026-05-05 03:00;0,0998
2026-05-05 04:00;0,0791
2026-05-05 05:00;0,0674
2026-05-05 06:00;0,0618
2026-05-05 07:00;0,0482
2026-05-05 08:00;0,0411
2026-05-05 09:00;0,1439
2026-05-05 10:00;0,9070
2026-05-05 11:00;0,6402
2026-05-05 12:00;0,7733
2026-05-05 13:00;0,9070
2026-05-05 14:00;0,9010
2026-05-05 15:00;0,9070
2026-05-05 16:00;0,9070
2026-05-05 17:00;0,9070
2026-05-05 18:00;0,8274
2026-05-05 19:00;0,9070
2026-05-05 20:00;0,3112
2026-05-05 21:00;0,1972
2026-05-05 22:00;0,1631
2026-05-05 23:00;0,1013
2026-05-06 00:00;0,2666
2026-05-06 01:00;0,9070
2026-05-06 02:00;0,5848
2026-05-06 03:00;0,6570
2026-05-06 04:00;0,9070
2026-05-06 05:00;0,6580
2026-05-06 06:00;0,8336
2026-05-06 07:00;0,5633
2026-05-06 08:00;0,9070
2026-05-06 09:00;0,9070
2026-05-06 10:00;0,9070
2026-05-06 11:00;0,9070
2026-05-06 12:00;0,9070
2026-05-06 13:00;0,5476
2026-05-06 14:00;0,9070
2026-05-06 15:00;0,7422
2026-05-06 16:00;0,1954
2026-05-06 17:00;0,2978
2026-05-06 18:00;0,0955
2026-05-06 19:00;0,0639
2026-05-06 20:00;0,1125
2026-05-06 21:00;0,1067
2026-05-06 22:00;0,1043
2026-05-06 23:00;0,1041
2026-05-07 00:00;0,1090
2026-05-07 01:00;0,0681
2026-05-07 02:00;0,0207
2026-05-07 03:00;0,0217
2026-05-07 04:00;0,0465
2026-05-07 05:00;0,0775
2026-05-07 06:00;0,1574
2026-05-07 07:00;0,2018
2026-05-07 08:00;0,3340
2026-05-07 09:00;0,4573
2026-05-07 10:00;0,9070
2026-05-07 11:00;0,9070
2026-05-07 12:00;0,9070
2026-05-07 13:00;0,9070
2026-05-07 14:00;0,4351
2026-05-07 15:00;0,5822
2026-05-07 16:00;0,9070
2026-05-07 17:00;0,6661
2026-05-07 18:00;0,6610
2026-05-07 19:00;0,5509
2026-05-07 20:00;0,4349
2026-05-07 21:00;0,4237
2026-05-07 22:00;0,8938
2026-05-07 23:00;0,3181
2026-05-08 00:00;0,1306
2026-05-08 01:00;0,1397
2026-05-08 02:00;0,1501
2026-05-08 03:00;0,0914
2026-05-08 04:00;0,0710
2026-05-08 05:00;0,0618
2026-05-08 06:00;0,0672
2026-05-08 07:00;0,0953
2026-05-08 08:00;0,1665
2026-05-08 09:00;0,2836
2026-05-08 10:00;0,8719
2026-05-08 11:00;0,4361
2026-05-08 12:00;0,5281
2026-05-08 13:00;0,7831
2026-05-08 14:00;0,5699
2026-05-08 15:00;0,7459
2026-05-08 16:00;0,7907
2026-05-08 17:00;0,5293
2026-05-08 18:00;0,5146
2026-05-08 19:00;0,7286
2026-05-08 20:00;0,1110
2026-05-08 21:00;0,0642
2026-05-08 22:00;0,2778
2026-05-08 23:00;0,4903
2026-05-09 00:00;0,1556
2026-05-09 01:00;0,1548
2026-05-09 02:00;0,1555
2026-05-09 03:00;0,1965
2026-05-09 04:00;0,2200
2026-05-09 05:00;0,2274
2026-05-09 06:00;0,2585
2026-05-09 07:00;0,3013
2026-05-09 08:00;0,3119
2026-05-09 09:00;0,5867
2026-05-09 10:00;0,9070
2026-05-09 11:00;0,9070
2026-05-09 12:00;0,8905
2026-05-09 13:00;0,9070
2026-05-09 14:00;0,7604
2026-05-09 15:00;0,5581
2026-05-09 16:00;0,7612
2026-05-09 17:00;0,1189
2026-05-09 18:00;0,0313
2026-05-09 19:00;0,1583
2026-05-09 20:00;0,3113
2026-05-09 21:00;0,0358
2026-05-09 22:00;0,0681
2026-05-09 23:00;0,0981
2026-05-10 00:00;0,2498
2026-05-10 01:00;0,2769
2026-05-10 02:00;0,2479
2026-05-10 03:00;0,2760
2026-05-10 04:00;0,2093
2026-05-10 05:00;0,1437
2026-05-10 06:00;0,3034
2026-05-10 07:00;0,8694
2026-05-10 08:00;0,8415
2026-05-10 09:00;0,9047
2026-05-10 10:00;0,5129
2026-05-10 11:00;0,9070
2026-05-10 12:00;0,8539
2026-05-10 13:00;0,5049
2026-05-10 14:00;0,8827
2026-05-10 15:00;0,8310
2026-05-10 16:00;0,9070
2026-05-10 17:00;0,5655
2026-05-10 18:00;0,5131
2026-05-10 19:00;0,3287
2026-05-10 20:00;0,1105
2026-05-10 21:00;0,0664
2026-05-10 22:00;0,0890
2026-05-10 23:00;0,1127
2026-05-11 00:00;0,4094
2026-05-11 01:00;0,9070
2026-05-11 02:00;0,4061
2026-05-11 03:00;0,4024
2026-05-11 04:00;0,8925
2026-05-11 05:00;0,3644
2026-05-11 06:00;0,3334
2026-05-11 07:00;0,8626
2026-05-11 08:00;0,6344
2026-05-11 09:00;0,4639
2026-05-11 10:00;0,8184
2026-05-11 11:00;0,6416
2026-05-11 12:00;0,7547
2026-05-11 13:00;0,8082
2026-05-11 14:00;0,5029
2026-05-11 15:00;0,4668
2026-05-11 16:00;0,1281
2026-05-11 17:00;0,1402
2026-05-11 18:00;0,0669
2026-05-11 19:00;0,1540
2026-05-11 20:00;0,0401
2026-05-11 21:00;0,0678
2026-05-11 22:00;0,1064
2026-05-11 23:00;0,1485
2026-05-12 00:00;0,1343
2026-05-12 01:00;0,1457
2026-05-12 02:00;0,1328
2026-05-12 03:00;0,1927
2026-05-12 04:00;0,2297
2026-05-12 05:00;0,2739
2026-05-12 06:00;0,2511
2026-05-12 07:00;0,2880
2026-05-12 08:00;0,3332
2026-05-12 09:00;0,6202
2026-05-12 10:00;0,9070
2026-05-12 11:00;0,9070
2026-05-12 12:00;0,9070
2026-05-12 13:00;0,9070
2026-05-12 14:00;0,8550
2026-05-12 15:00;0,6087
2026-05-12 16:00;0,8370
2026-05-12 17:00;0,1340
2026-05-12 18:00;0,0373
2026-05-12 19:00;0,1620
2026-05-12 20:00;0,3000
2026-05-12 21:00;0,0356
2026-05-12 22:00;0,0613
2026-05-12 23:00;0,0880
2026-05-13 00:00;0,9070
2026-05-13 01:00;0,9070
2026-05-13 02:00;0,6839
2026-05-13 03:00;0,6880
2026-05-13 04:00;0,9070
2026-05-13 05:00;0,5996
2026-05-13 06:00;0,4902
2026-05-13 07:00;0,9070
2026-05-13 08:00;0,6926
2026-05-13 09:00;0,5327
2026-05-13 10:00;0,9070
2026-05-13 11:00;0,5962
2026-05-13 12:00;0,4400
2026-05-13 13:00;0,3387
2026-05-13 14:00;0,2803
2026-05-13 15:00;0,1409
2026-05-13 16:00;0,1106
2026-05-13 17:00;0,0753
2026-05-13 18:00;0,5046
2026-05-13 19:00;0,2572
2026-05-13 20:00;0,0179
2026-05-13 21:00;0,0182
2026-05-13 22:00;0,0314
2026-05-13 23:00;0,0405
2026-05-14 00:00;0,1565
2026-05-14 01:00;0,1488
2026-05-14 02:00;0,1302
2026-05-14 03:00;0,1097
2026-05-14 04:00;0,0697
2026-05-14 05:00;0,0194
2026-05-14 06:00;0,0710
2026-05-14 07:00;0,0570
2026-05-14 08:00;0,0379
2026-05-14 09:00;0,0601
2026-05-14 10:00;0,9070
2026-05-14 11:00;0,6055
2026-05-14 12:00;0,9070
2026-05-14 13:00;0,9070
2026-05-14 14:00;0,9070
2026-05-14 15:00;0,8253
2026-05-14 16:00;0,9070
2026-05-14 17:00;0,7764
2026-05-14 18:00;0,7301
2026-05-14 19:00;0,7662
2026-05-14 20:00;0,4385
2026-05-14 21:00;0,4154
2026-05-14 22:00;0,9070
2026-05-14 23:00;0,5221
2026-05-15 00:00;0,2733
2026-05-15 01:00;0,2250
2026-05-15 02:00;0,1704
2026-05-15 03:00;0,1062
2026-05-15 04:00;0,0910
2026-05-15 05:00;0,0648
2026-05-15 06:00;0,0596
2026-05-15 07:00;0,0453
2026-05-15 08:00;0,0360
2026-05-15 09:00;0,1362
2026-05-15 10:00;0,8861
2026-05-15 11:00;0,5183
2026-05-15 12:00;0,6820
2026-05-15 13:00;0,9070
2026-05-15 14:00;0,9070
2026-05-15 15:00;0,9070
2026-05-15 16:00;0,8967
2026-05-15 17:00;0,9070
2026-05-15 18:00;0,9070
2026-05-15 19:00;0,9070
2026-05-15 20:00;0,3110
2026-05-15 21:00;0,1803
2026-05-15 22:00;0,1318
2026-05-15 23:00;0,0957
2026-05-16 00:00;0,4718
2026-05-16 01:00;0,9070
2026-05-16 02:00;0,5616
2026-05-16 03:00;0,5799
2026-05-16 04:00;0,9070
2026-05-16 05:00;0,5053
2026-05-16 06:00;0,4917
2026-05-16 07:00;0,9070
2026-05-16 08:00;0,6592
2026-05-16 09:00;0,9070
2026-05-16 10:00;0,9070
2026-05-16 11:00;0,9070
2026-05-16 12:00;0,7860
2026-05-16 13:00;0,9070
2026-05-16 14:00;0,0734
2026-05-16 15:00;0,5895
2026-05-16 16:00;0,9070
2026-05-16 17:00;0,1453
2026-05-16 18:00;0,0194
2026-05-16 19:00;0,0325
2026-05-16 20:00;0,0441
2026-05-16 21:00;0,1572
2026-05-16 22:00;0,1247
2026-05-16 23:00;0,0915
2026-05-17 00:00;0,3448
2026-05-17 01:00;0,9070
2026-05-17 02:00;0,5319
2026-05-17 03:00;0,4828
2026-05-17 04:00;0,1418
2026-05-17 05:00;0,2761
2026-05-17 06:00;0,2419
2026-05-17 07:00;0,4797
2026-05-17 08:00;0,8565
2026-05-17 09:00;0,8798
2026-05-17 10:00;0,1491
2026-05-17 11:00;0,9070
2026-05-17 12:00;0,9070
2026-05-17 13:00;0,1415
2026-05-17 14:00;0,9070
2026-05-17 15:00;0,8747
2026-05-17 16:00;0,8067
2026-05-17 17:00;0,8669
2026-05-17 18:00;0,6173
2026-05-17 19:00;0,9070
2026-05-17 20:00;0,0766
2026-05-17 21:00;0,1153
2026-05-17 22:00;0,0866
2026-05-17 23:00;0,0756
2026-05-18 00:00;0,2018
2026-05-18 01:00;0,3034
2026-05-18 02:00;0,3833
2026-05-18 03:00;0,4185
2026-05-18 04:00;0,2538
2026-05-18 05:00;0,1320
2026-05-18 06:00;0,1352
2026-05-18 07:00;0,2231
2026-05-18 08:00;0,3455
2026-05-18 09:00;0,7994
2026-05-18 10:00;0,8929
2026-05-18 11:00;0,8819
2026-05-18 12:00;0,8605
2026-05-18 13:00;0,9070
2026-05-18 14:00;0,9070
2026-05-18 15:00;0,9070
2026-05-18 16:00;0,9070
2026-05-18 17:00;0,9070
2026-05-18 18:00;0,7337
2026-05-18 19:00;0,9070
2026-05-18 20:00;0,1380
2026-05-18 21:00;0,0685
2026-05-18 22:00;0,0619
2026-05-18 23:00;0,0655
2026-05-19 00:00;0,2446
2026-05-19 01:00;0,2113
2026-05-19 02:00;0,1333
2026-05-19 03:00;0,0923
2026-05-19 04:00;0,0698
2026-05-19 05:00;0,0591
2026-05-19 06:00;0,0558
2026-05-19 07:00;0,0447
2026-05-19 08:00;0,0387
2026-05-19 09:00;0,1260
2026-05-19 10:00;0,9070
2026-05-19 11:00;0,5915
2026-05-19 12:00;0,8603
2026-05-19 13:00;0,9070
2026-05-19 14:00;0,9070
2026-05-19 15:00;0,9070
2026-05-19 16:00;0,9070
2026-05-19 17:00;0,9070
2026-05-19 18:00;0,9070
2026-05-19 19:00;0,9070
2026-05-19 20:00;0,3296
2026-05-19 21:00;0,1892
2026-05-19 22:00;0,1416
2026-05-19 23:00;0,1013
2026-05-20 00:00;0,2426
2026-05-20 01:00;0,9070
2026-05-20 02:00;0,6129
2026-05-20 03:00;0,6588
2026-05-20 04:00;0,9070
2026-05-20 05:00;0,6004
2026-05-20 06:00;0,7433
2026-05-20 07:00;0,4681
2026-05-20 08:00;0,8251
2026-05-20 09:00;0,9070
2026-05-20 10:00;0,9070
2026-05-20 11:00;0,9070
2026-05-20 12:00;0,9070
2026-05-20 13:00;0,4838
2026-05-20 14:00;0,7473
2026-05-20 15:00;0,5356
2026-05-20 16:00;0,1282
2026-05-20 17:00;0,2212
2026-05-20 18:00;0,0804
2026-05-20 19:00;0,0588
2026-05-20 20:00;0,1071
2026-05-20 21:00;0,1062
2026-05-20 22:00;0,0977
2026-05-20 23:00;0,0985
2026-05-21 00:00;0,2524
2026-05-21 01:00;0,2304
2026-05-21 02:00;0,1986
2026-05-21 03:00;0,2104
2026-05-21 04:00;0,1794
2026-05-21 05:00;0,1537
2026-05-21 06:00;0,1002
2026-05-21 07:00;0,1037
2026-05-21 08:00;0,2152
2026-05-21 09:00;0,2218
2026-05-21 10:00;0,2204
2026-05-21 11:00;0,1982
2026-05-21 12:00;0,1773
2026-05-21 13:00;0,2601
2026-05-21 14:00;0,3903
2026-05-21 15:00;0,3505
2026-05-21 16:00;0,9070
2026-05-21 17:00;0,5347
2026-05-21 18:00;0,5738
2026-05-21 19:00;0,8692
2026-05-21 20:00;0,7939
2026-05-21 21:00;0,9070
2026-05-21 22:00;0,9070
2026-05-21 23:00;0,7822
2026-05-22 00:00;0,9070
2026-05-22 01:00;0,9070
2026-05-22 02:00;0,7756
2026-05-22 03:00;0,8274
2026-05-22 04:00;0,9070
2026-05-22 05:00;0,7276
2026-05-22 06:00;0,5950
2026-05-22 07:00;0,9070
2026-05-22 08:00;0,7453
2026-05-22 09:00;0,5618
2026-05-22 10:00;0,9070
2026-05-22 11:00;0,5743
2026-05-22 12:00;0,4250
2026-05-22 13:00;0,3133
2026-05-22 14:00;0,2158
2026-05-22 15:00;0,1215
2026-05-22 16:00;0,0844
2026-05-22 17:00;0,0565
2026-05-22 18:00;0,3722
2026-05-22 19:00;0,2297
2026-05-22 20:00;0,0184
2026-05-22 21:00;0,0193
2026-05-22 22:00;0,0287
2026-05-22 23:00;0,0386
2026-05-23 00:00;0,3330
2026-05-23 01:00;0,2924
2026-05-23 02:00;0,2359
2026-05-23 03:00;0,4250
2026-05-23 04:00;0,9070
2026-05-23 05:00;0,7604
2026-05-23 06:00;0,8196
2026-05-23 07:00;0,9070
2026-05-23 08:00;0,9070
2026-05-23 09:00;0,9070
2026-05-23 10:00;0,1531
2026-05-23 11:00;0,9070
2026-05-23 12:00;0,9070
2026-05-23 13:00;0,1449
2026-05-23 14:00;0,9070
2026-05-23 15:00;0,6192
2026-05-23 16:00;0,1407
2026-05-23 17:00;0,0176
2026-05-23 18:00;0,0730
2026-05-23 19:00;0,1417
2026-05-23 20:00;0,0930
2026-05-23 21:00;0,4877
2026-05-23 22:00;0,4344
2026-05-23 23:00;0,2131
2026-05-24 00:00;0,0000
2026-05-24 01:00;0,0618
2026-05-24 02:00;0,1313
2026-05-24 03:00;0,2523
2026-05-24 04:00;0,8069
2026-05-24 05:00;0,4620
2026-05-24 06:00;0,3404
2026-05-24 07:00;0,2663
2026-05-24 08:00;0,1692
2026-05-24 09:00;0,1631
2026-05-24 10:00;0,4354
2026-05-24 11:00;0,1739
2026-05-24 12:00;0,1845
2026-05-24 13:00;0,9070
2026-05-24 14:00;0,5649
2026-05-24 15:00;0,9070
2026-05-24 16:00;0,4895
2026-05-24 17:00;0,8622
2026-05-24 18:00;0,7798
2026-05-24 19:00;0,4922
2026-05-24 20:00;0,1136
2026-05-24 21:00;0,2231
2026-05-24 22:00;0,2844
2026-05-24 23:00;0,3516
2026-05-25 00:00;0,1727
2026-05-25 01:00;0,2518
2026-05-25 02:00;0,3270
2026-05-25 03:00;0,3819
2026-05-25 04:00;0,9070
2026-05-25 05:00;0,5266
2026-05-25 06:00;0,4714
2026-05-25 07:00;0,8554
2026-05-25 08:00;0,4740
2026-05-25 09:00;0,7548
2026-05-25 10:00;0,8984
2026-05-25 11:00;0,9070
2026-05-25 12:00;0,9070
2026-05-25 13:00;0,9070
2026-05-25 14:00;0,7982
2026-05-25 15:00;0,9070
2026-05-25 16:00;0,8478
2026-05-25 17:00;0,1908
2026-05-25 18:00;0,3214
2026-05-25 19:00;0,2276
2026-05-25 20:00;0,0941
2026-05-25 21:00;0,1208
2026-05-25 22:00;0,1191
2026-05-25 23:00;0,0970
2026-05-26 00:00;0,1491
2026-05-26 01:00;0,1386
2026-05-26 02:00;0,0189
2026-05-26 03:00;0,0169
2026-05-26 04:00;0,0399
2026-05-26 05:00;0,0711
2026-05-26 06:00;0,0746
2026-05-26 07:00;0,1272
2026-05-26 08:00;0,2089
2026-05-26 09:00;0,3663
2026-05-26 10:00;0,9070
2026-05-26 11:00;0,9070
2026-05-26 12:00;0,9070
2026-05-26 13:00;0,9070
2026-05-26 14:00;0,8834
2026-05-26 15:00;0,9070
2026-05-26 16:00;0,9070
2026-05-26 17:00;0,2635
2026-05-26 18:00;0,7085
2026-05-26 19:00;0,8659
2026-05-26 20:00;0,3097
2026-05-26 21:00;0,2379
2026-05-26 22:00;0,9057
2026-05-26 23:00;0,5667
2026-05-27 00:00;0,2032
2026-05-27 01:00;0,3269
2026-05-27 02:00;0,4092
2026-05-27 03:00;0,4220
2026-05-27 04:00;0,3098
2026-05-27 05:00;0,1697
2026-05-27 06:00;0,1611
2026-05-27 07:00;0,2760
2026-05-27 08:00;0,3321
2026-05-27 09:00;0,9068
2026-05-27 10:00;0,9070
2026-05-27 11:00;0,9070
2026-05-27 12:00;0,9070
2026-05-27 13:00;0,9070
2026-05-27 14:00;0,8322
2026-05-27 15:00;0,7798
2026-05-27 16:00;0,8204
2026-05-27 17:00;0,7446
2026-05-27 18:00;0,5307
2026-05-27 19:00;0,7025
2026-05-27 20:00;0,1154
2026-05-27 21:00;0,0619
2026-05-27 22:00;0,0560
2026-05-27 23:00;0,0526
2026-05-28 00:00;0,2876
2026-05-28 01:00;0,9070
2026-05-28 02:00;0,5916
2026-05-28 03:00;0,5810
2026-05-28 04:00;0,9070
2026-05-28 05:00;0,5745
2026-05-28 06:00;0,8633
2026-05-28 07:00;0,4751
2026-05-28 08:00;0,9070
2026-05-28 09:00;0,9070
2026-05-28 10:00;0,9070
2026-05-28 11:00;0,9070
2026-05-28 12:00;0,9070
2026-05-28 13:00;0,5270
2026-05-28 14:00;0,8935
2026-05-28 15:00;0,6050
2026-05-28 16:00;0,1501
2026-05-28 17:00;0,2803
2026-05-28 18:00;0,0964
2026-05-28 19:00;0,0692
2026-05-28 20:00;0,1228
2026-05-28 21:00;0,1187
2026-05-28 22:00;0,1088
2026-05-28 23:00;0,1003
2026-05-29 00:00;0,3817
2026-05-29 01:00;0,9070
2026-05-29 02:00;0,4230
2026-05-29 03:00;0,4205
2026-05-29 04:00;0,9070
2026-05-29 05:00;0,4132
2026-05-29 06:00;0,2985
2026-05-29 07:00;0,8842
2026-05-29 08:00;0,5375
2026-05-29 09:00;0,4087
2026-05-29 10:00;0,7300
2026-05-29 11:00;0,5408
2026-05-29 12:00;0,6549
2026-05-29 13:00;0,6738
2026-05-29 14:00;0,4414
2026-05-29 15:00;0,4244
2026-05-29 16:00;0,1067
2026-05-29 17:00;0,0977
2026-05-29 18:00;0,0229
2026-05-29 19:00;0,0825
2026-05-29 20:00;0,0000
2026-05-29 21:00;0,0157
2026-05-29 22:00;0,0594
2026-05-29 23:00;0,1078
2026-05-30 00:00;0,0430
2026-05-30 01:00;0,0428
2026-05-30 02:00;0,0334
2026-05-30 03:00;0,0322
2026-05-30 04:00;0,0229
2026-05-30 05:00;0,0133
2026-05-30 06:00;0,0000
2026-05-30 07:00;0,0000
2026-05-30 08:00;0,0113
2026-05-30 09:00;0,0827
2026-05-30 10:00;0,2491
2026-05-30 11:00;0,3865
2026-05-30 12:00;0,9028
2026-05-30 13:00;0,9006
2026-05-30 14:00;0,8985
2026-05-30 15:00;0,8964
2026-05-30 16:00;0,8942
2026-05-30 17:00;0,8921
2026-05-30 18:00;0,7923
2026-05-30 19:00;0,7652
2026-05-30 20:00;0,7876
2026-05-30 21:00;0,8436
2026-05-30 22:00;0,8256
2026-05-30 23:00;0,6279
2026-05-31 00:00;0,0886
2026-05-31 01:00;0,1273
2026-05-31 02:00;0,1552
2026-05-31 03:00;0,0395
2026-05-31 04:00;0,0389
2026-05-31 05:00;0,0308
2026-05-31 06:00;0,1578
2026-05-31 07:00;0,2013
2026-05-31 08:00;0,2618
2026-05-31 09:00;0,3480
2026-05-31 10:00;0,8559
2026-05-31 11:00;0,8103
2026-05-31 12:00;0,7355
2026-05-31 13:00;0,7871
2026-05-31 14:00;0,6099
2026-05-31 15:00;0,0000
2026-05-31 16:00;0,0000
2026-05-31 17:00;0,0000
2026-05-31 18:00;0,0680
2026-05-31 19:00;0,8338
2026-05-31 20:00;0,5666
2026-05-31 21:00;0,2968
2026-05-31 22:00;0,7628
2026-05-31 23:00;0,3343
2026-06-01 00:00;0,3300
2026-06-01 01:00;0,4188
2026-06-01 02:00;0,4770
2026-06-01 03:00;0,4529
2026-06-01 04:00;0,3927
2026-06-01 05:00;0,3938
2026-06-01 06:00;0,3167
2026-06-01 07:00;0,3922
2026-06-01 08:00;0,4884
2026-06-01 09:00;0,9070
2026-06-01 10:00;0,9070
2026-06-01 11:00;0,9070
2026-06-01 12:00;0,9070
2026-06-01 13:00;0,9070
2026-06-01 14:00;0,3453
2026-06-01 15:00;0,9070
2026-06-01 16:00;0,9070
2026-06-01 17:00;0,4951
2026-06-01 18:00;0,8731
2026-06-01 19:00;0,9070
2026-06-01 20:00;0,4408
2026-06-01 21:00;0,2434
2026-06-01 22:00;0,2627
2026-06-01 23:00;0,2771
2026-06-02 00:00;0,1423
2026-06-02 01:00;0,1283
2026-06-02 02:00;0,1126
2026-06-02 03:00;0,1094
2026-06-02 04:00;0,1294
2026-06-02 05:00;0,1474
2026-06-02 06:00;0,1760
2026-06-02 07:00;0,2391
2026-06-02 08:00;0,2750
2026-06-02 09:00;0,3094
2026-06-02 10:00;0,8996
2026-06-02 11:00;0,6460
2026-06-02 12:00;0,8148
2026-06-02 13:00;0,9070
2026-06-02 14:00;0,9070
2026-06-02 15:00;0,9070
2026-06-02 16:00;0,9070
2026-06-02 17:00;0,9070
2026-06-02 18:00;0,8454
2026-06-02 19:00;0,9070
2026-06-02 20:00;0,0763
2026-06-02 21:00;0,0758
2026-06-02 22:00;0,1944
2026-06-02 23:00;0,1702
2026-06-03 00:00;0,1133
2026-06-03 01:00;0,1713
2026-06-03 02:00;0,2442
2026-06-03 03:00;0,2389
2026-06-03 04:00;0,2393
2026-06-03 05:00;0,2527
2026-06-03 06:00;0,2536
2026-06-03 07:00;0,6219
2026-06-03 08:00;0,2733
2026-06-03 09:00;0,2942
2026-06-03 10:00;0,9070
2026-06-03 11:00;0,5817
2026-06-03 12:00;0,0632
2026-06-03 13:00;0,2984
2026-06-03 14:00;0,4840
2026-06-03 15:00;0,7425
2026-06-03 16:00;0,8374
2026-06-03 17:00;0,9070
2026-06-03 18:00;0,9070
2026-06-03 19:00;0,9070
2026-06-03 20:00;0,1859
2026-06-03 21:00;0,2534
2026-06-03 22:00;0,2108
2026-06-03 23:00;0,1615
2026-06-04 00:00;0,2218
2026-06-04 01:00;0,2444
2026-06-04 02:00;0,2455
2026-06-04 03:00;0,1815
2026-06-04 04:00;0,1466
2026-06-04 05:00;0,1395
2026-06-04 06:00;0,1515
2026-06-04 07:00;0,2513
2026-06-04 08:00;0,3201
2026-06-04 09:00;0,4074
2026-06-04 10:00;0,9070
2026-06-04 11:00;0,7145
2026-06-04 12:00;0,8639
2026-06-04 13:00;0,9070
2026-06-04 14:00;0,8196
2026-06-04 15:00;0,9070
2026-06-04 16:00;0,9070
2026-06-04 17:00;0,7879
2026-06-04 18:00;0,6262
2026-06-04 19:00;0,9070
2026-06-04 20:00;0,3767
2026-06-04 21:00;0,1282
2026-06-04 22:00;0,1016
2026-06-04 23:00;0,0612
2026-06-05 00:00;0,1397
2026-06-05 01:00;0,1766
2026-06-05 02:00;0,2402
2026-06-05 03:00;0,1410
2026-06-05 04:00;0,1835
2026-06-05 05:00;0,1911
2026-06-05 06:00;0,1425
2026-06-05 07:00;0,2978
2026-06-05 08:00;0,4167
2026-06-05 09:00;0,5084
2026-06-05 10:00;0,9070
2026-06-05 11:00;0,9070
2026-06-05 12:00;0,9070
2026-06-05 13:00;0,9070
2026-06-05 14:00;0,9070
2026-06-05 15:00;0,8489
2026-06-05 16:00;0,9070
2026-06-05 17:00;0,4369
2026-06-05 18:00;0,0198
2026-06-05 19:00;0,0685
2026-06-05 20:00;0,1332
2026-06-05 21:00;0,0716
2026-06-05 22:00;0,0569
2026-06-05 23:00;0,0414
2026-06-06 00:00;0,1088
2026-06-06 01:00;0,1739
2026-06-06 02:00;0,2472
2026-06-06 03:00;0,2075
2026-06-06 04:00;0,1552
2026-06-06 05:00;0,1141
2026-06-06 06:00;0,1494
2026-06-06 07:00;0,2180
2026-06-06 08:00;0,3032
2026-06-06 09:00;0,6234
2026-06-06 10:00;0,9070
2026-06-06 11:00;0,8494
2026-06-06 12:00;0,9070
2026-06-06 13:00;0,9070
2026-06-06 14:00;0,8356
2026-06-06 15:00;0,7815
2026-06-06 16:00;0,8842
2026-06-06 17:00;0,0971
2026-06-06 18:00;0,2354
2026-06-06 19:00;0,1644
2026-06-06 20:00;0,0864
2026-06-06 21:00;0,1220
2026-06-06 22:00;0,1379
2026-06-06 23:00;0,1596
2026-06-07 00:00;0,0902
2026-06-07 01:00;0,0851
2026-06-07 02:00;0,0650
2026-06-07 03:00;0,0891
2026-06-07 04:00;0,0722
2026-06-07 05:00;0,0656
2026-06-07 06:00;0,1696
2026-06-07 07:00;0,3644
2026-06-07 08:00;0,5011
2026-06-07 09:00;0,3840
2026-06-07 10:00;0,8696
2026-06-07 11:00;0,6426
2026-06-07 12:00;0,8902
2026-06-07 13:00;0,8983
2026-06-07 14:00;0,9070
2026-06-07 15:00;0,8501
2026-06-07 16:00;0,9070
2026-06-07 17:00;0,5033
2026-06-07 18:00;0,4926
2026-06-07 19:00;0,5480
2026-06-07 20:00;0,2869
2026-06-07 21:00;0,3427
2026-06-07 22:00;0,8793
2026-06-07 23:00;0,8668
2026-06-08 00:00;0,0196
2026-06-08 01:00;0,1082
2026-06-08 02:00;0,1814
2026-06-08 03:00;0,2737
2026-06-08 04:00;0,9070
2026-06-08 05:00;0,5247
2026-06-08 06:00;0,3399
2026-06-08 07:00;0,8685
2026-06-08 08:00;0,4886
2026-06-08 09:00;0,2724
2026-06-08 10:00;0,2808
2026-06-08 11:00;0,3337
2026-06-08 12:00;0,6777
2026-06-08 13:00;0,9070
2026-06-08 14:00;0,9070
2026-06-08 15:00;0,9070
2026-06-08 16:00;0,9070
2026-06-08 17:00;0,9070
2026-06-08 18:00;0,5100
2026-06-08 19:00;0,2646
2026-06-08 20:00;0,0377
2026-06-08 21:00;0,0340
2026-06-08 22:00;0,0265
2026-06-08 23:00;0,0190
2026-06-09 00:00;0,0171
2026-06-09 01:00;0,0256
2026-06-09 02:00;0,0337
2026-06-09 03:00;0,0378
2026-06-09 04:00;0,0461
2026-06-09 05:00;0,0639
2026-06-09 06:00;0,0869
2026-06-09 07:00;0,7467
2026-06-09 08:00;0,7277
2026-06-09 09:00;0,7976
2026-06-09 10:00;0,4645
2026-06-09 11:00;0,8254
2026-06-09 12:00;0,6451
2026-06-09 13:00;0,9070
2026-06-09 14:00;0,5186
2026-06-09 15:00;0,4875
2026-06-09 16:00;0,4451
2026-06-09 17:00;0,5956
2026-06-09 18:00;0,7743
2026-06-09 19:00;0,8778
2026-06-09 20:00;0,2983
2026-06-09 21:00;0,2728
2026-06-09 22:00;0,8091
2026-06-09 23:00;0,4542
2026-06-10 00:00;0,0900
2026-06-10 01:00;0,0998
2026-06-10 02:00;0,1077
2026-06-10 03:00;0,1052
2026-06-10 04:00;0,1083
2026-06-10 05:00;0,1041
2026-06-10 06:00;0,1479
2026-06-10 07:00;0,1395
2026-06-10 08:00;0,8493
2026-06-10 09:00;0,8926
2026-06-10 10:00;0,9070
2026-06-10 11:00;0,7962
2026-06-10 12:00;0,5679
2026-06-10 13:00;0,9070
2026-06-10 14:00;0,3276
2026-06-10 15:00;0,5192
2026-06-10 16:00;0,9070
2026-06-10 17:00;0,4536
2026-06-10 18:00;0,4063
2026-06-10 19:00;0,9070
2026-06-10 20:00;0,3273
2026-06-10 21:00;0,8786
2026-06-10 22:00;0,9070
2026-06-10 23:00;0,8965
2026-06-11 00:00;0,7147
2026-06-11 01:00;0,9070
2026-06-11 02:00;0,5715
2026-06-11 03:00;0,9070
2026-06-11 04:00;0,9070
2026-06-11 05:00;0,6441
2026-06-11 06:00;0,7217
2026-06-11 07:00;0,9070
2026-06-11 08:00;0,8957
2026-06-11 09:00;0,4486
2026-06-11 10:00;0,2883
2026-06-11 11:00;0,1051
2026-06-11 12:00;0,0645
2026-06-11 13:00;0,0755
2026-06-11 14:00;0,0832
2026-06-11 15:00;0,1690
2026-06-11 16:00;0,2976
2026-06-11 17:00;0,4269
2026-06-11 18:00;0,5399
2026-06-11 19:00;0,2910
2026-06-11 20:00;0,1006
2026-06-11 21:00;0,1106
2026-06-11 22:00;0,0940
2026-06-11 23:00;0,0743
2026-06-12 00:00;0,1972
2026-06-12 01:00;0,2767
2026-06-12 02:00;0,3663
2026-06-12 03:00;0,3648
2026-06-12 04:00;0,3126
2026-06-12 05:00;0,2447
2026-06-12 06:00;0,1949
2026-06-12 07:00;0,2507
2026-06-12 08:00;0,3236
2026-06-12 09:00;0,7741
2026-06-12 10:00;0,9070
2026-06-12 11:00;0,8989
2026-06-12 12:00;0,7791
2026-06-12 13:00;0,9070
2026-06-12 14:00;0,1975
2026-06-12 15:00;0,7472
2026-06-12 16:00;0,9070
2026-06-12 17:00;0,4245
2026-06-12 18:00;0,8412
2026-06-12 19:00;0,9070
2026-06-12 20:00;0,2923
2026-06-12 21:00;0,1355
2026-06-12 22:00;0,1680
2026-06-12 23:00;0,1879
2026-06-13 00:00;0,0393
2026-06-13 01:00;0,1574
2026-06-13 02:00;0,2361
2026-06-13 03:00;0,0359
2026-06-13 04:00;0,1057
2026-06-13 05:00;0,1925
2026-06-13 06:00;0,1119
2026-06-13 07:00;0,2320
2026-06-13 08:00;0,3230
2026-06-13 09:00;0,4312
2026-06-13 10:00;0,9070
2026-06-13 11:00;0,7697
2026-06-13 12:00;0,8206
2026-06-13 13:00;0,9070
2026-06-13 14:00;0,4024
2026-06-13 15:00;0,8775
2026-06-13 16:00;0,9070
2026-06-13 17:00;0,5468
2026-06-13 18:00;0,3968
2026-06-13 19:00;0,8474
2026-06-13 20:00;0,3391
2026-06-13 21:00;0,1269
2026-06-13 22:00;0,1393
2026-06-13 23:00;0,1759
2026-06-14 00:00;0,1013
2026-06-14 01:00;0,1503
2026-06-14 02:00;0,2140
2026-06-14 03:00;0,3210
2026-06-14 04:00;0,8523
2026-06-14 05:00;0,4319
2026-06-14 06:00;0,5443
2026-06-14 07:00;0,4970
2026-06-14 08:00;0,9070
2026-06-14 09:00;0,9070
2026-06-14 10:00;0,9070
2026-06-14 11:00;0,9070
2026-06-14 12:00;0,9070
2026-06-14 13:00;0,9070
2026-06-14 14:00;0,8655
2026-06-14 15:00;0,4197
2026-06-14 16:00;0,2335
2026-06-14 17:00;0,0524
2026-06-14 18:00;0,0765
2026-06-14 19:00;0,1323
2026-06-14 20:00;0,1748
2026-06-14 21:00;0,1593
2026-06-14 22:00;0,0880
2026-06-14 23:00;0,0216
2026-06-15 00:00;0,0809
2026-06-15 01:00;0,1365
2026-06-15 02:00;0,3097
2026-06-15 03:00;0,3729
2026-06-15 04:00;0,8163
2026-06-15 05:00;0,3543
2026-06-15 06:00;0,4009
2026-06-15 07:00;0,0411
2026-06-15 08:00;0,4220
2026-06-15 09:00;0,8264
2026-06-15 10:00;0,1411
2026-06-15 11:00;0,8963
2026-06-15 12:00;0,7291
2026-06-15 13:00;0,5140
2026-06-15 14:00;0,8674
2026-06-15 15:00;0,8804
2026-06-15 16:00;0,8819
2026-06-15 17:00;0,8646
2026-06-15 18:00;0,7849
2026-06-15 19:00;0,8213
2026-06-15 20:00;0,1042
2026-06-15 21:00;0,0714
2026-06-15 22:00;0,0597
2026-06-15 23:00;0,0425
2026-06-16 00:00;0,0694
2026-06-16 01:00;0,1205
2026-06-16 02:00;0,1879
2026-06-16 03:00;0,1815
2026-06-16 04:00;0,1826
2026-06-16 05:00;0,1648
2026-06-16 06:00;0,3192
2026-06-16 07:00;0,8653
2026-06-16 08:00;0,9070
2026-06-16 09:00;0,9070
2026-06-16 10:00;0,9070
2026-06-16 11:00;0,9070
2026-06-16 12:00;0,8917
2026-06-16 13:00;0,5380
2026-06-16 14:00;0,4622
2026-06-16 15:00;0,3521
2026-06-16 16:00;0,3363
2026-06-16 17:00;0,3071
2026-06-16 18:00;0,3610
2026-06-16 19:00;0,1447
2026-06-16 20:00;0,3179
2026-06-16 21:00;0,3116
2026-06-16 22:00;0,8942
2026-06-16 23:00;0,4185
2026-06-17 00:00;0,0697
2026-06-17 01:00;0,0919
2026-06-17 02:00;0,1168
2026-06-17 03:00;0,3925
2026-06-17 04:00;0,9070
2026-06-17 05:00;0,6450
2026-06-17 06:00;0,6768
2026-06-17 07:00;0,9070
2026-06-17 08:00;0,9070
2026-06-17 09:00;0,9070
2026-06-17 10:00;0,9070
2026-06-17 11:00;0,7211
2026-06-17 12:00;0,7731
2026-06-17 13:00;0,8944
2026-06-17 14:00;0,9070
2026-06-17 15:00;0,8495
2026-06-17 16:00;0,4689
2026-06-17 17:00;0,3276
2026-06-17 18:00;0,0954
2026-06-17 19:00;0,0619
2026-06-17 20:00;0,0357
2026-06-17 21:00;0,0687
2026-06-17 22:00;0,0592
2026-06-17 23:00;0,0388
2026-06-18 00:00;0,5715
2026-06-18 01:00;0,9070
2026-06-18 02:00;0,2308
2026-06-18 03:00;0,0692
2026-06-18 04:00;0,0587
2026-06-18 05:00;0,0431
2026-06-18 06:00;0,1942
2026-06-18 07:00;0,4246
2026-06-18 08:00;0,4476
2026-06-18 09:00;0,6123
2026-06-18 10:00;0,9070
2026-06-18 11:00;0,7344
2026-06-18 12:00;0,8320
2026-06-18 13:00;0,9070
2026-06-18 14:00;0,2471
2026-06-18 15:00;0,1513
2026-06-18 16:00;0,0910
2026-06-18 17:00;0,0395
2026-06-18 18:00;0,0170
2026-06-18 19:00;0,1692
2026-06-18 20:00;0,2899
2026-06-18 21:00;0,3475
2026-06-18 22:00;0,8088
2026-06-18 23:00;0,3796
2026-06-19 00:00;0,5569
2026-06-19 01:00;0,9070
2026-06-19 02:00;0,2490
2026-06-19 03:00;0,0846
2026-06-19 04:00;0,1124
2026-06-19 05:00;0,1476
2026-06-19 06:00;0,2014
2026-06-19 07:00;0,2484
2026-06-19 08:00;0,2927
2026-06-19 09:00;0,4692
2026-06-19 10:00;0,9070
2026-06-19 11:00;0,5082
2026-06-19 12:00;0,5780
2026-06-19 13:00;0,8649
2026-06-19 14:00;0,6975
2026-06-19 15:00;0,7261
2026-06-19 16:00;0,9070
2026-06-19 17:00;0,7706
2026-06-19 18:00;0,7456
2026-06-19 19:00;0,5109
2026-06-19 20:00;0,2959
2026-06-19 21:00;0,1277
2026-06-19 22:00;0,1417
2026-06-19 23:00;0,1496
2026-06-20 00:00;0,1467
2026-06-20 01:00;0,1901
2026-06-20 02:00;0,2717
2026-06-20 03:00;0,3203
2026-06-20 04:00;0,8901
2026-06-20 05:00;0,3373
2026-06-20 06:00;0,4900
2026-06-20 07:00;0,7539
2026-06-20 08:00;0,5192
2026-06-20 09:00;0,3512
2026-06-20 10:00;0,4799
2026-06-20 11:00;0,2262
2026-06-20 12:00;0,3300
2026-06-20 13:00;0,8966
2026-06-20 14:00;0,8031
2026-06-20 15:00;0,9070
2026-06-20 16:00;0,1562
2026-06-20 17:00;0,9070
2026-06-20 18:00;0,9070
2026-06-20 19:00;0,9070
2026-06-20 20:00;0,2583
2026-06-20 21:00;0,1314
2026-06-20 22:00;0,0795
2026-06-20 23:00;0,0186
2026-06-21 00:00;0,1000
2026-06-21 01:00;0,1599
2026-06-21 02:00;0,1934
2026-06-21 03:00;0,1387
2026-06-21 04:00;0,1103
2026-06-21 05:00;0,0991
2026-06-21 06:00;0,0673
2026-06-21 07:00;0,0626
2026-06-21 08:00;0,0413
2026-06-21 09:00;0,0986
2026-06-21 10:00;0,9070
2026-06-21 11:00;0,5084
2026-06-21 12:00;0,7845
2026-06-21 13:00;0,8854
2026-06-21 14:00;0,9070
2026-06-21 15:00;0,9070
2026-06-21 16:00;0,8334
2026-06-21 17:00;0,7643
2026-06-21 18:00;0,5266
2026-06-21 19:00;0,9070
2026-06-21 20:00;0,8754
2026-06-21 21:00;0,8291
2026-06-21 22:00;0,9070
2026-06-21 23:00;0,3953
2026-06-22 00:00;0,8745
2026-06-22 01:00;0,9070
2026-06-22 02:00;0,9070
2026-06-22 03:00;0,9042
2026-06-22 04:00;0,8506
2026-06-22 05:00;0,4827
2026-06-22 06:00;0,6435
2026-06-22 07:00;0,8158
2026-06-22 08:00;0,4656
2026-06-22 09:00;0,2735
2026-06-22 10:00;0,1734
2026-06-22 11:00;0,0834
2026-06-22 12:00;0,1347
2026-06-22 13:00;0,1669
2026-06-22 14:00;0,1779
2026-06-22 15:00;0,2440
2026-06-22 16:00;0,9070
2026-06-22 17:00;0,4149
2026-06-22 18:00;0,4403
2026-06-22 19:00;0,3052
2026-06-22 20:00;0,1457
2026-06-22 21:00;0,1082
2026-06-22 22:00;0,1603
2026-06-22 23:00;0,0425
2026-06-23 00:00;0,0689
2026-06-23 01:00;0,1038
2026-06-23 02:00;0,1468
2026-06-23 03:00;0,0371
2026-06-23 04:00;0,1314
2026-06-23 05:00;0,2568
2026-06-23 06:00;0,3408
2026-06-23 07:00;0,3574
2026-06-23 08:00;0,3178
2026-06-23 09:00;0,4335
2026-06-23 10:00;0,9070
2026-06-23 11:00;0,9070
2026-06-23 12:00;0,9070
2026-06-23 13:00;0,9070
2026-06-23 14:00;0,9070
2026-06-23 15:00;0,9070
2026-06-23 16:00;0,9070
2026-06-23 17:00;0,9070
2026-06-23 18:00;0,8526
2026-06-23 19:00;0,9070
2026-06-23 20:00;0,1190
2026-06-23 21:00;0,1973
2026-06-23 22:00;0,1827
2026-06-23 23:00;0,1816
2026-06-24 00:00;0,1263
2026-06-24 01:00;0,1246
2026-06-24 02:00;0,1264
2026-06-24 03:00;0,2143
2026-06-24 04:00;0,2300
2026-06-24 05:00;0,2114
2026-06-24 06:00;0,2347
2026-06-24 07:00;0,2974
2026-06-24 08:00;0,3962
2026-06-24 09:00;0,6496
2026-06-24 10:00;0,9070
2026-06-24 11:00;0,9070
2026-06-24 12:00;0,9070
2026-06-24 13:00;0,9070
2026-06-24 14:00;0,9070
2026-06-24 15:00;0,9070
2026-06-24 16:00;0,9070
2026-06-24 17:00;0,9070
2026-06-24 18:00;0,8228
2026-06-24 19:00;0,9070
2026-06-24 20:00;0,2523
2026-06-24 21:00;0,2651
2026-06-24 22:00;0,2165
2026-06-24 23:00;0,1963
2026-06-25 00:00;0,0398
2026-06-25 01:00;0,1465
2026-06-25 02:00;0,2174
2026-06-25 03:00;0,0362
2026-06-25 04:00;0,1148
2026-06-25 05:00;0,2099
2026-06-25 06:00;0,1267
2026-06-25 07:00;0,2318
2026-06-25 08:00;0,3267
2026-06-25 09:00;0,4160
2026-06-25 10:00;0,9070
2026-06-25 11:00;0,7234
2026-06-25 12:00;0,7336
2026-06-25 13:00;0,9070
2026-06-25 14:00;0,3757
2026-06-25 15:00;0,6789
2026-06-25 16:00;0,7976
2026-06-25 17:00;0,5877
2026-06-25 18:00;0,4448
2026-06-25 19:00;0,9070
2026-06-25 20:00;0,4475
2026-06-25 21:00;0,1678
2026-06-25 22:00;0,1996
2026-06-25 23:00;0,2085
2026-06-26 00:00;0,0443
2026-06-26 01:00;0,0517
2026-06-26 02:00;0,0592
2026-06-26 03:00;0,0540
2026-06-26 04:00;0,0648
2026-06-26 05:00;0,0780
2026-06-26 06:00;0,0814
2026-06-26 07:00;0,1392
2026-06-26 08:00;0,2354
2026-06-26 09:00;0,3022
2026-06-26 10:00;0,2423
2026-06-26 11:00;0,2182
2026-06-26 12:00;0,1666
2026-06-26 13:00;0,1193
2026-06-26 14:00;0,0528
2026-06-26 15:00;0,0313
2026-06-26 16:00;0,9070
2026-06-26 17:00;0,8896
2026-06-26 18:00;0,9070
2026-06-26 19:00;0,9070
2026-06-26 20:00;0,9070
2026-06-26 21:00;0,9070
2026-06-26 22:00;0,9070
2026-06-26 23:00;0,9070
2026-06-27 00:00;0,3498
2026-06-27 01:00;0,1429
2026-06-27 02:00;0,1830
2026-06-27 03:00;0,0864
2026-06-27 04:00;0,0976
2026-06-27 05:00;0,0898
2026-06-27 06:00;0,1350
2026-06-27 07:00;0,2058
2026-06-27 08:00;0,2349
2026-06-27 09:00;0,3287
2026-06-27 10:00;0,9070
2026-06-27 11:00;0,8510
2026-06-27 12:00;0,9070
2026-06-27 13:00;0,9070
2026-06-27 14:00;0,9070
2026-06-27 15:00;0,8771
2026-06-27 16:00;0,9070
2026-06-27 17:00;0,6900
2026-06-27 18:00;0,1525
2026-06-27 19:00;0,1910
2026-06-27 20:00;0,2238
2026-06-27 21:00;0,1409
2026-06-27 22:00;0,0962
2026-06-27 23:00;0,0411
2026-06-28 00:00;0,1809
2026-06-28 01:00;0,1637
2026-06-28 02:00;0,1676
2026-06-28 03:00;0,2382
2026-06-28 04:00;0,2409
2026-06-28 05:00;0,2655
2026-06-28 06:00;0,1524
2026-06-28 07:00;0,9070
2026-06-28 08:00;0,6492
2026-06-28 09:00;0,6752
2026-06-28 10:00;0,9070
2026-06-28 11:00;0,3388
2026-06-28 12:00;0,1408
2026-06-28 13:00;0,0793
2026-06-28 14:00;0,0283
2026-06-28 15:00;0,5739
2026-06-28 16:00;0,7713
2026-06-28 17:00;0,5763
2026-06-28 18:00;0,6623
2026-06-28 19:00;0,0359
2026-06-28 20:00;0,0804
2026-06-28 21:00;0,5971
2026-06-28 22:00;0,9070
2026-06-28 23:00;0,9070
2026-06-29 00:00;0,2641
2026-06-29 01:00;0,1664
2026-06-29 02:00;0,1736
2026-06-29 03:00;0,1670
2026-06-29 04:00;0,2269
2026-06-29 05:00;0,2573
2026-06-29 06:00;0,2020
2026-06-29 07:00;0,9070
2026-06-29 08:00;0,9070
2026-06-29 09:00;0,9070
2026-06-29 10:00;0,9070
2026-06-29 11:00;0,6819
2026-06-29 12:00;0,4947
2026-06-29 13:00;0,2973
2026-06-29 14:00;0,0871
2026-06-29 15:00;0,1104
2026-06-29 16:00;0,9070
2026-06-29 17:00;0,9070
2026-06-29 18:00;0,9070
2026-06-29 19:00;0,9070
2026-06-29 20:00;0,6497
2026-06-29 21:00;0,2293
2026-06-29 22:00;0,1812
2026-06-29 23:00;0,1183
2026-06-30 00:00;0,2706
2026-06-30 01:00;0,2344
2026-06-30 02:00;0,2153
2026-06-30 03:00;0,2168
2026-06-30 04:00;0,1903
2026-06-30 05:00;0,1910
2026-06-30 06:00;0,2817
2026-06-30 07:00;0,2071
2026-06-30 08:00;0,1200
2026-06-30 09:00;0,1230
2026-06-30 10:00;0,2345
2026-06-30 11:00;0,3553
2026-06-30 12:00;0,5763
2026-06-30 13:00;0,8821
2026-06-30 14:00;0,9070
2026-06-30 15:00;0,9070
2026-06-30 16:00;0,9070
2026-06-30 17:00;0,9070
2026-06-30 18:00;0,9070
2026-06-30 19:00;0,9070
2026-06-30 20:00;0,6023
2026-06-30 21:00;0,2547
2026-06-30 22:00;0,2776
2026-06-30 23:00;0,3045
2026-07-01 00:00;0,3065
2026-07-01 01:00;0,1998
2026-07-01 02:00;0,1214
2026-07-01 03:00;0,0880
2026-07-01 04:00;0,0904
2026-07-01 05:00;0,0723
2026-07-01 06:00;0,0000
2026-07-01 07:00;0,0000
2026-07-01 08:00;0,0000
2026-07-01 09:00;0,0000
2026-07-01 10:00;0,1775
2026-07-01 11:00;0,4108
2026-07-01 12:00;0,9070
2026-07-01 13:00;0,9066
2026-07-01 14:00;0,3543
2026-07-01 15:00;0,8439
2026-07-01 16:00;0,7553
2026-07-01 17:00;0,6175
2026-07-01 18:00;0,4099
2026-07-01 19:00;0,7908
2026-07-01 20:00;0,6247
2026-07-01 21:00;0,5834
2026-07-01 22:00;0,6852
2026-07-01 23:00;0,1394
2026-07-02 00:00;0,1431
2026-07-02 01:00;0,9070
2026-07-02 02:00;0,5705
2026-07-02 03:00;0,5039
2026-07-02 04:00;0,7949
2026-07-02 05:00;0,3604
2026-07-02 06:00;0,5978
2026-07-02 07:00;0,9070
2026-07-02 08:00;0,9070
2026-07-02 09:00;0,8223
2026-07-02 10:00;0,8073
2026-07-02 11:00;0,2904
2026-07-02 12:00;0,1545
2026-07-02 13:00;0,2396
2026-07-02 14:00;0,2744
2026-07-02 15:00;0,3339
2026-07-02 16:00;0,2773
2026-07-02 17:00;0,1669
2026-07-02 18:00;0,1598
2026-07-02 19:00;0,1985
2026-07-02 20:00;0,0608
2026-07-02 21:00;0,0328
2026-07-02 22:00;0,1145
2026-07-02 23:00;0,0200
2026-07-03 00:00;0,1312
2026-07-03 01:00;0,0594
2026-07-03 02:00;0,0000
2026-07-03 03:00;0,0205
2026-07-03 04:00;0,1123
2026-07-03 05:00;0,1139
2026-07-03 06:00;0,1110
2026-07-03 07:00;0,1022
2026-07-03 08:00;0,0660
2026-07-03 09:00;0,2775
2026-07-03 10:00;0,1300
2026-07-03 11:00;0,9070
2026-07-03 12:00;0,9070
2026-07-03 13:00;0,9070
2026-07-03 14:00;0,9070
2026-07-03 15:00;0,9070
2026-07-03 16:00;0,9070
2026-07-03 17:00;0,9070
2026-07-03 18:00;0,9070
2026-07-03 19:00;0,9070
2026-07-03 20:00;0,6172
2026-07-03 21:00;0,4149
2026-07-03 22:00;0,3252
2026-07-03 23:00;0,2599
2026-07-04 00:00;0,2091
2026-07-04 01:00;0,1648
2026-07-04 02:00;0,1342
2026-07-04 03:00;0,1499
2026-07-04 04:00;0,1691
2026-07-04 05:00;0,1962
2026-07-04 06:00;0,1911
2026-07-04 07:00;0,4892
2026-07-04 08:00;0,1810
2026-07-04 09:00;0,1311
2026-07-04 10:00;0,1469
2026-07-04 11:00;0,4577
2026-07-04 12:00;0,8134
2026-07-04 13:00;0,8862
2026-07-04 14:00;0,9070
2026-07-04 15:00;0,9070
2026-07-04 16:00;0,9070
2026-07-04 17:00;0,9070
2026-07-04 18:00;0,9070
2026-07-04 19:00;0,9070
2026-07-04 20:00;0,9070
2026-07-04 21:00;0,8649
2026-07-04 22:00;0,8348
2026-07-04 23:00;0,5573
2026-07-05 00:00;0,1804
2026-07-05 01:00;0,2125
2026-07-05 02:00;0,2301
2026-07-05 03:00;0,2753
2026-07-05 04:00;0,2744
2026-07-05 05:00;0,2165
2026-07-05 06:00;0,2556
2026-07-05 07:00;0,9070
2026-07-05 08:00;0,5099
2026-07-05 09:00;0,4345
2026-07-05 10:00;0,9070
2026-07-05 11:00;0,9070
2026-07-05 12:00;0,9070
2026-07-05 13:00;0,9070
2026-07-05 14:00;0,9070
2026-07-05 15:00;0,9070
2026-07-05 16:00;0,9070
2026-07-05 17:00;0,4509
2026-07-05 18:00;0,1219
2026-07-05 19:00;0,0996
2026-07-05 20:00;0,0799
2026-07-05 21:00;0,0523
2026-07-05 22:00;0,0768
2026-07-05 23:00;0,1057
2026-07-06 00:00;0,3067
2026-07-06 01:00;0,2484
2026-07-06 02:00;0,1945
2026-07-06 03:00;0,1816
2026-07-06 04:00;0,1666
2026-07-06 05:00;0,1465
2026-07-06 06:00;0,1809
2026-07-06 07:00;0,1319
2026-07-06 08:00;0,7119
2026-07-06 09:00;0,8096
2026-07-06 10:00;0,1401
2026-07-06 11:00;0,8792
2026-07-06 12:00;0,8185
2026-07-06 13:00;0,7353
2026-07-06 14:00;0,9070
2026-07-06 15:00;0,9070
2026-07-06 16:00;0,9070
2026-07-06 17:00;0,8721
2026-07-06 18:00;0,8448
2026-07-06 19:00;0,9070
2026-07-06 20:00;0,4717
2026-07-06 21:00;0,2425
2026-07-06 22:00;0,5283
2026-07-06 23:00;0,1005
2026-07-07 00:00;0,3046
2026-07-07 01:00;0,2721
2026-07-07 02:00;0,2319
2026-07-07 03:00;0,2375
2026-07-07 04:00;0,2145
2026-07-07 05:00;0,2132
2026-07-07 06:00;0,1684
2026-07-07 07:00;0,2892
2026-07-07 08:00;0,3585
2026-07-07 09:00;0,8051
2026-07-07 10:00;0,8782
2026-07-07 11:00;0,8270
2026-07-07 12:00;0,8415
2026-07-07 13:00;0,9070
2026-07-07 14:00;0,8795
2026-07-07 15:00;0,7982
2026-07-07 16:00;0,8256
2026-07-07 17:00;0,3157
2026-07-07 18:00;0,0733
2026-07-07 19:00;0,1049
2026-07-07 20:00;0,1430
2026-07-07 21:00;0,1058
2026-07-07 22:00;0,1046
2026-07-07 23:00;0,1140
2026-07-08 00:00;0,2552
2026-07-08 01:00;0,2735
2026-07-08 02:00;0,2971
2026-07-08 03:00;0,3945
2026-07-08 04:00;0,9070
2026-07-08 05:00;0,3380
2026-07-08 06:00;0,3701
2026-07-08 07:00;0,9070
2026-07-08 08:00;0,3994
2026-07-08 09:00;0,6535
2026-07-08 10:00;0,9070
2026-07-08 11:00;0,9070
2026-07-08 12:00;0,9070
2026-07-08 13:00;0,8876
2026-07-08 14:00;0,7938
2026-07-08 15:00;0,7805
2026-07-08 16:00;0,8130
2026-07-08 17:00;0,2196
2026-07-08 18:00;0,1382
2026-07-08 19:00;0,1226
2026-07-08 20:00;0,0936
2026-07-08 21:00;0,1914
2026-07-08 22:00;0,1580
2026-07-08 23:00;0,1165
2026-07-09 00:00;0,3652
2026-07-09 01:00;0,7762
2026-07-09 02:00;0,6023
2026-07-09 03:00;0,4667
2026-07-09 04:00;0,7909
2026-07-09 05:00;0,4312
2026-07-09 06:00;0,5547
2026-07-09 07:00;0,7556
2026-07-09 08:00;0,1244
2026-07-09 09:00;0,0155
2026-07-09 10:00;0,4831
2026-07-09 11:00;0,5741
2026-07-09 12:00;0,0675
2026-07-09 13:00;0,2083
2026-07-09 14:00;0,3114
2026-07-09 15:00;0,5217
2026-07-09 16:00;0,8440
2026-07-09 17:00;0,7225
2026-07-09 18:00;0,7570
2026-07-09 19:00;0,8558
2026-07-09 20:00;0,4058
2026-07-09 21:00;0,2621
2026-07-09 22:00;0,1878
2026-07-09 23:00;0,1123
2026-07-10 00:00;0,2088
2026-07-10 01:00;0,1515
2026-07-10 02:00;0,0724
2026-07-10 03:00;0,1566
2026-07-10 04:00;0,1398
2026-07-10 05:00;0,1451
2026-07-10 06:00;0,2023
2026-07-10 07:00;0,2332
2026-07-10 08:00;0,2843
2026-07-10 09:00;0,4708
2026-07-10 10:00;0,9070
2026-07-10 11:00;0,8793
2026-07-10 12:00;0,9070
2026-07-10 13:00;0,9070
2026-07-10 14:00;0,9070
2026-07-10 15:00;0,9047
2026-07-10 16:00;0,9070
2026-07-10 17:00;0,9070
2026-07-10 18:00;0,6355
2026-07-10 19:00;0,9070
2026-07-10 20:00;0,1419
2026-07-10 21:00;0,0718
2026-07-10 22:00;0,1154
2026-07-10 23:00;0,1368
2026-07-11 00:00;0,1692
2026-07-11 01:00;0,1666
2026-07-11 02:00;0,1919
2026-07-11 03:00;0,1959
2026-07-11 04:00;0,1836
2026-07-11 05:00;0,1649
2026-07-11 06:00;0,1981
2026-07-11 07:00;0,9070
2026-07-11 08:00;0,9070
2026-07-11 09:00;0,9070
2026-07-11 10:00;0,9070
2026-07-11 11:00;0,9070
2026-07-11 12:00;0,9070
2026-07-11 13:00;0,9070
2026-07-11 14:00;0,5680
2026-07-11 15:00;0,5702
2026-07-11 16:00;0,9070
2026-07-11 17:00;0,6083
2026-07-11 18:00;0,6676
2026-07-11 19:00;0,9070
2026-07-11 20:00;0,1419
2026-07-11 21:00;0,1902
2026-07-11 22:00;0,1809
2026-07-11 23:00;0,1478
2026-07-12 00:00;0,0611
2026-07-12 01:00;0,0659
2026-07-12 02:00;0,0605
2026-07-12 03:00;0,0572
2026-07-12 04:00;0,0766
2026-07-12 05:00;0,0852
2026-07-12 06:00;0,2005
2026-07-12 07:00;0,8748
2026-07-12 08:00;0,4308
2026-07-12 09:00;0,4885
2026-07-12 10:00;0,7544
2026-07-12 11:00;0,6843
2026-07-12 12:00;0,8019
2026-07-12 13:00;0,7430
2026-07-12 14:00;0,6912
2026-07-12 15:00;0,8204
2026-07-12 16:00;0,7558
2026-07-12 17:00;0,7963
2026-07-12 18:00;0,9045
2026-07-12 19:00;0,7940
2026-07-12 20:00;0,2539
2026-07-12 21:00;0,2705
2026-07-12 22:00;0,1754
2026-07-12 23:00;0,0935
2026-07-13 00:00;0,1044
2026-07-13 01:00;0,0817
2026-07-13 02:00;0,0684
2026-07-13 03:00;0,0664
2026-07-13 04:00;0,0641
2026-07-13 05:00;0,0634
2026-07-13 06:00;0,0698
2026-07-13 07:00;0,1593
2026-07-13 08:00;0,0760
2026-07-13 09:00;0,0748
2026-07-13 10:00;0,3269
2026-07-13 11:00;0,5561
2026-07-13 12:00;0,8804
2026-07-13 13:00;0,9070
2026-07-13 14:00;0,9070
2026-07-13 15:00;0,9070
2026-07-13 16:00;0,9070
2026-07-13 17:00;0,9070
2026-07-13 18:00;0,9070
2026-07-13 19:00;0,8445
2026-07-13 20:00;0,6430
2026-07-13 21:00;0,4085
2026-07-13 22:00;0,9070
2026-07-13 23:00;0,3559
2026-07-14 00:00;0,0738
2026-07-14 01:00;0,0460
2026-07-14 02:00;0,0190
2026-07-14 03:00;0,1059
2026-07-14 04:00;0,1179
2026-07-14 05:00;0,1297
2026-07-14 06:00;0,0831
2026-07-14 07:00;0,1332
2026-07-14 08:00;0,1751
2026-07-14 09:00;0,2674
2026-07-14 10:00;0,8812
2026-07-14 11:00;0,9070
2026-07-14 12:00;0,9070
2026-07-14 13:00;0,9070
2026-07-14 14:00;0,9070
2026-07-14 15:00;0,9070
2026-07-14 16:00;0,9070
2026-07-14 17:00;0,8510
2026-07-14 18:00;0,8898
2026-07-14 19:00;0,8382
2026-07-14 20:00;0,4459
2026-07-14 21:00;0,1383
2026-07-14 22:00;0,1057
2026-07-14 23:00;0,0922
2026-07-15 00:00;0,1758
2026-07-15 01:00;0,1414
2026-07-15 02:00;0,0906
2026-07-15 03:00;0,0890
2026-07-15 04:00;0,0714
2026-07-15 05:00;0,0540
2026-07-15 06:00;0,2003
2026-07-15 07:00;0,7506
2026-07-15 08:00;0,5046
2026-07-15 09:00;0,7411
2026-07-15 10:00;0,9070
2026-07-15 11:00;0,8391
2026-07-15 12:00;0,7456
2026-07-15 13:00;0,8890
2026-07-15 14:00;0,8347
2026-07-15 15:00;0,9070
2026-07-15 16:00;0,9070
2026-07-15 17:00;0,9070
2026-07-15 18:00;0,9070
2026-07-15 19:00;0,8253
2026-07-15 20:00;0,5937
2026-07-15 21:00;0,3082
2026-07-15 22:00;0,2489
2026-07-15 23:00;0,1473
2026-07-16 00:00;0,0724
2026-07-16 01:00;0,0534
2026-07-16 02:00;0,0420
2026-07-16 03:00;0,0375
2026-07-16 04:00;0,0567
2026-07-16 05:00;0,0670
2026-07-16 06:00;0,1271
2026-07-16 07:00;0,8866
2026-07-16 08:00;0,9070
2026-07-16 09:00;0,9070
2026-07-16 10:00;0,9070
2026-07-16 11:00;0,9070
2026-07-16 12:00;0,9070
2026-07-16 13:00;0,9070
2026-07-16 14:00;0,7429
2026-07-16 15:00;0,5815
2026-07-16 16:00;0,9070
2026-07-16 17:00;0,5227
2026-07-16 18:00;0,5586
2026-07-16 19:00;0,9070
2026-07-16 20:00;0,1135
2026-07-16 21:00;0,9070
2026-07-16 22:00;0,8453
2026-07-16 23:00;0,3311
2026-07-17 00:00;0,2079
2026-07-17 01:00;0,1926
2026-07-17 02:00;0,1717
2026-07-17 03:00;0,3302
2026-07-17 04:00;0,2312
2026-07-17 05:00;0,1403
2026-07-17 06:00;0,1723
2026-07-17 07:00;0,2257
2026-07-17 08:00;0,3205
2026-07-17 09:00;0,5776
2026-07-17 10:00;0,9070
2026-07-17 11:00;0,9070
2026-07-17 12:00;0,8862
2026-07-17 13:00;0,8969
2026-07-17 14:00;0,8251
2026-07-17 15:00;0,4860
2026-07-17 16:00;0,9070
2026-07-17 17:00;0,2402
2026-07-17 18:00;0,5568
2026-07-17 19:00;0,8606
2026-07-17 20:00;0,9070
2026-07-17 21:00;0,5795
2026-07-17 22:00;0,9070
2026-07-17 23:00;0,4076
2026-07-18 00:00;0,0436
2026-07-18 01:00;0,1015
2026-07-18 02:00;0,1355
2026-07-18 03:00;0,1393
2026-07-18 04:00;0,0697
2026-07-18 05:00;0,0175
2026-07-18 06:00;0,0532
2026-07-18 07:00;0,0609
2026-07-18 08:00;0,0721
2026-07-18 09:00;0,2522
2026-07-18 10:00;0,9070
2026-07-18 11:00;0,9070
2026-07-18 12:00;0,9070
2026-07-18 13:00;0,9070
2026-07-18 14:00;0,9070
2026-07-18 15:00;0,9070
2026-07-18 16:00;0,9070
2026-07-18 17:00;0,9070
2026-07-18 18:00;0,9070
2026-07-18 19:00;0,9070
2026-07-18 20:00;0,6356
2026-07-18 21:00;0,1348
2026-07-18 22:00;0,1470
2026-07-18 23:00;0,0638
2026-07-19 00:00;0,2046
2026-07-19 01:00;0,1324
2026-07-19 02:00;0,0642
2026-07-19 03:00;0,1037
2026-07-19 04:00;0,1086
2026-07-19 05:00;0,1167
2026-07-19 06:00;0,1215
2026-07-19 07:00;0,2109
2026-07-19 08:00;0,2758
2026-07-19 09:00;0,4453
2026-07-19 10:00;0,9070
2026-07-19 11:00;0,8368
2026-07-19 12:00;0,9070
2026-07-19 13:00;0,9070
2026-07-19 14:00;0,6380
2026-07-19 15:00;0,9070
2026-07-19 16:00;0,9070
2026-07-19 17:00;0,8977
2026-07-19 18:00;0,7496
2026-07-19 19:00;0,8778
2026-07-19 20:00;0,2325
2026-07-19 21:00;0,1050
2026-07-19 22:00;0,0898
2026-07-19 23:00;0,0699
2026-07-20 00:00;0,0975
2026-07-20 01:00;0,1324
2026-07-20 02:00;0,1767
2026-07-20 03:00;0,0935
2026-07-20 04:00;0,1051
2026-07-20 05:00;0,0928
2026-07-20 06:00;0,0983
2026-07-20 07:00;0,1914
2026-07-20 08:00;0,2626
2026-07-20 09:00;0,5664
2026-07-20 10:00;0,9070
2026-07-20 11:00;0,9070
2026-07-20 12:00;0,9070
2026-07-20 13:00;0,9070
2026-07-20 14:00;0,9070
2026-07-20 15:00;0,9070
2026-07-20 16:00;0,8767
2026-07-20 17:00;0,9070
2026-07-20 18:00;0,8437
2026-07-20 19:00;0,9070
2026-07-20 20:00;0,5974
2026-07-20 21:00;0,4808
2026-07-20 22:00;0,8567
2026-07-20 23:00;0,1540
2026-07-21 00:00;0,1439
2026-07-21 01:00;0,1494
2026-07-21 02:00;0,5459
2026-07-21 03:00;0,5284
2026-07-21 04:00;0,1496
2026-07-21 05:00;0,1072
2026-07-21 06:00;0,2541
2026-07-21 07:00;0,8358
2026-07-21 08:00;0,9070
2026-07-21 09:00;0,9070
2026-07-21 10:00;0,9070
2026-07-21 11:00;0,8882
2026-07-21 12:00;0,7180
2026-07-21 13:00;0,8042
2026-07-21 14:00;0,2029
2026-07-21 15:00;0,0364
2026-07-21 16:00;0,1016
2026-07-21 17:00;0,1679
2026-07-21 18:00;0,5623
2026-07-21 19:00;0,9070
2026-07-21 20:00;0,3568
2026-07-21 21:00;0,3097
2026-07-21 22:00;0,2992
2026-07-21 23:00;0,2539
2026-07-22 00:00;0,1387
2026-07-22 01:00;0,1671
2026-07-22 02:00;0,1752
2026-07-22 03:00;0,1868
2026-07-22 04:00;0,2350
2026-07-22 05:00;0,2677
2026-07-22 06:00;0,2207
2026-07-22 07:00;0,2087
2026-07-22 08:00;0,2108
2026-07-22 09:00;0,5213
2026-07-22 10:00;0,9070
2026-07-22 11:00;0,7478
2026-07-22 12:00;0,8145
2026-07-22 13:00;0,8565
2026-07-22 14:00;0,9070
2026-07-22 15:00;0,9070
2026-07-22 16:00;0,8637
2026-07-22 17:00;0,9070
2026-07-22 18:00;0,8655
2026-07-22 19:00;0,9070
2026-07-22 20:00;0,7251
2026-07-22 21:00;0,2874
2026-07-22 22:00;0,2460
2026-07-22 23:00;0,1969
2026-07-23 00:00;0,1366
2026-07-23 01:00;0,0764
2026-07-23 02:00;0,0188
2026-07-23 03:00;0,0414
2026-07-23 04:00;0,1257
2026-07-23 05:00;0,1303
2026-07-23 06:00;0,1280
2026-07-23 07:00;0,1200
2026-07-23 08:00;0,0868
2026-07-23 09:00;0,2902
2026-07-23 10:00;0,1293
2026-07-23 11:00;0,7185
2026-07-23 12:00;0,7682
2026-07-23 13:00;0,7357
2026-07-23 14:00;0,9070
2026-07-23 15:00;0,8847
2026-07-23 16:00;0,8472
2026-07-23 17:00;0,8190
2026-07-23 18:00;0,7364
2026-07-23 19:00;0,8162
2026-07-23 20:00;0,6023
2026-07-23 21:00;0,4595
2026-07-23 22:00;0,3489
2026-07-23 23:00;0,2461
2026-07-24 00:00;0,2460
2026-07-24 01:00;0,1616
2026-07-24 02:00;0,0684
2026-07-24 03:00;0,1485
2026-07-24 04:00;0,1519
2026-07-24 05:00;0,1401
2026-07-24 06:00;0,1990
2026-07-24 07:00;0,2343
2026-07-24 08:00;0,2453
2026-07-24 09:00;0,4323
2026-07-24 10:00;0,9070
2026-07-24 11:00;0,7917
2026-07-24 12:00;0,9070
2026-07-24 13:00;0,8943
2026-07-24 14:00;0,9070
2026-07-24 15:00;0,8423
2026-07-24 16:00;0,9070
2026-07-24 17:00;0,9070
2026-07-24 18:00;0,6455
2026-07-24 19:00;0,9070
2026-07-24 20:00;0,1656
2026-07-24 21:00;0,0717
2026-07-24 22:00;0,1000
2026-07-24 23:00;0,1414
2026-07-25 00:00;0,2043
2026-07-25 01:00;0,2430
2026-07-25 02:00;0,2680
2026-07-25 03:00;0,3134
2026-07-25 04:00;0,2722
2026-07-25 05:00;0,2425
2026-07-25 06:00;0,2929
2026-07-25 07:00;0,8240
2026-07-25 08:00;0,3476
2026-07-25 09:00;0,3503
2026-07-25 10:00;0,8586
2026-07-25 11:00;0,6454
2026-07-25 12:00;0,7350
2026-07-25 13:00;0,9070
2026-07-25 14:00;0,7565
2026-07-25 15:00;0,5443
2026-07-25 16:00;0,8514
2026-07-25 17:00;0,1135
2026-07-25 18:00;0,2560
2026-07-25 19:00;0,1855
2026-07-25 20:00;0,1228
2026-07-25 21:00;0,0386
2026-07-25 22:00;0,1443
2026-07-25 23:00;0,2713
2026-07-26 00:00;0,1065
2026-07-26 01:00;0,1400
2026-07-26 02:00;0,1833
2026-07-26 03:00;0,0187
2026-07-26 04:00;0,1507
2026-07-26 05:00;0,1481
2026-07-26 06:00;0,0932
2026-07-26 07:00;0,1210
2026-07-26 08:00;0,2525
2026-07-26 09:00;0,5454
2026-07-26 10:00;0,1418
2026-07-26 11:00;0,9070
2026-07-26 12:00;0,9070
2026-07-26 13:00;0,9070
2026-07-26 14:00;0,9070
2026-07-26 15:00;0,9070
2026-07-26 16:00;0,9070
2026-07-26 17:00;0,9070
2026-07-26 18:00;0,8801
2026-07-26 19:00;0,9045
2026-07-26 20:00;0,2773
2026-07-26 21:00;0,2483
2026-07-26 22:00;0,2201
2026-07-26 23:00;0,1881
2026-07-27 00:00;0,1711
2026-07-27 01:00;0,1187
2026-07-27 02:00;0,0779
2026-07-27 03:00;0,0843
2026-07-27 04:00;0,0706
2026-07-27 05:00;0,0627
2026-07-27 06:00;0,2156
2026-07-27 07:00;0,8779
2026-07-27 08:00;0,6582
2026-07-27 09:00;0,8612
2026-07-27 10:00;0,9070
2026-07-27 11:00;0,9070
2026-07-27 12:00;0,9070
2026-07-27 13:00;0,9070
2026-07-27 14:00;0,7401
2026-07-27 15:00;0,8967
2026-07-27 16:00;0,9070
2026-07-27 17:00;0,9070
2026-07-27 18:00;0,9070
2026-07-27 19:00;0,9070
2026-07-27 20:00;0,6323
2026-07-27 21:00;0,3166
2026-07-27 22:00;0,2269
2026-07-27 23:00;0,1476
2026-07-28 00:00;0,4329
2026-07-28 01:00;0,1521
2026-07-28 02:00;0,2628
2026-07-28 03:00;0,1878
2026-07-28 04:00;0,1430
2026-07-28 05:00;0,0912
2026-07-28 06:00;0,0578
2026-07-28 07:00;0,2272
2026-07-28 08:00;0,4745
2026-07-28 09:00;0,4990
2026-07-28 10:00;0,7987
2026-07-28 11:00;0,1625
2026-07-28 12:00;0,0878
2026-07-28 13:00;0,1010
2026-07-28 14:00;0,1046
2026-07-28 15:00;0,6667
2026-07-28 16:00;0,9070
2026-07-28 17:00;0,9070
2026-07-28 18:00;0,9070
2026-07-28 19:00;0,9070
2026-07-28 20:00;0,9070
2026-07-28 21:00;0,9070
2026-07-28 22:00;0,9063
2026-07-28 23:00;0,9070
2026-07-29 00:00;0,3095
2026-07-29 01:00;0,4533
2026-07-29 02:00;0,4023
2026-07-29 03:00;0,3376
2026-07-29 04:00;0,2922
2026-07-29 05:00;0,2825
2026-07-29 06:00;0,6099
2026-07-29 07:00;0,8607
2026-07-29 08:00;0,8898
2026-07-29 09:00;0,8228
2026-07-29 10:00;0,4613
2026-07-29 11:00;0,4574
2026-07-29 12:00;0,3618
2026-07-29 13:00;0,3626
2026-07-29 14:00;0,4108
2026-07-29 15:00;0,4850
2026-07-29 16:00;0,9051
2026-07-29 17:00;0,5651
2026-07-29 18:00;0,6436
2026-07-29 19:00;0,9070
2026-07-29 20:00;0,6180
2026-07-29 21:00;0,7101
2026-07-29 22:00;0,9070
2026-07-29 23:00;0,3319
2026-07-30 00:00;0,4279
2026-07-30 01:00;0,9070
2026-07-30 02:00;0,6103
2026-07-30 03:00;0,4704
2026-07-30 04:00;0,4578
2026-07-30 05:00;0,4343
2026-07-30 06:00;0,3254
2026-07-30 07:00;0,2889
2026-07-30 08:00;0,4232
2026-07-30 09:00;0,5745
2026-07-30 10:00;0,9070
2026-07-30 11:00;0,9070
2026-07-30 12:00;0,9070
2026-07-30 13:00;0,9070
2026-07-30 14:00;0,8407
2026-07-30 15:00;0,8145
2026-07-30 16:00;0,9070
2026-07-30 17:00;0,9070
2026-07-30 18:00;0,7465
2026-07-30 19:00;0,6126
2026-07-30 20:00;0,6366
2026-07-30 21:00;0,3820
2026-07-30 22:00;0,3694
2026-07-30 23:00;0,3586
2026-07-31 00:00;0,3683
2026-07-31 01:00;0,4158
2026-07-31 02:00;0,4728
2026-07-31 03:00;0,3048
2026-07-31 04:00;0,4205
2026-07-31 05:00;0,4411
2026-07-31 06:00;0,4032
2026-07-31 07:00;0,4527
2026-07-31 08:00;0,6351
2026-07-31 09:00;0,9070
2026-07-31 10:00;0,4857
2026-07-31 11:00;0,9070
2026-07-31 12:00;0,9070
2026-07-31 13:00;0,9070
2026-07-31 14:00;0,9070
2026-07-31 15:00;0,9070
2026-07-31 16:00;0,9070
2026-07-31 17:00;0,9070
2026-07-31 18:00;0,9070
2026-07-31 19:00;0,9070
2026-07-31 20:00;0,6638
2026-07-31 21:00;0,5894
2026-07-31 22:00;0,5742
2026-07-31 23:00;0,5704
2026-08-01 00:00;0,5816
2026-08-01 01:00;0,5380
2026-08-01 02:00;0,4327
2026-08-01 03:00;0,4252
2026-08-01 04:00;0,5955
2026-08-01 05:00;0,1596
2026-08-01 06:00;0,3911
2026-08-01 07:00;0,4812
2026-08-01 08:00;0,1034
2026-08-01 09:00;0,0000
2026-08-01 10:00;0,0000
2026-08-01 11:00;0,1026
2026-08-01 12:00;0,2116
2026-08-01 13:00;0,6203
2026-08-01 14:00;0,0000
2026-08-01 15:00;0,0109
2026-08-01 16:00;0,6105
2026-08-01 17:00;0,6769
2026-08-01 18:00;0,6825
2026-08-01 19:00;0,6881
2026-08-01 20:00;0,4740
2026-08-01 21:00;0,2161
2026-08-01 22:00;0,2342
2026-08-01 23:00;0,0041
2026-08-02 00:00;0,0000
2026-08-02 01:00;0,0000
2026-08-02 02:00;0,0000
2026-08-02 03:00;0,0000
2026-08-02 04:00;0,0000
2026-08-02 05:00;0,0000
2026-08-02 06:00;0,0000
2026-08-02 07:00;0,6533
2026-08-02 08:00;0,4848
2026-08-02 09:00;0,3723
2026-08-02 10:00;0,7532
2026-08-02 11:00;0,1833
2026-08-02 12:00;0,1185
2026-08-02 13:00;0,7808
2026-08-02 14:00;0,2540
2026-08-02 15:00;0,3183
2026-08-02 16:00;0,6352
2026-08-02 17:00;0,6775
2026-08-02 18:00;0,7765
2026-08-02 19:00;0,7378
2026-08-02 20:00;0,5134
2026-08-02 21:00;0,4572
2026-08-02 22:00;0,0045
2026-08-02 23:00;0,5947
2026-08-03 00:00;0,0090
2026-08-03 01:00;0,0015
2026-08-03 02:00;0,0000
2026-08-03 03:00;0,0000
2026-08-03 04:00;0,0227
2026-08-03 05:00;0,0372
2026-08-03 06:00;0,0781
2026-08-03 07:00;0,5179
2026-08-03 08:00;0,8955
2026-08-03 09:00;0,9011
2026-08-03 10:00;0,9067
2026-08-03 11:00;0,6509
2026-08-03 12:00;0,7063
2026-08-03 13:00;0,8425
2026-08-03 14:00;0,5814
2026-08-03 15:00;0,5527
2026-08-03 16:00;0,9070
2026-08-03 17:00;0,9070
2026-08-03 18:00;0,8893
2026-08-03 19:00;0,7937
2026-08-03 20:00;0,7915
2026-08-03 21:00;0,7818
2026-08-03 22:00;0,8376
2026-08-03 23:00;0,7588
2026-08-04 00:00;0,1827
2026-08-04 01:00;0,2019
2026-08-04 02:00;0,2121
2026-08-04 03:00;0,2603
2026-08-04 04:00;0,2848
2026-08-04 05:00;0,2818
2026-08-04 06:00;0,3299
2026-08-04 07:00;0,8216
2026-08-04 08:00;0,5951
2026-08-04 09:00;0,5611
2026-08-04 10:00;0,7827
2026-08-04 11:00;0,3030
2026-08-04 12:00;0,2466
2026-08-04 13:00;0,9070
2026-08-04 14:00;0,5252
2026-08-04 15:00;0,7920
2026-08-04 16:00;0,9070
2026-08-04 17:00;0,9070
2026-08-04 18:00;0,9070
2026-08-04 19:00;0,9070
2026-08-04 20:00;0,6337
2026-08-04 21:00;0,4974
2026-08-04 22:00;0,8095
2026-08-04 23:00;0,3970
2026-08-05 00:00;0,9070
2026-08-05 01:00;0,9070
2026-08-05 02:00;0,8691
2026-08-05 03:00;0,8366
2026-08-05 04:00;0,8270
2026-08-05 05:00;0,9070
2026-08-05 06:00;0,8415
2026-08-05 07:00;0,8566
2026-08-05 08:00;0,8304
2026-08-05 09:00;0,9070
2026-08-05 10:00;0,9070
2026-08-05 11:00;0,9070
2026-08-05 12:00;0,7564
2026-08-05 13:00;0,8521
2026-08-05 14:00;0,1775
2026-08-05 15:00;0,0000
2026-08-05 16:00;0,0190
2026-08-05 17:00;0,0633
2026-08-05 18:00;0,2650
2026-08-05 19:00;0,1976
2026-08-05 20:00;0,1542
2026-08-05 21:00;0,1712
2026-08-05 22:00;0,1400
2026-08-05 23:00;0,1146
2026-08-06 00:00;0,0695
2026-08-06 01:00;0,0471
2026-08-06 02:00;0,0215
2026-08-06 03:00;0,0466
2026-08-06 04:00;0,0556
2026-08-06 05:00;0,0679
2026-08-06 06:00;0,0733
2026-08-06 07:00;0,9070
2026-08-06 08:00;0,7952
2026-08-06 09:00;0,7723
2026-08-06 10:00;0,8937
2026-08-06 11:00;0,5454
2026-08-06 12:00;0,4988
2026-08-06 13:00;0,9070
2026-08-06 14:00;0,9070
2026-08-06 15:00;0,9070
2026-08-06 16:00;0,9070
2026-08-06 17:00;0,9062
2026-08-06 18:00;0,9070
2026-08-06 19:00;0,8596
2026-08-06 20:00;0,3246
2026-08-06 21:00;0,2307
2026-08-06 22:00;0,3335
2026-08-06 23:00;0,3704
2026-08-07 00:00;0,1384
2026-08-07 01:00;0,1112
2026-08-07 02:00;0,0871
2026-08-07 03:00;0,0967
2026-08-07 04:00;0,1248
2026-08-07 05:00;0,1588
2026-08-07 06:00;0,2174
2026-08-07 07:00;0,6350
2026-08-07 08:00;0,9070
2026-08-07 09:00;0,9070
2026-08-07 10:00;0,9070
2026-08-07 11:00;0,8900
2026-08-07 12:00;0,8747
2026-08-07 13:00;0,9070
2026-08-07 14:00;0,5670
2026-08-07 15:00;0,5529
2026-08-07 16:00;0,9049
2026-08-07 17:00;0,8484
2026-08-07 18:00;0,8716
2026-08-07 19:00;0,8503
2026-08-07 20:00;0,8258
2026-08-07 21:00;0,8764
2026-08-07 22:00;0,9070
2026-08-07 23:00;0,8190
2026-08-08 00:00;0,1487
2026-08-08 01:00;0,1335
2026-08-08 02:00;0,1930
2026-08-08 03:00;0,2086
2026-08-08 04:00;0,1523
2026-08-08 05:00;0,1006
2026-08-08 06:00;0,1844
2026-08-08 07:00;0,1392
2026-08-08 08:00;0,2418
2026-08-08 09:00;0,4934
2026-08-08 10:00;0,8967
2026-08-08 11:00;0,9070
2026-08-08 12:00;0,9070
2026-08-08 13:00;0,9070
2026-08-08 14:00;0,9070
2026-08-08 15:00;0,9070
2026-08-08 16:00;0,9070
2026-08-08 17:00;0,9070
2026-08-08 18:00;0,5921
2026-08-08 19:00;0,8857
2026-08-08 20:00;0,1576
2026-08-08 21:00;0,1165
2026-08-08 22:00;0,1596
2026-08-08 23:00;0,1952
2026-08-09 00:00;0,3845
2026-08-09 01:00;0,9070
2026-08-09 02:00;0,2778
2026-08-09 03:00;0,2015
2026-08-09 04:00;0,1596
2026-08-09 05:00;0,0782
2026-08-09 06:00;0,0816
2026-08-09 07:00;0,1626
2026-08-09 08:00;0,8284
2026-08-09 09:00;0,9070
2026-08-09 10:00;0,5798
2026-08-09 11:00;0,9070
2026-08-09 12:00;0,9070
2026-08-09 13:00;0,6265
2026-08-09 14:00;0,9070
2026-08-09 15:00;0,9070
2026-08-09 16:00;0,1617
2026-08-09 17:00;0,7715
2026-08-09 18:00;0,7028
2026-08-09 19:00;0,5118
2026-08-09 20:00;0,4398
2026-08-09 21:00;0,6326
2026-08-09 22:00;0,4683
2026-08-09 23:00;0,5854
2026-08-10 00:00;0,1028
2026-08-10 01:00;0,1540
2026-08-10 02:00;0,1826
2026-08-10 03:00;0,3415
2026-08-10 04:00;0,9070
2026-08-10 05:00;0,4020
2026-08-10 06:00;0,4275
2026-08-10 07:00;0,9070
2026-08-10 08:00;0,4852
2026-08-10 09:00;0,5858
2026-08-10 10:00;0,9070
2026-08-10 11:00;0,9070
2026-08-10 12:00;0,8935
2026-08-10 13:00;0,8939
2026-08-10 14:00;0,8985
2026-08-10 15:00;0,9070
2026-08-10 16:00;0,9070
2026-08-10 17:00;0,8884
2026-08-10 18:00;0,4624
2026-08-10 19:00;0,2828
2026-08-10 20:00;0,0722
2026-08-10 21:00;0,0983
2026-08-10 22:00;0,0979
2026-08-10 23:00;0,0946
2026-08-11 00:00;0,0465
2026-08-11 01:00;0,0626
2026-08-11 02:00;0,0827
2026-08-11 03:00;0,0700
2026-08-11 04:00;0,0789
2026-08-11 05:00;0,0822
2026-08-11 06:00;0,0840
2026-08-11 07:00;0,0807
2026-08-11 08:00;0,0869
2026-08-11 09:00;0,1489
2026-08-11 10:00;0,1579
2026-08-11 11:00;0,1936
2026-08-11 12:00;0,3515
2026-08-11 13:00;0,9070
2026-08-11 14:00;0,9070
2026-08-11 15:00;0,9070
2026-08-11 16:00;0,9070
2026-08-11 17:00;0,8943
2026-08-11 18:00;0,9070
2026-08-11 19:00;0,9070
2026-08-11 20:00;0,9070
2026-08-11 21:00;0,9070
2026-08-11 22:00;0,9070
2026-08-11 23:00;0,9070
2026-08-12 00:00;0,1077
2026-08-12 01:00;0,0824
2026-08-12 02:00;0,0723
2026-08-12 03:00;0,0200
2026-08-12 04:00;0,0313
2026-08-12 05:00;0,0447
2026-08-12 06:00;0,0669
2026-08-12 07:00;0,2321
2026-08-12 08:00;0,3728
2026-08-12 09:00;0,4880
2026-08-12 10:00;0,6491
2026-08-12 11:00;0,8740
2026-08-12 12:00;0,9070
2026-08-12 13:00;0,9070
2026-08-12 14:00;0,9070
2026-08-12 15:00;0,9070
2026-08-12 16:00;0,8609
2026-08-12 17:00;0,9070
2026-08-12 18:00;0,9070
2026-08-12 19:00;0,8610
2026-08-12 20:00;0,4735
2026-08-12 21:00;0,8109
2026-08-12 22:00;0,9070
2026-08-12 23:00;0,6569
2026-08-13 00:00;0,0181
2026-08-13 01:00;0,0473
2026-08-13 02:00;0,0709
2026-08-13 03:00;0,0969
2026-08-13 04:00;0,1435
2026-08-13 05:00;0,1317
2026-08-13 06:00;0,1288
2026-08-13 07:00;0,1010
2026-08-13 08:00;0,0787
2026-08-13 09:00;0,3042
2026-08-13 10:00;0,9070
2026-08-13 11:00;0,8928
2026-08-13 12:00;0,8101
2026-08-13 13:00;0,8811
2026-08-13 14:00;0,9070
2026-08-13 15:00;0,9070
2026-08-13 16:00;0,9070
2026-08-13 17:00;0,9070
2026-08-13 18:00;0,9070
2026-08-13 19:00;0,9070
2026-08-13 20:00;0,7831
2026-08-13 21:00;0,3297
2026-08-13 22:00;0,2645
2026-08-13 23:00;0,1795
2026-08-14 00:00;0,0182
2026-08-14 01:00;0,1304
2026-08-14 02:00;0,2543
2026-08-14 03:00;0,0373
2026-08-14 04:00;0,1172
2026-08-14 05:00;0,2107
2026-08-14 06:00;0,1455
2026-08-14 07:00;0,1972
2026-08-14 08:00;0,2730
2026-08-14 09:00;0,4322
2026-08-14 10:00;0,9070
2026-08-14 11:00;0,9070
2026-08-14 12:00;0,9070
2026-08-14 13:00;0,9025
2026-08-14 14:00;0,9070
2026-08-14 15:00;0,8478
2026-08-14 16:00;0,9070
2026-08-14 17:00;0,9070
2026-08-14 18:00;0,8630
2026-08-14 19:00;0,9070
2026-08-14 20:00;0,5547
2026-08-14 21:00;0,4560
2026-08-14 22:00;0,8435
2026-08-14 23:00;0,4892
2026-08-15 00:00;0,0695
2026-08-15 01:00;0,0689
2026-08-15 02:00;0,0679
2026-08-15 03:00;0,1496
2026-08-15 04:00;0,9070
2026-08-15 05:00;0,6469
2026-08-15 06:00;0,3471
2026-08-15 07:00;0,3091
2026-08-15 08:00;0,2726
2026-08-15 09:00;0,5025
2026-08-15 10:00;0,9070
2026-08-15 11:00;0,9070
2026-08-15 12:00;0,9049
2026-08-15 13:00;0,8696
2026-08-15 14:00;0,9070
2026-08-15 15:00;0,9070
2026-08-15 16:00;0,9070
2026-08-15 17:00;0,9070
2026-08-15 18:00;0,6573
2026-08-15 19:00;0,9070
2026-08-15 20:00;0,7217
2026-08-15 21:00;0,4940
2026-08-15 22:00;0,2584
2026-08-15 23:00;0,0714
2026-08-16 00:00;0,0304
2026-08-16 01:00;0,0536
2026-08-16 02:00;0,0825
2026-08-16 03:00;0,1140
2026-08-16 04:00;0,1382
2026-08-16 05:00;0,1567
2026-08-16 06:00;0,1175
2026-08-16 07:00;0,8229
2026-08-16 08:00;0,5594
2026-08-16 09:00;0,8198
2026-08-16 10:00;0,1569
2026-08-16 11:00;0,8832
2026-08-16 12:00;0,6047
2026-08-16 13:00;0,9070
2026-08-16 14:00;0,4901
2026-08-16 15:00;0,6442
2026-08-16 16:00;0,9070
2026-08-16 17:00;0,8882
2026-08-16 18:00;0,9070
2026-08-16 19:00;0,8762
2026-08-16 20:00;0,6162
2026-08-16 21:00;0,4701
2026-08-16 22:00;0,9070
2026-08-16 23:00;0,1311
2026-08-17 00:00;0,1506
2026-08-17 01:00;0,1385
2026-08-17 02:00;0,1166
2026-08-17 03:00;0,0800
2026-08-17 04:00;0,2536
2026-08-17 05:00;0,4530
2026-08-17 06:00;0,3244
2026-08-17 07:00;0,3499
2026-08-17 08:00;0,3701
2026-08-17 09:00;0,8809
2026-08-17 10:00;0,9070
2026-08-17 11:00;0,9070
2026-08-17 12:00;0,9070
2026-08-17 13:00;0,9070
2026-08-17 14:00;0,9070
2026-08-17 15:00;0,9070
2026-08-17 16:00;0,9070
2026-08-17 17:00;0,9070
2026-08-17 18:00;0,9070
2026-08-17 19:00;0,9070
2026-08-17 20:00;0,7246
2026-08-17 21:00;0,5175
2026-08-17 22:00;0,9070
2026-08-17 23:00;0,5199
2026-08-18 00:00;0,2046
2026-08-18 01:00;0,1704
2026-08-18 02:00;0,1330
2026-08-18 03:00;0,0892
2026-08-18 04:00;0,0568
2026-08-18 05:00;0,0184
2026-08-18 06:00;0,6985
2026-08-18 07:00;0,9070
2026-08-18 08:00;0,9070
2026-08-18 09:00;0,9070
2026-08-18 10:00;0,9070
2026-08-18 11:00;0,9070
2026-08-18 12:00;0,0209
2026-08-18 13:00;0,1438
2026-08-18 14:00;0,1911
2026-08-18 15:00;0,6206
2026-08-18 16:00;0,9070
2026-08-18 17:00;0,9070
2026-08-18 18:00;0,9070
2026-08-18 19:00;0,9070
2026-08-18 20:00;0,9070
2026-08-18 21:00;0,9070
2026-08-18 22:00;0,9070
2026-08-18 23:00;0,8025
2026-08-19 00:00;0,0903
2026-08-19 01:00;0,1229
2026-08-19 02:00;0,1596
2026-08-19 03:00;0,2959
2026-08-19 04:00;0,8855
2026-08-19 05:00;0,3453
2026-08-19 06:00;0,3587
2026-08-19 07:00;0,9070
2026-08-19 08:00;0,4513
2026-08-19 09:00;0,5316
2026-08-19 10:00;0,9070
2026-08-19 11:00;0,9070
2026-08-19 12:00;0,9070
2026-08-19 13:00;0,9070
2026-08-19 14:00;0,8828
2026-08-19 15:00;0,9070
2026-08-19 16:00;0,9070
2026-08-19 17:00;0,7655
2026-08-19 18:00;0,3862
2026-08-19 19:00;0,2435
2026-08-19 20:00;0,0664
2026-08-19 21:00;0,0935
2026-08-19 22:00;0,0895
2026-08-19 23:00;0,0888
2026-08-20 00:00;0,0959
2026-08-20 01:00;0,1299
2026-08-20 02:00;0,1694
2026-08-20 03:00;0,2354
2026-08-20 04:00;0,2783
2026-08-20 05:00;0,3166
2026-08-20 06:00;0,3344
2026-08-20 07:00;0,9070
2026-08-20 08:00;0,5693
2026-08-20 09:00;0,5212
2026-08-20 10:00;0,7857
2026-08-20 11:00;0,7628
2026-08-20 12:00;0,7649
2026-08-20 13:00;0,8889
2026-08-20 14:00;0,8631
2026-08-20 15:00;0,9070
2026-08-20 16:00;0,9022
2026-08-20 17:00;0,6909
2026-08-20 18:00;0,4049
2026-08-20 19:00;0,2715
2026-08-20 20:00;0,1681
2026-08-20 21:00;0,1533
2026-08-20 22:00;0,1663
2026-08-20 23:00;0,1934
2026-08-21 00:00;0,1966
2026-08-21 01:00;0,2259
2026-08-21 02:00;0,2710
2026-08-21 03:00;0,2020
2026-08-21 04:00;0,1705
2026-08-21 05:00;0,1292
2026-08-21 06:00;0,1250
2026-08-21 07:00;0,4262
2026-08-21 08:00;0,7365
2026-08-21 09:00;0,9070
2026-08-21 10:00;0,9070
2026-08-21 11:00;0,5382
2026-08-21 12:00;0,2489
2026-08-21 13:00;0,4800
2026-08-21 14:00;0,2365
2026-08-21 15:00;0,5884
2026-08-21 16:00;0,9070
2026-08-21 17:00;0,9070
2026-08-21 18:00;0,9070
2026-08-21 19:00;0,9070
2026-08-21 20:00;0,4485
2026-08-21 21:00;0,3899
2026-08-21 22:00;0,9070
2026-08-21 23:00;0,4416
2026-08-22 00:00;0,6202
2026-08-22 01:00;0,1445
2026-08-22 02:00;0,6965
2026-08-22 03:00;0,5364
2026-08-22 04:00;0,1169
2026-08-22 05:00;0,3389
2026-08-22 06:00;0,3069
2026-08-22 07:00;0,7973
2026-08-22 08:00;0,4972
2026-08-22 09:00;0,3959
2026-08-22 10:00;0,1155
2026-08-22 11:00;0,4002
2026-08-22 12:00;0,4665
2026-08-22 13:00;0,8040
2026-08-22 14:00;0,8533
2026-08-22 15:00;0,9051
2026-08-22 16:00;0,9070
2026-08-22 17:00;0,8679
2026-08-22 18:00;0,9070
2026-08-22 19:00;0,8752
2026-08-22 20:00;0,6984
2026-08-22 21:00;0,4352
2026-08-22 22:00;0,2971
2026-08-22 23:00;0,1505
2026-08-23 00:00;0,1069
2026-08-23 01:00;0,0917
2026-08-23 02:00;0,0654
2026-08-23 03:00;0,0198
2026-08-23 04:00;0,0286
2026-08-23 05:00;0,0404
2026-08-23 06:00;0,0725
2026-08-23 07:00;0,2403
2026-08-23 08:00;0,4055
2026-08-23 09:00;0,5364
2026-08-23 10:00;0,6940
2026-08-23 11:00;0,8252
2026-08-23 12:00;0,9070
2026-08-23 13:00;0,9070
2026-08-23 14:00;0,9070
2026-08-23 15:00;0,9070
2026-08-23 16:00;0,9070
2026-08-23 17:00;0,9070
2026-08-23 18:00;0,9070
2026-08-23 19:00;0,8394
2026-08-23 20:00;0,4849
2026-08-23 21:00;0,8740
2026-08-23 22:00;0,9070
2026-08-23 23:00;0,5660
2026-08-24 00:00;0,2379
2026-08-24 01:00;0,1737
2026-08-24 02:00;0,1416
2026-08-24 03:00;0,1907
2026-08-24 04:00;0,1119
2026-08-24 05:00;0,0423
2026-08-24 06:00;0,0958
2026-08-24 07:00;0,2684
2026-08-24 08:00;0,5603
2026-08-24 09:00;0,2670
2026-08-24 10:00;0,9070
2026-08-24 11:00;0,7928
2026-08-24 12:00;0,9031
2026-08-24 13:00;0,9070
2026-08-24 14:00;0,9070
2026-08-24 15:00;0,9070
2026-08-24 16:00;0,9070
2026-08-24 17:00;0,9070
2026-08-24 18:00;0,9070
2026-08-24 19:00;0,9070
2026-08-24 20:00;0,8530
2026-08-24 21:00;0,4327
2026-08-24 22:00;0,3139
2026-08-24 23:00;0,1435
2026-08-25 00:00;0,3189
2026-08-25 01:00;0,3224
2026-08-25 02:00;0,3093
2026-08-25 03:00;0,3189
2026-08-25 04:00;0,1727
2026-08-25 05:00;0,0190
2026-08-25 06:00;0,0405
2026-08-25 07:00;0,0949
2026-08-25 08:00;0,1517
2026-08-25 09:00;0,3826
2026-08-25 10:00;0,9070
2026-08-25 11:00;0,8613
2026-08-25 12:00;0,8037
2026-08-25 13:00;0,8388
2026-08-25 14:00;0,8381
2026-08-25 15:00;0,8707
2026-08-25 16:00;0,8521
2026-08-25 17:00;0,8147
2026-08-25 18:00;0,8680
2026-08-25 19:00;0,8369
2026-08-25 20:00;0,1899
2026-08-25 21:00;0,2625
2026-08-25 22:00;0,1666
2026-08-25 23:00;0,0645
2026-08-26 00:00;0,8710
2026-08-26 01:00;0,9070
2026-08-26 02:00;0,9070
2026-08-26 03:00;0,9070
2026-08-26 04:00;0,8578
2026-08-26 05:00;0,8188
2026-08-26 06:00;0,9070
2026-08-26 07:00;0,9070
2026-08-26 08:00;0,8128
2026-08-26 09:00;0,5835
2026-08-26 10:00;0,9070
2026-08-26 11:00;0,9070
2026-08-26 12:00;0,8361
2026-08-26 13:00;0,9070
2026-08-26 14:00;0,7380
2026-08-26 15:00;0,5122
2026-08-26 16:00;0,2829
2026-08-26 17:00;0,0384
2026-08-26 18:00;0,0167
2026-08-26 19:00;0,0853
2026-08-26 20:00;0,1743
2026-08-26 21:00;0,2090
2026-08-26 22:00;0,1080
2026-08-26 23:00;0,0176
2026-08-27 00:00;0,2386
2026-08-27 01:00;0,2220
2026-08-27 02:00;0,1978
2026-08-27 03:00;0,1887
2026-08-27 04:00;0,2015
2026-08-27 05:00;0,1883
2026-08-27 06:00;0,4052
2026-08-27 07:00;0,9070
2026-08-27 08:00;0,9070
2026-08-27 09:00;0,9070
2026-08-27 10:00;0,9070
2026-08-27 11:00;0,8980
2026-08-27 12:00;0,8254
2026-08-27 13:00;0,9019
2026-08-27 14:00;0,7787
2026-08-27 15:00;0,8984
2026-08-27 16:00;0,9070
2026-08-27 17:00;0,8424
2026-08-27 18:00;0,9070
2026-08-27 19:00;0,9070
2026-08-27 20:00;0,4374
2026-08-27 21:00;0,4709
2026-08-27 22:00;0,1356
2026-08-27 23:00;0,4325
2026-08-28 00:00;0,9070
2026-08-28 01:00;0,9070
2026-08-28 02:00;0,8786
2026-08-28 03:00;0,6089
2026-08-28 04:00;0,9070
2026-08-28 05:00;0,5999
2026-08-28 06:00;0,5856
2026-08-28 07:00;0,8921
2026-08-28 08:00;0,8965
2026-08-28 09:00;0,8334
2026-08-28 10:00;0,9070
2026-08-28 11:00;0,8951
2026-08-28 12:00;0,6589
2026-08-28 13:00;0,9070
2026-08-28 14:00;0,1878
2026-08-28 15:00;0,0349
2026-08-28 16:00;0,3054
2026-08-28 17:00;0,5656
2026-08-28 18:00;0,8565
2026-08-28 19:00;0,2822
2026-08-28 20:00;0,2551
2026-08-28 21:00;0,1657
2026-08-28 22:00;0,1520
2026-08-28 23:00;0,1352
2026-08-29 00:00;0,0184
2026-08-29 01:00;0,0499
2026-08-29 02:00;0,0713
2026-08-29 03:00;0,0966
2026-08-29 04:00;0,1593
2026-08-29 05:00;0,1641
2026-08-29 06:00;0,1543
2026-08-29 07:00;0,1320
2026-08-29 08:00;0,1109
2026-08-29 09:00;0,3075
2026-08-29 10:00;0,8569
2026-08-29 11:00;0,9070
2026-08-29 12:00;0,9070
2026-08-29 13:00;0,9070
2026-08-29 14:00;0,9070
2026-08-29 15:00;0,9070
2026-08-29 16:00;0,9070
2026-08-29 17:00;0,9070
2026-08-29 18:00;0,9070
2026-08-29 19:00;0,9070
2026-08-29 20:00;0,8762
2026-08-29 21:00;0,3842
2026-08-29 22:00;0,3122
2026-08-29 23:00;0,2699
2026-08-30 00:00;0,2762
2026-08-30 01:00;0,9070
2026-08-30 02:00;0,6859
2026-08-30 03:00;0,5553
2026-08-30 04:00;0,9070
2026-08-30 05:00;0,4244
2026-08-30 06:00;0,4518
2026-08-30 07:00;0,3863
2026-08-30 08:00;0,4335
2026-08-30 09:00;0,7675
2026-08-30 10:00;0,9070
2026-08-30 11:00;0,9070
2026-08-30 12:00;0,9070
2026-08-30 13:00;0,9070
2026-08-30 14:00;0,7094
2026-08-30 15:00;0,9070
2026-08-30 16:00;0,9070
2026-08-30 17:00;0,9070
2026-08-30 18:00;0,7950
2026-08-30 19:00;0,4856
2026-08-30 20:00;0,1738
2026-08-30 21:00;0,2839
2026-08-30 22:00;0,2369
2026-08-30 23:00;0,1828
2026-08-31 00:00;0,2382
2026-08-31 01:00;0,3243
2026-08-31 02:00;0,3917
2026-08-31 03:00;0,4003
2026-08-31 04:00;0,9070
2026-08-31 05:00;0,8264
2026-08-31 06:00;0,9070
2026-08-31 07:00;0,9070
2026-08-31 08:00;0,8776
2026-08-31 09:00;0,9070
2026-08-31 10:00;0,9070
2026-08-31 11:00;0,9070
2026-08-31 12:00;0,9070
2026-08-31 13:00;0,9070
2026-08-31 14:00;0,8859
2026-08-31 15:00;0,6708
2026-08-31 16:00;0,9070
2026-08-31 17:00;0,3675
2026-08-31 18:00;0,2224
2026-08-31 19:00;0,2734
2026-08-31 20:00;0,3423
2026-08-31 21:00;0,2757
2026-08-31 22:00;0,2944
2026-08-31 23:00;0,3084
2026-09-01 00:00;0,3141
2026-09-01 01:00;0,7447
2026-09-01 02:00;0,3681
2026-09-01 03:00;0,1910
2026-09-01 04:00;0,6900
2026-09-01 05:00;0,0881
2026-09-01 06:00;0,0978
2026-09-01 07:00;0,0270
2026-09-01 08:00;0,1044
2026-09-01 09:00;0,0576
2026-09-01 10:00;0,1368
2026-09-01 11:00;0,2401
2026-09-01 12:00;0,2418
2026-09-01 13:00;0,8147
2026-09-01 14:00;0,4956
2026-09-01 15:00;0,7971
2026-09-01 16:00;0,8233
2026-09-01 17:00;0,8261
2026-09-01 18:00;0,6345
2026-09-01 19:00;0,8318
2026-09-01 20:00;0,1205
2026-09-01 21:00;0,0583
2026-09-01 22:00;0,0791
2026-09-01 23:00;0,1235
2026-09-02 00:00;0,8297
2026-09-02 01:00;0,7381
2026-09-02 02:00;0,8517
2026-09-02 03:00;0,6706
2026-09-02 04:00;0,7080
2026-09-02 05:00;0,3111
2026-09-02 06:00;0,4335
2026-09-02 07:00;0,7223
2026-09-02 08:00;0,7621
2026-09-02 09:00;0,5014
2026-09-02 10:00;0,8744
2026-09-02 11:00;0,5754
2026-09-02 12:00;0,0000
2026-09-02 13:00;0,0506
2026-09-02 14:00;0,1576
2026-09-02 15:00;0,2643
2026-09-02 16:00;0,2324
2026-09-02 17:00;0,1678
2026-09-02 18:00;0,0482
2026-09-02 19:00;0,0683
2026-09-02 20:00;0,0692
2026-09-02 21:00;0,0000
2026-09-02 22:00;0,0793
2026-09-02 23:00;0,0000
2026-09-03 00:00;0,0045
2026-09-03 01:00;0,0000
2026-09-03 02:00;0,0000
2026-09-03 03:00;0,4538
2026-09-03 04:00;0,9070
2026-09-03 05:00;0,4362
2026-09-03 06:00;0,5033
2026-09-03 07:00;0,9070
2026-09-03 08:00;0,7660
2026-09-03 09:00;0,1048
2026-09-03 10:00;0,8115
2026-09-03 11:00;0,7996
2026-09-03 12:00;0,9070
2026-09-03 13:00;0,4629
2026-09-03 14:00;0,9070
2026-09-03 15:00;0,8632
2026-09-03 16:00;0,7557
2026-09-03 17:00;0,9070
2026-09-03 18:00;0,9070
2026-09-03 19:00;0,9070
2026-09-03 20:00;0,1281
2026-09-03 21:00;0,2968
2026-09-03 22:00;0,4296
2026-09-03 23:00;0,1326
2026-09-04 00:00;0,1954
2026-09-04 01:00;0,1412
2026-09-04 02:00;0,2552
2026-09-04 03:00;0,4900
2026-09-04 04:00;0,9070
2026-09-04 05:00;0,7370
2026-09-04 06:00;0,5997
2026-09-04 07:00;0,9070
2026-09-04 08:00;0,8484
2026-09-04 09:00;0,8255
2026-09-04 10:00;0,8540
2026-09-04 11:00;0,7486
2026-09-04 12:00;0,6902
2026-09-04 13:00;0,9070
2026-09-04 14:00;0,4706
2026-09-04 15:00;0,3010
2026-09-04 16:00;0,3306
2026-09-04 17:00;0,3377
2026-09-04 18:00;0,3172
2026-09-04 19:00;0,2821
2026-09-04 20:00;0,2478
2026-09-04 21:00;0,1993
2026-09-04 22:00;0,1529
2026-09-04 23:00;0,2616
2026-09-05 00:00;0,2678
2026-09-05 01:00;0,9070
2026-09-05 02:00;0,6081
2026-09-05 03:00;0,8189
2026-09-05 04:00;0,9070
2026-09-05 05:00;0,6074
2026-09-05 06:00;0,5589
2026-09-05 07:00;0,9070
2026-09-05 08:00;0,4186
2026-09-05 09:00;0,8105
2026-09-05 10:00;0,9070
2026-09-05 11:00;0,8877
2026-09-05 12:00;0,9070
2026-09-05 13:00;0,9070
2026-09-05 14:00;0,9070
2026-09-05 15:00;0,9070
2026-09-05 16:00;0,9070
2026-09-05 17:00;0,0411
2026-09-05 18:00;0,0387
2026-09-05 19:00;0,0173
2026-09-05 20:00;0,0184
2026-09-05 21:00;0,0175
2026-09-05 22:00;0,0998
2026-09-05 23:00;0,1820
2026-09-06 00:00;0,0699
2026-09-06 01:00;0,1305
2026-09-06 02:00;0,2001
2026-09-06 03:00;0,2671
2026-09-06 04:00;0,1671
2026-09-06 05:00;0,1021
2026-09-06 06:00;0,1319
2026-09-06 07:00;0,2184
2026-09-06 08:00;0,3328
2026-09-06 09:00;0,3284
2026-09-06 10:00;0,7817
2026-09-06 11:00;0,8086
2026-09-06 12:00;0,9070
2026-09-06 13:00;0,8861
2026-09-06 14:00;0,8878
2026-09-06 15:00;0,9070
2026-09-06 16:00;0,9070
2026-09-06 17:00;0,9070
2026-09-06 18:00;0,5509
2026-09-06 19:00;0,3402
2026-09-06 20:00;0,1582
2026-09-06 21:00;0,1049
2026-09-06 22:00;0,2969
2026-09-06 23:00;0,1670
2026-09-07 00:00;0,1730
2026-09-07 01:00;0,1465
2026-09-07 02:00;0,1286
2026-09-07 03:00;0,0888
2026-09-07 04:00;0,0679
2026-09-07 05:00;0,0381
2026-09-07 06:00;0,2982
2026-09-07 07:00;0,8410
2026-09-07 08:00;0,3966
2026-09-07 09:00;0,0955
2026-09-07 10:00;0,9070
2026-09-07 11:00;0,6192
2026-09-07 12:00;0,8154
2026-09-07 13:00;0,9070
2026-09-07 14:00;0,9070
2026-09-07 15:00;0,9070
2026-09-07 16:00;0,9070
2026-09-07 17:00;0,9070
2026-09-07 18:00;0,9070
2026-09-07 19:00;0,9070
2026-09-07 20:00;0,1517
2026-09-07 21:00;0,0404
2026-09-07 22:00;0,1403
2026-09-07 23:00;0,2482
2026-09-08 00:00;0,1184
2026-09-08 01:00;0,1526
2026-09-08 02:00;0,1070
2026-09-08 03:00;0,1190
2026-09-08 04:00;0,0993
2026-09-08 05:00;0,0784
2026-09-08 06:00;0,0727
2026-09-08 07:00;0,2358
2026-09-08 08:00;0,3843
2026-09-08 09:00;0,6495
2026-09-08 10:00;0,8303
2026-09-08 11:00;0,8923
2026-09-08 12:00;0,9070
2026-09-08 13:00;0,9070
2026-09-08 14:00;0,9026
2026-09-08 15:00;0,9070
2026-09-08 16:00;0,8950
2026-09-08 17:00;0,9070
2026-09-08 18:00;0,3807
2026-09-08 19:00;0,9070
2026-09-08 20:00;0,3627
2026-09-08 21:00;0,1225
2026-09-08 22:00;0,1393
2026-09-08 23:00;0,1831
2026-09-09 00:00;0,1534
2026-09-09 01:00;0,1390
2026-09-09 02:00;0,1174
2026-09-09 03:00;0,1021
2026-09-09 04:00;0,1340
2026-09-09 05:00;0,1485
2026-09-09 06:00;0,2120
2026-09-09 07:00;0,2934
2026-09-09 08:00;0,3698
2026-09-09 09:00;0,3605
2026-09-09 10:00;0,9070
2026-09-09 11:00;0,7621
2026-09-09 12:00;0,8184
2026-09-09 13:00;0,9070
2026-09-09 14:00;0,9070
2026-09-09 15:00;0,9070
2026-09-09 16:00;0,9070
2026-09-09 17:00;0,8272
2026-09-09 18:00;0,5696
2026-09-09 19:00;0,9070
2026-09-09 20:00;0,1924
2026-09-09 21:00;0,2069
2026-09-09 22:00;0,2277
2026-09-09 23:00;0,2775
2026-09-10 00:00;0,1447
2026-09-10 01:00;0,1766
2026-09-10 02:00;0,1819
2026-09-10 03:00;0,2345
2026-09-10 04:00;0,8651
2026-09-10 05:00;0,3588
2026-09-10 06:00;0,4417
2026-09-10 07:00;0,8857
2026-09-10 08:00;0,5609
2026-09-10 09:00;0,7593
2026-09-10 10:00;0,9070
2026-09-10 11:00;0,9070
2026-09-10 12:00;0,9070
2026-09-10 13:00;0,9070
2026-09-10 14:00;0,9070
2026-09-10 15:00;0,9070
2026-09-10 16:00;0,9070
2026-09-10 17:00;0,8938
2026-09-10 18:00;0,5832
2026-09-10 19:00;0,8854
2026-09-10 20:00;0,1234
2026-09-10 21:00;0,1306
2026-09-10 22:00;0,1019
2026-09-10 23:00;0,0848
2026-09-11 00:00;0,0653
2026-09-11 01:00;0,0783
2026-09-11 02:00;0,0883
2026-09-11 03:00;0,1218
2026-09-11 04:00;0,1812
2026-09-11 05:00;0,2368
2026-09-11 06:00;0,1759
2026-09-11 07:00;0,2505
2026-09-11 08:00;0,3395
2026-09-11 09:00;0,3332
2026-09-11 10:00;0,9070
2026-09-11 11:00;0,9070
2026-09-11 12:00;0,9070
2026-09-11 13:00;0,9070
2026-09-11 14:00;0,9070
2026-09-11 15:00;0,9070
2026-09-11 16:00;0,9070
2026-09-11 17:00;0,9070
2026-09-11 18:00;0,8136
2026-09-11 19:00;0,9070
2026-09-11 20:00;0,4124
2026-09-11 21:00;0,4517
2026-09-11 22:00;0,9070
2026-09-11 23:00;0,3711
2026-09-12 00:00;0,1841
2026-09-12 01:00;0,1513
2026-09-12 02:00;0,1374
2026-09-12 03:00;0,0674
2026-09-12 04:00;0,0717
2026-09-12 05:00;0,0658
2026-09-12 06:00;0,0903
2026-09-12 07:00;0,2171
2026-09-12 08:00;0,3253
2026-09-12 09:00;0,2378
2026-09-12 10:00;0,9070
2026-09-12 11:00;0,9070
2026-09-12 12:00;0,9070
2026-09-12 13:00;0,9070
2026-09-12 14:00;0,9070
2026-09-12 15:00;0,9070
2026-09-12 16:00;0,9070
2026-09-12 17:00;0,9061
2026-09-12 18:00;0,8095
2026-09-12 19:00;0,9070
2026-09-12 20:00;0,3826
2026-09-12 21:00;0,4126
2026-09-12 22:00;0,9070
2026-09-12 23:00;0,4275
2026-09-13 00:00;0,2393
2026-09-13 01:00;0,4919
2026-09-13 02:00;0,1825
2026-09-13 03:00;0,1708
2026-09-13 04:00;0,4718
2026-09-13 05:00;0,1285
2026-09-13 06:00;0,1353
2026-09-13 07:00;0,1429
2026-09-13 08:00;0,6340
2026-09-13 09:00;0,4626
2026-09-13 10:00;0,1602
2026-09-13 11:00;0,4124
2026-09-13 12:00;0,5535
2026-09-13 13:00;0,9044
2026-09-13 14:00;0,9070
2026-09-13 15:00;0,9070
2026-09-13 16:00;0,9070
2026-09-13 17:00;0,9070
2026-09-13 18:00;0,9070
2026-09-13 19:00;0,9070
2026-09-13 20:00;0,8462
2026-09-13 21:00;0,5927
2026-09-13 22:00;0,8757
2026-09-13 23:00;0,7840
2026-09-14 00:00;0,9070
2026-09-14 01:00;0,9070
2026-09-14 02:00;0,9070
2026-09-14 03:00;0,8083
2026-09-14 04:00;0,9070
2026-09-14 05:00;0,2346
2026-09-14 06:00;0,3199
2026-09-14 07:00;0,9070
2026-09-14 08:00;0,9070
2026-09-14 09:00;0,6933
2026-09-14 10:00;0,7658
2026-09-14 11:00;0,3430
2026-09-14 12:00;0,2002
2026-09-14 13:00;0,1119
2026-09-14 14:00;0,0160
2026-09-14 15:00;0,5741
2026-09-14 16:00;0,9070
2026-09-14 17:00;0,7570
2026-09-14 18:00;0,8897
2026-09-14 19:00;0,9070
2026-09-14 20:00;0,2387
2026-09-14 21:00;0,1000
2026-09-14 22:00;0,3240
2026-09-14 23:00;0,5170
2026-09-15 00:00;0,1310
2026-09-15 01:00;0,1141
2026-09-15 02:00;0,0946
2026-09-15 03:00;0,0414
2026-09-15 04:00;0,2310
2026-09-15 05:00;0,1480
2026-09-15 06:00;0,0442
2026-09-15 07:00;0,1027
2026-09-15 08:00;0,3927
2026-09-15 09:00;0,3792
2026-09-15 10:00;0,9070
2026-09-15 11:00;0,2935
2026-09-15 12:00;0,3196
2026-09-15 13:00;0,7987
2026-09-15 14:00;0,6977
2026-09-15 15:00;0,9070
2026-09-15 16:00;0,9070
2026-09-15 17:00;0,9070
2026-09-15 18:00;0,8814
2026-09-15 19:00;0,9070
2026-09-15 20:00;0,1120
2026-09-15 21:00;0,2938
2026-09-15 22:00;0,5894
2026-09-15 23:00;0,2969
2026-09-16 00:00;0,1862
2026-09-16 01:00;0,5286
2026-09-16 02:00;0,2527
2026-09-16 03:00;0,2532
2026-09-16 04:00;0,2790
2026-09-16 05:00;0,3120
2026-09-16 06:00;0,2937
2026-09-16 07:00;0,7824
2026-09-16 08:00;0,8720
2026-09-16 09:00;0,9070
2026-09-16 10:00;0,8066
2026-09-16 11:00;0,9070
2026-09-16 12:00;0,9070
2026-09-16 13:00;0,9070
2026-09-16 14:00;0,9070
2026-09-16 15:00;0,9070
2026-09-16 16:00;0,9070
2026-09-16 17:00;0,9070
2026-09-16 18:00;0,6727
2026-09-16 19:00;0,9070
2026-09-16 20:00;0,2869
2026-09-16 21:00;0,0563
2026-09-16 22:00;0,1689
2026-09-16 23:00;0,0882
2026-09-17 00:00;0,3244
2026-09-17 01:00;0,1652
2026-09-17 02:00;0,0161
2026-09-17 03:00;0,0162
2026-09-17 04:00;0,8401
2026-09-17 05:00;0,0157
2026-09-17 06:00;0,0148
2026-09-17 07:00;0,7137
2026-09-17 08:00;0,0147
2026-09-17 09:00;0,0534
2026-09-17 10:00;0,4333
2026-09-17 11:00;0,2568
2026-09-17 12:00;0,4595
2026-09-17 13:00;0,6101
2026-09-17 14:00;0,7418
2026-09-17 15:00;0,9070
2026-09-17 16:00;0,5044
2026-09-17 17:00;0,9070
2026-09-17 18:00;0,9070
2026-09-17 19:00;0,8773
2026-09-17 20:00;0,3024
2026-09-17 21:00;0,2614
2026-09-17 22:00;0,2391
2026-09-17 23:00;0,2160
2026-09-18 00:00;0,2346
2026-09-18 01:00;0,8187
2026-09-18 02:00;0,3752
2026-09-18 03:00;0,4239
2026-09-18 04:00;0,9070
2026-09-18 05:00;0,4604
2026-09-18 06:00;0,5005
2026-09-18 07:00;0,9070
2026-09-18 08:00;0,9070
2026-09-18 09:00;0,9070
2026-09-18 10:00;0,9070
2026-09-18 11:00;0,8213
2026-09-18 12:00;0,5679
2026-09-18 13:00;0,9070
2026-09-18 14:00;0,1415
2026-09-18 15:00;0,0683
2026-09-18 16:00;0,0706
2026-09-18 17:00;0,0743
2026-09-18 18:00;0,1664
2026-09-18 19:00;0,1731
2026-09-18 20:00;0,1671
2026-09-18 21:00;0,1508
2026-09-18 22:00;0,1494
2026-09-18 23:00;0,1521
2026-09-19 00:00;0,1855
2026-09-19 01:00;0,1936
2026-09-19 02:00;0,1841
2026-09-19 03:00;0,2532
2026-09-19 04:00;0,2447
2026-09-19 05:00;0,1888
2026-09-19 06:00;0,1697
2026-09-19 07:00;0,5019
2026-09-19 08:00;0,4176
2026-09-19 09:00;0,4024
2026-09-19 10:00;0,5377
2026-09-19 11:00;0,4600
2026-09-19 12:00;0,7156
2026-09-19 13:00;0,9070
2026-09-19 14:00;0,9070
2026-09-19 15:00;0,9070
2026-09-19 16:00;0,9070
2026-09-19 17:00;0,9070
2026-09-19 18:00;0,9070
2026-09-19 19:00;0,9070
2026-09-19 20:00;0,1614
2026-09-19 21:00;0,1643
2026-09-19 22:00;0,0824
2026-09-19 23:00;0,0190
2026-09-20 00:00;0,0697
2026-09-20 01:00;0,1488
2026-09-20 02:00;0,0972
2026-09-20 03:00;0,1025
2026-09-20 04:00;0,1514
2026-09-20 05:00;0,1166
2026-09-20 06:00;0,1580
2026-09-20 07:00;0,1660
2026-09-20 08:00;0,2258
2026-09-20 09:00;0,5035
2026-09-20 10:00;0,9070
2026-09-20 11:00;0,9070
2026-09-20 12:00;0,9070
2026-09-20 13:00;0,9070
2026-09-20 14:00;0,9070
2026-09-20 15:00;0,9070
2026-09-20 16:00;0,9070
2026-09-20 17:00;0,9066
2026-09-20 18:00;0,4075
2026-09-20 19:00;0,2555
2026-09-20 20:00;0,0789
2026-09-20 21:00;0,0535
2026-09-20 22:00;0,9070
2026-09-20 23:00;0,6504
2026-09-21 00:00;0,7450
2026-09-21 01:00;0,9070
2026-09-21 02:00;0,7952
2026-09-21 03:00;0,7160
2026-09-21 04:00;0,9070
2026-09-21 05:00;0,6189
2026-09-21 06:00;0,3244
2026-09-21 07:00;0,3453
2026-09-21 08:00;0,4767
2026-09-21 09:00;0,7046
2026-09-21 10:00;0,9070
2026-09-21 11:00;0,8175
2026-09-21 12:00;0,8940
2026-09-21 13:00;0,9070
2026-09-21 14:00;0,9070
2026-09-21 15:00;0,8594
2026-09-21 16:00;0,9070
2026-09-21 17:00;0,6326
2026-09-21 18:00;0,4401
2026-09-21 19:00;0,2339
2026-09-21 20:00;0,0696
2026-09-21 21:00;0,0191
2026-09-21 22:00;0,1270
2026-09-21 23:00;0,0664
2026-09-22 00:00;0,4882
2026-09-22 01:00;0,8960
2026-09-22 02:00;0,3591
2026-09-22 03:00;0,3014
2026-09-22 04:00;0,2213
2026-09-22 05:00;0,1894
2026-09-22 06:00;0,1962
2026-09-22 07:00;0,2794
2026-09-22 08:00;0,4178
2026-09-22 09:00;0,5314
2026-09-22 10:00;0,9070
2026-09-22 11:00;0,2010
2026-09-22 12:00;0,4338
2026-09-22 13:00;0,9070
2026-09-22 14:00;0,8009
2026-09-22 15:00;0,7770
2026-09-22 16:00;0,9070
2026-09-22 17:00;0,8696
2026-09-22 18:00;0,6835
2026-09-22 19:00;0,9070
2026-09-22 20:00;0,1149
2026-09-22 21:00;0,0473
2026-09-22 22:00;0,0471
2026-09-22 23:00;0,0459
2026-09-23 00:00;0,0396
2026-09-23 01:00;0,0317
2026-09-23 02:00;0,0178
2026-09-23 03:00;0,0397
2026-09-23 04:00;0,1491
2026-09-23 05:00;0,1944
2026-09-23 06:00;0,2721
2026-09-23 07:00;0,9070
2026-09-23 08:00;0,8509
2026-09-23 09:00;0,8570
2026-09-23 10:00;0,9070
2026-09-23 11:00;0,9070
2026-09-23 12:00;0,9070
2026-09-23 13:00;0,9070
2026-09-23 14:00;0,9070
2026-09-23 15:00;0,9070
2026-09-23 16:00;0,4949
2026-09-23 17:00;0,9070
2026-09-23 18:00;0,9070
2026-09-23 19:00;0,5185
2026-09-23 20:00;0,3288
2026-09-23 21:00;0,4848
2026-09-23 22:00;0,1253
2026-09-23 23:00;0,8259
2026-09-24 00:00;0,2198
2026-09-24 01:00;0,4958
2026-09-24 02:00;0,2585
2026-09-24 03:00;0,2434
2026-09-24 04:00;0,1433
2026-09-24 05:00;0,0182
2026-09-24 06:00;0,0638
2026-09-24 07:00;0,1755
2026-09-24 08:00;0,3103
2026-09-24 09:00;0,5530
2026-09-24 10:00;0,8623
2026-09-24 11:00;0,4928
2026-09-24 12:00;0,7556
2026-09-24 13:00;0,9070
2026-09-24 14:00;0,9070
2026-09-24 15:00;0,8940
2026-09-24 16:00;0,9070
2026-09-24 17:00;0,8816
2026-09-24 18:00;0,6260
2026-09-24 19:00;0,9070
2026-09-24 20:00;0,3862
2026-09-24 21:00;0,4728
2026-09-24 22:00;0,9070
2026-09-24 23:00;0,5451
2026-09-25 00:00;0,3059
2026-09-25 01:00;0,2572
2026-09-25 02:00;0,2412
2026-09-25 03:00;0,0676
2026-09-25 04:00;0,2529
2026-09-25 05:00;0,4088
2026-09-25 06:00;0,2521
2026-09-25 07:00;0,1931
2026-09-25 08:00;0,1039
2026-09-25 09:00;0,1013
2026-09-25 10:00;0,9070
2026-09-25 11:00;0,5522
2026-09-25 12:00;0,7038
2026-09-25 13:00;0,8290
2026-09-25 14:00;0,9070
2026-09-25 15:00;0,7504
2026-09-25 16:00;0,9070
2026-09-25 17:00;0,4139
2026-09-25 18:00;0,3898
2026-09-25 19:00;0,9070
2026-09-25 20:00;0,4519
2026-09-25 21:00;0,2848
2026-09-25 22:00;0,2850
2026-09-25 23:00;0,2933
2026-09-26 00:00;0,0906
2026-09-26 01:00;0,0618
2026-09-26 02:00;0,0355
2026-09-26 03:00;0,2616
2026-09-26 04:00;0,2905
2026-09-26 05:00;0,2739
2026-09-26 06:00;0,2610
2026-09-26 07:00;0,3191
2026-09-26 08:00;0,3283
2026-09-26 09:00;0,3268
2026-09-26 10:00;0,1927
2026-09-26 11:00;0,0697
2026-09-26 12:00;0,0296
2026-09-26 13:00;0,8607
2026-09-26 14:00;0,0311
2026-09-26 15:00;0,5116
2026-09-26 16:00;0,8839
2026-09-26 17:00;0,9026
2026-09-26 18:00;0,8734
2026-09-26 19:00;0,9070
2026-09-26 20:00;0,9070
2026-09-26 21:00;0,9070
2026-09-26 22:00;0,9070
2026-09-26 23:00;0,5655
2026-09-27 00:00;0,2477
2026-09-27 01:00;0,5165
2026-09-27 02:00;0,2166
2026-09-27 03:00;0,2131
2026-09-27 04:00;0,5782
2026-09-27 05:00;0,1518
2026-09-27 06:00;0,1481
2026-09-27 07:00;0,1610
2026-09-27 08:00;0,7134
2026-09-27 09:00;0,4699
2026-09-27 10:00;0,1496
2026-09-27 11:00;0,4264
2026-09-27 12:00;0,6765
2026-09-27 13:00;0,9070
2026-09-27 14:00;0,9070
2026-09-27 15:00;0,9070
2026-09-27 16:00;0,9070
2026-09-27 17:00;0,9070
2026-09-27 18:00;0,8624
2026-09-27 19:00;0,7341
2026-09-27 20:00;0,8397
2026-09-27 21:00;0,5688
2026-09-27 22:00;0,9070
2026-09-27 23:00;0,7568
2026-09-28 00:00;0,2614
2026-09-28 01:00;0,2346
2026-09-28 02:00;0,2478
2026-09-28 03:00;0,0586
2026-09-28 04:00;0,2355
2026-09-28 05:00;0,4203
2026-09-28 06:00;0,2364
2026-09-28 07:00;0,1612
2026-09-28 08:00;0,0843
2026-09-28 09:00;0,0858
2026-09-28 10:00;0,9070
2026-09-28 11:00;0,5436
2026-09-28 12:00;0,8111
2026-09-28 13:00;0,9070
2026-09-28 14:00;0,9070
2026-09-28 15:00;0,7604
2026-09-28 16:00;0,8460
2026-09-28 17:00;0,3598
2026-09-28 18:00;0,3376
2026-09-28 19:00;0,8350
2026-09-28 20:00;0,3161
2026-09-28 21:00;0,1919
2026-09-28 22:00;0,1858
2026-09-28 23:00;0,1998
2026-09-29 00:00;0,9070
2026-09-29 01:00;0,8944
2026-09-29 02:00;0,9070
2026-09-29 03:00;0,9070
2026-09-29 04:00;0,9070
2026-09-29 05:00;0,7491
2026-09-29 06:00;0,7388
2026-09-29 07:00;0,9070
2026-09-29 08:00;0,8928
2026-09-29 09:00;0,9070
2026-09-29 10:00;0,9070
2026-09-29 11:00;0,0248
2026-09-29 12:00;0,4853
2026-09-29 13:00;0,9070
2026-09-29 14:00;0,0899
2026-09-29 15:00;0,2954
2026-09-29 16:00;0,9070
2026-09-29 17:00;0,3677
2026-09-29 18:00;0,0822
2026-09-29 19:00;0,0522
2026-09-29 20:00;0,0392
2026-09-29 21:00;0,0000
2026-09-29 22:00;0,0874
2026-09-29 23:00;0,0167
2026-09-30 00:00;0,4745
2026-09-30 01:00;0,8690
2026-09-30 02:00;0,3045
2026-09-30 03:00;0,2679
2026-09-30 04:00;0,8935
2026-09-30 05:00;0,4047
2026-09-30 06:00;0,1899
2026-09-30 07:00;0,2096
2026-09-30 08:00;0,1568
2026-09-30 09:00;0,2316
2026-09-30 10:00;0,9070
2026-09-30 11:00;0,5984
2026-09-30 12:00;0,9070
2026-09-30 13:00;0,9070
2026-09-30 14:00;0,8621
2026-09-30 15:00;0,9059
2026-09-30 16:00;0,8856
2026-09-30 17:00;0,7250
2026-09-30 18:00;0,2538
2026-09-30 19:00;0,0982
2026-09-30 20:00;0,0000
2026-09-30 21:00;0,1282
2026-09-30 22:00;0,0738
2026-09-30 23:00;0,1229
2026-10-01 00:00;0,1206
2026-10-01 01:00;0,1846
2026-10-01 02:00;0,2507
2026-10-01 03:00;0,2859
2026-10-01 04:00;0,3138
2026-10-01 05:00;0,3901
2026-10-01 06:00;0,3661
2026-10-01 07:00;0,8239
2026-10-01 08:00;0,8192
2026-10-01 09:00;0,8954
2026-10-01 10:00;0,8917
2026-10-01 11:00;0,7808
2026-10-01 12:00;0,7396
2026-10-01 13:00;0,9070
2026-10-01 14:00;0,6107
2026-10-01 15:00;0,4941
2026-10-01 16:00;0,9070
2026-10-01 17:00;0,5445
2026-10-01 18:00;0,2558
2026-10-01 19:00;0,2841
2026-10-01 20:00;0,2949
2026-10-01 21:00;0,3331
2026-10-01 22:00;0,3632
2026-10-01 23:00;0,3976
2026-10-02 00:00;0,3171
2026-10-02 01:00;0,3785
2026-10-02 02:00;0,4353
2026-10-02 03:00;0,3956
2026-10-02 04:00;0,3912
2026-10-02 05:00;0,4083
2026-10-02 06:00;0,3226
2026-10-02 07:00;0,3549
2026-10-02 08:00;0,3751
2026-10-02 09:00;0,4499
2026-10-02 10:00;0,9070
2026-10-02 11:00;0,7901
2026-10-02 12:00;0,9070
2026-10-02 13:00;0,9070
2026-10-02 14:00;0,9063
2026-10-02 15:00;0,8406
2026-10-02 16:00;0,9070
2026-10-02 17:00;0,8266
2026-10-02 18:00;0,6662
2026-10-02 19:00;0,9070
2026-10-02 20:00;0,3478
2026-10-02 21:00;0,3258
2026-10-02 22:00;0,3000
2026-10-02 23:00;0,3300
2026-10-03 00:00;0,2919
2026-10-03 01:00;0,2622
2026-10-03 02:00;0,2896
2026-10-03 03:00;0,3648
2026-10-03 04:00;0,9070
2026-10-03 05:00;0,5421
2026-10-03 06:00;0,6466
2026-10-03 07:00;0,9070
2026-10-03 08:00;0,7335
2026-10-03 09:00;0,9070
2026-10-03 10:00;0,9070
2026-10-03 11:00;0,9070
2026-10-03 12:00;0,9070
2026-10-03 13:00;0,8866
2026-10-03 14:00;0,9070
2026-10-03 15:00;0,9070
2026-10-03 16:00;0,8981
2026-10-03 17:00;0,5255
2026-10-03 18:00;0,1894
2026-10-03 19:00;0,1509
2026-10-03 20:00;0,1197
2026-10-03 21:00;0,1515
2026-10-03 22:00;0,2438
2026-10-03 23:00;0,3257
2026-10-04 00:00;0,2495
2026-10-04 01:00;0,2988
2026-10-04 02:00;0,3436
2026-10-04 03:00;0,4425
2026-10-04 04:00;0,9070
2026-10-04 05:00;0,4999
2026-10-04 06:00;0,4134
2026-10-04 07:00;0,8781
2026-10-04 08:00;0,3720
2026-10-04 09:00;0,8169
2026-10-04 10:00;0,5026
2026-10-04 11:00;0,9070
2026-10-04 12:00;0,9070
2026-10-04 13:00;0,9070
2026-10-04 14:00;0,9070
2026-10-04 15:00;0,9070
2026-10-04 16:00;0,8799
2026-10-04 17:00;0,5454
2026-10-04 18:00;0,2099
2026-10-04 19:00;0,1768
2026-10-04 20:00;0,1415
2026-10-04 21:00;0,1406
2026-10-04 22:00;0,1733
2026-10-04 23:00;0,2023
2026-10-05 00:00;0,7548
2026-10-05 01:00;0,9070
2026-10-05 02:00;0,6572
2026-10-05 03:00;0,4441
2026-10-05 04:00;0,8556
2026-10-05 05:00;0,4737
2026-10-05 06:00;0,4462
2026-10-05 07:00;0,9070
2026-10-05 08:00;0,2816
2026-10-05 09:00;0,2877
2026-10-05 10:00;0,8902
2026-10-05 11:00;0,7011
2026-10-05 12:00;0,9070
2026-10-05 13:00;0,9070
2026-10-05 14:00;0,9070
2026-10-05 15:00;0,9070
2026-10-05 16:00;0,9070
2026-10-05 17:00;0,0189
2026-10-05 18:00;0,6420
2026-10-05 19:00;0,3440
2026-10-05 20:00;0,0418
2026-10-05 21:00;0,0194
2026-10-05 22:00;0,1525
2026-10-05 23:00;0,0774
2026-10-06 00:00;0,4792
2026-10-06 01:00;0,1383
2026-10-06 02:00;0,0817
2026-10-06 03:00;0,0178
2026-10-06 04:00;0,0291
2026-10-06 05:00;0,0430
2026-10-06 06:00;0,0679
2026-10-06 07:00;0,1366
2026-10-06 08:00;0,5215
2026-10-06 09:00;0,6037
2026-10-06 10:00;0,8161
2026-10-06 11:00;0,5893
2026-10-06 12:00;0,5566
2026-10-06 13:00;0,9070
2026-10-06 14:00;0,5734
2026-10-06 15:00;0,4595
2026-10-06 16:00;0,9070
2026-10-06 17:00;0,5834
2026-10-06 18:00;0,3477
2026-10-06 19:00;0,9070
2026-10-06 20:00;0,5510
2026-10-06 21:00;0,7497
2026-10-06 22:00;0,8844
2026-10-06 23:00;0,8246
2026-10-07 00:00;0,8198
2026-10-07 01:00;0,9070
2026-10-07 02:00;0,9070
2026-10-07 03:00;0,9070
2026-10-07 04:00;0,9070
2026-10-07 05:00;0,7285
2026-10-07 06:00;0,5142
2026-10-07 07:00;0,9070
2026-10-07 08:00;0,9070
2026-10-07 09:00;0,9070
2026-10-07 10:00;0,9070
2026-10-07 11:00;0,5137
2026-10-07 12:00;0,1986
2026-10-07 13:00;0,1068
2026-10-07 14:00;0,0383
2026-10-07 15:00;0,0411
2026-10-07 16:00;0,0907
2026-10-07 17:00;0,1549
2026-10-07 18:00;0,2783
2026-10-07 19:00;0,3744
2026-10-07 20:00;0,4857
2026-10-07 21:00;0,4949
2026-10-07 22:00;0,7517
2026-10-07 23:00;0,7125
2026-10-08 00:00;0,4167
2026-10-08 01:00;0,2328
2026-10-08 02:00;0,0698
2026-10-08 03:00;0,0400
2026-10-08 04:00;0,5058
2026-10-08 05:00;0,7342
2026-10-08 06:00;0,7658
2026-10-08 07:00;0,6130
2026-10-08 08:00;0,1082
2026-10-08 09:00;0,3876
2026-10-08 10:00;0,5120
2026-10-08 11:00;0,9066
2026-10-08 12:00;0,7161
2026-10-08 13:00;0,9070
2026-10-08 14:00;0,2986
2026-10-08 15:00;0,2884
2026-10-08 16:00;0,9070
2026-10-08 17:00;0,9070
2026-10-08 18:00;0,9070
2026-10-08 19:00;0,9070
2026-10-08 20:00;0,8441
2026-10-08 21:00;0,8957
2026-10-08 22:00;0,8083
2026-10-08 23:00;0,7469
2026-10-09 00:00;0,0582
2026-10-09 01:00;0,0822
2026-10-09 02:00;0,1204
2026-10-09 03:00;0,1125
2026-10-09 04:00;0,0590
2026-10-09 05:00;0,0060
2026-10-09 06:00;0,0068
2026-10-09 07:00;0,0338
2026-10-09 08:00;0,0621
2026-10-09 09:00;0,1049
2026-10-09 10:00;0,9070
2026-10-09 11:00;0,9070
2026-10-09 12:00;0,9070
2026-10-09 13:00;0,9070
2026-10-09 14:00;0,9070
2026-10-09 15:00;0,9070
2026-10-09 16:00;0,9070
2026-10-09 17:00;0,9070
2026-10-09 18:00;0,9070
2026-10-09 19:00;0,9070
2026-10-09 20:00;0,5912
2026-10-09 21:00;0,4123
2026-10-09 22:00;0,9070
2026-10-09 23:00;0,4384
2026-10-10 00:00;0,6353
2026-10-10 01:00;0,9070
2026-10-10 02:00;0,5905
2026-10-10 03:00;0,5354
2026-10-10 04:00;0,8566
2026-10-10 05:00;0,5295
2026-10-10 06:00;0,5928
2026-10-10 07:00;0,9070
2026-10-10 08:00;0,9070
2026-10-10 09:00;0,9070
2026-10-10 10:00;0,9070
2026-10-10 11:00;0,9070
2026-10-10 12:00;0,9058
2026-10-10 13:00;0,9070
2026-10-10 14:00;0,5078
2026-10-10 15:00;0,2792
2026-10-10 16:00;0,1587
2026-10-10 17:00;0,0189
2026-10-10 18:00;0,0410
2026-10-10 19:00;0,1171
2026-10-10 20:00;0,1898
2026-10-10 21:00;0,0169
2026-10-10 22:00;0,0432
2026-10-10 23:00;0,0744
2026-10-11 00:00;0,2759
2026-10-11 01:00;0,2125
2026-10-11 02:00;0,2051
2026-10-11 03:00;0,2639
2026-10-11 04:00;0,2092
2026-10-11 05:00;0,1964
2026-10-11 06:00;0,1804
2026-10-11 07:00;0,7183
2026-10-11 08:00;0,9070
2026-10-11 09:00;0,9070
2026-10-11 10:00;0,9070
2026-10-11 11:00;0,9070
2026-10-11 12:00;0,9070
2026-10-11 13:00;0,8740
2026-10-11 14:00;0,9070
2026-10-11 15:00;0,9070
2026-10-11 16:00;0,9070
2026-10-11 17:00;0,7811
2026-10-11 18:00;0,2380
2026-10-11 19:00;0,1321
2026-10-11 20:00;0,0875
2026-10-11 21:00;0,0828
2026-10-11 22:00;0,0606
2026-10-11 23:00;0,0381
2026-10-12 00:00;0,5361
2026-10-12 01:00;0,8316
2026-10-12 02:00;0,5719
2026-10-12 03:00;0,4815
2026-10-12 04:00;0,9070
2026-10-12 05:00;0,3680
2026-10-12 06:00;0,3529
2026-10-12 07:00;0,3480
2026-10-12 08:00;0,3217
2026-10-12 09:00;0,4148
2026-10-12 10:00;0,9070
2026-10-12 11:00;0,5160
2026-10-12 12:00;0,5630
2026-10-12 13:00;0,8677
2026-10-12 14:00;0,7536
2026-10-12 15:00;0,5759
2026-10-12 16:00;0,9063
2026-10-12 17:00;0,2487
2026-10-12 18:00;0,1377
2026-10-12 19:00;0,1212
2026-10-12 20:00;0,0981
2026-10-12 21:00;0,0979
2026-10-12 22:00;0,1010
2026-10-12 23:00;0,1081
2026-10-13 00:00;0,0904
2026-10-13 01:00;0,0705
2026-10-13 02:00;0,0383
2026-10-13 03:00;0,0195
2026-10-13 04:00;0,8686
2026-10-13 05:00;0,0169
2026-10-13 06:00;0,0376
2026-10-13 07:00;0,0728
2026-10-13 08:00;0,1049
2026-10-13 09:00;0,1116
2026-10-13 10:00;0,1558
2026-10-13 11:00;0,2053
2026-10-13 12:00;0,3543
2026-10-13 13:00;0,9070
2026-10-13 14:00;0,9070
2026-10-13 15:00;0,8186
2026-10-13 16:00;0,9070
2026-10-13 17:00;0,8422
2026-10-13 18:00;0,5553
2026-10-13 19:00;0,8408
2026-10-13 20:00;0,4972
2026-10-13 21:00;0,4808
2026-10-13 22:00;0,9070
2026-10-13 23:00;0,7088
2026-10-14 00:00;0,1392
2026-10-14 01:00;0,1898
2026-10-14 02:00;0,2211
2026-10-14 03:00;0,2556
2026-10-14 04:00;0,2627
2026-10-14 05:00;0,2727
2026-10-14 06:00;0,2830
2026-10-14 07:00;0,9070
2026-10-14 08:00;0,5889
2026-10-14 09:00;0,8900
2026-10-14 10:00;0,9070
2026-10-14 11:00;0,9070
2026-10-14 12:00;0,8645
2026-10-14 13:00;0,9070
2026-10-14 14:00;0,9070
2026-10-14 15:00;0,9070
2026-10-14 16:00;0,9070
2026-10-14 17:00;0,6493
2026-10-14 18:00;0,5814
2026-10-14 19:00;0,9070
2026-10-14 20:00;0,3878
2026-10-14 21:00;0,2221
2026-10-14 22:00;0,1830
2026-10-14 23:00;0,1609
2026-10-15 00:00;0,2703
2026-10-15 01:00;0,2860
2026-10-15 02:00;0,2570
2026-10-15 03:00;0,3463
2026-10-15 04:00;0,9070
2026-10-15 05:00;0,4621
2026-10-15 06:00;0,5354
2026-10-15 07:00;0,8434
2026-10-15 08:00;0,5793
2026-10-15 09:00;0,8745
2026-10-15 10:00;0,9070
2026-10-15 11:00;0,9070
2026-10-15 12:00;0,9070
2026-10-15 13:00;0,9070
2026-10-15 14:00;0,9070
2026-10-15 15:00;0,9070
2026-10-15 16:00;0,9070
2026-10-15 17:00;0,6091
2026-10-15 18:00;0,1823
2026-10-15 19:00;0,1694
2026-10-15 20:00;0,1290
2026-10-15 21:00;0,1583
2026-10-15 22:00;0,1996
2026-10-15 23:00;0,2527
2026-10-16 00:00;0,2026
2026-10-16 01:00;0,2417
2026-10-16 02:00;0,2677
2026-10-16 03:00;0,2662
2026-10-16 04:00;0,1432
2026-10-16 05:00;0,0685
2026-10-16 06:00;0,1449
2026-10-16 07:00;0,1682
2026-10-16 08:00;0,2113
2026-10-16 09:00;0,2257
2026-10-16 10:00;0,9070
2026-10-16 11:00;0,8365
2026-10-16 12:00;0,9070
2026-10-16 13:00;0,9070
2026-10-16 14:00;0,9070
2026-10-16 15:00;0,9070
2026-10-16 16:00;0,9070
2026-10-16 17:00;0,3744
2026-10-16 18:00;0,1894
2026-10-16 19:00;0,7654
2026-10-16 20:00;0,8958
2026-10-16 21:00;0,9070
2026-10-16 22:00;0,9070
2026-10-16 23:00;0,9070
2026-10-17 00:00;0,1919
2026-10-17 01:00;0,2568
2026-10-17 02:00;0,3404
2026-10-17 03:00;0,3387
2026-10-17 04:00;0,9070
2026-10-17 05:00;0,3526
2026-10-17 06:00;0,5229
2026-10-17 07:00;0,6994
2026-10-17 08:00;0,8723
2026-10-17 09:00;0,8344
2026-10-17 10:00;0,9070
2026-10-17 11:00;0,9070
2026-10-17 12:00;0,9070
2026-10-17 13:00;0,9070
2026-10-17 14:00;0,7976
2026-10-17 15:00;0,7192
2026-10-17 16:00;0,9070
2026-10-17 17:00;0,5507
2026-10-17 18:00;0,1944
2026-10-17 19:00;0,1985
2026-10-17 20:00;0,1991
2026-10-17 21:00;0,1328
2026-10-17 22:00;0,2775
2026-10-17 23:00;0,4056
2026-10-18 00:00;0,1297
2026-10-18 01:00;0,1517
2026-10-18 02:00;0,1944
2026-10-18 03:00;0,1905
2026-10-18 04:00;0,2771
2026-10-18 05:00;0,3538
2026-10-18 06:00;0,2054
2026-10-18 07:00;0,2305
2026-10-18 08:00;0,2432
2026-10-18 09:00;0,2571
2026-10-18 10:00;0,3206
2026-10-18 11:00;0,3474
2026-10-18 12:00;0,4997
2026-10-18 13:00;0,9070
2026-10-18 14:00;0,8659
2026-10-18 15:00;0,7600
2026-10-18 16:00;0,9070
2026-10-18 17:00;0,9070
2026-10-18 18:00;0,8513
2026-10-18 19:00;0,7571
2026-10-18 20:00;0,5899
2026-10-18 21:00;0,6042
2026-10-18 22:00;0,9070
2026-10-18 23:00;0,6239
2026-10-19 00:00;0,2894
2026-10-19 01:00;0,3388
2026-10-19 02:00;0,3693
2026-10-19 03:00;0,3850
2026-10-19 04:00;0,3609
2026-10-19 05:00;0,3523
2026-10-19 06:00;0,3105
2026-10-19 07:00;0,9070
2026-10-19 08:00;0,4346
2026-10-19 09:00;0,4758
2026-10-19 10:00;0,9070
2026-10-19 11:00;0,8366
2026-10-19 12:00;0,8976
2026-10-19 13:00;0,8999
2026-10-19 14:00;0,8948
2026-10-19 15:00;0,9070
2026-10-19 16:00;0,9070
2026-10-19 17:00;0,6257
2026-10-19 18:00;0,3775
2026-10-19 19:00;0,2442
2026-10-19 20:00;0,0680
2026-10-19 21:00;0,0933
2026-10-19 22:00;0,0801
2026-10-19 23:00;0,0604
2026-10-20 00:00;0,5623
2026-10-20 01:00;0,4345
2026-10-20 02:00;0,4880
2026-10-20 03:00;0,5328
2026-10-20 04:00;0,5828
2026-10-20 05:00;0,6518
2026-10-20 06:00;0,4912
2026-10-20 07:00;0,3324
2026-10-20 08:00;0,2484
2026-10-20 09:00;0,2219
2026-10-20 10:00;0,3670
2026-10-20 11:00;0,5018
2026-10-20 12:00;0,4516
2026-10-20 13:00;0,5904
2026-10-20 14:00;0,7172
2026-10-20 15:00;0,5715
2026-10-20 16:00;0,8523
2026-10-20 17:00;0,8267
2026-10-20 18:00;0,4575
2026-10-20 19:00;0,4284
2026-10-20 20:00;0,3416
2026-10-20 21:00;0,3105
2026-10-20 22:00;0,2186
2026-10-20 23:00;0,1682
2026-10-21 00:00;0,6284
2026-10-21 01:00;0,9070
2026-10-21 02:00;0,7496
2026-10-21 03:00;0,6755
2026-10-21 04:00;0,9070
2026-10-21 05:00;0,4354
2026-10-21 06:00;0,3272
2026-10-21 07:00;0,3329
2026-10-21 08:00;0,4052
2026-10-21 09:00;0,5539
2026-10-21 10:00;0,8639
2026-10-21 11:00;0,5224
2026-10-21 12:00;0,7790
2026-10-21 13:00;0,9070
2026-10-21 14:00;0,9070
2026-10-21 15:00;0,9070
2026-10-21 16:00;0,8509
2026-10-21 17:00;0,2810
2026-10-21 18:00;0,0669
2026-10-21 19:00;0,0389
2026-10-21 20:00;0,0711
2026-10-21 21:00;0,3243
2026-10-21 22:00;0,2350
2026-10-21 23:00;0,1666
2026-10-22 00:00;0,2021
2026-10-22 01:00;0,1564
2026-10-22 02:00;0,2049
2026-10-22 03:00;0,1107
2026-10-22 04:00;0,1412
2026-10-22 05:00;0,1561
2026-10-22 06:00;0,2165
2026-10-22 07:00;0,3059
2026-10-22 08:00;0,3805
2026-10-22 09:00;0,3642
2026-10-22 10:00;0,9070
2026-10-22 11:00;0,9070
2026-10-22 12:00;0,8734
2026-10-22 13:00;0,8618
2026-10-22 14:00;0,8592
2026-10-22 15:00;0,9070
2026-10-22 16:00;0,9070
2026-10-22 17:00;0,8234
2026-10-22 18:00;0,4918
2026-10-22 19:00;0,9070
2026-10-22 20:00;0,2662
2026-10-22 21:00;0,2200
2026-10-22 22:00;0,1918
2026-10-22 23:00;0,1447
2026-10-23 00:00;0,6287
2026-10-23 01:00;0,9070
2026-10-23 02:00;0,6314
2026-10-23 03:00;0,5453
2026-10-23 04:00;0,9070
2026-10-23 05:00;0,3401
2026-10-23 06:00;0,3366
2026-10-23 07:00;0,3607
2026-10-23 08:00;0,3443
2026-10-23 09:00;0,4510
2026-10-23 10:00;0,9070
2026-10-23 11:00;0,5403
2026-10-23 12:00;0,6676
2026-10-23 13:00;0,9070
2026-10-23 14:00;0,8178
2026-10-23 15:00;0,5975
2026-10-23 16:00;0,9070
2026-10-23 17:00;0,2764
2026-10-23 18:00;0,1636
2026-10-23 19:00;0,1441
2026-10-23 20:00;0,1037
2026-10-23 21:00;0,0977
2026-10-23 22:00;0,0909
2026-10-23 23:00;0,0849
2026-10-24 00:00;0,0915
2026-10-24 01:00;0,0895
2026-10-24 02:00;0,0840
2026-10-24 03:00;0,0779
2026-10-24 04:00;0,1004
2026-10-24 05:00;0,1086
2026-10-24 06:00;0,0593
2026-10-24 07:00;0,1063
2026-10-24 08:00;0,1364
2026-10-24 09:00;0,1921
2026-10-24 10:00;0,9070
2026-10-24 11:00;0,9070
2026-10-24 12:00;0,9070
2026-10-24 13:00;0,9070
2026-10-24 14:00;0,9070
2026-10-24 15:00;0,9070
2026-10-24 16:00;0,9070
2026-10-24 17:00;0,9070
2026-10-24 18:00;0,9070
2026-10-24 19:00;0,9070
2026-10-24 20:00;0,9070
2026-10-24 21:00;0,7932
2026-10-24 22:00;0,9070
2026-10-24 23:00;0,8148
2026-10-25 00:00;0,2251
2026-10-25 01:00;0,2415
2026-10-25 02:00;0,2904
2026-10-25 03:00;0,2875
2026-10-25 04:00;0,2749
2026-10-25 05:00;0,2537
2026-10-25 06:00;0,1891
2026-10-25 07:00;0,2097
2026-10-25 08:00;0,2790
2026-10-25 09:00;0,4083
2026-10-25 10:00;0,9070
2026-10-25 11:00;0,7402
2026-10-25 12:00;0,9070
2026-10-25 13:00;0,9070
2026-10-25 14:00;0,9070
2026-10-25 15:00;0,8492
2026-10-25 16:00;0,8991
2026-10-25 17:00;0,7700
2026-10-25 18:00;0,6079
2026-10-25 19:00;0,9070
2026-10-25 20:00;0,3072
2026-10-25 21:00;0,3094
2026-10-25 22:00;0,3252
2026-10-25 23:00;0,3468
2026-10-26 00:00;0,2217
2026-10-26 01:00;0,1817
2026-10-26 02:00;0,1545
2026-10-26 03:00;0,2184
2026-10-26 04:00;0,1785
2026-10-26 05:00;0,1530
2026-10-26 06:00;0,1520
2026-10-26 07:00;0,6721
2026-10-26 08:00;0,9070
2026-10-26 09:00;0,8476
2026-10-26 10:00;0,8896
2026-10-26 11:00;0,9070
2026-10-26 12:00;0,9070
2026-10-26 13:00;0,9070
2026-10-26 14:00;0,9070
2026-10-26 15:00;0,9070
2026-10-26 16:00;0,9070
2026-10-26 17:00;0,8609
2026-10-26 18:00;0,2367
2026-10-26 19:00;0,1470
2026-10-26 20:00;0,1091
2026-10-26 21:00;0,1047
2026-10-26 22:00;0,0647
2026-10-26 23:00;0,0361
2026-10-27 00:00;0,3206
2026-10-27 01:00;0,9070
2026-10-27 02:00;0,3914
2026-10-27 03:00;0,4076
2026-10-27 04:00;0,8839
2026-10-27 05:00;0,2672
2026-10-27 06:00;0,2796
2026-10-27 07:00;0,2021
2026-10-27 08:00;0,2939
2026-10-27 09:00;0,5834
2026-10-27 10:00;0,9070
2026-10-27 11:00;0,9070
2026-10-27 12:00;0,9070
2026-10-27 13:00;0,9070
2026-10-27 14:00;0,2558
2026-10-27 15:00;0,0179
2026-10-27 16:00;0,0772
2026-10-27 17:00;0,1370
2026-10-27 18:00;0,3310
2026-10-27 19:00;0,9070
2026-10-27 20:00;0,9070
2026-10-27 21:00;0,9070
2026-10-27 22:00;0,9070
2026-10-27 23:00;0,9070
2026-10-28 00:00;0,0973
2026-10-28 01:00;0,1014
2026-10-28 02:00;0,0981
2026-10-28 03:00;0,1027
2026-10-28 04:00;0,1108
2026-10-28 05:00;0,1193
2026-10-28 06:00;0,0572
2026-10-28 07:00;0,1025
2026-10-28 08:00;0,1426
2026-10-28 09:00;0,1988
2026-10-28 10:00;0,9070
2026-10-28 11:00;0,9070
2026-10-28 12:00;0,8891
2026-10-28 13:00;0,8308
2026-10-28 14:00;0,8849
2026-10-28 15:00;0,7730
2026-10-28 16:00;0,9070
2026-10-28 17:00;0,9070
2026-10-28 18:00;0,9070
2026-10-28 19:00;0,9070
2026-10-28 20:00;0,9070
2026-10-28 21:00;0,9070
2026-10-28 22:00;0,9070
2026-10-28 23:00;0,9070
2026-10-29 00:00;0,3031
2026-10-29 01:00;0,9070
2026-10-29 02:00;0,5676
2026-10-29 03:00;0,3962
2026-10-29 04:00;0,3032
2026-10-29 05:00;0,2630
2026-10-29 06:00;0,1344
2026-10-29 07:00;0,0599
2026-10-29 08:00;0,0663
2026-10-29 09:00;0,0711
2026-10-29 10:00;0,1956
2026-10-29 11:00;0,0852
2026-10-29 12:00;0,0925
2026-10-29 13:00;0,9070
2026-10-29 14:00;0,7237
2026-10-29 15:00;0,9070
2026-10-29 16:00;0,9070
2026-10-29 17:00;0,9070
2026-10-29 18:00;0,9070
2026-10-29 19:00;0,9070
2026-10-29 20:00;0,9070
2026-10-29 21:00;0,9070
2026-10-29 22:00;0,9070
2026-10-29 23:00;0,9070
2026-10-30 00:00;0,2332
2026-10-30 01:00;0,2645
2026-10-30 02:00;0,2803
2026-10-30 03:00;0,2630
2026-10-30 04:00;0,3024
2026-10-30 05:00;0,3284
2026-10-30 06:00;0,3684
2026-10-30 07:00;0,4357
2026-10-30 08:00;0,5037
2026-10-30 09:00;0,6364
2026-10-30 10:00;0,9070
2026-10-30 11:00;0,9070
2026-10-30 12:00;0,9070
2026-10-30 13:00;0,9070
2026-10-30 14:00;0,9070
2026-10-30 15:00;0,9070
2026-10-30 16:00;0,9070
2026-10-30 17:00;0,9070
2026-10-30 18:00;0,8773
2026-10-30 19:00;0,9070
2026-10-30 20:00;0,7296
2026-10-30 21:00;0,8480
2026-10-30 22:00;0,9070
2026-10-30 23:00;0,9070
2026-10-31 00:00;0,4642
2026-10-31 01:00;0,4160
2026-10-31 02:00;0,7136
2026-10-31 03:00;0,7112
2026-10-31 04:00;0,4396
2026-10-31 05:00;0,9070
2026-10-31 06:00;0,9070
2026-10-31 07:00;0,9070
2026-10-31 08:00;0,9070
2026-10-31 09:00;0,9070
2026-10-31 10:00;0,9070
2026-10-31 11:00;0,9070
2026-10-31 12:00;0,9070
2026-10-31 13:00;0,9070
2026-10-31 14:00;0,9070
2026-10-31 15:00;0,8421
2026-10-31 16:00;0,9070
2026-10-31 17:00;0,5930
2026-10-31 18:00;0,4816
2026-10-31 19:00;0,4801
2026-10-31 20:00;0,4661
2026-10-31 21:00;0,4209
2026-10-31 22:00;0,5676
2026-10-31 23:00;0,5014
2026-11-01 00:00;0,5134
2026-11-01 01:00;0,5170
2026-11-01 02:00;0,5636
2026-11-01 03:00;0,5696
2026-11-01 04:00;0,4394
2026-11-01 05:00;0,4145
2026-11-01 06:00;0,5301
2026-11-01 07:00;0,5846
2026-11-01 08:00;0,3939
2026-11-01 09:00;0,4240
2026-11-01 10:00;0,6048
2026-11-01 11:00;0,1560
2026-11-01 12:00;0,0000
2026-11-01 13:00;0,0000
2026-11-01 14:00;0,0000
2026-11-01 15:00;0,0000
2026-11-01 16:00;0,0000
2026-11-01 17:00;0,0000
2026-11-01 18:00;0,0000
2026-11-01 19:00;0,0000
2026-11-01 20:00;0,2428
2026-11-01 21:00;0,2233
2026-11-01 22:00;0,0419
2026-11-01 23:00;0,0000
2026-11-02 00:00;0,0834
2026-11-02 01:00;0,0000
2026-11-02 02:00;0,0000
2026-11-02 03:00;0,0000
2026-11-02 04:00;0,0000
2026-11-02 05:00;0,0000
2026-11-02 06:00;0,0000
2026-11-02 07:00;0,0000
2026-11-02 08:00;0,0000
2026-11-02 09:00;0,1409
2026-11-02 10:00;0,7565
2026-11-02 11:00;0,7625
2026-11-02 12:00;0,7686
2026-11-02 13:00;0,7746
2026-11-02 14:00;0,7806
2026-11-02 15:00;0,7867
2026-11-02 16:00;0,7927
2026-11-02 17:00;0,5880
2026-11-02 18:00;0,3361
2026-11-02 19:00;0,7484
2026-11-02 20:00;0,1584
2026-11-02 21:00;0,0841
2026-11-02 22:00;0,0532
2026-11-02 23:00;0,0218
2026-11-03 00:00;0,3425
2026-11-03 01:00;0,8469
2026-11-03 02:00;0,4895
2026-11-03 03:00;0,4923
2026-11-03 04:00;0,7822
2026-11-03 05:00;0,4418
2026-11-03 06:00;0,5159
2026-11-03 07:00;0,0366
2026-11-03 08:00;0,4432
2026-11-03 09:00;0,3303
2026-11-03 10:00;0,5541
2026-11-03 11:00;0,1640
2026-11-03 12:00;0,1131
2026-11-03 13:00;0,0720
2026-11-03 14:00;0,0450
2026-11-03 15:00;0,0154
2026-11-03 16:00;0,7749
2026-11-03 17:00;0,6419
2026-11-03 18:00;0,6687
2026-11-03 19:00;0,8749
2026-11-03 20:00;0,2132
2026-11-03 21:00;0,4078
2026-11-03 22:00;0,5271
2026-11-03 23:00;0,6127
2026-11-04 00:00;0,3075
2026-11-04 01:00;0,8385
2026-11-04 02:00;0,4230
2026-11-04 03:00;0,5581
2026-11-04 04:00;0,7978
2026-11-04 05:00;0,6735
2026-11-04 06:00;0,7148
2026-11-04 07:00;0,1424
2026-11-04 08:00;0,8850
2026-11-04 09:00;0,9070
2026-11-04 10:00;0,1579
2026-11-04 11:00;0,9070
2026-11-04 12:00;0,9070
2026-11-04 13:00;0,4892
2026-11-04 14:00;0,9070
2026-11-04 15:00;0,9070
2026-11-04 16:00;0,5318
2026-11-04 17:00;0,4560
2026-11-04 18:00;0,5685
2026-11-04 19:00;0,1583
2026-11-04 20:00;0,5837
2026-11-04 21:00;0,5709
2026-11-04 22:00;0,9070
2026-11-04 23:00;0,5583
2026-11-05 00:00;0,1415
2026-11-05 01:00;0,2005
2026-11-05 02:00;0,2720
2026-11-05 03:00;0,3635
2026-11-05 04:00;0,9070
2026-11-05 05:00;0,4708
2026-11-05 06:00;0,4176
2026-11-05 07:00;0,9070
2026-11-05 08:00;0,6928
2026-11-05 09:00;0,9070
2026-11-05 10:00;0,9070
2026-11-05 11:00;0,9070
2026-11-05 12:00;0,9070
2026-11-05 13:00;0,9070
2026-11-05 14:00;0,9013
2026-11-05 15:00;0,7095
2026-11-05 16:00;0,9070
2026-11-05 17:00;0,2355
2026-11-05 18:00;0,3701
2026-11-05 19:00;0,3622
2026-11-05 20:00;0,3678
2026-11-05 21:00;0,3385
2026-11-05 22:00;0,2936
2026-11-05 23:00;0,2579
2026-11-06 00:00;0,3476
2026-11-06 01:00;0,9070
2026-11-06 02:00;0,5035
2026-11-06 03:00;0,6576
2026-11-06 04:00;0,9070
2026-11-06 05:00;0,9070
2026-11-06 06:00;0,9070
2026-11-06 07:00;0,1540
2026-11-06 08:00;0,7902
2026-11-06 09:00;0,8114
2026-11-06 10:00;0,1260
2026-11-06 11:00;0,7989
2026-11-06 12:00;0,7908
2026-11-06 13:00;0,3794
2026-11-06 14:00;0,7808
2026-11-06 15:00;0,9070
2026-11-06 16:00;0,4441
2026-11-06 17:00;0,3457
2026-11-06 18:00;0,4337
2026-11-06 19:00;0,1148
2026-11-06 20:00;0,4249
2026-11-06 21:00;0,4907
2026-11-06 22:00;0,9070
2026-11-06 23:00;0,4672
2026-11-07 00:00;0,4668
2026-11-07 01:00;0,8772
2026-11-07 02:00;0,3730
2026-11-07 03:00;0,3440
2026-11-07 04:00;0,7040
2026-11-07 05:00;0,1905
2026-11-07 06:00;0,2271
2026-11-07 07:00;0,8601
2026-11-07 08:00;0,5308
2026-11-07 09:00;0,8371
2026-11-07 10:00;0,8995
2026-11-07 11:00;0,9070
2026-11-07 12:00;0,9070
2026-11-07 13:00;0,9070
2026-11-07 14:00;0,5584
2026-11-07 15:00;0,1438
2026-11-07 16:00;0,0892
2026-11-07 17:00;0,0187
2026-11-07 18:00;0,1113
2026-11-07 19:00;0,1931
2026-11-07 20:00;0,2693
2026-11-07 21:00;0,3510
2026-11-07 22:00;0,3287
2026-11-07 23:00;0,2647
2026-11-08 00:00;0,1784
2026-11-08 01:00;0,2195
2026-11-08 02:00;0,2291
2026-11-08 03:00;0,2281
2026-11-08 04:00;0,9070
2026-11-08 05:00;0,5465
2026-11-08 06:00;0,7269
2026-11-08 07:00;0,9070
2026-11-08 08:00;0,9070
2026-11-08 09:00;0,9070
2026-11-08 10:00;0,9070
2026-11-08 11:00;0,9070
2026-11-08 12:00;0,9070
2026-11-08 13:00;0,9070
2026-11-08 14:00;0,4864
2026-11-08 15:00;0,1924
2026-11-08 16:00;0,2194
2026-11-08 17:00;0,2848
2026-11-08 18:00;0,3511
2026-11-08 19:00;0,2440
2026-11-08 20:00;0,1193
2026-11-08 21:00;0,2983
2026-11-08 22:00;0,9070
2026-11-08 23:00;0,5077
2026-11-09 00:00;0,0416
2026-11-09 01:00;0,9070
2026-11-09 02:00;0,6308
2026-11-09 03:00;0,1553
2026-11-09 04:00;0,3169
2026-11-09 05:00;0,4303
2026-11-09 06:00;0,4319
2026-11-09 07:00;0,3295
2026-11-09 08:00;0,5283
2026-11-09 09:00;0,9070
2026-11-09 10:00;0,9070
2026-11-09 11:00;0,9070
2026-11-09 12:00;0,9070
2026-11-09 13:00;0,9070
2026-11-09 14:00;0,9070
2026-11-09 15:00;0,9070
2026-11-09 16:00;0,9070
2026-11-09 17:00;0,8528
2026-11-09 18:00;0,4684
2026-11-09 19:00;0,3145
2026-11-09 20:00;0,2642
2026-11-09 21:00;0,2795
2026-11-09 22:00;0,1965
2026-11-09 23:00;0,1455
2026-11-10 00:00;0,3083
2026-11-10 01:00;0,1853
2026-11-10 02:00;0,0171
2026-11-10 03:00;0,0341
2026-11-10 04:00;0,0641
2026-11-10 05:00;0,0884
2026-11-10 06:00;0,1373
2026-11-10 07:00;0,1601
2026-11-10 08:00;0,1676
2026-11-10 09:00;0,3171
2026-11-10 10:00;0,9070
2026-11-10 11:00;0,9070
2026-11-10 12:00;0,8371
2026-11-10 13:00;0,8642
2026-11-10 14:00;0,8684
2026-11-10 15:00;0,9070
2026-11-10 16:00;0,9070
2026-11-10 17:00;0,8377
2026-11-10 18:00;0,5019
2026-11-10 19:00;0,9070
2026-11-10 20:00;0,3233
2026-11-10 21:00;0,2726
2026-11-10 22:00;0,2119
2026-11-10 23:00;0,1740
2026-11-11 00:00;0,3368
2026-11-11 01:00;0,2524
2026-11-11 02:00;0,1656
2026-11-11 03:00;0,1714
2026-11-11 04:00;0,5960
2026-11-11 05:00;0,2286
2026-11-11 06:00;0,2823
2026-11-11 07:00;0,6774
2026-11-11 08:00;0,8424
2026-11-11 09:00;0,8962
2026-11-11 10:00;0,9070
2026-11-11 11:00;0,9070
2026-11-11 12:00;0,9070
2026-11-11 13:00;0,9070
2026-11-11 14:00;0,4636
2026-11-11 15:00;0,0473
2026-11-11 16:00;0,2231
2026-11-11 17:00;0,4323
2026-11-11 18:00;0,0798
2026-11-11 19:00;0,1526
2026-11-11 20:00;0,3847
2026-11-11 21:00;0,5181
2026-11-11 22:00;0,9070
2026-11-11 23:00;0,6292
2026-11-12 00:00;0,8254
2026-11-12 01:00;0,1459
2026-11-12 02:00;0,8373
2026-11-12 03:00;0,7927
2026-11-12 04:00;0,1512
2026-11-12 05:00;0,6519
2026-11-12 06:00;0,5280
2026-11-12 07:00;0,1591
2026-11-12 08:00;0,5141
2026-11-12 09:00;0,3721
2026-11-12 10:00;0,7444
2026-11-12 11:00;0,4130
2026-11-12 12:00;0,3046
2026-11-12 13:00;0,8767
2026-11-12 14:00;0,3586
2026-11-12 15:00;0,1411
2026-11-12 16:00;0,4883
2026-11-12 17:00;0,1739
2026-11-12 18:00;0,3319
2026-11-12 19:00;0,9070
2026-11-12 20:00;0,4294
2026-11-12 21:00;0,5641
2026-11-12 22:00;0,1366
2026-11-12 23:00;0,4559
2026-11-13 00:00;0,1258
2026-11-13 01:00;0,1914
2026-11-13 02:00;0,3338
2026-11-13 03:00;0,4047
2026-11-13 04:00;0,5020
2026-11-13 05:00;0,4788
2026-11-13 06:00;0,6034
2026-11-13 07:00;0,9070
2026-11-13 08:00;0,5422
2026-11-13 09:00;0,8066
2026-11-13 10:00;0,8911
2026-11-13 11:00;0,9070
2026-11-13 12:00;0,9070
2026-11-13 13:00;0,9070
2026-11-13 14:00;0,9070
2026-11-13 15:00;0,9070
2026-11-13 16:00;0,9070
2026-11-13 17:00;0,2046
2026-11-13 18:00;0,1627
2026-11-13 19:00;0,2046
2026-11-13 20:00;0,2666
2026-11-13 21:00;0,3149
2026-11-13 22:00;0,1445
2026-11-13 23:00;0,6491
2026-11-14 00:00;0,9070
2026-11-14 01:00;0,9070
2026-11-14 02:00;0,7614
2026-11-14 03:00;0,5335
2026-11-14 04:00;0,9070
2026-11-14 05:00;0,5698
2026-11-14 06:00;0,4598
2026-11-14 07:00;0,3975
2026-11-14 08:00;0,2971
2026-11-14 09:00;0,2899
2026-11-14 10:00;0,9070
2026-11-14 11:00;0,3694
2026-11-14 12:00;0,4208
2026-11-14 13:00;0,9070
2026-11-14 14:00;0,7900
2026-11-14 15:00;0,4511
2026-11-14 16:00;0,2595
2026-11-14 17:00;0,0986
2026-11-14 18:00;0,0426
2026-11-14 19:00;0,0408
2026-11-14 20:00;0,0391
2026-11-14 21:00;0,0386
2026-11-14 22:00;0,0573
2026-11-14 23:00;0,0761
2026-11-15 00:00;0,2731
2026-11-15 01:00;0,9070
2026-11-15 02:00;0,6248
2026-11-15 03:00;0,4844
2026-11-15 04:00;0,8941
2026-11-15 05:00;0,5803
2026-11-15 06:00;0,5725
2026-11-15 07:00;0,9070
2026-11-15 08:00;0,5896
2026-11-15 09:00;0,6550
2026-11-15 10:00;0,9070
2026-11-15 11:00;0,8949
2026-11-15 12:00;0,8196
2026-11-15 13:00;0,9070
2026-11-15 14:00;0,9070
2026-11-15 15:00;0,9070
2026-11-15 16:00;0,9070
2026-11-15 17:00;0,4442
2026-11-15 18:00;0,2538
2026-11-15 19:00;0,1832
2026-11-15 20:00;0,1342
2026-11-15 21:00;0,1486
2026-11-15 22:00;0,1369
2026-11-15 23:00;0,1331
2026-11-16 00:00;0,1741
2026-11-16 01:00;0,2613
2026-11-16 02:00;0,3396
2026-11-16 03:00;0,3410
2026-11-16 04:00;0,3695
2026-11-16 05:00;0,3700
2026-11-16 06:00;0,4561
2026-11-16 07:00;0,9070
2026-11-16 08:00;0,4669
2026-11-16 09:00;0,6966
2026-11-16 10:00;0,9070
2026-11-16 11:00;0,6030
2026-11-16 12:00;0,9070
2026-11-16 13:00;0,9070
2026-11-16 14:00;0,9070
2026-11-16 15:00;0,8852
2026-11-16 16:00;0,9070
2026-11-16 17:00;0,6616
2026-11-16 18:00;0,3166
2026-11-16 19:00;0,2637
2026-11-16 20:00;0,2309
2026-11-16 21:00;0,2189
2026-11-16 22:00;0,2699
2026-11-16 23:00;0,2971
2026-11-17 00:00;0,2105
2026-11-17 01:00;0,2474
2026-11-17 02:00;0,2980
2026-11-17 03:00;0,2738
2026-11-17 04:00;0,9070
2026-11-17 05:00;0,6479
2026-11-17 06:00;0,7116
2026-11-17 07:00;0,9070
2026-11-17 08:00;0,9070
2026-11-17 09:00;0,9070
2026-11-17 10:00;0,9070
2026-11-17 11:00;0,9070
2026-11-17 12:00;0,9070
2026-11-17 13:00;0,9070
2026-11-17 14:00;0,4845
2026-11-17 15:00;0,1693
2026-11-17 16:00;0,1915
2026-11-17 17:00;0,2418
2026-11-17 18:00;0,3193
2026-11-17 19:00;0,2010
2026-11-17 20:00;0,0911
2026-11-17 21:00;0,2319
2026-11-17 22:00;0,8761
2026-11-17 23:00;0,5081
2026-11-18 00:00;0,2258
2026-11-18 01:00;0,1960
2026-11-18 02:00;0,1561
2026-11-18 03:00;0,1858
2026-11-18 04:00;0,2058
2026-11-18 05:00;0,2134
2026-11-18 06:00;0,2546
2026-11-18 07:00;0,2786
2026-11-18 08:00;0,2881
2026-11-18 09:00;0,4557
2026-11-18 10:00;0,9070
2026-11-18 11:00;0,9070
2026-11-18 12:00;0,9070
2026-11-18 13:00;0,9070
2026-11-18 14:00;0,9070
2026-11-18 15:00;0,9070
2026-11-18 16:00;0,9070
2026-11-18 17:00;0,5713
2026-11-18 18:00;0,3893
2026-11-18 19:00;0,9032
2026-11-18 20:00;0,3320
2026-11-18 21:00;0,3604
2026-11-18 22:00;0,3440
2026-11-18 23:00;0,3560
2026-11-19 00:00;0,2096
2026-11-19 01:00;0,3147
2026-11-19 02:00;0,4240
2026-11-19 03:00;0,8802
2026-11-19 04:00;0,9070
2026-11-19 05:00;0,7204
2026-11-19 06:00;0,5560
2026-11-19 07:00;0,3425
2026-11-19 08:00;0,3815
2026-11-19 09:00;0,3298
2026-11-19 10:00;0,4974
2026-11-19 11:00;0,9070
2026-11-19 12:00;0,9070
2026-11-19 13:00;0,9070
2026-11-19 14:00;0,9070
2026-11-19 15:00;0,9070
2026-11-19 16:00;0,9070
2026-11-19 17:00;0,9070
2026-11-19 18:00;0,6273
2026-11-19 19:00;0,5477
2026-11-19 20:00;0,4684
2026-11-19 21:00;0,3787
2026-11-19 22:00;0,3732
2026-11-19 23:00;0,3649
2026-11-20 00:00;0,8333
2026-11-20 01:00;0,9070
2026-11-20 02:00;0,9070
2026-11-20 03:00;0,9070
2026-11-20 04:00;0,9070
2026-11-20 05:00;0,8230
2026-11-20 06:00;0,7509
2026-11-20 07:00;0,8644
2026-11-20 08:00;0,7879
2026-11-20 09:00;0,7882
2026-11-20 10:00;0,1373
2026-11-20 11:00;0,1237
2026-11-20 12:00;0,0327
2026-11-20 13:00;0,0539
2026-11-20 14:00;0,0747
2026-11-20 15:00;0,1549
2026-11-20 16:00;0,1012
2026-11-20 17:00;0,0593
2026-11-20 18:00;0,0553
2026-11-20 19:00;0,1274
2026-11-20 20:00;0,1853
2026-11-20 21:00;0,2501
2026-11-20 22:00;0,8330
2026-11-20 23:00;0,3466
2026-11-21 00:00;0,1683
2026-11-21 01:00;0,1009
2026-11-21 02:00;0,0182
2026-11-21 03:00;0,0442
2026-11-21 04:00;0,0601
2026-11-21 05:00;0,0679
2026-11-21 06:00;0,0721
2026-11-21 07:00;0,1430
2026-11-21 08:00;0,2216
2026-11-21 09:00;0,4644
2026-11-21 10:00;0,9070
2026-11-21 11:00;0,9070
2026-11-21 12:00;0,9070
2026-11-21 13:00;0,9057
2026-11-21 14:00;0,9070
2026-11-21 15:00;0,9070
2026-11-21 16:00;0,8939
2026-11-21 17:00;0,9070
2026-11-21 18:00;0,9070
2026-11-21 19:00;0,8688
2026-11-21 20:00;0,8137
2026-11-21 21:00;0,9070
2026-11-21 22:00;0,9070
2026-11-21 23:00;0,9070
2026-11-22 00:00;0,5114
2026-11-22 01:00;0,9070
2026-11-22 02:00;0,1820
2026-11-22 03:00;0,1822
2026-11-22 04:00;0,2188
2026-11-22 05:00;0,3003
2026-11-22 06:00;0,3699
2026-11-22 07:00;0,4228
2026-11-22 08:00;0,5420
2026-11-22 09:00;0,4859
2026-11-22 10:00;0,8762
2026-11-22 11:00;0,6224
2026-11-22 12:00;0,6553
2026-11-22 13:00;0,8339
2026-11-22 14:00;0,8441
2026-11-22 15:00;0,7478
2026-11-22 16:00;0,8843
2026-11-22 17:00;0,8298
2026-11-22 18:00;0,5519
2026-11-22 19:00;0,9070
2026-11-22 20:00;0,2617
2026-11-22 21:00;0,3251
2026-11-22 22:00;0,2619
2026-11-22 23:00;0,2619
2026-11-23 00:00;0,4467
2026-11-23 01:00;0,8090
2026-11-23 02:00;0,4248
2026-11-23 03:00;0,4407
2026-11-23 04:00;0,8862
2026-11-23 05:00;0,3676
2026-11-23 06:00;0,4002
2026-11-23 07:00;0,9070
2026-11-23 08:00;0,4167
2026-11-23 09:00;0,3761
2026-11-23 10:00;0,8909
2026-11-23 11:00;0,5639
2026-11-23 12:00;0,5834
2026-11-23 13:00;0,9070
2026-11-23 14:00;0,7265
2026-11-23 15:00;0,4657
2026-11-23 16:00;0,9070
2026-11-23 17:00;0,1779
2026-11-23 18:00;0,2543
2026-11-23 19:00;0,8974
2026-11-23 20:00;0,4808
2026-11-23 21:00;0,4295
2026-11-23 22:00;0,8015
2026-11-23 23:00;0,5568
2026-11-24 00:00;0,9070
2026-11-24 01:00;0,9070
2026-11-24 02:00;0,9070
2026-11-24 03:00;0,8541
2026-11-24 04:00;0,9070
2026-11-24 05:00;0,8778
2026-11-24 06:00;0,9070
2026-11-24 07:00;0,9070
2026-11-24 08:00;0,9070
2026-11-24 09:00;0,9070
2026-11-24 10:00;0,9017
2026-11-24 11:00;0,7773
2026-11-24 12:00;0,6029
2026-11-24 13:00;0,9070
2026-11-24 14:00;0,2961
2026-11-24 15:00;0,2344
2026-11-24 16:00;0,1553
2026-11-24 17:00;0,0595
2026-11-24 18:00;0,1014
2026-11-24 19:00;0,0880
2026-11-24 20:00;0,0720
2026-11-24 21:00;0,0706
2026-11-24 22:00;0,0967
2026-11-24 23:00;0,1490
2026-11-25 00:00;0,4560
2026-11-25 01:00;0,1411
2026-11-25 02:00;0,4393
2026-11-25 03:00;0,4031
2026-11-25 04:00;0,9070
2026-11-25 05:00;0,3699
2026-11-25 06:00;0,4789
2026-11-25 07:00;0,9070
2026-11-25 08:00;0,5054
2026-11-25 09:00;0,7483
2026-11-25 10:00;0,7883
2026-11-25 11:00;0,5430
2026-11-25 12:00;0,5665
2026-11-25 13:00;0,8364
2026-11-25 14:00;0,9070
2026-11-25 15:00;0,9070
2026-11-25 16:00;0,9070
2026-11-25 17:00;0,2765
2026-11-25 18:00;0,3284
2026-11-25 19:00;0,5176
2026-11-25 20:00;0,4763
2026-11-25 21:00;0,5413
2026-11-25 22:00;0,8979
2026-11-25 23:00;0,8303
2026-11-26 00:00;0,4172
2026-11-26 01:00;0,9070
2026-11-26 02:00;0,4684
2026-11-26 03:00;0,4689
2026-11-26 04:00;0,9070
2026-11-26 05:00;0,6298
2026-11-26 06:00;0,6724
2026-11-26 07:00;0,9070
2026-11-26 08:00;0,6815
2026-11-26 09:00;0,5975
2026-11-26 10:00;0,9070
2026-11-26 11:00;0,3831
2026-11-26 12:00;0,2785
2026-11-26 13:00;0,9070
2026-11-26 14:00;0,8182
2026-11-26 15:00;0,9070
2026-11-26 16:00;0,9070
2026-11-26 17:00;0,1644
2026-11-26 18:00;0,2176
2026-11-26 19:00;0,9070
2026-11-26 20:00;0,3797
2026-11-26 21:00;0,4387
2026-11-26 22:00;0,4156
2026-11-26 23:00;0,5253
2026-11-27 00:00;0,1865
2026-11-27 01:00;0,2011
2026-11-27 02:00;0,2287
2026-11-27 03:00;0,2164
2026-11-27 04:00;0,2279
2026-11-27 05:00;0,2695
2026-11-27 06:00;0,3004
2026-11-27 07:00;0,3037
2026-11-27 08:00;0,2680
2026-11-27 09:00;0,2654
2026-11-27 10:00;0,9070
2026-11-27 11:00;0,5727
2026-11-27 12:00;0,9070
2026-11-27 13:00;0,9070
2026-11-27 14:00;0,9070
2026-11-27 15:00;0,9070
2026-11-27 16:00;0,9070
2026-11-27 17:00;0,9070
2026-11-27 18:00;0,9070
2026-11-27 19:00;0,9070
2026-11-27 20:00;0,9070
2026-11-27 21:00;0,9070
2026-11-27 22:00;0,9070
2026-11-27 23:00;0,8514
2026-11-28 00:00;0,8792
2026-11-28 01:00;0,9070
2026-11-28 02:00;0,9070
2026-11-28 03:00;0,8099
2026-11-28 04:00;0,9070
2026-11-28 05:00;0,5646
2026-11-28 06:00;0,4485
2026-11-28 07:00;0,8627
2026-11-28 08:00;0,3738
2026-11-28 09:00;0,4842
2026-11-28 10:00;0,9070
2026-11-28 11:00;0,6409
2026-11-28 12:00;0,7627
2026-11-28 13:00;0,9070
2026-11-28 14:00;0,9070
2026-11-28 15:00;0,7859
2026-11-28 16:00;0,9070
2026-11-28 17:00;0,4426
2026-11-28 18:00;0,2731
2026-11-28 19:00;0,2750
2026-11-28 20:00;0,2862
2026-11-28 21:00;0,2733
2026-11-28 22:00;0,2641
2026-11-28 23:00;0,2608
2026-11-29 00:00;0,1610
2026-11-29 01:00;0,2151
2026-11-29 02:00;0,2603
2026-11-29 03:00;0,2571
2026-11-29 04:00;0,2692
2026-11-29 05:00;0,2914
2026-11-29 06:00;0,3153
2026-11-29 07:00;0,2989
2026-11-29 08:00;0,2530
2026-11-29 09:00;0,2436
2026-11-29 10:00;0,9070
2026-11-29 11:00;0,6491
2026-11-29 12:00;0,9070
2026-11-29 13:00;0,9070
2026-11-29 14:00;0,9070
2026-11-29 15:00;0,9070
2026-11-29 16:00;0,9070
2026-11-29 17:00;0,9070
2026-11-29 18:00;0,9070
2026-11-29 19:00;0,9070
2026-11-29 20:00;0,9070
2026-11-29 21:00;0,9070
2026-11-29 22:00;0,9070
2026-11-29 23:00;0,9070
2026-11-30 00:00;0,2209
2026-11-30 01:00;0,2120
2026-11-30 02:00;0,1614
2026-11-30 03:00;0,1423
2026-11-30 04:00;0,1524
2026-11-30 05:00;0,1577
2026-11-30 06:00;0,2282
2026-11-30 07:00;0,2725
2026-11-30 08:00;0,2840
2026-11-30 09:00;0,4449
2026-11-30 10:00;0,8857
2026-11-30 11:00;0,8134
2026-11-30 12:00;0,8345
2026-11-30 13:00;0,8840
2026-11-30 14:00;0,9070
2026-11-30 15:00;0,8818
2026-11-30 16:00;0,9070
2026-11-30 17:00;0,5123
2026-11-30 18:00;0,3110
2026-11-30 19:00;0,9070
2026-11-30 20:00;0,2976
2026-11-30 21:00;0,2773
2026-11-30 22:00;0,2778
2026-11-30 23:00;0,2836
2026-12-01 00:00;0,2824
2026-12-01 01:00;0,1623
2026-12-01 02:00;0,2927
2026-12-01 03:00;0,2671
2026-12-01 04:00;0,2612
2026-12-01 05:00;0,2786
2026-12-01 06:00;0,3209
2026-12-01 07:00;0,1616
2026-12-01 08:00;0,2942
2026-12-01 09:00;0,3985
2026-12-01 10:00;0,8644
2026-12-01 11:00;0,4518
2026-12-01 12:00;0,6056
2026-12-01 13:00;0,7956
2026-12-01 14:00;0,7850
2026-12-01 15:00;0,9070
2026-12-01 16:00;0,8509
2026-12-01 17:00;0,6514
2026-12-01 18:00;0,6783
2026-12-01 19:00;0,9070
2026-12-01 20:00;0,7281
2026-12-01 21:00;0,7521
2026-12-01 22:00;0,9070
2026-12-01 23:00;0,8347
2026-12-02 00:00;0,8680
2026-12-02 01:00;0,1779
2026-12-02 02:00;0,7790
2026-12-02 03:00;0,6730
2026-12-02 04:00;0,1706
2026-12-02 05:00;0,6768
2026-12-02 06:00;0,6366
2026-12-02 07:00;0,1724
2026-12-02 08:00;0,6253
2026-12-02 09:00;0,6846
2026-12-02 10:00;0,9070
2026-12-02 11:00;0,8195
2026-12-02 12:00;0,6364
2026-12-02 13:00;0,9070
2026-12-02 14:00;0,1934
2026-12-02 15:00;0,1405
2026-12-02 16:00;0,3043
2026-12-02 17:00;0,4798
2026-12-02 18:00;0,6929
2026-12-02 19:00;0,9070
2026-12-02 20:00;0,7990
2026-12-02 21:00;0,8163
2026-12-02 22:00;0,9070
2026-12-02 23:00;0,8080
2026-12-03 00:00;0,9070
2026-12-03 01:00;0,9070
2026-12-03 02:00;0,8485
2026-12-03 03:00;0,8377
2026-12-03 04:00;0,9070
2026-12-03 05:00;0,8700
2026-12-03 06:00;0,7527
2026-12-03 07:00;0,9070
2026-12-03 08:00;0,4940
2026-12-03 09:00;0,4272
2026-12-03 10:00;0,3148
2026-12-03 11:00;0,2042
2026-12-03 12:00;0,0234
2026-12-03 13:00;0,9070
2026-12-03 14:00;0,0216
2026-12-03 15:00;0,0227
2026-12-03 16:00;0,9070
2026-12-03 17:00;0,6439
2026-12-03 18:00;0,6090
2026-12-03 19:00;0,9070
2026-12-03 20:00;0,1034
2026-12-03 21:00;0,1474
2026-12-03 22:00;0,1921
2026-12-03 23:00;0,2594
2026-12-04 00:00;0,3064
2026-12-04 01:00;0,2949
2026-12-04 02:00;0,2767
2026-12-04 03:00;0,3781
2026-12-04 04:00;0,9070
2026-12-04 05:00;0,4091
2026-12-04 06:00;0,3474
2026-12-04 07:00;0,3186
2026-12-04 08:00;0,3904
2026-12-04 09:00;0,4267
2026-12-04 10:00;0,8244
2026-12-04 11:00;0,8813
2026-12-04 12:00;0,9070
2026-12-04 13:00;0,9070
2026-12-04 14:00;0,9070
2026-12-04 15:00;0,9070
2026-12-04 16:00;0,8519
2026-12-04 17:00;0,9070
2026-12-04 18:00;0,9070
2026-12-04 19:00;0,9070
2026-12-04 20:00;0,8281
2026-12-04 21:00;0,9070
2026-12-04 22:00;0,9070
2026-12-04 23:00;0,9070
2026-12-05 00:00;0,1739
2026-12-05 01:00;0,8208
2026-12-05 02:00;0,4032
2026-12-05 03:00;0,5477
2026-12-05 04:00;0,8694
2026-12-05 05:00;0,5727
2026-12-05 06:00;0,5807
2026-12-05 07:00;0,9050
2026-12-05 08:00;0,5812
2026-12-05 09:00;0,5274
2026-12-05 10:00;0,8118
2026-12-05 11:00;0,7260
2026-12-05 12:00;0,4700
2026-12-05 13:00;0,8661
2026-12-05 14:00;0,3479
2026-12-05 15:00;0,3057
2026-12-05 16:00;0,2896
2026-12-05 17:00;0,2843
2026-12-05 18:00;0,5725
2026-12-05 19:00;0,8496
2026-12-05 20:00;0,7787
2026-12-05 21:00;0,9070
2026-12-05 22:00;0,9070
2026-12-05 23:00;0,9070
2026-12-06 00:00;0,9070
2026-12-06 01:00;0,9070
2026-12-06 02:00;0,9070
2026-12-06 03:00;0,9070
2026-12-06 04:00;0,9070
2026-12-06 05:00;0,9070
2026-12-06 06:00;0,9070
2026-12-06 07:00;0,9070
2026-12-06 08:00;0,8982
2026-12-06 09:00;0,9070
2026-12-06 10:00;0,1365
2026-12-06 11:00;0,9070
2026-12-06 12:00;0,9070
2026-12-06 13:00;0,1415
2026-12-06 14:00;0,9070
2026-12-06 15:00;0,9070
2026-12-06 16:00;0,1482
2026-12-06 17:00;0,2783
2026-12-06 18:00;0,1465
2026-12-06 19:00;0,1414
2026-12-06 20:00;0,1471
2026-12-06 21:00;0,1600
2026-12-06 22:00;0,1541
2026-12-06 23:00;0,2050
2026-12-07 00:00;0,8426
2026-12-07 01:00;0,9070
2026-12-07 02:00;0,8233
2026-12-07 03:00;0,8928
2026-12-07 04:00;0,8524
2026-12-07 05:00;0,9070
2026-12-07 06:00;0,9070
2026-12-07 07:00;0,9070
2026-12-07 08:00;0,9070
2026-12-07 09:00;0,9070
2026-12-07 10:00;0,9070
2026-12-07 11:00;0,9070
2026-12-07 12:00;0,0849
2026-12-07 13:00;0,2047
2026-12-07 14:00;0,3116
2026-12-07 15:00;0,3273
2026-12-07 16:00;0,2028
2026-12-07 17:00;0,0725
2026-12-07 18:00;0,0408
2026-12-07 19:00;0,0171
2026-12-07 20:00;0,8362
2026-12-07 21:00;0,9057
2026-12-07 22:00;0,4916
2026-12-07 23:00;0,0202
2026-12-08 00:00;0,2691
2026-12-08 01:00;0,9070
2026-12-08 02:00;0,9070
2026-12-08 03:00;0,9070
2026-12-08 04:00;0,9070
2026-12-08 05:00;0,9070
2026-12-08 06:00;0,9070
2026-12-08 07:00;0,9070
2026-12-08 08:00;0,9070
2026-12-08 09:00;0,9070
2026-12-08 10:00;0,9070
2026-12-08 11:00;0,5516
2026-12-08 12:00;0,5247
2026-12-08 13:00;0,9070
2026-12-08 14:00;0,5615
2026-12-08 15:00;0,3666
2026-12-08 16:00;0,9017
2026-12-08 17:00;0,4416
2026-12-08 18:00;0,1414
2026-12-08 19:00;0,0426
2026-12-08 20:00;0,1451
2026-12-08 21:00;0,1995
2026-12-08 22:00;0,1659
2026-12-08 23:00;0,1127
2026-12-09 00:00;0,9070
2026-12-09 01:00;0,9070
2026-12-09 02:00;0,9070
2026-12-09 03:00;0,8817
2026-12-09 04:00;0,9070
2026-12-09 05:00;0,8918
2026-12-09 06:00;0,7541
2026-12-09 07:00;0,9070
2026-12-09 08:00;0,5864
2026-12-09 09:00;0,4495
2026-12-09 10:00;0,2939
2026-12-09 11:00;0,1860
2026-12-09 12:00;0,0163
2026-12-09 13:00;0,8595
2026-12-09 14:00;0,0173
2026-12-09 15:00;0,0162
2026-12-09 16:00;0,8334
2026-12-09 17:00;0,6114
2026-12-09 18:00;0,6835
2026-12-09 19:00;0,9070
2026-12-09 20:00;0,0866
2026-12-09 21:00;0,1402
2026-12-09 22:00;0,1917
2026-12-09 23:00;0,2425
2026-12-10 00:00;0,0718
2026-12-10 01:00;0,2508
2026-12-10 02:00;0,4375
2026-12-10 03:00;0,2767
2026-12-10 04:00;0,8980
2026-12-10 05:00;0,3946
2026-12-10 06:00;0,4018
2026-12-10 07:00;0,7537
2026-12-10 08:00;0,8774
2026-12-10 09:00;0,8828
2026-12-10 10:00;0,9070
2026-12-10 11:00;0,8986
2026-12-10 12:00;0,7870
2026-12-10 13:00;0,9070
2026-12-10 14:00;0,9070
2026-12-10 15:00;0,8134
2026-12-10 16:00;0,8168
2026-12-10 17:00;0,2729
2026-12-10 18:00;0,2106
2026-12-10 19:00;0,2047
2026-12-10 20:00;0,1577
2026-12-10 21:00;0,0984
2026-12-10 22:00;0,1524
2026-12-10 23:00;0,1809
2026-12-11 00:00;0,3043
2026-12-11 01:00;0,9070
2026-12-11 02:00;0,3971
2026-12-11 03:00;0,4185
2026-12-11 04:00;0,9070
2026-12-11 05:00;0,3265
2026-12-11 06:00;0,3101
2026-12-11 07:00;0,2985
2026-12-11 08:00;0,2648
2026-12-11 09:00;0,2724
2026-12-11 10:00;0,9070
2026-12-11 11:00;0,7833
2026-12-11 12:00;0,9070
2026-12-11 13:00;0,9070
2026-12-11 14:00;0,9070
2026-12-11 15:00;0,9070
2026-12-11 16:00;0,9070
2026-12-11 17:00;0,7572
2026-12-11 18:00;0,4976
2026-12-11 19:00;0,9070
2026-12-11 20:00;0,3383
2026-12-11 21:00;0,3766
2026-12-11 22:00;0,8532
2026-12-11 23:00;0,3598
2026-12-12 00:00;0,0406
2026-12-12 01:00;0,0314
2026-12-12 02:00;0,0179
2026-12-12 03:00;0,0190
2026-12-12 04:00;0,0651
2026-12-12 05:00;0,1172
2026-12-12 06:00;0,1485
2026-12-12 07:00;0,9070
2026-12-12 08:00;0,6188
2026-12-12 09:00;0,9070
2026-12-12 10:00;0,9070
2026-12-12 11:00;0,8836
2026-12-12 12:00;0,8770
2026-12-12 13:00;0,8976
2026-12-12 14:00;0,9070
2026-12-12 15:00;0,9070
2026-12-12 16:00;0,9070
2026-12-12 17:00;0,9070
2026-12-12 18:00;0,9070
2026-12-12 19:00;0,8689
2026-12-12 20:00;0,8142
2026-12-12 21:00;0,9070
2026-12-12 22:00;0,8682
2026-12-12 23:00;0,9070
2026-12-13 00:00;0,1123
2026-12-13 01:00;0,1361
2026-12-13 02:00;0,0959
2026-12-13 03:00;0,1226
2026-12-13 04:00;0,1475
2026-12-13 05:00;0,0805
2026-12-13 06:00;0,0168
2026-12-13 07:00;0,1392
2026-12-13 08:00;0,5153
2026-12-13 09:00;0,7958
2026-12-13 10:00;0,9070
2026-12-13 11:00;0,9070
2026-12-13 12:00;0,9041
2026-12-13 13:00;0,9070
2026-12-13 14:00;0,9070
2026-12-13 15:00;0,8798
2026-12-13 16:00;0,9070
2026-12-13 17:00;0,9070
2026-12-13 18:00;0,9070
2026-12-13 19:00;0,9070
2026-12-13 20:00;0,9070
2026-12-13 21:00;0,9070
2026-12-13 22:00;0,9070
2026-12-13 23:00;0,3669
2026-12-14 00:00;0,3748
2026-12-14 01:00;0,8644
2026-12-14 02:00;0,4939
2026-12-14 03:00;0,3893
2026-12-14 04:00;0,9070
2026-12-14 05:00;0,4270
2026-12-14 06:00;0,4053
2026-12-14 07:00;0,9070
2026-12-14 08:00;0,3923
2026-12-14 09:00;0,3723
2026-12-14 10:00;0,9070
2026-12-14 11:00;0,4509
2026-12-14 12:00;0,5881
2026-12-14 13:00;0,8779
2026-12-14 14:00;0,7856
2026-12-14 15:00;0,4585
2026-12-14 16:00;0,2617
2026-12-14 17:00;0,0847
2026-12-14 18:00;0,0555
2026-12-14 19:00;0,0355
2026-12-14 20:00;0,0159
2026-12-14 21:00;0,4287
2026-12-14 22:00;0,8232
2026-12-14 23:00;0,4311
2026-12-15 00:00;0,9070
2026-12-15 01:00;0,9070
2026-12-15 02:00;0,9070
2026-12-15 03:00;0,9070
2026-12-15 04:00;0,9070
2026-12-15 05:00;0,9070
2026-12-15 06:00;0,9070
2026-12-15 07:00;0,9070
2026-12-15 08:00;0,9070
2026-12-15 09:00;0,8701
2026-12-15 10:00;0,9070
2026-12-15 11:00;0,9070
2026-12-15 12:00;0,9070
2026-12-15 13:00;0,9070
2026-12-15 14:00;0,9070
2026-12-15 15:00;0,9070
2026-12-15 16:00;0,9070
2026-12-15 17:00;0,4988
2026-12-15 18:00;0,2492
2026-12-15 19:00;0,1431
2026-12-15 20:00;0,0447
2026-12-15 21:00;0,1028
2026-12-15 22:00;0,1468
2026-12-15 23:00;0,0935
2026-12-16 00:00;0,7505
2026-12-16 01:00;0,9070
2026-12-16 02:00;0,6136
2026-12-16 03:00;0,5937
2026-12-16 04:00;0,9070
2026-12-16 05:00;0,4801
2026-12-16 06:00;0,4350
2026-12-16 07:00;0,9070
2026-12-16 08:00;0,4902
2026-12-16 09:00;0,5755
2026-12-16 10:00;0,9070
2026-12-16 11:00;0,6737
2026-12-16 12:00;0,6272
2026-12-16 13:00;0,9070
2026-12-16 14:00;0,2730
2026-12-16 15:00;0,1076
2026-12-16 16:00;0,0960
2026-12-16 17:00;0,0932
2026-12-16 18:00;0,1767
2026-12-16 19:00;0,8453
2026-12-16 20:00;0,5520
2026-12-16 21:00;0,7567
2026-12-16 22:00;0,8520
2026-12-16 23:00;0,8315
2026-12-17 00:00;0,8569
2026-12-17 01:00;0,9070
2026-12-17 02:00;0,7932
2026-12-17 03:00;0,8042
2026-12-17 04:00;0,9070
2026-12-17 05:00;0,6863
2026-12-17 06:00;0,7693
2026-12-17 07:00;0,8527
2026-12-17 08:00;0,8802
2026-12-17 09:00;0,8729
2026-12-17 10:00;0,8664
2026-12-17 11:00;0,9070
2026-12-17 12:00;0,9070
2026-12-17 13:00;0,9070
2026-12-17 14:00;0,8368
2026-12-17 15:00;0,5985
2026-12-17 16:00;0,8276
2026-12-17 17:00;0,4582
2026-12-17 18:00;0,0195
2026-12-17 19:00;0,2869
2026-12-17 20:00;0,5823
2026-12-17 21:00;0,6196
2026-12-17 22:00;0,9070
2026-12-17 23:00;0,8435
2026-12-18 00:00;0,8733
2026-12-18 01:00;0,7966
2026-12-18 02:00;0,9070
2026-12-18 03:00;0,7309
2026-12-18 04:00;0,9070
2026-12-18 05:00;0,5863
2026-12-18 06:00;0,5165
2026-12-18 07:00;0,9070
2026-12-18 08:00;0,3734
2026-12-18 09:00;0,4807
2026-12-18 10:00;0,1295
2026-12-18 11:00;0,2356
2026-12-18 12:00;0,3934
2026-12-18 13:00;0,1089
2026-12-18 14:00;0,7248
2026-12-18 15:00;0,7444
2026-12-18 16:00;0,8478
2026-12-18 17:00;0,9070
2026-12-18 18:00;0,9070
2026-12-18 19:00;0,9070
2026-12-18 20:00;0,9070
2026-12-18 21:00;0,9070
2026-12-18 22:00;0,9070
2026-12-18 23:00;0,9070
2026-12-19 00:00;0,0831
2026-12-19 01:00;0,3266
2026-12-19 02:00;0,5385
2026-12-19 03:00;0,3356
2026-12-19 04:00;0,9070
2026-12-19 05:00;0,4367
2026-12-19 06:00;0,4575
2026-12-19 07:00;0,7669
2026-12-19 08:00;0,9022
2026-12-19 09:00;0,8956
2026-12-19 10:00;0,9070
2026-12-19 11:00;0,9070
2026-12-19 12:00;0,8550
2026-12-19 13:00;0,9070
2026-12-19 14:00;0,7922
2026-12-19 15:00;0,7636
2026-12-19 16:00;0,8868
2026-12-19 17:00;0,2776
2026-12-19 18:00;0,2027
2026-12-19 19:00;0,2293
2026-12-19 20:00;0,1944
2026-12-19 21:00;0,1162
2026-12-19 22:00;0,1718
2026-12-19 23:00;0,2041
2026-12-20 00:00;0,9070
2026-12-20 01:00;0,9070
2026-12-20 02:00;0,9070
2026-12-20 03:00;0,9070
2026-12-20 04:00;0,9070
2026-12-20 05:00;0,9070
2026-12-20 06:00;0,9070
2026-12-20 07:00;0,9070
2026-12-20 08:00;0,7700
2026-12-20 09:00;0,7449
2026-12-20 10:00;0,8776
2026-12-20 11:00;0,8500
2026-12-20 12:00;0,7283
2026-12-20 13:00;0,8557
2026-12-20 14:00;0,5899
2026-12-20 15:00;0,3290
2026-12-20 16:00;0,8289
2026-12-20 17:00;0,6635
2026-12-20 18:00;0,7295
2026-12-20 19:00;0,7749
2026-12-20 20:00;0,5933
2026-12-20 21:00;0,0315
2026-12-20 22:00;0,0588
2026-12-20 23:00;0,0890
2026-12-21 00:00;0,8712
2026-12-21 01:00;0,8740
2026-12-21 02:00;0,9070
2026-12-21 03:00;0,9070
2026-12-21 04:00;0,8800
2026-12-21 05:00;0,9070
2026-12-21 06:00;0,9070
2026-12-21 07:00;0,5158
2026-12-21 08:00;0,9070
2026-12-21 09:00;0,9070
2026-12-21 10:00;0,1274
2026-12-21 11:00;0,9070
2026-12-21 12:00;0,7935
2026-12-21 13:00;0,4595
2026-12-21 14:00;0,7771
2026-12-21 15:00;0,3715
2026-12-21 16:00;0,5071
2026-12-21 17:00;0,1021
2026-12-21 18:00;0,0446
2026-12-21 19:00;0,5483
2026-12-21 20:00;0,9070
2026-12-21 21:00;0,8933
2026-12-21 22:00;0,4679
2026-12-21 23:00;0,8548
2026-12-22 00:00;0,9070
2026-12-22 01:00;0,9070
2026-12-22 02:00;0,9070
2026-12-22 03:00;0,9070
2026-12-22 04:00;0,9070
2026-12-22 05:00;0,9070
2026-12-22 06:00;0,9070
2026-12-22 07:00;0,9070
2026-12-22 08:00;0,9070
2026-12-22 09:00;0,9070
2026-12-22 10:00;0,9070
2026-12-22 11:00;0,9070
2026-12-22 12:00;0,9070
2026-12-22 13:00;0,9070
2026-12-22 14:00;0,4294
2026-12-22 15:00;0,2227
2026-12-22 16:00;0,2235
2026-12-22 17:00;0,2454
2026-12-22 18:00;0,3210
2026-12-22 19:00;0,9070
2026-12-22 20:00;0,4936
2026-12-22 21:00;0,5005
2026-12-22 22:00;0,9070
2026-12-22 23:00;0,2748
2026-12-23 00:00;0,9070
2026-12-23 01:00;0,9070
2026-12-23 02:00;0,9070
2026-12-23 03:00;0,9070
2026-12-23 04:00;0,8565
2026-12-23 05:00;0,8979
2026-12-23 06:00;0,8431
2026-12-23 07:00;0,7330
2026-12-23 08:00;0,8320
2026-12-23 09:00;0,8224
2026-12-23 10:00;0,8988
2026-12-23 11:00;0,9070
2026-12-23 12:00;0,0911
2026-12-23 13:00;0,2160
2026-12-23 14:00;0,3604
2026-12-23 15:00;0,3593
2026-12-23 16:00;0,2037
2026-12-23 17:00;0,0681
2026-12-23 18:00;0,0377
2026-12-23 19:00;0,0158
2026-12-23 20:00;0,6656
2026-12-23 21:00;0,6632
2026-12-23 22:00;0,4735
2026-12-23 23:00;0,0196
2026-12-24 00:00;0,7955
2026-12-24 01:00;0,8276
2026-12-24 02:00;0,7786
2026-12-24 03:00;0,7366
2026-12-24 04:00;0,1451
2026-12-24 05:00;0,8892
2026-12-24 06:00;0,9070
2026-12-24 07:00;0,1613
2026-12-24 08:00;0,9070
2026-12-24 09:00;0,9070
2026-12-24 10:00;0,8525
2026-12-24 11:00;0,9070
2026-12-24 12:00;0,8973
2026-12-24 13:00;0,7994
2026-12-24 14:00;0,8355
2026-12-24 15:00;0,8183
2026-12-24 16:00;0,9070
2026-12-24 17:00;0,1730
2026-12-24 18:00;0,2344
2026-12-24 19:00;0,8196
2026-12-24 20:00;0,6768
2026-12-24 21:00;0,8014
2026-12-24 22:00;0,1322
2026-12-24 23:00;0,9070
2026-12-25 00:00;0,9070
2026-12-25 01:00;0,9070
2026-12-25 02:00;0,8724
2026-12-25 03:00;0,5996
2026-12-25 04:00;0,9070
2026-12-25 05:00;0,6321
2026-12-25 06:00;0,7581
2026-12-25 07:00;0,9070
2026-12-25 08:00;0,7133
2026-12-25 09:00;0,7358
2026-12-25 10:00;0,1279
2026-12-25 11:00;0,7598
2026-12-25 12:00;0,7131
2026-12-25 13:00;0,8229
2026-12-25 14:00;0,9070
2026-12-25 15:00;0,9070
2026-12-25 16:00;0,9070
2026-12-25 17:00;0,7881
2026-12-25 18:00;0,4856
2026-12-25 19:00;0,3408
2026-12-25 20:00;0,2789
2026-12-25 21:00;0,2535
2026-12-25 22:00;0,2527
2026-12-25 23:00;0,2687
2026-12-26 00:00;0,3751
2026-12-26 01:00;0,8905
2026-12-26 02:00;0,4355
2026-12-26 03:00;0,4945
2026-12-26 04:00;0,9070
2026-12-26 05:00;0,3391
2026-12-26 06:00;0,2351
2026-12-26 07:00;0,2315
2026-12-26 08:00;0,2118
2026-12-26 09:00;0,2588
2026-12-26 10:00;0,9070
2026-12-26 11:00;0,9070
2026-12-26 12:00;0,9070
2026-12-26 13:00;0,8673
2026-12-26 14:00;0,9026
2026-12-26 15:00;0,9070
2026-12-26 16:00;0,9070
2026-12-26 17:00;0,7579
2026-12-26 18:00;0,4544
2026-12-26 19:00;0,8694
2026-12-26 20:00;0,3429
2026-12-26 21:00;0,3469
2026-12-26 22:00;0,8569
2026-12-26 23:00;0,3831
2026-12-27 00:00;0,8516
2026-12-27 01:00;0,8607
2026-12-27 02:00;0,7503
2026-12-27 03:00;0,6297
2026-12-27 04:00;0,7902
2026-12-27 05:00;0,5740
2026-12-27 06:00;0,4953
2026-12-27 07:00;0,9070
2026-12-27 08:00;0,4493
2026-12-27 09:00;0,5792
2026-12-27 10:00;0,9070
2026-12-27 11:00;0,9070
2026-12-27 12:00;0,9070
2026-12-27 13:00;0,9070
2026-12-27 14:00;0,9070
2026-12-27 15:00;0,9070
2026-12-27 16:00;0,9070
2026-12-27 17:00;0,5830
2026-12-27 18:00;0,3629
2026-12-27 19:00;0,9070
2026-12-27 20:00;0,3590
2026-12-27 21:00;0,3921
2026-12-27 22:00;0,9070
2026-12-27 23:00;0,3535
2026-12-28 00:00;0,6181
2026-12-28 01:00;0,9070
2026-12-28 02:00;0,5816
2026-12-28 03:00;0,6283
2026-12-28 04:00;0,9070
2026-12-28 05:00;0,5443
2026-12-28 06:00;0,4603
2026-12-28 07:00;0,6882
2026-12-28 08:00;0,4048
2026-12-28 09:00;0,3639
2026-12-28 10:00;0,8514
2026-12-28 11:00;0,7538
2026-12-28 12:00;0,6606
2026-12-28 13:00;0,9070
2026-12-28 14:00;0,8636
2026-12-28 15:00;0,8179
2026-12-28 16:00;0,9070
2026-12-28 17:00;0,6414
2026-12-28 18:00;0,4121
2026-12-28 19:00;0,9070
2026-12-28 20:00;0,3181
2026-12-28 21:00;0,3214
2026-12-28 22:00;0,2862
2026-12-28 23:00;0,3126
2026-12-29 00:00;0,4039
2026-12-29 01:00;0,9070
2026-12-29 02:00;0,4990
2026-12-29 03:00;0,4672
2026-12-29 04:00;0,9070
2026-12-29 05:00;0,3158
2026-12-29 06:00;0,2694
2026-12-29 07:00;0,2392
2026-12-29 08:00;0,2125
2026-12-29 09:00;0,2644
2026-12-29 10:00;0,9070
2026-12-29 11:00;0,8642
2026-12-29 12:00;0,9070
2026-12-29 13:00;0,9070
2026-12-29 14:00;0,8445
2026-12-29 15:00;0,9041
2026-12-29 16:00;0,9070
2026-12-29 17:00;0,8075
2026-12-29 18:00;0,5223
2026-12-29 19:00;0,9070
2026-12-29 20:00;0,3614
2026-12-29 21:00;0,3644
2026-12-29 22:00;0,9070
2026-12-29 23:00;0,4017
2026-12-30 00:00;0,8945
2026-12-30 01:00;0,9070
2026-12-30 02:00;0,9070
2026-12-30 03:00;0,9070
2026-12-30 04:00;0,9070
2026-12-30 05:00;0,9070
2026-12-30 06:00;0,9070
2026-12-30 07:00;0,9070
2026-12-30 08:00;0,9070
2026-12-30 09:00;0,9070
2026-12-30 10:00;0,5337
2026-12-30 11:00;0,9070
2026-12-30 12:00;0,9070
2026-12-30 13:00;0,1616
2026-12-30 14:00;0,9070
2026-12-30 15:00;0,9070
2026-12-30 16:00;0,1520
2026-12-30 17:00;0,1961
2026-12-30 18:00;0,2061
2026-12-30 19:00;0,1383
2026-12-30 20:00;0,3814
2026-12-30 21:00;0,3645
2026-12-30 22:00;0,7855
2026-12-30 23:00;0,6058
2026-12-31 00:00;0,1015
2026-12-31 01:00;0,1571
2026-12-31 02:00;0,1919
2026-12-31 03:00;0,1887
2026-12-31 04:00;0,1737
2026-12-31 05:00;0,1946
2026-12-31 06:00;0,1943
2026-12-31 07:00;0,2760
2026-12-31 08:00;0,3579
2026-12-31 09:00;0,4689
2026-12-31 10:00;0,9070
2026-12-31 11:00;0,5156
2026-12-31 12:00;0,7389
2026-12-31 13:00;0,9070
2026-12-31 14:00;0,9070
2026-12-31 15:00;0,8560
2026-12-31 16:00;0,9070
2026-12-31 17:00;0,6697
2026-12-31 18:00;0,6293
2026-12-31 19:00;0,5705
2026-12-31 20:00;0,5222
2026-12-31 21:00;0,3797
2026-12-31 22:00;0,8441
2026-12-31 23:00;0,2704
