Datetime;CF
2026-01-01 00:00;0,1017
2026-01-01 01:00;0,0934
2026-01-01 02:00;0,0723
2026-01-01 03:00;0,1088
2026-01-01 04:00;0,8472
2026-01-01 05:00;0,4775
2026-01-01 06:00;0,4424
2026-01-01 07:00;0,7733
2026-01-01 08:00;0,2406
2026-01-01 09:00;0,0174
2026-01-01 10:00;0,1860
2026-01-01 11:00;0,3533
2026-01-01 12:00;0,2609
2026-01-01 13:00;0,8294
2026-01-01 14:00;0,5017
2026-01-01 15:00;0,5505
2026-01-01 16:00;1,0000
2026-01-01 17:00;0,6727
2026-01-01 18:00;0,2512
2026-01-01 19:00;0,2155
2026-01-01 20:00;0,1920
2026-01-01 21:00;0,2785
2026-01-01 22:00;0,1519
2026-01-01 23:00;0,0220
2026-01-02 00:00;0,5815
2026-01-02 01:00;0,1489
2026-01-02 02:00;0,0190
2026-01-02 03:00;0,0206
2026-01-02 04:00;0,0219
2026-01-02 05:00;0,1143
2026-01-02 06:00;0,0762
2026-01-02 07:00;0,0417
2026-01-02 08:00;0,1739
2026-01-02 09:00;0,2250
2026-01-02 10:00;0,1879
2026-01-02 11:00;0,1890
2026-01-02 12:00;0,1264
2026-01-02 13:00;0,0838
2026-01-02 14:00;0,0172
2026-01-02 15:00;0,6077
2026-01-02 16:00;0,8640
2026-01-02 17:00;0,6169
2026-01-02 18:00;0,6019
2026-01-02 19:00;0,4641
2026-01-02 20:00;0,7896
2026-01-02 21:00;0,7546
2026-01-02 22:00;0,0755
2026-01-02 23:00;0,6682
2026-01-03 00:00;0,3509
2026-01-03 01:00;0,6290
2026-01-03 02:00;0,3474
2026-01-03 03:00;0,2323
2026-01-03 04:00;0,4162
2026-01-03 05:00;0,3458
2026-01-03 06:00;0,3476
2026-01-03 07:00;0,0241
2026-01-03 08:00;0,0216
2026-01-03 09:00;0,3016
2026-01-03 10:00;0,6018
2026-01-03 11:00;0,2944
2026-01-03 12:00;0,6007
2026-01-03 13:00;0,7966
2026-01-03 14:00;0,8440
2026-01-03 15:00;0,7192
2026-01-03 16:00;0,7733
2026-01-03 17:00;0,4095
2026-01-03 18:00;0,3190
2026-01-03 19:00;0,0438
2026-01-03 20:00;0,0693
2026-01-03 21:00;0,0686
2026-01-03 22:00;0,0643
2026-01-03 23:00;0,0711
2026-01-04 00:00;0,4541
2026-01-04 01:00;1,0000
2026-01-04 02:00;0,5432
2026-01-04 03:00;0,5699
2026-01-04 04:00;1,0000
2026-01-04 05:00;0,3581
2026-01-04 06:00;0,3153
2026-01-04 07:00;0,3340
2026-01-04 08:00;0,3487
2026-01-04 09:00;0,3496
2026-01-04 10:00;0,2905
2026-01-04 11:00;0,2109
2026-01-04 12:00;0,0984
2026-01-04 13:00;0,0702
2026-01-04 14:00;0,0415
2026-01-04 15:00;0,4427
2026-01-04 16:00;0,2637
2026-01-04 17:00;0,0481
2026-01-04 18:00;0,1037
2026-01-04 19:00;0,1752
2026-01-04 20:00;0,2304
2026-01-04 21:00;0,2323
2026-01-04 22:00;0,2174
2026-01-04 23:00;0,2183
2026-01-05 00:00;0,0391
2026-01-05 01:00;0,0843
2026-01-05 02:00;0,1323
2026-01-05 03:00;0,1519
2026-01-05 04:00;0,0900
2026-01-05 05:00;0,0423
2026-01-05 06:00;0,7556
2026-01-05 07:00;0,7563
2026-01-05 08:00;0,7189
2026-01-05 09:00;0,6825
2026-01-05 10:00;0,5634
2026-01-05 11:00;0,1271
2026-01-05 12:00;0,0343
2026-01-05 13:00;0,0320
2026-01-05 14:00;0,0310
2026-01-05 15:00;0,3521
2026-01-05 16:00;0,7088
2026-01-05 17:00;0,5509
2026-01-05 18:00;0,5747
2026-01-05 19:00;0,7807
2026-01-05 20:00;0,5891
2026-01-05 21:00;0,5235
2026-01-05 22:00;0,2682
2026-01-05 23:00;0,0400
2026-01-06 00:00;0,6186
2026-01-06 01:00;0,0940
2026-01-06 02:00;0,5870
2026-01-06 03:00;0,5442
2026-01-06 04:00;0,1216
2026-01-06 05:00;0,4860
2026-01-06 06:00;0,4755
2026-01-06 07:00;0,2814
2026-01-06 08:00;0,5430
2026-01-06 09:00;0,5197
2026-01-06 10:00;0,2465
2026-01-06 11:00;0,0449
2026-01-06 12:00;0,1539
2026-01-06 13:00;0,1545
2026-01-06 14:00;0,1466
2026-01-06 15:00;0,3510
2026-01-06 16:00;0,1031
2026-01-06 17:00;0,0415
2026-01-06 18:00;0,6569
2026-01-06 19:00;0,7004
2026-01-06 20:00;0,6111
2026-01-06 21:00;0,1548
2026-01-06 22:00;0,0986
2026-01-06 23:00;0,0397
2026-01-07 00:00;1,0000
2026-01-07 01:00;0,9726
2026-01-07 02:00;0,6213
2026-01-07 03:00;0,2071
2026-01-07 04:00;0,1405
2026-01-07 05:00;0,1059
2026-01-07 06:00;0,1572
2026-01-07 07:00;0,2292
2026-01-07 08:00;0,1223
2026-01-07 09:00;0,0824
2026-01-07 10:00;0,1830
2026-01-07 11:00;0,3185
2026-01-07 12:00;0,0739
2026-01-07 13:00;0,2272
2026-01-07 14:00;0,3915
2026-01-07 15:00;0,5133
2026-01-07 16:00;0,2826
2026-01-07 17:00;0,0669
2026-01-07 18:00;0,2333
2026-01-07 19:00;0,1252
2026-01-07 20:00;0,1042
2026-01-07 21:00;0,0979
2026-01-07 22:00;0,0632
2026-01-07 23:00;0,0355
2026-01-08 00:00;0,3288
2026-01-08 01:00;0,4625
2026-01-08 02:00;0,4157
2026-01-08 03:00;0,4194
2026-01-08 04:00;0,2322
2026-01-08 05:00;0,3993
2026-01-08 06:00;0,4481
2026-01-08 07:00;0,0734
2026-01-08 08:00;0,2396
2026-01-08 09:00;0,4771
2026-01-08 10:00;0,1954
2026-01-08 11:00;0,9249
2026-01-08 12:00;0,9692
2026-01-08 13:00;0,5390
2026-01-08 14:00;1,0000
2026-01-08 15:00;1,0000
2026-01-08 16:00;0,2096
2026-01-08 17:00;0,1153
2026-01-08 18:00;0,0203
2026-01-08 19:00;0,1516
2026-01-08 20:00;0,0200
2026-01-08 21:00;0,0178
2026-01-08 22:00;0,0253
2026-01-08 23:00;0,0362
2026-01-09 00:00;0,0402
2026-01-09 01:00;0,0388
2026-01-09 02:00;0,5289
2026-01-09 03:00;0,6037
2026-01-09 04:00;0,5780
2026-01-09 05:00;0,3218
2026-01-09 06:00;0,1529
2026-01-09 07:00;0,1653
2026-01-09 08:00;0,1650
2026-01-09 09:00;0,8274
2026-01-09 10:00;0,7522
2026-01-09 11:00;0,0397
2026-01-09 12:00;0,0425
2026-01-09 13:00;0,0420
2026-01-09 14:00;0,0446
2026-01-09 15:00;0,0427
2026-01-09 16:00;0,0389
2026-01-09 17:00;0,0388
2026-01-09 18:00;0,4633
2026-01-09 19:00;0,4122
2026-01-09 20:00;0,1411
2026-01-09 21:00;0,0381
2026-01-09 22:00;0,4816
2026-01-09 23:00;0,7190
2026-01-10 00:00;0,2606
2026-01-10 01:00;0,2848
2026-01-10 02:00;0,3481
2026-01-10 03:00;0,3939
2026-01-10 04:00;0,4391
2026-01-10 05:00;0,4502
2026-01-10 06:00;0,5173
2026-01-10 07:00;0,0974
2026-01-10 08:00;0,3198
2026-01-10 09:00;0,2669
2026-01-10 10:00;0,7735
2026-01-10 11:00;0,4488
2026-01-10 12:00;0,5602
2026-01-10 13:00;0,8374
2026-01-10 14:00;0,7474
2026-01-10 15:00;0,0449
2026-01-10 16:00;0,0302
2026-01-10 17:00;0,0196
2026-01-10 18:00;0,0771
2026-01-10 19:00;0,2076
2026-01-10 20:00;0,3287
2026-01-10 21:00;0,2836
2026-01-10 22:00;0,1251
2026-01-10 23:00;0,2320
2026-01-11 00:00;0,0706
2026-01-11 01:00;0,4790
2026-01-11 02:00;0,4787
2026-01-11 03:00;0,4807
2026-01-11 04:00;0,2774
2026-01-11 05:00;0,0177
2026-01-11 06:00;0,0176
2026-01-11 07:00;1,0000
2026-01-11 08:00;0,0211
2026-01-11 09:00;0,0437
2026-01-11 10:00;0,1028
2026-01-11 11:00;0,1708
2026-01-11 12:00;0,3440
2026-01-11 13:00;0,4378
2026-01-11 14:00;0,4551
2026-01-11 15:00;0,4929
2026-01-11 16:00;0,0643
2026-01-11 17:00;0,3316
2026-01-11 18:00;0,2177
2026-01-11 19:00;0,1434
2026-01-11 20:00;0,0624
2026-01-11 21:00;0,0402
2026-01-11 22:00;0,0279
2026-01-11 23:00;0,0164
2026-01-12 00:00;0,1864
2026-01-12 01:00;0,5258
2026-01-12 02:00;0,3318
2026-01-12 03:00;0,0122
2026-01-12 04:00;0,1502
2026-01-12 05:00;0,2822
2026-01-12 06:00;0,2871
2026-01-12 07:00;0,4813
2026-01-12 08:00;0,3304
2026-01-12 09:00;0,2542
2026-01-12 10:00;0,1291
2026-01-12 11:00;0,0304
2026-01-12 12:00;0,1152
2026-01-12 13:00;0,3619
2026-01-12 14:00;0,3660
2026-01-12 15:00;0,3285
2026-01-12 16:00;0,7344
2026-01-12 17:00;0,2780
2026-01-12 18:00;0,0749
2026-01-12 19:00;0,0414
2026-01-12 20:00;0,0081
2026-01-12 21:00;0,1153
2026-01-12 22:00;0,4493
2026-01-12 23:00;0,1802
2026-01-13 00:00;0,3537
2026-01-13 01:00;0,4159
2026-01-13 02:00;0,3861
2026-01-13 03:00;0,4321
2026-01-13 04:00;0,4629
2026-01-13 05:00;0,2602
2026-01-13 06:00;0,2607
2026-01-13 07:00;0,4080
2026-01-13 08:00;0,2169
2026-01-13 09:00;0,1644
2026-01-13 10:00;0,3531
2026-01-13 11:00;0,4712
2026-01-13 12:00;0,5696
2026-01-13 13:00;0,8979
2026-01-13 14:00;0,5250
2026-01-13 15:00;0,2979
2026-01-13 16:00;0,2891
2026-01-13 17:00;0,2921
2026-01-13 18:00;0,2865
2026-01-13 19:00;0,4389
2026-01-13 20:00;0,0682
2026-01-13 21:00;0,0657
2026-01-13 22:00;0,3836
2026-01-13 23:00;0,2568
2026-01-14 00:00;0,1264
2026-01-14 01:00;0,3710
2026-01-14 02:00;0,4608
2026-01-14 03:00;0,4127
2026-01-14 04:00;0,4241
2026-01-14 05:00;0,6246
2026-01-14 06:00;0,6376
2026-01-14 07:00;0,5656
2026-01-14 08:00;0,9234
2026-01-14 09:00;0,1634
2026-01-14 10:00;0,0986
2026-01-14 11:00;0,0415
2026-01-14 12:00;0,0170
2026-01-14 13:00;0,1072
2026-01-14 14:00;0,1524
2026-01-14 15:00;0,3362
2026-01-14 16:00;0,4719
2026-01-14 17:00;0,8317
2026-01-14 18:00;0,3627
2026-01-14 19:00;0,2816
2026-01-14 20:00;0,1633
2026-01-14 21:00;0,3185
2026-01-14 22:00;0,7317
2026-01-14 23:00;0,3323
2026-01-15 00:00;0,1578
2026-01-15 01:00;0,3889
2026-01-15 02:00;0,4737
2026-01-15 03:00;0,3889
2026-01-15 04:00;0,0973
2026-01-15 05:00;0,0388
2026-01-15 06:00;0,0610
2026-01-15 07:00;0,0787
2026-01-15 08:00;0,7145
2026-01-15 09:00;0,8505
2026-01-15 10:00;0,5053
2026-01-15 11:00;0,0398
2026-01-15 12:00;0,2196
2026-01-15 13:00;0,3794
2026-01-15 14:00;0,4150
2026-01-15 15:00;0,1214
2026-01-15 16:00;0,0888
2026-01-15 17:00;0,0420
2026-01-15 18:00;0,2313
2026-01-15 19:00;0,1244
2026-01-15 20:00;0,0413
2026-01-15 21:00;0,0726
2026-01-15 22:00;0,1018
2026-01-15 23:00;0,6050
2026-01-16 00:00;0,5639
2026-01-16 01:00;0,8219
2026-01-16 02:00;0,3426
2026-01-16 03:00;0,1379
2026-01-16 04:00;0,2048
2026-01-16 05:00;0,3319
2026-01-16 06:00;0,5780
2026-01-16 07:00;0,6730
2026-01-16 08:00;0,4731
2026-01-16 09:00;0,7095
2026-01-16 10:00;0,7780
2026-01-16 11:00;0,5437
2026-01-16 12:00;0,0455
2026-01-16 13:00;0,9990
2026-01-16 14:00;0,5654
2026-01-16 15:00;0,3555
2026-01-16 16:00;0,6547
2026-01-16 17:00;0,3551
2026-01-16 18:00;0,3070
2026-01-16 19:00;0,1654
2026-01-16 20:00;0,0400
2026-01-16 21:00;0,0373
2026-01-16 22:00;0,0392
2026-01-16 23:00;0,0411
2026-01-17 00:00;0,1567
2026-01-17 01:00;0,3203
2026-01-17 02:00;0,4467
2026-01-17 03:00;0,3561
2026-01-17 04:00;0,0907
2026-01-17 05:00;0,0357
2026-01-17 06:00;0,0646
2026-01-17 07:00;0,0916
2026-01-17 08:00;0,8599
2026-01-17 09:00;0,7553
2026-01-17 10:00;0,5276
2026-01-17 11:00;0,0399
2026-01-17 12:00;0,2087
2026-01-17 13:00;0,3914
2026-01-17 14:00;0,4129
2026-01-17 15:00;0,1474
2026-01-17 16:00;0,0831
2026-01-17 17:00;0,0341
2026-01-17 18:00;0,1964
2026-01-17 19:00;0,1351
2026-01-17 20:00;0,0427
2026-01-17 21:00;0,0730
2026-01-17 22:00;0,1100
2026-01-17 23:00;0,6417
2026-01-18 00:00;0,0165
2026-01-18 01:00;0,0173
2026-01-18 02:00;0,1206
2026-01-18 03:00;0,1290
2026-01-18 04:00;0,0920
2026-01-18 05:00;0,0686
2026-01-18 06:00;0,0901
2026-01-18 07:00;0,0645
2026-01-18 08:00;0,0402
2026-01-18 09:00;0,0196
2026-01-18 10:00;0,0657
2026-01-18 11:00;0,1099
2026-01-18 12:00;0,2080
2026-01-18 13:00;0,2331
2026-01-18 14:00;0,2859
2026-01-18 15:00;1,0000
2026-01-18 16:00;1,0000
2026-01-18 17:00;0,8092
2026-01-18 18:00;0,5085
2026-01-18 19:00;0,9332
2026-01-18 20:00;0,3818
2026-01-18 21:00;0,3505
2026-01-18 22:00;0,3319
2026-01-18 23:00;0,2372
2026-01-19 00:00;0,1734
2026-01-19 01:00;0,4522
2026-01-19 02:00;0,3034
2026-01-19 03:00;0,0114
2026-01-19 04:00;0,1359
2026-01-19 05:00;0,2759
2026-01-19 06:00;0,3224
2026-01-19 07:00;0,5416
2026-01-19 08:00;0,3528
2026-01-19 09:00;0,2829
2026-01-19 10:00;0,1506
2026-01-19 11:00;0,0321
2026-01-19 12:00;0,1223
2026-01-19 13:00;0,3621
2026-01-19 14:00;0,3892
2026-01-19 15:00;0,3603
2026-01-19 16:00;0,9330
2026-01-19 17:00;0,2937
2026-01-19 18:00;0,0859
2026-01-19 19:00;0,0504
2026-01-19 20:00;0,0098
2026-01-19 21:00;0,1357
2026-01-19 22:00;0,4425
2026-01-19 23:00;0,1748
2026-01-20 00:00;0,1872
2026-01-20 01:00;0,1318
2026-01-20 02:00;0,2151
2026-01-20 03:00;0,1533
2026-01-20 04:00;0,1379
2026-01-20 05:00;0,1404
2026-01-20 06:00;0,1563
2026-01-20 07:00;0,1604
2026-01-20 08:00;0,1552
2026-01-20 09:00;0,1378
2026-01-20 10:00;0,4197
2026-01-20 11:00;0,2546
2026-01-20 12:00;0,6623
2026-01-20 13:00;1,0000
2026-01-20 14:00;1,0000
2026-01-20 15:00;1,0000
2026-01-20 16:00;1,0000
2026-01-20 17:00;0,8053
2026-01-20 18:00;0,2588
2026-01-20 19:00;0,2505
2026-01-20 20:00;0,2096
2026-01-20 21:00;0,1664
2026-01-20 22:00;0,1484
2026-01-20 23:00;0,1274
2026-01-21 00:00;0,1663
2026-01-21 01:00;0,4554
2026-01-21 02:00;0,3049
2026-01-21 03:00;0,0124
2026-01-21 04:00;0,1649
2026-01-21 05:00;0,3115
2026-01-21 06:00;0,2928
2026-01-21 07:00;0,5232
2026-01-21 08:00;0,3138
2026-01-21 09:00;0,2363
2026-01-21 10:00;0,1424
2026-01-21 11:00;0,0295
2026-01-21 12:00;0,1159
2026-01-21 13:00;0,3553
2026-01-21 14:00;0,4014
2026-01-21 15:00;0,3673
2026-01-21 16:00;0,8051
2026-01-21 17:00;0,3055
2026-01-21 18:00;0,0952
2026-01-21 19:00;0,0519
2026-01-21 20:00;0,0096
2026-01-21 21:00;0,1367
2026-01-21 22:00;0,5010
2026-01-21 23:00;0,2255
2026-01-22 00:00;0,1477
2026-01-22 01:00;0,1537
2026-01-22 02:00;0,1619
2026-01-22 03:00;0,1693
2026-01-22 04:00;0,2140
2026-01-22 05:00;0,0361
2026-01-22 06:00;0,0342
2026-01-22 07:00;0,0309
2026-01-22 08:00;0,0358
2026-01-22 09:00;0,0333
2026-01-22 10:00;0,0293
2026-01-22 11:00;0,0340
2026-01-22 12:00;0,0291
2026-01-22 13:00;0,0953
2026-01-22 14:00;0,0292
2026-01-22 15:00;0,0397
2026-01-22 16:00;0,0579
2026-01-22 17:00;0,1235
2026-01-22 18:00;0,5853
2026-01-22 19:00;0,4476
2026-01-22 20:00;0,6621
2026-01-22 21:00;0,8841
2026-01-22 22:00;0,7943
2026-01-22 23:00;1,0000
2026-01-23 00:00;0,5546
2026-01-23 01:00;0,6953
2026-01-23 02:00;0,4617
2026-01-23 03:00;0,5122
2026-01-23 04:00;1,0000
2026-01-23 05:00;0,4761
2026-01-23 06:00;0,3450
2026-01-23 07:00;0,7902
2026-01-23 08:00;0,2700
2026-01-23 09:00;0,2404
2026-01-23 10:00;0,1279
2026-01-23 11:00;0,0131
2026-01-23 12:00;0,2026
2026-01-23 13:00;0,2476
2026-01-23 14:00;0,2888
2026-01-23 15:00;0,2462
2026-01-23 16:00;0,2469
2026-01-23 17:00;0,1866
2026-01-23 18:00;0,2453
2026-01-23 19:00;0,1168
2026-01-23 20:00;0,0158
2026-01-23 21:00;0,1062
2026-01-23 22:00;0,1491
2026-01-23 23:00;0,1864
2026-01-24 00:00;0,4708
2026-01-24 01:00;0,8785
2026-01-24 02:00;0,4344
2026-01-24 03:00;0,4170
2026-01-24 04:00;0,9886
2026-01-24 05:00;0,3082
2026-01-24 06:00;0,3210
2026-01-24 07:00;0,3133
2026-01-24 08:00;0,3549
2026-01-24 09:00;0,3573
2026-01-24 10:00;0,2766
2026-01-24 11:00;0,2195
2026-01-24 12:00;0,1137
2026-01-24 13:00;0,0759
2026-01-24 14:00;0,0409
2026-01-24 15:00;0,3948
2026-01-24 16:00;0,2196
2026-01-24 17:00;0,0436
2026-01-24 18:00;0,1171
2026-01-24 19:00;0,1989
2026-01-24 20:00;0,2745
2026-01-24 21:00;0,2797
2026-01-24 22:00;0,2625
2026-01-24 23:00;0,2588
2026-01-25 00:00;0,3354
2026-01-25 01:00;0,0462
2026-01-25 02:00;0,0219
2026-01-25 03:00;0,5015
2026-01-25 04:00;0,5057
2026-01-25 05:00;0,0202
2026-01-25 06:00;0,0177
2026-01-25 07:00;0,4188
2026-01-25 08:00;0,0184
2026-01-25 09:00;0,0182
2026-01-25 10:00;0,3776
2026-01-25 11:00;0,4871
2026-01-25 12:00;0,5918
2026-01-25 13:00;0,3869
2026-01-25 14:00;0,0184
2026-01-25 15:00;0,0451
2026-01-25 16:00;0,0446
2026-01-25 17:00;0,0403
2026-01-25 18:00;0,3996
2026-01-25 19:00;0,8200
2026-01-25 20:00;0,3474
2026-01-25 21:00;0,3815
2026-01-25 22:00;0,0366
2026-01-25 23:00;0,2754
2026-01-26 00:00;0,6873
2026-01-26 01:00;0,6982
2026-01-26 02:00;0,2304
2026-01-26 03:00;0,7196
2026-01-26 04:00;0,6911
2026-01-26 05:00;0,6666
2026-01-26 06:00;0,0000
2026-01-26 07:00;0,6731
2026-01-26 08:00;0,4571
2026-01-26 09:00;0,0000
2026-01-26 10:00;0,0000
2026-01-26 11:00;0,0479
2026-01-26 12:00;0,0458
2026-01-26 13:00;0,6904
2026-01-26 14:00;0,6202
2026-01-26 15:00;0,0000
2026-01-26 16:00;0,0000
2026-01-26 17:00;0,0000
2026-01-26 18:00;0,2152
2026-01-26 19:00;0,8234
2026-01-26 20:00;0,8570
2026-01-26 21:00;0,2171
2026-01-26 22:00;0,6769
2026-01-26 23:00;0,5921
2026-01-27 00:00;0,3491
2026-01-27 01:00;0,5466
2026-01-27 02:00;0,3510
2026-01-27 03:00;0,2024
2026-01-27 04:00;0,1123
2026-01-27 05:00;0,0207
2026-01-27 06:00;0,0180
2026-01-27 07:00;0,0380
2026-01-27 08:00;0,0589
2026-01-27 09:00;0,0700
2026-01-27 10:00;0,1569
2026-01-27 11:00;0,0806
2026-01-27 12:00;0,0767
2026-01-27 13:00;0,1052
2026-01-27 14:00;0,3457
2026-01-27 15:00;0,5801
2026-01-27 16:00;0,6931
2026-01-27 17:00;0,8323
2026-01-27 18:00;0,7272
2026-01-27 19:00;0,8001
2026-01-27 20:00;0,5745
2026-01-27 21:00;0,6376
2026-01-27 22:00;0,6248
2026-01-27 23:00;0,5409
2026-01-28 00:00;0,6292
2026-01-28 01:00;0,4387
2026-01-28 02:00;0,0200
2026-01-28 03:00;0,6138
2026-01-28 04:00;0,3703
2026-01-28 05:00;0,0192
2026-01-28 06:00;0,0192
2026-01-28 07:00;0,4628
2026-01-28 08:00;0,0214
2026-01-28 09:00;0,1046
2026-01-28 10:00;0,0604
2026-01-28 11:00;0,0205
2026-01-28 12:00;0,7566
2026-01-28 13:00;1,0000
2026-01-28 14:00;0,0444
2026-01-28 15:00;0,1197
2026-01-28 16:00;0,1255
2026-01-28 17:00;0,1441
2026-01-28 18:00;0,2087
2026-01-28 19:00;1,0000
2026-01-28 20:00;0,5520
2026-01-28 21:00;0,4514
2026-01-28 22:00;0,2956
2026-01-28 23:00;0,1171
2026-01-29 00:00;0,0147
2026-01-29 01:00;0,0000
2026-01-29 02:00;0,0000
2026-01-29 03:00;0,0000
2026-01-29 04:00;0,0000
2026-01-29 05:00;0,0000
2026-01-29 06:00;0,0000
2026-01-29 07:00;0,0134
2026-01-29 08:00;0,0726
2026-01-29 09:00;0,2749
2026-01-29 10:00;0,9361
2026-01-29 11:00;0,7735
2026-01-29 12:00;0,9084
2026-01-29 13:00;0,9511
2026-01-29 14:00;0,9157
2026-01-29 15:00;0,9554
2026-01-29 16:00;0,8904
2026-01-29 17:00;0,6494
2026-01-29 18:00;0,1951
2026-01-29 19:00;0,0951
2026-01-29 20:00;0,0013
2026-01-29 21:00;0,0000
2026-01-29 22:00;0,0000
2026-01-29 23:00;0,0000
2026-01-30 00:00;0,0322
2026-01-30 01:00;0,0000
2026-01-30 02:00;0,0000
2026-01-30 03:00;0,0016
2026-01-30 04:00;0,0000
2026-01-30 05:00;0,0000
2026-01-30 06:00;0,0000
2026-01-30 07:00;0,0394
2026-01-30 08:00;0,0000
2026-01-30 09:00;0,0000
2026-01-30 10:00;0,4109
2026-01-30 11:00;0,0000
2026-01-30 12:00;0,0000
2026-01-30 13:00;0,3934
2026-01-30 14:00;0,3196
2026-01-30 15:00;0,7575
2026-01-30 16:00;0,8810
2026-01-30 17:00;0,4562
2026-01-30 18:00;0,2982
2026-01-30 19:00;0,8564
2026-01-30 20:00;0,3467
2026-01-30 21:00;0,4534
2026-01-30 22:00;0,8383
2026-01-30 23:00;0,3948
2026-01-31 00:00;0,0000
2026-01-31 01:00;0,0000
2026-01-31 02:00;0,0000
2026-01-31 03:00;0,0000
2026-01-31 04:00;0,0000
2026-01-31 05:00;0,0000
2026-01-31 06:00;0,0000
2026-01-31 07:00;0,2089
2026-01-31 08:00;0,2716
2026-01-31 09:00;0,5991
2026-01-31 10:00;0,1267
2026-01-31 11:00;0,7194
2026-01-31 12:00;0,7367
2026-01-31 13:00;0,0000
2026-01-31 14:00;0,8155
2026-01-31 15:00;0,7236
2026-01-31 16:00;0,0000
2026-01-31 17:00;0,0000
2026-01-31 18:00;0,0000
2026-01-31 19:00;0,0000
2026-01-31 20:00;0,0000
2026-01-31 21:00;0,0369
2026-01-31 22:00;0,3341
2026-01-31 23:00;0,2615
2026-02-01 00:00;0,2556
2026-02-01 01:00;0,2778
2026-02-01 02:00;0,2759
2026-02-01 03:00;0,2994
2026-02-01 04:00;0,2739
2026-02-01 05:00;0,2140
2026-02-01 06:00;0,3831
2026-02-01 07:00;0,3181
2026-02-01 08:00;0,3675
2026-02-01 09:00;0,4593
2026-02-01 10:00;0,3086
2026-02-01 11:00;0,2346
2026-02-01 12:00;0,5164
2026-02-01 13:00;1,0000
2026-02-01 14:00;0,7955
2026-02-01 15:00;0,9495
2026-02-01 16:00;1,0000
2026-02-01 17:00;0,4764
2026-02-01 18:00;0,2213
2026-02-01 19:00;0,3383
2026-02-01 20:00;0,4681
2026-02-01 21:00;0,3496
2026-02-01 22:00;0,3169
2026-02-01 23:00;0,2982
2026-02-02 00:00;0,7184
2026-02-02 01:00;1,0000
2026-02-02 02:00;0,2544
2026-02-02 03:00;0,1714
2026-02-02 04:00;0,4505
2026-02-02 05:00;0,7189
2026-02-02 06:00;0,6131
2026-02-02 07:00;1,0000
2026-02-02 08:00;0,4688
2026-02-02 09:00;0,1541
2026-02-02 10:00;0,1297
2026-02-02 11:00;0,2223
2026-02-02 12:00;0,2726
2026-02-02 13:00;0,9328
2026-02-02 14:00;0,8590
2026-02-02 15:00;0,3290
2026-02-02 16:00;0,3544
2026-02-02 17:00;0,4006
2026-02-02 18:00;0,2343
2026-02-02 19:00;0,1013
2026-02-02 20:00;0,1074
2026-02-02 21:00;0,1123
2026-02-02 22:00;0,7934
2026-02-02 23:00;0,6120
2026-02-03 00:00;0,2948
2026-02-03 01:00;0,7516
2026-02-03 02:00;0,6779
2026-02-03 03:00;0,3082
2026-02-03 04:00;0,6020
2026-02-03 05:00;0,5276
2026-02-03 06:00;0,6328
2026-02-03 07:00;0,5638
2026-02-03 08:00;0,3818
2026-02-03 09:00;0,7407
2026-02-03 10:00;0,3440
2026-02-03 11:00;0,5538
2026-02-03 12:00;1,0000
2026-02-03 13:00;0,3690
2026-02-03 14:00;0,2450
2026-02-03 15:00;0,0778
2026-02-03 16:00;0,0796
2026-02-03 17:00;0,0759
2026-02-03 18:00;0,0702
2026-02-03 19:00;0,4949
2026-02-03 20:00;0,5050
2026-02-03 21:00;0,5781
2026-02-03 22:00;0,0771
2026-02-03 23:00;0,2617
2026-02-04 00:00;0,0000
2026-02-04 01:00;0,5245
2026-02-04 02:00;0,7553
2026-02-04 03:00;0,8294
2026-02-04 04:00;0,6190
2026-02-04 05:00;0,5957
2026-02-04 06:00;0,5422
2026-02-04 07:00;0,5538
2026-02-04 08:00;0,3744
2026-02-04 09:00;0,1879
2026-02-04 10:00;0,1116
2026-02-04 11:00;0,0160
2026-02-04 12:00;0,3330
2026-02-04 13:00;0,6220
2026-02-04 14:00;0,0113
2026-02-04 15:00;0,1793
2026-02-04 16:00;0,1006
2026-02-04 17:00;0,0057
2026-02-04 18:00;0,0000
2026-02-04 19:00;0,0000
2026-02-04 20:00;0,0000
2026-02-04 21:00;0,5653
2026-02-04 22:00;0,6159
2026-02-04 23:00;0,5829
2026-02-05 00:00;0,1426
2026-02-05 01:00;0,1485
2026-02-05 02:00;0,2056
2026-02-05 03:00;0,1354
2026-02-05 04:00;0,2063
2026-02-05 05:00;0,1897
2026-02-05 06:00;0,1860
2026-02-05 07:00;0,2034
2026-02-05 08:00;0,1883
2026-02-05 09:00;0,0381
2026-02-05 10:00;0,0165
2026-02-05 11:00;0,4473
2026-02-05 12:00;0,5342
2026-02-05 13:00;0,7409
2026-02-05 14:00;0,5076
2026-02-05 15:00;0,4657
2026-02-05 16:00;0,8405
2026-02-05 17:00;0,3321
2026-02-05 18:00;0,2775
2026-02-05 19:00;0,2858
2026-02-05 20:00;0,2886
2026-02-05 21:00;0,2878
2026-02-05 22:00;0,9661
2026-02-05 23:00;0,4115
2026-02-06 00:00;0,2873
2026-02-06 01:00;0,7185
2026-02-06 02:00;0,7568
2026-02-06 03:00;0,4944
2026-02-06 04:00;0,5528
2026-02-06 05:00;0,7316
2026-02-06 06:00;0,0395
2026-02-06 07:00;0,5289
2026-02-06 08:00;0,5424
2026-02-06 09:00;0,3252
2026-02-06 10:00;0,3710
2026-02-06 11:00;0,0387
2026-02-06 12:00;0,4669
2026-02-06 13:00;0,4073
2026-02-06 14:00;0,1514
2026-02-06 15:00;0,3656
2026-02-06 16:00;0,2069
2026-02-06 17:00;0,0408
2026-02-06 18:00;0,0406
2026-02-06 19:00;0,2155
2026-02-06 20:00;0,4052
2026-02-06 21:00;0,3772
2026-02-06 22:00;0,8385
2026-02-06 23:00;0,3436
2026-02-07 00:00;0,4409
2026-02-07 01:00;0,2954
2026-02-07 02:00;0,6069
2026-02-07 03:00;0,6107
2026-02-07 04:00;0,4958
2026-02-07 05:00;0,6187
2026-02-07 06:00;0,6462
2026-02-07 07:00;0,2015
2026-02-07 08:00;0,9021
2026-02-07 09:00;0,9939
2026-02-07 10:00;0,4219
2026-02-07 11:00;0,6237
2026-02-07 12:00;0,4071
2026-02-07 13:00;0,1545
2026-02-07 14:00;0,2547
2026-02-07 15:00;0,2738
2026-02-07 16:00;0,3080
2026-02-07 17:00;0,1143
2026-02-07 18:00;0,0921
2026-02-07 19:00;0,0488
2026-02-07 20:00;0,0146
2026-02-07 21:00;0,0543
2026-02-07 22:00;0,0171
2026-02-07 23:00;0,1389
2026-02-08 00:00;0,6541
2026-02-08 01:00;1,0000
2026-02-08 02:00;0,4315
2026-02-08 03:00;0,6394
2026-02-08 04:00;0,9230
2026-02-08 05:00;0,6474
2026-02-08 06:00;0,0457
2026-02-08 07:00;0,2607
2026-02-08 08:00;0,4484
2026-02-08 09:00;0,7792
2026-02-08 10:00;1,0000
2026-02-08 11:00;0,8312
2026-02-08 12:00;0,0445
2026-02-08 13:00;0,1672
2026-02-08 14:00;0,2605
2026-02-08 15:00;0,0450
2026-02-08 16:00;0,2383
2026-02-08 17:00;0,1398
2026-02-08 18:00;0,0471
2026-02-08 19:00;0,0593
2026-02-08 20:00;0,0767
2026-02-08 21:00;0,0415
2026-02-08 22:00;0,0913
2026-02-08 23:00;0,1559
2026-02-09 00:00;0,1295
2026-02-09 01:00;0,2159
2026-02-09 02:00;0,1384
2026-02-09 03:00;0,1407
2026-02-09 04:00;0,2633
2026-02-09 05:00;0,2661
2026-02-09 06:00;0,3180
2026-02-09 07:00;0,2688
2026-02-09 08:00;0,2946
2026-02-09 09:00;0,5202
2026-02-09 10:00;0,1514
2026-02-09 11:00;0,3441
2026-02-09 12:00;0,3964
2026-02-09 13:00;0,1791
2026-02-09 14:00;0,5088
2026-02-09 15:00;0,7668
2026-02-09 16:00;0,9455
2026-02-09 17:00;0,2220
2026-02-09 18:00;0,1974
2026-02-09 19:00;0,1311
2026-02-09 20:00;0,0492
2026-02-09 21:00;0,1843
2026-02-09 22:00;0,1937
2026-02-09 23:00;0,2078
2026-02-10 00:00;0,6482
2026-02-10 01:00;1,0000
2026-02-10 02:00;0,6990
2026-02-10 03:00;0,7457
2026-02-10 04:00;1,0000
2026-02-10 05:00;0,4631
2026-02-10 06:00;0,3688
2026-02-10 07:00;0,3284
2026-02-10 08:00;0,2718
2026-02-10 09:00;0,2534
2026-02-10 10:00;0,1786
2026-02-10 11:00;0,1013
2026-02-10 12:00;0,0173
2026-02-10 13:00;0,0367
2026-02-10 14:00;0,0656
2026-02-10 15:00;0,2016
2026-02-10 16:00;0,1598
2026-02-10 17:00;0,1915
2026-02-10 18:00;0,1603
2026-02-10 19:00;0,1335
2026-02-10 20:00;0,1078
2026-02-10 21:00;0,1028
2026-02-10 22:00;0,0819
2026-02-10 23:00;0,0366
2026-02-11 00:00;0,4433
2026-02-11 01:00;0,5555
2026-02-11 02:00;0,4528
2026-02-11 03:00;0,1364
2026-02-11 04:00;0,4370
2026-02-11 05:00;0,3032
2026-02-11 06:00;0,5060
2026-02-11 07:00;0,8445
2026-02-11 08:00;0,8901
2026-02-11 09:00;0,5882
2026-02-11 10:00;0,5080
2026-02-11 11:00;0,1650
2026-02-11 12:00;0,1106
2026-02-11 13:00;0,0519
2026-02-11 14:00;0,0528
2026-02-11 15:00;0,0455
2026-02-11 16:00;0,2016
2026-02-11 17:00;0,3367
2026-02-11 18:00;0,4632
2026-02-11 19:00;0,3119
2026-02-11 20:00;0,0395
2026-02-11 21:00;0,0647
2026-02-11 22:00;0,1049
2026-02-11 23:00;0,0391
2026-02-12 00:00;0,5913
2026-02-12 01:00;0,8994
2026-02-12 02:00;0,6129
2026-02-12 03:00;0,6185
2026-02-12 04:00;1,0000
2026-02-12 05:00;0,7155
2026-02-12 06:00;0,6950
2026-02-12 07:00;0,8320
2026-02-12 08:00;0,6152
2026-02-12 09:00;0,3993
2026-02-12 10:00;0,2552
2026-02-12 11:00;0,1367
2026-02-12 12:00;0,1250
2026-02-12 13:00;0,1380
2026-02-12 14:00;0,1405
2026-02-12 15:00;0,1063
2026-02-12 16:00;0,0658
2026-02-12 17:00;0,0348
2026-02-12 18:00;0,2261
2026-02-12 19:00;0,2991
2026-02-12 20:00;0,3735
2026-02-12 21:00;0,5376
2026-02-12 22:00;1,0000
2026-02-12 23:00;0,5734
2026-02-13 00:00;0,6888
2026-02-13 01:00;1,0000
2026-02-13 02:00;0,1521
2026-02-13 03:00;0,0399
2026-02-13 04:00;0,2834
2026-02-13 05:00;0,6046
2026-02-13 06:00;0,5287
2026-02-13 07:00;1,0000
2026-02-13 08:00;0,3987
2026-02-13 09:00;0,0444
2026-02-13 10:00;0,0174
2026-02-13 11:00;0,0886
2026-02-13 12:00;0,1434
2026-02-13 13:00;0,7539
2026-02-13 14:00;0,6741
2026-02-13 15:00;0,2493
2026-02-13 16:00;0,2586
2026-02-13 17:00;0,3164
2026-02-13 18:00;0,1309
2026-02-13 19:00;0,0180
2026-02-13 20:00;0,0325
2026-02-13 21:00;0,0402
2026-02-13 22:00;0,7802
2026-02-13 23:00;0,5757
2026-02-14 00:00;0,6744
2026-02-14 01:00;1,0000
2026-02-14 02:00;0,1529
2026-02-14 03:00;0,4395
2026-02-14 04:00;0,2859
2026-02-14 05:00;0,1207
2026-02-14 06:00;0,1167
2026-02-14 07:00;0,0876
2026-02-14 08:00;0,0686
2026-02-14 09:00;0,0175
2026-02-14 10:00;0,0595
2026-02-14 11:00;0,0967
2026-02-14 12:00;0,1845
2026-02-14 13:00;0,7796
2026-02-14 14:00;0,4336
2026-02-14 15:00;0,4830
2026-02-14 16:00;0,9026
2026-02-14 17:00;0,2349
2026-02-14 18:00;0,0183
2026-02-14 19:00;0,3203
2026-02-14 20:00;0,6521
2026-02-14 21:00;0,6940
2026-02-14 22:00;1,0000
2026-02-14 23:00;0,6822
2026-02-15 00:00;0,2330
2026-02-15 01:00;0,2504
2026-02-15 02:00;0,1976
2026-02-15 03:00;0,2976
2026-02-15 04:00;0,3717
2026-02-15 05:00;0,2335
2026-02-15 06:00;0,2872
2026-02-15 07:00;0,2431
2026-02-15 08:00;0,2977
2026-02-15 09:00;0,3394
2026-02-15 10:00;0,1691
2026-02-15 11:00;0,3609
2026-02-15 12:00;0,5726
2026-02-15 13:00;0,0963
2026-02-15 14:00;0,8197
2026-02-15 15:00;0,9817
2026-02-15 16:00;0,1007
2026-02-15 17:00;0,6238
2026-02-15 18:00;0,3468
2026-02-15 19:00;0,2458
2026-02-15 20:00;0,2195
2026-02-15 21:00;0,2535
2026-02-15 22:00;0,0454
2026-02-15 23:00;0,1492
2026-02-16 00:00;0,5401
2026-02-16 01:00;0,3794
2026-02-16 02:00;0,1746
2026-02-16 03:00;0,0463
2026-02-16 04:00;0,2825
2026-02-16 05:00;0,5343
2026-02-16 06:00;0,1483
2026-02-16 07:00;0,0999
2026-02-16 08:00;0,0465
2026-02-16 09:00;0,0304
2026-02-16 10:00;0,0211
2026-02-16 11:00;0,3619
2026-02-16 12:00;0,3530
2026-02-16 13:00;0,2205
2026-02-16 14:00;0,1372
2026-02-16 15:00;0,0361
2026-02-16 16:00;0,2444
2026-02-16 17:00;0,5072
2026-02-16 18:00;0,6585
2026-02-16 19:00;0,9960
2026-02-16 20:00;0,7999
2026-02-16 21:00;0,2807
2026-02-16 22:00;0,2946
2026-02-16 23:00;0,2802
2026-02-17 00:00;0,0000
2026-02-17 01:00;0,6208
2026-02-17 02:00;0,9250
2026-02-17 03:00;0,9885
2026-02-17 04:00;0,7538
2026-02-17 05:00;0,8070
2026-02-17 06:00;0,8433
2026-02-17 07:00;0,6824
2026-02-17 08:00;0,4113
2026-02-17 09:00;0,2032
2026-02-17 10:00;0,0971
2026-02-17 11:00;0,0151
2026-02-17 12:00;0,3655
2026-02-17 13:00;0,6171
2026-02-17 14:00;0,0101
2026-02-17 15:00;0,1962
2026-02-17 16:00;0,1054
2026-02-17 17:00;0,0051
2026-02-17 18:00;0,0000
2026-02-17 19:00;0,0000
2026-02-17 20:00;0,0000
2026-02-17 21:00;0,7670
2026-02-17 22:00;0,7518
2026-02-17 23:00;0,6820
2026-02-18 00:00;0,2946
2026-02-18 01:00;0,6323
2026-02-18 02:00;0,6194
2026-02-18 03:00;0,2618
2026-02-18 04:00;0,5404
2026-02-18 05:00;0,4816
2026-02-18 06:00;0,5913
2026-02-18 07:00;0,5519
2026-02-18 08:00;0,3838
2026-02-18 09:00;0,7258
2026-02-18 10:00;0,2722
2026-02-18 11:00;0,1974
2026-02-18 12:00;0,1432
2026-02-18 13:00;0,1043
2026-02-18 14:00;0,0817
2026-02-18 15:00;0,0863
2026-02-18 16:00;0,9786
2026-02-18 17:00;0,6766
2026-02-18 18:00;0,5164
2026-02-18 19:00;0,8042
2026-02-18 20:00;0,4565
2026-02-18 21:00;0,4016
2026-02-18 22:00;0,2422
2026-02-18 23:00;0,0931
2026-02-19 00:00;0,4201
2026-02-19 01:00;0,3706
2026-02-19 02:00;0,2688
2026-02-19 03:00;0,1958
2026-02-19 04:00;0,1450
2026-02-19 05:00;0,1060
2026-02-19 06:00;0,0639
2026-02-19 07:00;0,0577
2026-02-19 08:00;0,0646
2026-02-19 09:00;0,1458
2026-02-19 10:00;0,3575
2026-02-19 11:00;0,5350
2026-02-19 12:00;0,9479
2026-02-19 13:00;1,0000
2026-02-19 14:00;0,9638
2026-02-19 15:00;1,0000
2026-02-19 16:00;1,0000
2026-02-19 17:00;1,0000
2026-02-19 18:00;1,0000
2026-02-19 19:00;1,0000
2026-02-19 20:00;0,2127
2026-02-19 21:00;0,1007
2026-02-19 22:00;0,1292
2026-02-19 23:00;0,1644
2026-02-20 00:00;1,0000
2026-02-20 01:00;1,0000
2026-02-20 02:00;1,0000
2026-02-20 03:00;1,0000
2026-02-20 04:00;0,9214
2026-02-20 05:00;0,9160
2026-02-20 06:00;1,0000
2026-02-20 07:00;0,7590
2026-02-20 08:00;1,0000
2026-02-20 09:00;0,9615
2026-02-20 10:00;0,0864
2026-02-20 11:00;0,1204
2026-02-20 12:00;0,0947
2026-02-20 13:00;0,0717
2026-02-20 14:00;0,0865
2026-02-20 15:00;0,1058
2026-02-20 16:00;0,2134
2026-02-20 17:00;0,2982
2026-02-20 18:00;0,1100
2026-02-20 19:00;0,0804
2026-02-20 20:00;0,0541
2026-02-20 21:00;0,2620
2026-02-20 22:00;0,1458
2026-02-20 23:00;0,0481
2026-02-21 00:00;0,1279
2026-02-21 01:00;0,2428
2026-02-21 02:00;0,1185
2026-02-21 03:00;0,1136
2026-02-21 04:00;0,1163
2026-02-21 05:00;0,2121
2026-02-21 06:00;0,2685
2026-02-21 07:00;0,1541
2026-02-21 08:00;0,2359
2026-02-21 09:00;0,2938
2026-02-21 10:00;0,2204
2026-02-21 11:00;0,1486
2026-02-21 12:00;0,3706
2026-02-21 13:00;0,6995
2026-02-21 14:00;0,5982
2026-02-21 15:00;0,6268
2026-02-21 16:00;1,0000
2026-02-21 17:00;0,9320
2026-02-21 18:00;0,3222
2026-02-21 19:00;0,1950
2026-02-21 20:00;0,0442
2026-02-21 21:00;0,0179
2026-02-21 22:00;0,0860
2026-02-21 23:00;0,1640
2026-02-22 00:00;0,0166
2026-02-22 01:00;0,0360
2026-02-22 02:00;0,0149
2026-02-22 03:00;0,2948
2026-02-22 04:00;0,4702
2026-02-22 05:00;0,2665
2026-02-22 06:00;0,4019
2026-02-22 07:00;0,1310
2026-02-22 08:00;0,0823
2026-02-22 09:00;0,0206
2026-02-22 10:00;0,3206
2026-02-22 11:00;0,4630
2026-02-22 12:00;0,2226
2026-02-22 13:00;0,0189
2026-02-22 14:00;0,9690
2026-02-22 15:00;1,0000
2026-02-22 16:00;0,3369
2026-02-22 17:00;0,9498
2026-02-22 18:00;0,7152
2026-02-22 19:00;0,3039
2026-02-22 20:00;0,3482
2026-02-22 21:00;0,2194
2026-02-22 22:00;0,2597
2026-02-22 23:00;0,2525
2026-02-23 00:00;0,2161
2026-02-23 01:00;0,2791
2026-02-23 02:00;0,3310
2026-02-23 03:00;0,2774
2026-02-23 04:00;0,4347
2026-02-23 05:00;0,2186
2026-02-23 06:00;0,2160
2026-02-23 07:00;0,1542
2026-02-23 08:00;0,0682
2026-02-23 09:00;0,0659
2026-02-23 10:00;0,3498
2026-02-23 11:00;0,3246
2026-02-23 12:00;0,4376
2026-02-23 13:00;0,4119
2026-02-23 14:00;0,4274
2026-02-23 15:00;0,4542
2026-02-23 16:00;0,8986
2026-02-23 17:00;0,3071
2026-02-23 18:00;0,2358
2026-02-23 19:00;0,5472
2026-02-23 20:00;0,2980
2026-02-23 21:00;0,1788
2026-02-23 22:00;0,1564
2026-02-23 23:00;0,1817
2026-02-24 00:00;0,5010
2026-02-24 01:00;0,1068
2026-02-24 02:00;0,1367
2026-02-24 03:00;0,1658
2026-02-24 04:00;0,7341
2026-02-24 05:00;0,4595
2026-02-24 06:00;0,5106
2026-02-24 07:00;0,0986
2026-02-24 08:00;0,6054
2026-02-24 09:00;0,3750
2026-02-24 10:00;0,0944
2026-02-24 11:00;0,3476
2026-02-24 12:00;0,5210
2026-02-24 13:00;0,6428
2026-02-24 14:00;0,1267
2026-02-24 15:00;0,1219
2026-02-24 16:00;0,1415
2026-02-24 17:00;0,1589
2026-02-24 18:00;0,1373
2026-02-24 19:00;0,8391
2026-02-24 20:00;0,3774
2026-02-24 21:00;0,3030
2026-02-24 22:00;0,6542
2026-02-24 23:00;0,4462
2026-02-25 00:00;0,1128
2026-02-25 01:00;0,1251
2026-02-25 02:00;0,1353
2026-02-25 03:00;0,1978
2026-02-25 04:00;0,1353
2026-02-25 05:00;0,0978
2026-02-25 06:00;0,0725
2026-02-25 07:00;0,0179
2026-02-25 08:00;0,0184
2026-02-25 09:00;0,0430
2026-02-25 10:00;0,0730
2026-02-25 11:00;0,0185
2026-02-25 12:00;0,0371
2026-02-25 13:00;0,0628
2026-02-25 14:00;0,0935
2026-02-25 15:00;0,2643
2026-02-25 16:00;0,9320
2026-02-25 17:00;0,4178
2026-02-25 18:00;0,9220
2026-02-25 19:00;0,9171
2026-02-25 20:00;0,8888
2026-02-25 21:00;0,8219
2026-02-25 22:00;0,7714
2026-02-25 23:00;0,6132
2026-02-26 00:00;0,0386
2026-02-26 01:00;0,6428
2026-02-26 02:00;0,6174
2026-02-26 03:00;0,0630
2026-02-26 04:00;0,2266
2026-02-26 05:00;0,3570
2026-02-26 06:00;0,3464
2026-02-26 07:00;0,6069
2026-02-26 08:00;0,1839
2026-02-26 09:00;0,1016
2026-02-26 10:00;0,1499
2026-02-26 11:00;0,2042
2026-02-26 12:00;0,3892
2026-02-26 13:00;0,3198
2026-02-26 14:00;0,2400
2026-02-26 15:00;0,2518
2026-02-26 16:00;0,3444
2026-02-26 17:00;0,4217
2026-02-26 18:00;0,4291
2026-02-26 19:00;1,0000
2026-02-26 20:00;0,6327
2026-02-26 21:00;1,0000
2026-02-26 22:00;1,0000
2026-02-26 23:00;0,9889
2026-02-27 00:00;0,3087
2026-02-27 01:00;0,3289
2026-02-27 02:00;0,3146
2026-02-27 03:00;0,2242
2026-02-27 04:00;0,2288
2026-02-27 05:00;0,2392
2026-02-27 06:00;0,7113
2026-02-27 07:00;0,7608
2026-02-27 08:00;0,2522
2026-02-27 09:00;0,2594
2026-02-27 10:00;0,6153
2026-02-27 11:00;0,6022
2026-02-27 12:00;0,7613
2026-02-27 13:00;0,5914
2026-02-27 14:00;0,4606
2026-02-27 15:00;0,3040
2026-02-27 16:00;0,4206
2026-02-27 17:00;0,4170
2026-02-27 18:00;0,6416
2026-02-27 19:00;0,4396
2026-02-27 20:00;0,6159
2026-02-27 21:00;0,7924
2026-02-27 22:00;1,0000
2026-02-27 23:00;1,0000
2026-02-28 00:00;0,8316
2026-02-28 01:00;1,0000
2026-02-28 02:00;0,5694
2026-02-28 03:00;0,3775
2026-02-28 04:00;0,7677
2026-02-28 05:00;0,8102
2026-02-28 06:00;0,8280
2026-02-28 07:00;1,0000
2026-02-28 08:00;1,0000
2026-02-28 09:00;1,0000
2026-02-28 10:00;1,0000
2026-02-28 11:00;0,4345
2026-02-28 12:00;0,4363
2026-02-28 13:00;0,4449
2026-02-28 14:00;0,4517
2026-02-28 15:00;0,7577
2026-02-28 16:00;1,0000
2026-02-28 17:00;0,9237
2026-02-28 18:00;0,9827
2026-02-28 19:00;0,8174
2026-02-28 20:00;0,4993
2026-02-28 21:00;1,0000
2026-02-28 22:00;1,0000
2026-02-28 23:00;0,5126
2026-03-01 00:00;0,5260
2026-03-01 01:00;0,4120
2026-03-01 02:00;0,4594
2026-03-01 03:00;0,4401
2026-03-01 04:00;0,1273
2026-03-01 05:00;0,2246
2026-03-01 06:00;0,5660
2026-03-01 07:00;0,0000
2026-03-01 08:00;0,0000
2026-03-01 09:00;0,0000
2026-03-01 10:00;0,0000
2026-03-01 11:00;0,1211
2026-03-01 12:00;0,0000
2026-03-01 13:00;0,0000
2026-03-01 14:00;0,0000
2026-03-01 15:00;0,0000
2026-03-01 16:00;0,0000
2026-03-01 17:00;0,0000
2026-03-01 18:00;0,1562
2026-03-01 19:00;0,3497
2026-03-01 20:00;0,0000
2026-03-01 21:00;0,0000
2026-03-01 22:00;0,6729
2026-03-01 23:00;0,6213
2026-03-02 00:00;0,0000
2026-03-02 01:00;0,0000
2026-03-02 02:00;0,0000
2026-03-02 03:00;0,0000
2026-03-02 04:00;0,0000
2026-03-02 05:00;0,0000
2026-03-02 06:00;0,0000
2026-03-02 07:00;0,0000
2026-03-02 08:00;0,0000
2026-03-02 09:00;0,0000
2026-03-02 10:00;0,0000
2026-03-02 11:00;0,0000
2026-03-02 12:00;0,1979
2026-03-02 13:00;0,7730
2026-03-02 14:00;0,7797
2026-03-02 15:00;0,7864
2026-03-02 16:00;0,7930
2026-03-02 17:00;0,7997
2026-03-02 18:00;0,6666
2026-03-02 19:00;0,7667
2026-03-02 20:00;0,0000
2026-03-02 21:00;0,0000
2026-03-02 22:00;0,0000
2026-03-02 23:00;0,0018
2026-03-03 00:00;0,7754
2026-03-03 01:00;0,7017
2026-03-03 02:00;0,7166
2026-03-03 03:00;0,6926
2026-03-03 04:00;0,8051
2026-03-03 05:00;0,4872
2026-03-03 06:00;0,2625
2026-03-03 07:00;0,7329
2026-03-03 08:00;0,2186
2026-03-03 09:00;0,2367
2026-03-03 10:00;0,8516
2026-03-03 11:00;0,3096
2026-03-03 12:00;0,1365
2026-03-03 13:00;0,9259
2026-03-03 14:00;0,4553
2026-03-03 15:00;0,4688
2026-03-03 16:00;0,2783
2026-03-03 17:00;0,0246
2026-03-03 18:00;0,0338
2026-03-03 19:00;0,0584
2026-03-03 20:00;0,0712
2026-03-03 21:00;0,0455
2026-03-03 22:00;0,0668
2026-03-03 23:00;0,1016
2026-03-04 00:00;0,0423
2026-03-04 01:00;0,0396
2026-03-04 02:00;0,0407
2026-03-04 03:00;0,0667
2026-03-04 04:00;0,0375
2026-03-04 05:00;0,0159
2026-03-04 06:00;0,0408
2026-03-04 07:00;0,1622
2026-03-04 08:00;0,2768
2026-03-04 09:00;0,2489
2026-03-04 10:00;0,9939
2026-03-04 11:00;0,9373
2026-03-04 12:00;0,8054
2026-03-04 13:00;0,8814
2026-03-04 14:00;0,9265
2026-03-04 15:00;0,9000
2026-03-04 16:00;1,0000
2026-03-04 17:00;0,9512
2026-03-04 18:00;0,6073
2026-03-04 19:00;1,0000
2026-03-04 20:00;0,1397
2026-03-04 21:00;0,1964
2026-03-04 22:00;0,2504
2026-03-04 23:00;0,2812
2026-03-05 00:00;0,6258
2026-03-05 01:00;0,9615
2026-03-05 02:00;0,1308
2026-03-05 03:00;0,1209
2026-03-05 04:00;0,1636
2026-03-05 05:00;0,1931
2026-03-05 06:00;0,2843
2026-03-05 07:00;0,0976
2026-03-05 08:00;0,2113
2026-03-05 09:00;0,3371
2026-03-05 10:00;0,3691
2026-03-05 11:00;0,7593
2026-03-05 12:00;0,8455
2026-03-05 13:00;1,0000
2026-03-05 14:00;0,0716
2026-03-05 15:00;0,1557
2026-03-05 16:00;0,1291
2026-03-05 17:00;0,1030
2026-03-05 18:00;0,0330
2026-03-05 19:00;1,0000
2026-03-05 20:00;0,8792
2026-03-05 21:00;0,1038
2026-03-05 22:00;0,1781
2026-03-05 23:00;0,2551
2026-03-06 00:00;0,6287
2026-03-06 01:00;0,7666
2026-03-06 02:00;0,6783
2026-03-06 03:00;0,1541
2026-03-06 04:00;0,1030
2026-03-06 05:00;0,0719
2026-03-06 06:00;0,0711
2026-03-06 07:00;0,7567
2026-03-06 08:00;0,6876
2026-03-06 09:00;0,1200
2026-03-06 10:00;0,5142
2026-03-06 11:00;0,2511
2026-03-06 12:00;0,4793
2026-03-06 13:00;0,2347
2026-03-06 14:00;0,0378
2026-03-06 15:00;0,0434
2026-03-06 16:00;0,6503
2026-03-06 17:00;0,8926
2026-03-06 18:00;1,0000
2026-03-06 19:00;1,0000
2026-03-06 20:00;0,9760
2026-03-06 21:00;1,0000
2026-03-06 22:00;0,9210
2026-03-06 23:00;0,8538
2026-03-07 00:00;0,2764
2026-03-07 01:00;0,7954
2026-03-07 02:00;0,2781
2026-03-07 03:00;0,3090
2026-03-07 04:00;0,8685
2026-03-07 05:00;0,2768
2026-03-07 06:00;0,1931
2026-03-07 07:00;0,2023
2026-03-07 08:00;0,1691
2026-03-07 09:00;0,0501
2026-03-07 10:00;0,8057
2026-03-07 11:00;0,7487
2026-03-07 12:00;0,7941
2026-03-07 13:00;0,8706
2026-03-07 14:00;0,0490
2026-03-07 15:00;0,0438
2026-03-07 16:00;0,8683
2026-03-07 17:00;0,6795
2026-03-07 18:00;0,7056
2026-03-07 19:00;0,7311
2026-03-07 20:00;0,0000
2026-03-07 21:00;0,0736
2026-03-07 22:00;0,1955
2026-03-07 23:00;0,2863
2026-03-08 00:00;0,0204
2026-03-08 01:00;0,0220
2026-03-08 02:00;0,1841
2026-03-08 03:00;0,1924
2026-03-08 04:00;0,5160
2026-03-08 05:00;0,2456
2026-03-08 06:00;0,2279
2026-03-08 07:00;0,1016
2026-03-08 08:00;0,1157
2026-03-08 09:00;0,5121
2026-03-08 10:00;0,5067
2026-03-08 11:00;1,0000
2026-03-08 12:00;1,0000
2026-03-08 13:00;0,8253
2026-03-08 14:00;0,8473
2026-03-08 15:00;0,9726
2026-03-08 16:00;0,6446
2026-03-08 17:00;0,6906
2026-03-08 18:00;0,4615
2026-03-08 19:00;0,3680
2026-03-08 20:00;0,3883
2026-03-08 21:00;0,2597
2026-03-08 22:00;0,2663
2026-03-08 23:00;0,1544
2026-03-09 00:00;0,1360
2026-03-09 01:00;0,1424
2026-03-09 02:00;0,1894
2026-03-09 03:00;0,1677
2026-03-09 04:00;0,1186
2026-03-09 05:00;0,0748
2026-03-09 06:00;0,0630
2026-03-09 07:00;0,1360
2026-03-09 08:00;0,2050
2026-03-09 09:00;0,0407
2026-03-09 10:00;0,9010
2026-03-09 11:00;0,6531
2026-03-09 12:00;0,8192
2026-03-09 13:00;1,0000
2026-03-09 14:00;0,0742
2026-03-09 15:00;0,2300
2026-03-09 16:00;1,0000
2026-03-09 17:00;0,8904
2026-03-09 18:00;0,9333
2026-03-09 19:00;0,9029
2026-03-09 20:00;0,8465
2026-03-09 21:00;0,9604
2026-03-09 22:00;1,0000
2026-03-09 23:00;0,1410
2026-03-10 00:00;0,4718
2026-03-10 01:00;1,0000
2026-03-10 02:00;0,5366
2026-03-10 03:00;0,4931
2026-03-10 04:00;0,9729
2026-03-10 05:00;0,4821
2026-03-10 06:00;0,3487
2026-03-10 07:00;0,7094
2026-03-10 08:00;0,2063
2026-03-10 09:00;0,2181
2026-03-10 10:00;0,1177
2026-03-10 11:00;0,1466
2026-03-10 12:00;0,0615
2026-03-10 13:00;0,7900
2026-03-10 14:00;0,4809
2026-03-10 15:00;0,1869
2026-03-10 16:00;0,0439
2026-03-10 17:00;0,1425
2026-03-10 18:00;0,7178
2026-03-10 19:00;0,9163
2026-03-10 20:00;0,2791
2026-03-10 21:00;0,2590
2026-03-10 22:00;0,0903
2026-03-10 23:00;0,1413
2026-03-11 00:00;0,1667
2026-03-11 01:00;0,1002
2026-03-11 02:00;0,0169
2026-03-11 03:00;0,4241
2026-03-11 04:00;0,9142
2026-03-11 05:00;0,3429
2026-03-11 06:00;0,0544
2026-03-11 07:00;0,0334
2026-03-11 08:00;0,0145
2026-03-11 09:00;0,1163
2026-03-11 10:00;0,1665
2026-03-11 11:00;0,1760
2026-03-11 12:00;0,1477
2026-03-11 13:00;1,0000
2026-03-11 14:00;0,8925
2026-03-11 15:00;0,7813
2026-03-11 16:00;0,9867
2026-03-11 17:00;0,6049
2026-03-11 18:00;0,5738
2026-03-11 19:00;0,9196
2026-03-11 20:00;0,1058
2026-03-11 21:00;0,3302
2026-03-11 22:00;0,9198
2026-03-11 23:00;0,3054
2026-03-12 00:00;0,3319
2026-03-12 01:00;0,8329
2026-03-12 02:00;0,3644
2026-03-12 03:00;0,1829
2026-03-12 04:00;0,3145
2026-03-12 05:00;0,2634
2026-03-12 06:00;0,2857
2026-03-12 07:00;0,0433
2026-03-12 08:00;0,3745
2026-03-12 09:00;0,2811
2026-03-12 10:00;0,1711
2026-03-12 11:00;0,0659
2026-03-12 12:00;0,0598
2026-03-12 13:00;0,1176
2026-03-12 14:00;0,1556
2026-03-12 15:00;0,8921
2026-03-12 16:00;0,9243
2026-03-12 17:00;1,0000
2026-03-12 18:00;0,9789
2026-03-12 19:00;0,9854
2026-03-12 20:00;0,8688
2026-03-12 21:00;0,7521
2026-03-12 22:00;0,9495
2026-03-12 23:00;0,3434
2026-03-13 00:00;0,0710
2026-03-13 01:00;0,0421
2026-03-13 02:00;0,0170
2026-03-13 03:00;0,3228
2026-03-13 04:00;0,5569
2026-03-13 05:00;0,2749
2026-03-13 06:00;0,2388
2026-03-13 07:00;0,0190
2026-03-13 08:00;0,0385
2026-03-13 09:00;0,0156
2026-03-13 10:00;0,0365
2026-03-13 11:00;0,0638
2026-03-13 12:00;0,1993
2026-03-13 13:00;0,9717
2026-03-13 14:00;0,8447
2026-03-13 15:00;1,0000
2026-03-13 16:00;0,9725
2026-03-13 17:00;0,9566
2026-03-13 18:00;0,8281
2026-03-13 19:00;0,8237
2026-03-13 20:00;0,4124
2026-03-13 21:00;0,2576
2026-03-13 22:00;0,2251
2026-03-13 23:00;0,1799
2026-03-14 00:00;0,1707
2026-03-14 01:00;0,1453
2026-03-14 02:00;0,1862
2026-03-14 03:00;0,2198
2026-03-14 04:00;0,1416
2026-03-14 05:00;0,2588
2026-03-14 06:00;0,2358
2026-03-14 07:00;0,0370
2026-03-14 08:00;0,0339
2026-03-14 09:00;0,1105
2026-03-14 10:00;0,0559
2026-03-14 11:00;0,5605
2026-03-14 12:00;0,7946
2026-03-14 13:00;0,1636
2026-03-14 14:00;0,7697
2026-03-14 15:00;0,8586
2026-03-14 16:00;0,2360
2026-03-14 17:00;0,8280
2026-03-14 18:00;0,4754
2026-03-14 19:00;0,7318
2026-03-14 20:00;0,0730
2026-03-14 21:00;0,0584
2026-03-14 22:00;0,0956
2026-03-14 23:00;0,1483
2026-03-15 00:00;0,0425
2026-03-15 01:00;0,0723
2026-03-15 02:00;0,1120
2026-03-15 03:00;0,0220
2026-03-15 04:00;0,0313
2026-03-15 05:00;0,0446
2026-03-15 06:00;0,0765
2026-03-15 07:00;0,1128
2026-03-15 08:00;0,1593
2026-03-15 09:00;0,1869
2026-03-15 10:00;0,3044
2026-03-15 11:00;0,4369
2026-03-15 12:00;0,4883
2026-03-15 13:00;0,8771
2026-03-15 14:00;1,0000
2026-03-15 15:00;0,9245
2026-03-15 16:00;0,9087
2026-03-15 17:00;0,8771
2026-03-15 18:00;1,0000
2026-03-15 19:00;0,0174
2026-03-15 20:00;0,8953
2026-03-15 21:00;0,8414
2026-03-15 22:00;0,8471
2026-03-15 23:00;0,9554
2026-03-16 00:00;0,2470
2026-03-16 01:00;0,0157
2026-03-16 02:00;0,0343
2026-03-16 03:00;0,0166
2026-03-16 04:00;0,0238
2026-03-16 05:00;0,0343
2026-03-16 06:00;0,0351
2026-03-16 07:00;0,1012
2026-03-16 08:00;0,1851
2026-03-16 09:00;0,0434
2026-03-16 10:00;1,0000
2026-03-16 11:00;1,0000
2026-03-16 12:00;1,0000
2026-03-16 13:00;1,0000
2026-03-16 14:00;0,9755
2026-03-16 15:00;1,0000
2026-03-16 16:00;1,0000
2026-03-16 17:00;0,9988
2026-03-16 18:00;0,9671
2026-03-16 19:00;0,9006
2026-03-16 20:00;0,7619
2026-03-16 21:00;0,5181
2026-03-16 22:00;0,3320
2026-03-16 23:00;0,1033
2026-03-17 00:00;0,1018
2026-03-17 01:00;0,0658
2026-03-17 02:00;0,0204
2026-03-17 03:00;0,0413
2026-03-17 04:00;0,0326
2026-03-17 05:00;0,0175
2026-03-17 06:00;0,0388
2026-03-17 07:00;0,0866
2026-03-17 08:00;0,1477
2026-03-17 09:00;0,2138
2026-03-17 10:00;0,1569
2026-03-17 11:00;0,8498
2026-03-17 12:00;0,9795
2026-03-17 13:00;0,0924
2026-03-17 14:00;0,9229
2026-03-17 15:00;0,8488
2026-03-17 16:00;0,2422
2026-03-17 17:00;1,0000
2026-03-17 18:00;1,0000
2026-03-17 19:00;1,0000
2026-03-17 20:00;1,0000
2026-03-17 21:00;1,0000
2026-03-17 22:00;0,4191
2026-03-17 23:00;0,8929
2026-03-18 00:00;0,0639
2026-03-18 01:00;0,0713
2026-03-18 02:00;0,0807
2026-03-18 03:00;0,0522
2026-03-18 04:00;0,0411
2026-03-18 05:00;0,0169
2026-03-18 06:00;0,0554
2026-03-18 07:00;0,0967
2026-03-18 08:00;0,1310
2026-03-18 09:00;0,1126
2026-03-18 10:00;0,4819
2026-03-18 11:00;0,5319
2026-03-18 12:00;0,7898
2026-03-18 13:00;0,9755
2026-03-18 14:00;0,9466
2026-03-18 15:00;1,0000
2026-03-18 16:00;1,0000
2026-03-18 17:00;1,0000
2026-03-18 18:00;0,8328
2026-03-18 19:00;1,0000
2026-03-18 20:00;0,1036
2026-03-18 21:00;0,1935
2026-03-18 22:00;0,1443
2026-03-18 23:00;0,1159
2026-03-19 00:00;0,1867
2026-03-19 01:00;0,1403
2026-03-19 02:00;0,2014
2026-03-19 03:00;0,2125
2026-03-19 04:00;0,1167
2026-03-19 05:00;0,2614
2026-03-19 06:00;0,2768
2026-03-19 07:00;0,0466
2026-03-19 08:00;0,0476
2026-03-19 09:00;0,1585
2026-03-19 10:00;0,0795
2026-03-19 11:00;0,6818
2026-03-19 12:00;0,8907
2026-03-19 13:00;0,1873
2026-03-19 14:00;1,0000
2026-03-19 15:00;0,9645
2026-03-19 16:00;0,2265
2026-03-19 17:00;0,9065
2026-03-19 18:00;0,5973
2026-03-19 19:00;0,9257
2026-03-19 20:00;0,1019
2026-03-19 21:00;0,0653
2026-03-19 22:00;0,1082
2026-03-19 23:00;0,1320
2026-03-20 00:00;0,4052
2026-03-20 01:00;0,9596
2026-03-20 02:00;0,3161
2026-03-20 03:00;0,2982
2026-03-20 04:00;0,2491
2026-03-20 05:00;0,2347
2026-03-20 06:00;0,2015
2026-03-20 07:00;0,0169
2026-03-20 08:00;0,2205
2026-03-20 09:00;0,3696
2026-03-20 10:00;0,2089
2026-03-20 11:00;0,0380
2026-03-20 12:00;0,3468
2026-03-20 13:00;0,8711
2026-03-20 14:00;0,7825
2026-03-20 15:00;0,9381
2026-03-20 16:00;0,8794
2026-03-20 17:00;0,3128
2026-03-20 18:00;0,2377
2026-03-20 19:00;0,2669
2026-03-20 20:00;0,2690
2026-03-20 21:00;0,3912
2026-03-20 22:00;0,7532
2026-03-20 23:00;0,3638
2026-03-21 00:00;0,1335
2026-03-21 01:00;0,2844
2026-03-21 02:00;0,3458
2026-03-21 03:00;0,8637
2026-03-21 04:00;0,4500
2026-03-21 05:00;0,4563
2026-03-21 06:00;0,1498
2026-03-21 07:00;0,0392
2026-03-21 08:00;0,0427
2026-03-21 09:00;0,1304
2026-03-21 10:00;0,4819
2026-03-21 11:00;0,3732
2026-03-21 12:00;0,6010
2026-03-21 13:00;0,0428
2026-03-21 14:00;0,1333
2026-03-21 15:00;0,7510
2026-03-21 16:00;0,5190
2026-03-21 17:00;0,6419
2026-03-21 18:00;0,2827
2026-03-21 19:00;0,3156
2026-03-21 20:00;0,0437
2026-03-21 21:00;0,1639
2026-03-21 22:00;0,4385
2026-03-21 23:00;0,7246
2026-03-22 00:00;0,3420
2026-03-22 01:00;0,8364
2026-03-22 02:00;0,2567
2026-03-22 03:00;0,2312
2026-03-22 04:00;0,2075
2026-03-22 05:00;0,2201
2026-03-22 06:00;0,2024
2026-03-22 07:00;0,0184
2026-03-22 08:00;0,2552
2026-03-22 09:00;0,4359
2026-03-22 10:00;0,2225
2026-03-22 11:00;0,0425
2026-03-22 12:00;0,4063
2026-03-22 13:00;1,0000
2026-03-22 14:00;0,9802
2026-03-22 15:00;0,9004
2026-03-22 16:00;0,9420
2026-03-22 17:00;0,3333
2026-03-22 18:00;0,2857
2026-03-22 19:00;0,3238
2026-03-22 20:00;0,3089
2026-03-22 21:00;0,4214
2026-03-22 22:00;0,8980
2026-03-22 23:00;0,4241
2026-03-23 00:00;0,1931
2026-03-23 01:00;0,1752
2026-03-23 02:00;0,1875
2026-03-23 03:00;0,2208
2026-03-23 04:00;0,2559
2026-03-23 05:00;0,3672
2026-03-23 06:00;0,4280
2026-03-23 07:00;0,7278
2026-03-23 08:00;0,7050
2026-03-23 09:00;0,4927
2026-03-23 10:00;1,0000
2026-03-23 11:00;1,0000
2026-03-23 12:00;1,0000
2026-03-23 13:00;1,0000
2026-03-23 14:00;0,2816
2026-03-23 15:00;0,2529
2026-03-23 16:00;0,5445
2026-03-23 17:00;0,7477
2026-03-23 18:00;0,7448
2026-03-23 19:00;0,5275
2026-03-23 20:00;0,2333
2026-03-23 21:00;0,2249
2026-03-23 22:00;0,2939
2026-03-23 23:00;0,4202
2026-03-24 00:00;1,0000
2026-03-24 01:00;0,9563
2026-03-24 02:00;1,0000
2026-03-24 03:00;0,8887
2026-03-24 04:00;1,0000
2026-03-24 05:00;0,2479
2026-03-24 06:00;0,0932
2026-03-24 07:00;0,0604
2026-03-24 08:00;0,0178
2026-03-24 09:00;0,5012
2026-03-24 10:00;0,7973
2026-03-24 11:00;0,5462
2026-03-24 12:00;0,0540
2026-03-24 13:00;0,0832
2026-03-24 14:00;0,1120
2026-03-24 15:00;0,1253
2026-03-24 16:00;0,0810
2026-03-24 17:00;0,0377
2026-03-24 18:00;0,6868
2026-03-24 19:00;0,9982
2026-03-24 20:00;0,6782
2026-03-24 21:00;0,6436
2026-03-24 22:00;0,5210
2026-03-24 23:00;0,6156
2026-03-25 00:00;0,1111
2026-03-25 01:00;0,0679
2026-03-25 02:00;0,0208
2026-03-25 03:00;0,0424
2026-03-25 04:00;0,0331
2026-03-25 05:00;0,0199
2026-03-25 06:00;0,0472
2026-03-25 07:00;0,1125
2026-03-25 08:00;0,1718
2026-03-25 09:00;0,2216
2026-03-25 10:00;0,1691
2026-03-25 11:00;0,8878
2026-03-25 12:00;1,0000
2026-03-25 13:00;0,0969
2026-03-25 14:00;1,0000
2026-03-25 15:00;0,8987
2026-03-25 16:00;0,2229
2026-03-25 17:00;1,0000
2026-03-25 18:00;0,9225
2026-03-25 19:00;0,8708
2026-03-25 20:00;1,0000
2026-03-25 21:00;0,9712
2026-03-25 22:00;0,3693
2026-03-25 23:00;0,6745
2026-03-26 00:00;0,1001
2026-03-26 01:00;0,0449
2026-03-26 02:00;0,0790
2026-03-26 03:00;0,1047
2026-03-26 04:00;0,0591
2026-03-26 05:00;0,0201
2026-03-26 06:00;0,0199
2026-03-26 07:00;0,0299
2026-03-26 08:00;0,0382
2026-03-26 09:00;0,0352
2026-03-26 10:00;0,1180
2026-03-26 11:00;0,1821
2026-03-26 12:00;0,4399
2026-03-26 13:00;1,0000
2026-03-26 14:00;1,0000
2026-03-26 15:00;1,0000
2026-03-26 16:00;1,0000
2026-03-26 17:00;0,2934
2026-03-26 18:00;0,1370
2026-03-26 19:00;0,2495
2026-03-26 20:00;0,3045
2026-03-26 21:00;0,7638
2026-03-26 22:00;1,0000
2026-03-26 23:00;0,1754
2026-03-27 00:00;0,5713
2026-03-27 01:00;0,0113
2026-03-27 02:00;0,1534
2026-03-27 03:00;0,1065
2026-03-27 04:00;0,0660
2026-03-27 05:00;0,0709
2026-03-27 06:00;0,0672
2026-03-27 07:00;0,5065
2026-03-27 08:00;0,3053
2026-03-27 09:00;0,0605
2026-03-27 10:00;0,2812
2026-03-27 11:00;0,4435
2026-03-27 12:00;0,5883
2026-03-27 13:00;0,9945
2026-03-27 14:00;0,8740
2026-03-27 15:00;0,8230
2026-03-27 16:00;1,0000
2026-03-27 17:00;0,3405
2026-03-27 18:00;0,2551
2026-03-27 19:00;0,0968
2026-03-27 20:00;0,0322
2026-03-27 21:00;0,0304
2026-03-27 22:00;0,3216
2026-03-27 23:00;0,6143
2026-03-28 00:00;0,9905
2026-03-28 01:00;0,9546
2026-03-28 02:00;1,0000
2026-03-28 03:00;0,9522
2026-03-28 04:00;0,8585
2026-03-28 05:00;0,5136
2026-03-28 06:00;0,2057
2026-03-28 07:00;0,1853
2026-03-28 08:00;0,2020
2026-03-28 09:00;0,2016
2026-03-28 10:00;0,1986
2026-03-28 11:00;0,1735
2026-03-28 12:00;0,2404
2026-03-28 13:00;0,2781
2026-03-28 14:00;0,3471
2026-03-28 15:00;0,3424
2026-03-28 16:00;0,2223
2026-03-28 17:00;0,0909
2026-03-28 18:00;0,5328
2026-03-28 19:00;0,2763
2026-03-28 20:00;0,0414
2026-03-28 21:00;0,0457
2026-03-28 22:00;0,0433
2026-03-28 23:00;0,0428
2026-03-29 00:00;0,4663
2026-03-29 01:00;0,1352
2026-03-29 02:00;0,3161
2026-03-29 03:00;0,3010
2026-03-29 04:00;0,2523
2026-03-29 05:00;0,2288
2026-03-29 06:00;0,2327
2026-03-29 07:00;0,2423
2026-03-29 08:00;0,2528
2026-03-29 09:00;0,2641
2026-03-29 10:00;0,1470
2026-03-29 11:00;0,3174
2026-03-29 12:00;0,4700
2026-03-29 13:00;0,8167
2026-03-29 14:00;0,3621
2026-03-29 15:00;0,5021
2026-03-29 16:00;0,9482
2026-03-29 17:00;0,1167
2026-03-29 18:00;0,1739
2026-03-29 19:00;0,1787
2026-03-29 20:00;0,1569
2026-03-29 21:00;0,1123
2026-03-29 22:00;0,2841
2026-03-29 23:00;0,4263
2026-03-30 00:00;0,0524
2026-03-30 01:00;0,1162
2026-03-30 02:00;0,1971
2026-03-30 03:00;0,1928
2026-03-30 04:00;0,1507
2026-03-30 05:00;0,1438
2026-03-30 06:00;0,1370
2026-03-30 07:00;0,1419
2026-03-30 08:00;0,1225
2026-03-30 09:00;0,0986
2026-03-30 10:00;0,3869
2026-03-30 11:00;0,5445
2026-03-30 12:00;0,8738
2026-03-30 13:00;0,9047
2026-03-30 14:00;0,6696
2026-03-30 15:00;0,5975
2026-03-30 16:00;0,7894
2026-03-30 17:00;0,4713
2026-03-30 18:00;0,2810
2026-03-30 19:00;0,2042
2026-03-30 20:00;0,1339
2026-03-30 21:00;0,0478
2026-03-30 22:00;0,3803
2026-03-30 23:00;0,3776
2026-03-31 00:00;0,9125
2026-03-31 01:00;0,8288
2026-03-31 02:00;0,8352
2026-03-31 03:00;0,9323
2026-03-31 04:00;0,8414
2026-03-31 05:00;0,4823
2026-03-31 06:00;0,2297
2026-03-31 07:00;0,2125
2026-03-31 08:00;0,2414
2026-03-31 09:00;0,2239
2026-03-31 10:00;0,2347
2026-03-31 11:00;0,2555
2026-03-31 12:00;0,3325
2026-03-31 13:00;0,4027
2026-03-31 14:00;0,4595
2026-03-31 15:00;0,4085
2026-03-31 16:00;0,2705
2026-03-31 17:00;0,1343
2026-03-31 18:00;0,6658
2026-03-31 19:00;0,3593
2026-03-31 20:00;0,0811
2026-03-31 21:00;0,0846
2026-03-31 22:00;0,0814
2026-03-31 23:00;0,0870
2026-04-01 00:00;0,0883
2026-04-01 01:00;0,5412
2026-04-01 02:00;0,5059
2026-04-01 03:00;0,0800
2026-04-01 04:00;0,1506
2026-04-01 05:00;0,2745
2026-04-01 06:00;0,0846
2026-04-01 07:00;0,6089
2026-04-01 08:00;0,5331
2026-04-01 09:00;0,4889
2026-04-01 10:00;0,5869
2026-04-01 11:00;0,0011
2026-04-01 12:00;0,1116
2026-04-01 13:00;0,1209
2026-04-01 14:00;0,5222
2026-04-01 15:00;0,8307
2026-04-01 16:00;0,1595
2026-04-01 17:00;0,8369
2026-04-01 18:00;0,4676
2026-04-01 19:00;0,0752
2026-04-01 20:00;0,3134
2026-04-01 21:00;0,3141
2026-04-01 22:00;0,4442
2026-04-01 23:00;0,1280
2026-04-02 00:00;0,2458
2026-04-02 01:00;0,0653
2026-04-02 02:00;0,0766
2026-04-02 03:00;0,0633
2026-04-02 04:00;0,0329
2026-04-02 05:00;0,0000
2026-04-02 06:00;0,2326
2026-04-02 07:00;0,1408
2026-04-02 08:00;0,0181
2026-04-02 09:00;0,0390
2026-04-02 10:00;0,1120
2026-04-02 11:00;0,1828
2026-04-02 12:00;0,3380
2026-04-02 13:00;0,7948
2026-04-02 14:00;0,5522
2026-04-02 15:00;0,7368
2026-04-02 16:00;0,8245
2026-04-02 17:00;0,8468
2026-04-02 18:00;0,5509
2026-04-02 19:00;0,8456
2026-04-02 20:00;0,0438
2026-04-02 21:00;0,0395
2026-04-02 22:00;0,0235
2026-04-02 23:00;0,0008
2026-04-03 00:00;0,0023
2026-04-03 01:00;0,0109
2026-04-03 02:00;0,0185
2026-04-03 03:00;0,0042
2026-04-03 04:00;0,6607
2026-04-03 05:00;0,5451
2026-04-03 06:00;0,5217
2026-04-03 07:00;0,8404
2026-04-03 08:00;0,6570
2026-04-03 09:00;0,6531
2026-04-03 10:00;0,7776
2026-04-03 11:00;0,0999
2026-04-03 12:00;0,2010
2026-04-03 13:00;0,9934
2026-04-03 14:00;0,6349
2026-04-03 15:00;0,5727
2026-04-03 16:00;0,9954
2026-04-03 17:00;0,6868
2026-04-03 18:00;0,4857
2026-04-03 19:00;0,9974
2026-04-03 20:00;0,3678
2026-04-03 21:00;0,1548
2026-04-03 22:00;0,1018
2026-04-03 23:00;0,0464
2026-04-04 00:00;0,0454
2026-04-04 01:00;0,7742
2026-04-04 02:00;0,7838
2026-04-04 03:00;0,0416
2026-04-04 04:00;0,2025
2026-04-04 05:00;0,7363
2026-04-04 06:00;0,6835
2026-04-04 07:00;0,0781
2026-04-04 08:00;0,0403
2026-04-04 09:00;0,0405
2026-04-04 10:00;0,1114
2026-04-04 11:00;0,3674
2026-04-04 12:00;0,9221
2026-04-04 13:00;0,3448
2026-04-04 14:00;0,5602
2026-04-04 15:00;0,5228
2026-04-04 16:00;0,8358
2026-04-04 17:00;1,0000
2026-04-04 18:00;1,0000
2026-04-04 19:00;1,0000
2026-04-04 20:00;0,4785
2026-04-04 21:00;0,0403
2026-04-04 22:00;0,5778
2026-04-04 23:00;0,5883
2026-04-05 00:00;0,0170
2026-04-05 01:00;0,8641
2026-04-05 02:00;0,0168
2026-04-05 03:00;0,0194
2026-04-05 04:00;0,0321
2026-04-05 05:00;0,0392
2026-04-05 06:00;0,0621
2026-04-05 07:00;0,0673
2026-04-05 08:00;0,0630
2026-04-05 09:00;0,3908
2026-04-05 10:00;0,9998
2026-04-05 11:00;0,5448
2026-04-05 12:00;0,4885
2026-04-05 13:00;0,9592
2026-04-05 14:00;0,4877
2026-04-05 15:00;0,4388
2026-04-05 16:00;1,0000
2026-04-05 17:00;0,6611
2026-04-05 18:00;0,5824
2026-04-05 19:00;1,0000
2026-04-05 20:00;0,3433
2026-04-05 21:00;0,2367
2026-04-05 22:00;0,1356
2026-04-05 23:00;0,0179
2026-04-06 00:00;0,0908
2026-04-06 01:00;0,1042
2026-04-06 02:00;0,1097
2026-04-06 03:00;0,0643
2026-04-06 04:00;0,1288
2026-04-06 05:00;0,3452
2026-04-06 06:00;0,2733
2026-04-06 07:00;0,4438
2026-04-06 08:00;0,3020
2026-04-06 09:00;0,5392
2026-04-06 10:00;0,4253
2026-04-06 11:00;0,1361
2026-04-06 12:00;0,1841
2026-04-06 13:00;1,0000
2026-04-06 14:00;0,5495
2026-04-06 15:00;0,8026
2026-04-06 16:00;1,0000
2026-04-06 17:00;1,0000
2026-04-06 18:00;0,6081
2026-04-06 19:00;0,9791
2026-04-06 20:00;0,1801
2026-04-06 21:00;0,0631
2026-04-06 22:00;0,2878
2026-04-06 23:00;0,4838
2026-04-07 00:00;0,1373
2026-04-07 01:00;0,2124
2026-04-07 02:00;0,2363
2026-04-07 03:00;0,3441
2026-04-07 04:00;0,2744
2026-04-07 05:00;0,2733
2026-04-07 06:00;0,2429
2026-04-07 07:00;0,4317
2026-04-07 08:00;0,1458
2026-04-07 09:00;0,4962
2026-04-07 10:00;0,9332
2026-04-07 11:00;0,5726
2026-04-07 12:00;0,0657
2026-04-07 13:00;0,2687
2026-04-07 14:00;0,4305
2026-04-07 15:00;0,7276
2026-04-07 16:00;0,9772
2026-04-07 17:00;0,9508
2026-04-07 18:00;1,0000
2026-04-07 19:00;1,0000
2026-04-07 20:00;0,0415
2026-04-07 21:00;0,3869
2026-04-07 22:00;1,0000
2026-04-07 23:00;0,3538
2026-04-08 00:00;0,1104
2026-04-08 01:00;0,2501
2026-04-08 02:00;0,4050
2026-04-08 03:00;0,2538
2026-04-08 04:00;0,7804
2026-04-08 05:00;0,8857
2026-04-08 06:00;0,3177
2026-04-08 07:00;0,3014
2026-04-08 08:00;0,3398
2026-04-08 09:00;0,5331
2026-04-08 10:00;1,0000
2026-04-08 11:00;0,8897
2026-04-08 12:00;0,2476
2026-04-08 13:00;0,1682
2026-04-08 14:00;0,0805
2026-04-08 15:00;0,0865
2026-04-08 16:00;0,0848
2026-04-08 17:00;0,0767
2026-04-08 18:00;0,1183
2026-04-08 19:00;0,1490
2026-04-08 20:00;0,1465
2026-04-08 21:00;0,2941
2026-04-08 22:00;0,2551
2026-04-08 23:00;0,1834
2026-04-09 00:00;0,1264
2026-04-09 01:00;0,8112
2026-04-09 02:00;0,4883
2026-04-09 03:00;0,5477
2026-04-09 04:00;0,8322
2026-04-09 05:00;0,5382
2026-04-09 06:00;0,5396
2026-04-09 07:00;0,7380
2026-04-09 08:00;0,3951
2026-04-09 09:00;0,4354
2026-04-09 10:00;0,2345
2026-04-09 11:00;0,0184
2026-04-09 12:00;0,0365
2026-04-09 13:00;0,1022
2026-04-09 14:00;0,1681
2026-04-09 15:00;0,2540
2026-04-09 16:00;0,2494
2026-04-09 17:00;0,2495
2026-04-09 18:00;0,2947
2026-04-09 19:00;0,1415
2026-04-09 20:00;0,0170
2026-04-09 21:00;0,0583
2026-04-09 22:00;0,3557
2026-04-09 23:00;0,3353
2026-04-10 00:00;0,0425
2026-04-10 01:00;0,0391
2026-04-10 02:00;0,0425
2026-04-10 03:00;0,9882
2026-04-10 04:00;0,8882
2026-04-10 05:00;0,7509
2026-04-10 06:00;0,0391
2026-04-10 07:00;0,7425
2026-04-10 08:00;0,8151
2026-04-10 09:00;0,5909
2026-04-10 10:00;0,8532
2026-04-10 11:00;0,1366
2026-04-10 12:00;0,3552
2026-04-10 13:00;0,1519
2026-04-10 14:00;0,5383
2026-04-10 15:00;0,5050
2026-04-10 16:00;0,2875
2026-04-10 17:00;0,0216
2026-04-10 18:00;0,1760
2026-04-10 19:00;0,3408
2026-04-10 20:00;0,5167
2026-04-10 21:00;0,1539
2026-04-10 22:00;0,1558
2026-04-10 23:00;0,1521
2026-04-11 00:00;0,5505
2026-04-11 01:00;0,3048
2026-04-11 02:00;0,0194
2026-04-11 03:00;0,9320
2026-04-11 04:00;0,7953
2026-04-11 05:00;0,8316
2026-04-11 06:00;0,2332
2026-04-11 07:00;0,2812
2026-04-11 08:00;0,3402
2026-04-11 09:00;0,0466
2026-04-11 10:00;0,2321
2026-04-11 11:00;0,3655
2026-04-11 12:00;0,4737
2026-04-11 13:00;0,8672
2026-04-11 14:00;0,4094
2026-04-11 15:00;0,2501
2026-04-11 16:00;0,2338
2026-04-11 17:00;0,2174
2026-04-11 18:00;0,1493
2026-04-11 19:00;0,0895
2026-04-11 20:00;0,0349
2026-04-11 21:00;0,3990
2026-04-11 22:00;0,6149
2026-04-11 23:00;0,0330
2026-04-12 00:00;0,9394
2026-04-12 01:00;0,6215
2026-04-12 02:00;0,6994
2026-04-12 03:00;0,9219
2026-04-12 04:00;0,9664
2026-04-12 05:00;0,3530
2026-04-12 06:00;0,0392
2026-04-12 07:00;0,0423
2026-04-12 08:00;0,1369
2026-04-12 09:00;0,0815
2026-04-12 10:00;0,0200
2026-04-12 11:00;0,1480
2026-04-12 12:00;0,5465
2026-04-12 13:00;0,6255
2026-04-12 14:00;0,1288
2026-04-12 15:00;0,6739
2026-04-12 16:00;0,8013
2026-04-12 17:00;0,8280
2026-04-12 18:00;0,7202
2026-04-12 19:00;0,1411
2026-04-12 20:00;0,0982
2026-04-12 21:00;0,0477
2026-04-12 22:00;0,2407
2026-04-12 23:00;0,1712
2026-04-13 00:00;0,3160
2026-04-13 01:00;0,2648
2026-04-13 02:00;0,1563
2026-04-13 03:00;0,0454
2026-04-13 04:00;0,1049
2026-04-13 05:00;0,1414
2026-04-13 06:00;0,0397
2026-04-13 07:00;0,2318
2026-04-13 08:00;0,1418
2026-04-13 09:00;0,1214
2026-04-13 10:00;0,0940
2026-04-13 11:00;0,3019
2026-04-13 12:00;0,4828
2026-04-13 13:00;0,2809
2026-04-13 14:00;0,3205
2026-04-13 15:00;0,9808
2026-04-13 16:00;0,7250
2026-04-13 17:00;0,4009
2026-04-13 18:00;0,7479
2026-04-13 19:00;0,6294
2026-04-13 20:00;0,1340
2026-04-13 21:00;0,3242
2026-04-13 22:00;0,9251
2026-04-13 23:00;0,3444
2026-04-14 00:00;0,1926
2026-04-14 01:00;0,1683
2026-04-14 02:00;0,1412
2026-04-14 03:00;0,2335
2026-04-14 04:00;0,2082
2026-04-14 05:00;0,1595
2026-04-14 06:00;0,1224
2026-04-14 07:00;0,2406
2026-04-14 08:00;0,3379
2026-04-14 09:00;0,4654
2026-04-14 10:00;0,9940
2026-04-14 11:00;0,4922
2026-04-14 12:00;0,4532
2026-04-14 13:00;1,0000
2026-04-14 14:00;0,5396
2026-04-14 15:00;0,7395
2026-04-14 16:00;1,0000
2026-04-14 17:00;0,7575
2026-04-14 18:00;0,6414
2026-04-14 19:00;1,0000
2026-04-14 20:00;0,1140
2026-04-14 21:00;0,0800
2026-04-14 22:00;0,0601
2026-04-14 23:00;0,0467
2026-04-15 00:00;0,4576
2026-04-15 01:00;0,3108
2026-04-15 02:00;0,2099
2026-04-15 03:00;0,1945
2026-04-15 04:00;0,1723
2026-04-15 05:00;0,1844
2026-04-15 06:00;0,1991
2026-04-15 07:00;0,2165
2026-04-15 08:00;0,2597
2026-04-15 09:00;0,1393
2026-04-15 10:00;0,1170
2026-04-15 11:00;0,1022
2026-04-15 12:00;0,0942
2026-04-15 13:00;0,4072
2026-04-15 14:00;0,7975
2026-04-15 15:00;0,8359
2026-04-15 16:00;0,9830
2026-04-15 17:00;0,6493
2026-04-15 18:00;0,5835
2026-04-15 19:00;0,8707
2026-04-15 20:00;0,1702
2026-04-15 21:00;0,1178
2026-04-15 22:00;0,6263
2026-04-15 23:00;0,5309
2026-04-16 00:00;0,2007
2026-04-16 01:00;0,2159
2026-04-16 02:00;0,2585
2026-04-16 03:00;0,2804
2026-04-16 04:00;0,2475
2026-04-16 05:00;0,2685
2026-04-16 06:00;0,2948
2026-04-16 07:00;0,1676
2026-04-16 08:00;0,3574
2026-04-16 09:00;0,4654
2026-04-16 10:00;0,4629
2026-04-16 11:00;0,8897
2026-04-16 12:00;0,9298
2026-04-16 13:00;0,9997
2026-04-16 14:00;0,9077
2026-04-16 15:00;0,8220
2026-04-16 16:00;0,9450
2026-04-16 17:00;0,6157
2026-04-16 18:00;0,6291
2026-04-16 19:00;0,3143
2026-04-16 20:00;0,2049
2026-04-16 21:00;0,0423
2026-04-16 22:00;0,1437
2026-04-16 23:00;0,2257
2026-04-17 00:00;0,1284
2026-04-17 01:00;0,1310
2026-04-17 02:00;0,1304
2026-04-17 03:00;0,2389
2026-04-17 04:00;0,2227
2026-04-17 05:00;0,1774
2026-04-17 06:00;0,1968
2026-04-17 07:00;0,3884
2026-04-17 08:00;0,1693
2026-04-17 09:00;0,0561
2026-04-17 10:00;0,7865
2026-04-17 11:00;0,6816
2026-04-17 12:00;0,6093
2026-04-17 13:00;0,9492
2026-04-17 14:00;0,4005
2026-04-17 15:00;0,4535
2026-04-17 16:00;1,0000
2026-04-17 17:00;0,6372
2026-04-17 18:00;0,6974
2026-04-17 19:00;1,0000
2026-04-17 20:00;0,0784
2026-04-17 21:00;0,1502
2026-04-17 22:00;0,1300
2026-04-17 23:00;0,1116
2026-04-18 00:00;0,4614
2026-04-18 01:00;0,4131
2026-04-18 02:00;0,3117
2026-04-18 03:00;0,3596
2026-04-18 04:00;0,1667
2026-04-18 05:00;0,4442
2026-04-18 06:00;0,4683
2026-04-18 07:00;0,9573
2026-04-18 08:00;0,3134
2026-04-18 09:00;0,1055
2026-04-18 10:00;0,4377
2026-04-18 11:00;0,8681
2026-04-18 12:00;0,7986
2026-04-18 13:00;0,8084
2026-04-18 14:00;0,0341
2026-04-18 15:00;0,0587
2026-04-18 16:00;0,0660
2026-04-18 17:00;0,0840
2026-04-18 18:00;0,0528
2026-04-18 19:00;0,0963
2026-04-18 20:00;0,1309
2026-04-18 21:00;0,3155
2026-04-18 22:00;0,8946
2026-04-18 23:00;0,4543
2026-04-19 00:00;0,1101
2026-04-19 01:00;0,0671
2026-04-19 02:00;0,2679
2026-04-19 03:00;0,2153
2026-04-19 04:00;0,1363
2026-04-19 05:00;0,0702
2026-04-19 06:00;0,0186
2026-04-19 07:00;0,0168
2026-04-19 08:00;0,0378
2026-04-19 09:00;0,0597
2026-04-19 10:00;0,2430
2026-04-19 11:00;0,4130
2026-04-19 12:00;0,5300
2026-04-19 13:00;0,9867
2026-04-19 14:00;0,7635
2026-04-19 15:00;0,9662
2026-04-19 16:00;0,9559
2026-04-19 17:00;0,7588
2026-04-19 18:00;0,5634
2026-04-19 19:00;0,9846
2026-04-19 20:00;0,3445
2026-04-19 21:00;0,2087
2026-04-19 22:00;0,1653
2026-04-19 23:00;0,1008
2026-04-20 00:00;0,0170
2026-04-20 01:00;0,7273
2026-04-20 02:00;0,0186
2026-04-20 03:00;0,0167
2026-04-20 04:00;0,0287
2026-04-20 05:00;0,0435
2026-04-20 06:00;0,0715
2026-04-20 07:00;0,0680
2026-04-20 08:00;0,0756
2026-04-20 09:00;0,3811
2026-04-20 10:00;1,0000
2026-04-20 11:00;0,6405
2026-04-20 12:00;0,5057
2026-04-20 13:00;1,0000
2026-04-20 14:00;0,5107
2026-04-20 15:00;0,4511
2026-04-20 16:00;1,0000
2026-04-20 17:00;0,5489
2026-04-20 18:00;0,4804
2026-04-20 19:00;0,9394
2026-04-20 20:00;0,3602
2026-04-20 21:00;0,2487
2026-04-20 22:00;0,1477
2026-04-20 23:00;0,0195
2026-04-21 00:00;0,9302
2026-04-21 01:00;1,0000
2026-04-21 02:00;0,7613
2026-04-21 03:00;0,6200
2026-04-21 04:00;1,0000
2026-04-21 05:00;0,3263
2026-04-21 06:00;0,1494
2026-04-21 07:00;0,1638
2026-04-21 08:00;0,1727
2026-04-21 09:00;0,2441
2026-04-21 10:00;0,1324
2026-04-21 11:00;0,0218
2026-04-21 12:00;0,7396
2026-04-21 13:00;0,3910
2026-04-21 14:00;0,0217
2026-04-21 15:00;0,1171
2026-04-21 16:00;0,2217
2026-04-21 17:00;0,3411
2026-04-21 18:00;0,4749
2026-04-21 19:00;1,0000
2026-04-21 20:00;0,3867
2026-04-21 21:00;0,1633
2026-04-21 22:00;0,1659
2026-04-21 23:00;0,1618
2026-04-22 00:00;0,1511
2026-04-22 01:00;1,0000
2026-04-22 02:00;0,6045
2026-04-22 03:00;0,5462
2026-04-22 04:00;0,9366
2026-04-22 05:00;0,4659
2026-04-22 06:00;0,4857
2026-04-22 07:00;0,8411
2026-04-22 08:00;0,4258
2026-04-22 09:00;0,4859
2026-04-22 10:00;0,2670
2026-04-22 11:00;0,0197
2026-04-22 12:00;0,0416
2026-04-22 13:00;0,1052
2026-04-22 14:00;0,1916
2026-04-22 15:00;0,2975
2026-04-22 16:00;0,2610
2026-04-22 17:00;0,2517
2026-04-22 18:00;0,3078
2026-04-22 19:00;0,1546
2026-04-22 20:00;0,0152
2026-04-22 21:00;0,0588
2026-04-22 22:00;0,4065
2026-04-22 23:00;0,4151
2026-04-23 00:00;0,7421
2026-04-23 01:00;0,6741
2026-04-23 02:00;0,0313
2026-04-23 03:00;0,5466
2026-04-23 04:00;0,6461
2026-04-23 05:00;0,0304
2026-04-23 06:00;0,4756
2026-04-23 07:00;0,7466
2026-04-23 08:00;0,0549
2026-04-23 09:00;0,1017
2026-04-23 10:00;0,1304
2026-04-23 11:00;0,1448
2026-04-23 12:00;0,5547
2026-04-23 13:00;1,0000
2026-04-23 14:00;0,9900
2026-04-23 15:00;0,5206
2026-04-23 16:00;0,9355
2026-04-23 17:00;0,8075
2026-04-23 18:00;0,3306
2026-04-23 19:00;0,2311
2026-04-23 20:00;0,1750
2026-04-23 21:00;0,0406
2026-04-23 22:00;0,0979
2026-04-23 23:00;0,1363
2026-04-24 00:00;0,0166
2026-04-24 01:00;0,1198
2026-04-24 02:00;0,0898
2026-04-24 03:00;0,0175
2026-04-24 04:00;0,0600
2026-04-24 05:00;0,0530
2026-04-24 06:00;0,0357
2026-04-24 07:00;0,1385
2026-04-24 08:00;0,0928
2026-04-24 09:00;0,0157
2026-04-24 10:00;0,0256
2026-04-24 11:00;0,0335
2026-04-24 12:00;0,1319
2026-04-24 13:00;0,2705
2026-04-24 14:00;0,3743
2026-04-24 15:00;0,8088
2026-04-24 16:00;1,0000
2026-04-24 17:00;0,9984
2026-04-24 18:00;1,0000
2026-04-24 19:00;1,0000
2026-04-24 20:00;0,9601
2026-04-24 21:00;0,8686
2026-04-24 22:00;0,8643
2026-04-24 23:00;0,9179
2026-04-25 00:00;0,9737
2026-04-25 01:00;0,7711
2026-04-25 02:00;0,1439
2026-04-25 03:00;0,9118
2026-04-25 04:00;0,9082
2026-04-25 05:00;0,4897
2026-04-25 06:00;0,3021
2026-04-25 07:00;0,5819
2026-04-25 08:00;0,3612
2026-04-25 09:00;0,3479
2026-04-25 10:00;0,1163
2026-04-25 11:00;0,1564
2026-04-25 12:00;0,1359
2026-04-25 13:00;0,3642
2026-04-25 14:00;0,1414
2026-04-25 15:00;0,1563
2026-04-25 16:00;0,0990
2026-04-25 17:00;0,0471
2026-04-25 18:00;0,0945
2026-04-25 19:00;0,1360
2026-04-25 20:00;0,1293
2026-04-25 21:00;0,0626
2026-04-25 22:00;0,3534
2026-04-25 23:00;0,7693
2026-04-26 00:00;0,1485
2026-04-26 01:00;0,2622
2026-04-26 02:00;0,1538
2026-04-26 03:00;0,1594
2026-04-26 04:00;0,3366
2026-04-26 05:00;0,9121
2026-04-26 06:00;0,3879
2026-04-26 07:00;0,5127
2026-04-26 08:00;0,1299
2026-04-26 09:00;0,1286
2026-04-26 10:00;0,1001
2026-04-26 11:00;0,1306
2026-04-26 12:00;0,1238
2026-04-26 13:00;0,5070
2026-04-26 14:00;0,7658
2026-04-26 15:00;0,4840
2026-04-26 16:00;0,3028
2026-04-26 17:00;0,2998
2026-04-26 18:00;0,4486
2026-04-26 19:00;0,3145
2026-04-26 20:00;0,8398
2026-04-26 21:00;0,5746
2026-04-26 22:00;0,3730
2026-04-26 23:00;0,3657
2026-04-27 00:00;0,9567
2026-04-27 01:00;1,0000
2026-04-27 02:00;0,6507
2026-04-27 03:00;0,4055
2026-04-27 04:00;0,2899
2026-04-27 05:00;0,1972
2026-04-27 06:00;0,1094
2026-04-27 07:00;0,0931
2026-04-27 08:00;0,0800
2026-04-27 09:00;0,0471
2026-04-27 10:00;0,2177
2026-04-27 11:00;0,4104
2026-04-27 12:00;0,5143
2026-04-27 13:00;0,2857
2026-04-27 14:00;0,0195
2026-04-27 15:00;0,5914
2026-04-27 16:00;0,9363
2026-04-27 17:00;0,5494
2026-04-27 18:00;0,5244
2026-04-27 19:00;0,7877
2026-04-27 20:00;0,0355
2026-04-27 21:00;0,5149
2026-04-27 22:00;0,8196
2026-04-27 23:00;0,6160
2026-04-28 00:00;0,9461
2026-04-28 01:00;0,2240
2026-04-28 02:00;0,6700
2026-04-28 03:00;0,8990
2026-04-28 04:00;0,2632
2026-04-28 05:00;0,9151
2026-04-28 06:00;0,7813
2026-04-28 07:00;0,4936
2026-04-28 08:00;0,0366
2026-04-28 09:00;0,1153
2026-04-28 10:00;0,2105
2026-04-28 11:00;0,1411
2026-04-28 12:00;0,1261
2026-04-28 13:00;0,4031
2026-04-28 14:00;0,3132
2026-04-28 15:00;0,3304
2026-04-28 16:00;0,2108
2026-04-28 17:00;0,3600
2026-04-28 18:00;0,5592
2026-04-28 19:00;0,5222
2026-04-28 20:00;0,3488
2026-04-28 21:00;0,1424
2026-04-28 22:00;0,4051
2026-04-28 23:00;0,3352
2026-04-29 00:00;0,9933
2026-04-29 01:00;0,2502
2026-04-29 02:00;0,8404
2026-04-29 03:00;0,9967
2026-04-29 04:00;0,2999
2026-04-29 05:00;0,9965
2026-04-29 06:00;0,9619
2026-04-29 07:00;0,5739
2026-04-29 08:00;0,0420
2026-04-29 09:00;0,1091
2026-04-29 10:00;0,1699
2026-04-29 11:00;0,1134
2026-04-29 12:00;0,1179
2026-04-29 13:00;0,4015
2026-04-29 14:00;0,3503
2026-04-29 15:00;0,3555
2026-04-29 16:00;0,2077
2026-04-29 17:00;0,3721
2026-04-29 18:00;0,6158
2026-04-29 19:00;0,6238
2026-04-29 20:00;0,3925
2026-04-29 21:00;0,1725
2026-04-29 22:00;0,5201
2026-04-29 23:00;0,3742
2026-04-30 00:00;0,0546
2026-04-30 01:00;0,0227
2026-04-30 02:00;0,0207
2026-04-30 03:00;0,0000
2026-04-30 04:00;0,0253
2026-04-30 05:00;0,0557
2026-04-30 06:00;0,0995
2026-04-30 07:00;0,1220
2026-04-30 08:00;0,1328
2026-04-30 09:00;0,1883
2026-04-30 10:00;0,9929
2026-04-30 11:00;0,5497
2026-04-30 12:00;0,5043
2026-04-30 13:00;0,8346
2026-04-30 14:00;0,8408
2026-04-30 15:00;0,7892
2026-04-30 16:00;0,7897
2026-04-30 17:00;0,6229
2026-04-30 18:00;0,5492
2026-04-30 19:00;0,9207
2026-04-30 20:00;0,3114
2026-04-30 21:00;0,2879
2026-04-30 22:00;0,2113
2026-04-30 23:00;0,1294
2026-05-01 00:00;0,1292
2026-05-01 01:00;0,0501
2026-05-01 02:00;0,1405
2026-05-01 03:00;0,1539
2026-05-01 04:00;0,0976
2026-05-01 05:00;0,0302
2026-05-01 06:00;0,0284
2026-05-01 07:00;0,1635
2026-05-01 08:00;0,0296
2026-05-01 09:00;0,0515
2026-05-01 10:00;0,0391
2026-05-01 11:00;0,0248
2026-05-01 12:00;0,0642
2026-05-01 13:00;0,7932
2026-05-01 14:00;0,6632
2026-05-01 15:00;0,8770
2026-05-01 16:00;0,3554
2026-05-01 17:00;0,9160
2026-05-01 18:00;0,8867
2026-05-01 19:00;1,0000
2026-05-01 20:00;0,7530
2026-05-01 21:00;0,4738
2026-05-01 22:00;0,2030
2026-05-01 23:00;0,4481
2026-05-02 00:00;0,1449
2026-05-02 01:00;0,3970
2026-05-02 02:00;0,5126
2026-05-02 03:00;0,4053
2026-05-02 04:00;0,9348
2026-05-02 05:00;0,4397
2026-05-02 06:00;0,3052
2026-05-02 07:00;0,8499
2026-05-02 08:00;0,4053
2026-05-02 09:00;0,5037
2026-05-02 10:00;0,2766
2026-05-02 11:00;0,0214
2026-05-02 12:00;0,0382
2026-05-02 13:00;0,1234
2026-05-02 14:00;0,2155
2026-05-02 15:00;0,1738
2026-05-02 16:00;0,1727
2026-05-02 17:00;0,1362
2026-05-02 18:00;0,1117
2026-05-02 19:00;1,0000
2026-05-02 20:00;0,6010
2026-05-02 21:00;0,0228
2026-05-02 22:00;0,0479
2026-05-02 23:00;0,0651
2026-05-03 00:00;0,3295
2026-05-03 01:00;0,9248
2026-05-03 02:00;0,9161
2026-05-03 03:00;0,9489
2026-05-03 04:00;0,4716
2026-05-03 05:00;0,1294
2026-05-03 06:00;0,6929
2026-05-03 07:00;0,7206
2026-05-03 08:00;0,6085
2026-05-03 09:00;0,6919
2026-05-03 10:00;0,3781
2026-05-03 11:00;0,5919
2026-05-03 12:00;0,3462
2026-05-03 13:00;0,2175
2026-05-03 14:00;0,0478
2026-05-03 15:00;0,0820
2026-05-03 16:00;0,2086
2026-05-03 17:00;0,3297
2026-05-03 18:00;0,2919
2026-05-03 19:00;0,6848
2026-05-03 20:00;0,4422
2026-05-03 21:00;0,0344
2026-05-03 22:00;0,2180
2026-05-03 23:00;0,1889
2026-05-04 00:00;0,1150
2026-05-04 01:00;0,0462
2026-05-04 02:00;0,1508
2026-05-04 03:00;0,1461
2026-05-04 04:00;0,0907
2026-05-04 05:00;0,0195
2026-05-04 06:00;0,0179
2026-05-04 07:00;0,1460
2026-05-04 08:00;0,0194
2026-05-04 09:00;0,0385
2026-05-04 10:00;0,0298
2026-05-04 11:00;0,0195
2026-05-04 12:00;0,0694
2026-05-04 13:00;0,9278
2026-05-04 14:00;0,6946
2026-05-04 15:00;0,8552
2026-05-04 16:00;0,4004
2026-05-04 17:00;1,0000
2026-05-04 18:00;0,9001
2026-05-04 19:00;1,0000
2026-05-04 20:00;0,6929
2026-05-04 21:00;0,4362
2026-05-04 22:00;0,2055
2026-05-04 23:00;0,4725
2026-05-05 00:00;0,1174
2026-05-05 01:00;0,1498
2026-05-05 02:00;0,1599
2026-05-05 03:00;0,2150
2026-05-05 04:00;0,6686
2026-05-05 05:00;0,2812
2026-05-05 06:00;0,2786
2026-05-05 07:00;0,4480
2026-05-05 08:00;0,0206
2026-05-05 09:00;0,0776
2026-05-05 10:00;0,1612
2026-05-05 11:00;0,1163
2026-05-05 12:00;0,1472
2026-05-05 13:00;0,0966
2026-05-05 14:00;0,0416
2026-05-05 15:00;0,7716
2026-05-05 16:00;1,0000
2026-05-05 17:00;0,8168
2026-05-05 18:00;0,5945
2026-05-05 19:00;0,8730
2026-05-05 20:00;0,0901
2026-05-05 21:00;0,1296
2026-05-05 22:00;0,1971
2026-05-05 23:00;0,2227
2026-05-06 00:00;0,1504
2026-05-06 01:00;0,1439
2026-05-06 02:00;0,2889
2026-05-06 03:00;0,2873
2026-05-06 04:00;0,0360
2026-05-06 05:00;0,1433
2026-05-06 06:00;0,7911
2026-05-06 07:00;0,7488
2026-05-06 08:00;0,0461
2026-05-06 09:00;0,0434
2026-05-06 10:00;0,0467
2026-05-06 11:00;0,0484
2026-05-06 12:00;0,0773
2026-05-06 13:00;0,1131
2026-05-06 14:00;0,0441
2026-05-06 15:00;0,0383
2026-05-06 16:00;0,0406
2026-05-06 17:00;0,0960
2026-05-06 18:00;0,1359
2026-05-06 19:00;0,3928
2026-05-06 20:00;0,7402
2026-05-06 21:00;0,8825
2026-05-06 22:00;0,8441
2026-05-06 23:00;0,9026
2026-05-07 00:00;0,0477
2026-05-07 01:00;0,0638
2026-05-07 02:00;0,3383
2026-05-07 03:00;0,2440
2026-05-07 04:00;0,1499
2026-05-07 05:00;0,0555
2026-05-07 06:00;0,0757
2026-05-07 07:00;0,6896
2026-05-07 08:00;0,5609
2026-05-07 09:00;0,3194
2026-05-07 10:00;0,4188
2026-05-07 11:00;0,0440
2026-05-07 12:00;0,1769
2026-05-07 13:00;1,0000
2026-05-07 14:00;0,6655
2026-05-07 15:00;0,5759
2026-05-07 16:00;1,0000
2026-05-07 17:00;0,8106
2026-05-07 18:00;0,7065
2026-05-07 19:00;1,0000
2026-05-07 20:00;0,3762
2026-05-07 21:00;0,0598
2026-05-07 22:00;0,1105
2026-05-07 23:00;0,1441
2026-05-08 00:00;0,9183
2026-05-08 01:00;1,0000
2026-05-08 02:00;0,8703
2026-05-08 03:00;0,7809
2026-05-08 04:00;1,0000
2026-05-08 05:00;0,4254
2026-05-08 06:00;0,4526
2026-05-08 07:00;0,3302
2026-05-08 08:00;0,2700
2026-05-08 09:00;0,2076
2026-05-08 10:00;0,1142
2026-05-08 11:00;0,0356
2026-05-08 12:00;0,0398
2026-05-08 13:00;0,0262
2026-05-08 14:00;0,0165
2026-05-08 15:00;0,1045
2026-05-08 16:00;0,9791
2026-05-08 17:00;0,5946
2026-05-08 18:00;0,6575
2026-05-08 19:00;0,9537
2026-05-08 20:00;0,6041
2026-05-08 21:00;0,0665
2026-05-08 22:00;0,0728
2026-05-08 23:00;0,0837
2026-05-09 00:00;0,0748
2026-05-09 01:00;0,0538
2026-05-09 02:00;0,0366
2026-05-09 03:00;0,0178
2026-05-09 04:00;0,1471
2026-05-09 05:00;0,3023
2026-05-09 06:00;0,3571
2026-05-09 07:00;0,1491
2026-05-09 08:00;0,0734
2026-05-09 09:00;0,2392
2026-05-09 10:00;0,1510
2026-05-09 11:00;1,0000
2026-05-09 12:00;1,0000
2026-05-09 13:00;1,0000
2026-05-09 14:00;1,0000
2026-05-09 15:00;1,0000
2026-05-09 16:00;1,0000
2026-05-09 17:00;1,0000
2026-05-09 18:00;1,0000
2026-05-09 19:00;0,9241
2026-05-09 20:00;0,1690
2026-05-09 21:00;0,0907
2026-05-09 22:00;0,0936
2026-05-09 23:00;0,0947
2026-05-10 00:00;0,9032
2026-05-10 01:00;0,9348
2026-05-10 02:00;0,0403
2026-05-10 03:00;0,8606
2026-05-10 04:00;0,5804
2026-05-10 05:00;1,0000
2026-05-10 06:00;0,7672
2026-05-10 07:00;0,6760
2026-05-10 08:00;0,8505
2026-05-10 09:00;0,3647
2026-05-10 10:00;0,9932
2026-05-10 11:00;0,5968
2026-05-10 12:00;0,1463
2026-05-10 13:00;0,2617
2026-05-10 14:00;0,3913
2026-05-10 15:00;0,1650
2026-05-10 16:00;0,2563
2026-05-10 17:00;0,3374
2026-05-10 18:00;0,6997
2026-05-10 19:00;0,3463
2026-05-10 20:00;0,3058
2026-05-10 21:00;0,0346
2026-05-10 22:00;0,0360
2026-05-10 23:00;0,0411
2026-05-11 00:00;0,2586
2026-05-11 01:00;0,2477
2026-05-11 02:00;0,2552
2026-05-11 03:00;0,2573
2026-05-11 04:00;0,2225
2026-05-11 05:00;0,1406
2026-05-11 06:00;0,1002
2026-05-11 07:00;0,0769
2026-05-11 08:00;0,0581
2026-05-11 09:00;0,0379
2026-05-11 10:00;0,0897
2026-05-11 11:00;0,1237
2026-05-11 12:00;0,2220
2026-05-11 13:00;1,0000
2026-05-11 14:00;0,7928
2026-05-11 15:00;0,8811
2026-05-11 16:00;1,0000
2026-05-11 17:00;1,0000
2026-05-11 18:00;0,7839
2026-05-11 19:00;1,0000
2026-05-11 20:00;0,2826
2026-05-11 21:00;0,1034
2026-05-11 22:00;0,2282
2026-05-11 23:00;0,3775
2026-05-12 00:00;0,1459
2026-05-12 01:00;0,1313
2026-05-12 02:00;0,1018
2026-05-12 03:00;0,0969
2026-05-12 04:00;0,0935
2026-05-12 05:00;0,1063
2026-05-12 06:00;0,1027
2026-05-12 07:00;0,4129
2026-05-12 08:00;0,3891
2026-05-12 09:00;0,4029
2026-05-12 10:00;0,1510
2026-05-12 11:00;0,0750
2026-05-12 12:00;0,1668
2026-05-12 13:00;0,2941
2026-05-12 14:00;0,3788
2026-05-12 15:00;0,8498
2026-05-12 16:00;0,1559
2026-05-12 17:00;0,9697
2026-05-12 18:00;0,4904
2026-05-12 19:00;0,9958
2026-05-12 20:00;0,2890
2026-05-12 21:00;0,5501
2026-05-12 22:00;1,0000
2026-05-12 23:00;0,5297
2026-05-13 00:00;0,2912
2026-05-13 01:00;0,9141
2026-05-13 02:00;0,4298
2026-05-13 03:00;0,5514
2026-05-13 04:00;1,0000
2026-05-13 05:00;0,4259
2026-05-13 06:00;0,2365
2026-05-13 07:00;0,1608
2026-05-13 08:00;0,0726
2026-05-13 09:00;0,3592
2026-05-13 10:00;0,9624
2026-05-13 11:00;0,5836
2026-05-13 12:00;0,0617
2026-05-13 13:00;0,1379
2026-05-13 14:00;0,2187
2026-05-13 15:00;0,1975
2026-05-13 16:00;0,1390
2026-05-13 17:00;0,0895
2026-05-13 18:00;0,0192
2026-05-13 19:00;0,9109
2026-05-13 20:00;0,0190
2026-05-13 21:00;0,0683
2026-05-13 22:00;0,0954
2026-05-13 23:00;0,1156
2026-05-14 00:00;1,0000
2026-05-14 01:00;0,7723
2026-05-14 02:00;0,8592
2026-05-14 03:00;0,7103
2026-05-14 04:00;0,6103
2026-05-14 05:00;0,7585
2026-05-14 06:00;0,1310
2026-05-14 07:00;0,0869
2026-05-14 08:00;0,0386
2026-05-14 09:00;0,2558
2026-05-14 10:00;0,1509
2026-05-14 11:00;0,0438
2026-05-14 12:00;0,5754
2026-05-14 13:00;1,0000
2026-05-14 14:00;0,8126
2026-05-14 15:00;0,1542
2026-05-14 16:00;0,1118
2026-05-14 17:00;0,0407
2026-05-14 18:00;0,1596
2026-05-14 19:00;0,1384
2026-05-14 20:00;0,1447
2026-05-14 21:00;0,1562
2026-05-14 22:00;0,0912
2026-05-14 23:00;0,0423
2026-05-15 00:00;0,3096
2026-05-15 01:00;0,1700
2026-05-15 02:00;0,9106
2026-05-15 03:00;0,9997
2026-05-15 04:00;0,9287
2026-05-15 05:00;0,9884
2026-05-15 06:00;1,0000
2026-05-15 07:00;1,0000
2026-05-15 08:00;0,5937
2026-05-15 09:00;0,3488
2026-05-15 10:00;0,1549
2026-05-15 11:00;0,4476
2026-05-15 12:00;0,1440
2026-05-15 13:00;0,1600
2026-05-15 14:00;0,0404
2026-05-15 15:00;0,7429
2026-05-15 16:00;0,5602
2026-05-15 17:00;0,8088
2026-05-15 18:00;0,3515
2026-05-15 19:00;0,0807
2026-05-15 20:00;0,1645
2026-05-15 21:00;0,2027
2026-05-15 22:00;0,2512
2026-05-15 23:00;0,0454
2026-05-16 00:00;0,4682
2026-05-16 01:00;0,8990
2026-05-16 02:00;0,5970
2026-05-16 03:00;0,5211
2026-05-16 04:00;0,9970
2026-05-16 05:00;0,4398
2026-05-16 06:00;0,3997
2026-05-16 07:00;0,2292
2026-05-16 08:00;0,0206
2026-05-16 09:00;0,1583
2026-05-16 10:00;0,0922
2026-05-16 11:00;0,0456
2026-05-16 12:00;0,5005
2026-05-16 13:00;0,9936
2026-05-16 14:00;0,4661
2026-05-16 15:00;0,5162
2026-05-16 16:00;0,9956
2026-05-16 17:00;0,1563
2026-05-16 18:00;0,3810
2026-05-16 19:00;0,1978
2026-05-16 20:00;0,0729
2026-05-16 21:00;0,5578
2026-05-16 22:00;0,5295
2026-05-16 23:00;0,5167
2026-05-17 00:00;0,4425
2026-05-17 01:00;0,9798
2026-05-17 02:00;0,3401
2026-05-17 03:00;0,3271
2026-05-17 04:00;0,1271
2026-05-17 05:00;0,4221
2026-05-17 06:00;0,4435
2026-05-17 07:00;0,3084
2026-05-17 08:00;0,1902
2026-05-17 09:00;0,1813
2026-05-17 10:00;0,1694
2026-05-17 11:00;0,1392
2026-05-17 12:00;0,1045
2026-05-17 13:00;0,2980
2026-05-17 14:00;0,4324
2026-05-17 15:00;0,1364
2026-05-17 16:00;0,1435
2026-05-17 17:00;0,1543
2026-05-17 18:00;0,5441
2026-05-17 19:00;0,9248
2026-05-17 20:00;0,1305
2026-05-17 21:00;0,2225
2026-05-17 22:00;0,3413
2026-05-17 23:00;0,0543
2026-05-18 00:00;0,1614
2026-05-18 01:00;0,1247
2026-05-18 02:00;0,0795
2026-05-18 03:00;0,8902
2026-05-18 04:00;0,8483
2026-05-18 05:00;0,1820
2026-05-18 06:00;0,1888
2026-05-18 07:00;0,4064
2026-05-18 08:00;0,1588
2026-05-18 09:00;0,6109
2026-05-18 10:00;0,3842
2026-05-18 11:00;0,2865
2026-05-18 12:00;0,4247
2026-05-18 13:00;0,7213
2026-05-18 14:00;0,4804
2026-05-18 15:00;0,3327
2026-05-18 16:00;0,3473
2026-05-18 17:00;0,3171
2026-05-18 18:00;0,0916
2026-05-18 19:00;0,1008
2026-05-18 20:00;0,1045
2026-05-18 21:00;0,6699
2026-05-18 22:00;0,8563
2026-05-18 23:00;0,1758
2026-05-19 00:00;0,1396
2026-05-19 01:00;0,1763
2026-05-19 02:00;0,2216
2026-05-19 03:00;0,2517
2026-05-19 04:00;0,2632
2026-05-19 05:00;0,2496
2026-05-19 06:00;0,2504
2026-05-19 07:00;0,1591
2026-05-19 08:00;0,0969
2026-05-19 09:00;0,1019
2026-05-19 10:00;0,1082
2026-05-19 11:00;0,1469
2026-05-19 12:00;0,1734
2026-05-19 13:00;0,8086
2026-05-19 14:00;0,8144
2026-05-19 15:00;1,0000
2026-05-19 16:00;0,9125
2026-05-19 17:00;0,8724
2026-05-19 18:00;0,5521
2026-05-19 19:00;0,8944
2026-05-19 20:00;0,1027
2026-05-19 21:00;0,1965
2026-05-19 22:00;0,1869
2026-05-19 23:00;0,2024
2026-05-20 00:00;1,0000
2026-05-20 01:00;1,0000
2026-05-20 02:00;0,5925
2026-05-20 03:00;0,9413
2026-05-20 04:00;0,7781
2026-05-20 05:00;0,5418
2026-05-20 06:00;0,6049
2026-05-20 07:00;0,0396
2026-05-20 08:00;0,0387
2026-05-20 09:00;0,1387
2026-05-20 10:00;0,0854
2026-05-20 11:00;0,0405
2026-05-20 12:00;0,0431
2026-05-20 13:00;0,0195
2026-05-20 14:00;0,2474
2026-05-20 15:00;0,5151
2026-05-20 16:00;0,3553
2026-05-20 17:00;0,1669
2026-05-20 18:00;0,9728
2026-05-20 19:00;0,8799
2026-05-20 20:00;0,3919
2026-05-20 21:00;0,1634
2026-05-20 22:00;0,7368
2026-05-20 23:00;0,8934
2026-05-21 00:00;0,0967
2026-05-21 01:00;0,0676
2026-05-21 02:00;0,0378
2026-05-21 03:00;0,4277
2026-05-21 04:00;0,3921
2026-05-21 05:00;0,4579
2026-05-21 06:00;0,5274
2026-05-21 07:00;0,1113
2026-05-21 08:00;0,5745
2026-05-21 09:00;0,5479
2026-05-21 10:00;0,3563
2026-05-21 11:00;0,5881
2026-05-21 12:00;0,5337
2026-05-21 13:00;0,8152
2026-05-21 14:00;0,5309
2026-05-21 15:00;0,4486
2026-05-21 16:00;0,7676
2026-05-21 17:00;0,5021
2026-05-21 18:00;0,5801
2026-05-21 19:00;0,7557
2026-05-21 20:00;0,0402
2026-05-21 21:00;0,0193
2026-05-21 22:00;0,2964
2026-05-21 23:00;0,5723
2026-05-22 00:00;0,6045
2026-05-22 01:00;0,0963
2026-05-22 02:00;0,1531
2026-05-22 03:00;0,1170
2026-05-22 04:00;0,1117
2026-05-22 05:00;1,0000
2026-05-22 06:00;0,9194
2026-05-22 07:00;0,6260
2026-05-22 08:00;0,6179
2026-05-22 09:00;0,9345
2026-05-22 10:00;0,9583
2026-05-22 11:00;0,2193
2026-05-22 12:00;0,2609
2026-05-22 13:00;0,1919
2026-05-22 14:00;0,3404
2026-05-22 15:00;0,3390
2026-05-22 16:00;0,2145
2026-05-22 17:00;0,3987
2026-05-22 18:00;0,9081
2026-05-22 19:00;0,1709
2026-05-22 20:00;0,4855
2026-05-22 21:00;0,2795
2026-05-22 22:00;0,0389
2026-05-22 23:00;0,5443
2026-05-23 00:00;0,3527
2026-05-23 01:00;1,0000
2026-05-23 02:00;0,3732
2026-05-23 03:00;0,4107
2026-05-23 04:00;0,3998
2026-05-23 05:00;0,1836
2026-05-23 06:00;0,1803
2026-05-23 07:00;0,3583
2026-05-23 08:00;0,2674
2026-05-23 09:00;0,5628
2026-05-23 10:00;0,4579
2026-05-23 11:00;0,7211
2026-05-23 12:00;0,5141
2026-05-23 13:00;0,2802
2026-05-23 14:00;0,0207
2026-05-23 15:00;0,0703
2026-05-23 16:00;0,1729
2026-05-23 17:00;0,2540
2026-05-23 18:00;0,5569
2026-05-23 19:00;0,3414
2026-05-23 20:00;0,1103
2026-05-23 21:00;0,2561
2026-05-23 22:00;0,2775
2026-05-23 23:00;0,2549
2026-05-24 00:00;0,1321
2026-05-24 01:00;0,1469
2026-05-24 02:00;0,1422
2026-05-24 03:00;0,1999
2026-05-24 04:00;0,2195
2026-05-24 05:00;0,2300
2026-05-24 06:00;0,2355
2026-05-24 07:00;0,1755
2026-05-24 08:00;0,1189
2026-05-24 09:00;0,1218
2026-05-24 10:00;1,0000
2026-05-24 11:00;0,7037
2026-05-24 12:00;0,7060
2026-05-24 13:00;0,9287
2026-05-24 14:00;0,0406
2026-05-24 15:00;0,1279
2026-05-24 16:00;0,0758
2026-05-24 17:00;0,0162
2026-05-24 18:00;0,0650
2026-05-24 19:00;1,0000
2026-05-24 20:00;0,6553
2026-05-24 21:00;0,1685
2026-05-24 22:00;0,2362
2026-05-24 23:00;0,3097
2026-05-25 00:00;0,1507
2026-05-25 01:00;0,1452
2026-05-25 02:00;0,2391
2026-05-25 03:00;0,2762
2026-05-25 04:00;0,2731
2026-05-25 05:00;0,3863
2026-05-25 06:00;0,3712
2026-05-25 07:00;0,0448
2026-05-25 08:00;0,1436
2026-05-25 09:00;0,4399
2026-05-25 10:00;1,0000
2026-05-25 11:00;0,5554
2026-05-25 12:00;0,6752
2026-05-25 13:00;1,0000
2026-05-25 14:00;1,0000
2026-05-25 15:00;0,8960
2026-05-25 16:00;0,9949
2026-05-25 17:00;0,7774
2026-05-25 18:00;0,6023
2026-05-25 19:00;1,0000
2026-05-25 20:00;0,1550
2026-05-25 21:00;0,1633
2026-05-25 22:00;0,0957
2026-05-25 23:00;0,0405
2026-05-26 00:00;0,5021
2026-05-26 01:00;0,9292
2026-05-26 02:00;0,6023
2026-05-26 03:00;0,4423
2026-05-26 04:00;0,2320
2026-05-26 05:00;0,0593
2026-05-26 06:00;0,0368
2026-05-26 07:00;0,2470
2026-05-26 08:00;0,4109
2026-05-26 09:00;0,5015
2026-05-26 10:00;0,7891
2026-05-26 11:00;0,1330
2026-05-26 12:00;0,4029
2026-05-26 13:00;0,9377
2026-05-26 14:00;0,6363
2026-05-26 15:00;0,6927
2026-05-26 16:00;1,0000
2026-05-26 17:00;0,4645
2026-05-26 18:00;0,2364
2026-05-26 19:00;0,1319
2026-05-26 20:00;0,0199
2026-05-26 21:00;0,5021
2026-05-26 22:00;0,5061
2026-05-26 23:00;0,4607
2026-05-27 00:00;0,5472
2026-05-27 01:00;0,1183
2026-05-27 02:00;0,3500
2026-05-27 03:00;0,3598
2026-05-27 04:00;1,0000
2026-05-27 05:00;1,0000
2026-05-27 06:00;0,3790
2026-05-27 07:00;0,1249
2026-05-27 08:00;0,1176
2026-05-27 09:00;0,1749
2026-05-27 10:00;0,1181
2026-05-27 11:00;0,4429
2026-05-27 12:00;0,5927
2026-05-27 13:00;0,0682
2026-05-27 14:00;0,1319
2026-05-27 15:00;0,1412
2026-05-27 16:00;0,3729
2026-05-27 17:00;0,5880
2026-05-27 18:00;0,4951
2026-05-27 19:00;0,6313
2026-05-27 20:00;0,0634
2026-05-27 21:00;0,0358
2026-05-27 22:00;0,1994
2026-05-27 23:00;0,6642
2026-05-28 00:00;0,3621
2026-05-28 01:00;0,2423
2026-05-28 02:00;0,2116
2026-05-28 03:00;0,1955
2026-05-28 04:00;0,1988
2026-05-28 05:00;0,2311
2026-05-28 06:00;0,1895
2026-05-28 07:00;0,1476
2026-05-28 08:00;0,0954
2026-05-28 09:00;0,0346
2026-05-28 10:00;0,0761
2026-05-28 11:00;0,1166
2026-05-28 12:00;0,2464
2026-05-28 13:00;1,0000
2026-05-28 14:00;0,5604
2026-05-28 15:00;0,7310
2026-05-28 16:00;1,0000
2026-05-28 17:00;0,1202
2026-05-28 18:00;0,2007
2026-05-28 19:00;0,9776
2026-05-28 20:00;0,5354
2026-05-28 21:00;0,8703
2026-05-28 22:00;0,9102
2026-05-28 23:00;0,8937
2026-05-29 00:00;0,1079
2026-05-29 01:00;0,0923
2026-05-29 02:00;0,0667
2026-05-29 03:00;0,6034
2026-05-29 04:00;0,2917
2026-05-29 05:00;0,0213
2026-05-29 06:00;0,0240
2026-05-29 07:00;0,0634
2026-05-29 08:00;0,1003
2026-05-29 09:00;0,1093
2026-05-29 10:00;0,0625
2026-05-29 11:00;0,0245
2026-05-29 12:00;0,7375
2026-05-29 13:00;0,9689
2026-05-29 14:00;0,6080
2026-05-29 15:00;0,4733
2026-05-29 16:00;0,9697
2026-05-29 17:00;0,4042
2026-05-29 18:00;0,5659
2026-05-29 19:00;1,0000
2026-05-29 20:00;1,0000
2026-05-29 21:00;1,0000
2026-05-29 22:00;1,0000
2026-05-29 23:00;1,0000
2026-05-30 00:00;0,1078
2026-05-30 01:00;0,0891
2026-05-30 02:00;0,0783
2026-05-30 03:00;0,0533
2026-05-30 04:00;0,1407
2026-05-30 05:00;0,1308
2026-05-30 06:00;0,3720
2026-05-30 07:00;0,5823
2026-05-30 08:00;0,0529
2026-05-30 09:00;0,2870
2026-05-30 10:00;0,8474
2026-05-30 11:00;0,6167
2026-05-30 12:00;1,0000
2026-05-30 13:00;0,8630
2026-05-30 14:00;1,0000
2026-05-30 15:00;0,8057
2026-05-30 16:00;0,0815
2026-05-30 17:00;0,4613
2026-05-30 18:00;0,8413
2026-05-30 19:00;0,3256
2026-05-30 20:00;0,2236
2026-05-30 21:00;0,3402
2026-05-30 22:00;1,0000
2026-05-30 23:00;0,3866
2026-05-31 00:00;0,5036
2026-05-31 01:00;0,1304
2026-05-31 02:00;0,5456
2026-05-31 03:00;0,6482
2026-05-31 04:00;0,8427
2026-05-31 05:00;0,5379
2026-05-31 06:00;0,0479
2026-05-31 07:00;0,7592
2026-05-31 08:00;0,0478
2026-05-31 09:00;0,1322
2026-05-31 10:00;0,2049
2026-05-31 11:00;0,1200
2026-05-31 12:00;0,0476
2026-05-31 13:00;0,8035
2026-05-31 14:00;0,6081
2026-05-31 15:00;0,5647
2026-05-31 16:00;0,3016
2026-05-31 17:00;0,0744
2026-05-31 18:00;0,0732
2026-05-31 19:00;0,3255
2026-05-31 20:00;0,1754
2026-05-31 21:00;0,0572
2026-05-31 22:00;0,2847
2026-05-31 23:00;0,4490
2026-06-01 00:00;0,4501
2026-06-01 01:00;0,9610
2026-06-01 02:00;0,5015
2026-06-01 03:00;0,4776
2026-06-01 04:00;0,9627
2026-06-01 05:00;0,6151
2026-06-01 06:00;0,4136
2026-06-01 07:00;0,0482
2026-06-01 08:00;0,1698
2026-06-01 09:00;0,1403
2026-06-01 10:00;0,0658
2026-06-01 11:00;0,0017
2026-06-01 12:00;0,1103
2026-06-01 13:00;0,9677
2026-06-01 14:00;0,6780
2026-06-01 15:00;0,6303
2026-06-01 16:00;0,9281
2026-06-01 17:00;0,1746
2026-06-01 18:00;0,0000
2026-06-01 19:00;0,0125
2026-06-01 20:00;0,0418
2026-06-01 21:00;0,3458
2026-06-01 22:00;0,9333
2026-06-01 23:00;0,2926
2026-06-02 00:00;0,0194
2026-06-02 01:00;0,0381
2026-06-02 02:00;0,0515
2026-06-02 03:00;0,0845
2026-06-02 04:00;0,1125
2026-06-02 05:00;0,1696
2026-06-02 06:00;0,4251
2026-06-02 07:00;0,1141
2026-06-02 08:00;0,4624
2026-06-02 09:00;0,3386
2026-06-02 10:00;0,8978
2026-06-02 11:00;0,5006
2026-06-02 12:00;0,6504
2026-06-02 13:00;0,9811
2026-06-02 14:00;0,8819
2026-06-02 15:00;0,8864
2026-06-02 16:00;0,1269
2026-06-02 17:00;0,8567
2026-06-02 18:00;0,7066
2026-06-02 19:00;0,1077
2026-06-02 20:00;0,0961
2026-06-02 21:00;0,1151
2026-06-02 22:00;0,1140
2026-06-02 23:00;0,0468
2026-06-03 00:00;0,0576
2026-06-03 01:00;0,0502
2026-06-03 02:00;0,0500
2026-06-03 03:00;0,0297
2026-06-03 04:00;0,0703
2026-06-03 05:00;0,0980
2026-06-03 06:00;0,0103
2026-06-03 07:00;0,1258
2026-06-03 08:00;0,6016
2026-06-03 09:00;0,2784
2026-06-03 10:00;0,0118
2026-06-03 11:00;0,9933
2026-06-03 12:00;0,9939
2026-06-03 13:00;0,9944
2026-06-03 14:00;0,9950
2026-06-03 15:00;0,9955
2026-06-03 16:00;0,9961
2026-06-03 17:00;0,9967
2026-06-03 18:00;0,9604
2026-06-03 19:00;0,0997
2026-06-03 20:00;0,5548
2026-06-03 21:00;0,3096
2026-06-03 22:00;0,0421
2026-06-03 23:00;0,1543
2026-06-04 00:00;0,1717
2026-06-04 01:00;0,1124
2026-06-04 02:00;0,0736
2026-06-04 03:00;0,0785
2026-06-04 04:00;0,1710
2026-06-04 05:00;0,2323
2026-06-04 06:00;0,0433
2026-06-04 07:00;0,0753
2026-06-04 08:00;0,2817
2026-06-04 09:00;0,4715
2026-06-04 10:00;0,9117
2026-06-04 11:00;0,6592
2026-06-04 12:00;0,7001
2026-06-04 13:00;0,9145
2026-06-04 14:00;0,7887
2026-06-04 15:00;1,0000
2026-06-04 16:00;1,0000
2026-06-04 17:00;0,7241
2026-06-04 18:00;0,0176
2026-06-04 19:00;0,0687
2026-06-04 20:00;0,1356
2026-06-04 21:00;0,0871
2026-06-04 22:00;0,1671
2026-06-04 23:00;0,2205
2026-06-05 00:00;0,8398
2026-06-05 01:00;0,7174
2026-06-05 02:00;0,1919
2026-06-05 03:00;0,1407
2026-06-05 04:00;0,1085
2026-06-05 05:00;0,3325
2026-06-05 06:00;0,5496
2026-06-05 07:00;0,5443
2026-06-05 08:00;0,7250
2026-06-05 09:00;0,8761
2026-06-05 10:00;0,0793
2026-06-05 11:00;0,0757
2026-06-05 12:00;0,0546
2026-06-05 13:00;0,1358
2026-06-05 14:00;0,5601
2026-06-05 15:00;0,3840
2026-06-05 16:00;0,6371
2026-06-05 17:00;0,3190
2026-06-05 18:00;0,7302
2026-06-05 19:00;0,6536
2026-06-05 20:00;0,7193
2026-06-05 21:00;0,1128
2026-06-05 22:00;0,7886
2026-06-05 23:00;0,6064
2026-06-06 00:00;0,0898
2026-06-06 01:00;0,1145
2026-06-06 02:00;0,1464
2026-06-06 03:00;0,1006
2026-06-06 04:00;0,1082
2026-06-06 05:00;0,1131
2026-06-06 06:00;0,0418
2026-06-06 07:00;0,3317
2026-06-06 08:00;0,2282
2026-06-06 09:00;0,4370
2026-06-06 10:00;0,3574
2026-06-06 11:00;0,1211
2026-06-06 12:00;0,2633
2026-06-06 13:00;0,8402
2026-06-06 14:00;0,8167
2026-06-06 15:00;0,9448
2026-06-06 16:00;0,9914
2026-06-06 17:00;0,2223
2026-06-06 18:00;0,5435
2026-06-06 19:00;0,5499
2026-06-06 20:00;0,2654
2026-06-06 21:00;0,0443
2026-06-06 22:00;0,0308
2026-06-06 23:00;0,0185
2026-06-07 00:00;0,4495
2026-06-07 01:00;1,0000
2026-06-07 02:00;0,3829
2026-06-07 03:00;0,2071
2026-06-07 04:00;0,1949
2026-06-07 05:00;0,2055
2026-06-07 06:00;0,2084
2026-06-07 07:00;0,1652
2026-06-07 08:00;0,1463
2026-06-07 09:00;0,3378
2026-06-07 10:00;0,3520
2026-06-07 11:00;0,3772
2026-06-07 12:00;0,2006
2026-06-07 13:00;0,2195
2026-06-07 14:00;0,2670
2026-06-07 15:00;0,1044
2026-06-07 16:00;0,0652
2026-06-07 17:00;0,0401
2026-06-07 18:00;0,6833
2026-06-07 19:00;1,0000
2026-06-07 20:00;0,5480
2026-06-07 21:00;0,5165
2026-06-07 22:00;0,2641
2026-06-07 23:00;0,5487
2026-06-08 00:00;0,1259
2026-06-08 01:00;0,1245
2026-06-08 02:00;0,1329
2026-06-08 03:00;0,1223
2026-06-08 04:00;0,3346
2026-06-08 05:00;0,1151
2026-06-08 06:00;0,1108
2026-06-08 07:00;0,1550
2026-06-08 08:00;0,1991
2026-06-08 09:00;0,3416
2026-06-08 10:00;0,8888
2026-06-08 11:00;0,2798
2026-06-08 12:00;0,7139
2026-06-08 13:00;1,0000
2026-06-08 14:00;0,9523
2026-06-08 15:00;0,9434
2026-06-08 16:00;1,0000
2026-06-08 17:00;0,4673
2026-06-08 18:00;0,2811
2026-06-08 19:00;1,0000
2026-06-08 20:00;0,4438
2026-06-08 21:00;0,1076
2026-06-08 22:00;0,1300
2026-06-08 23:00;0,1334
2026-06-09 00:00;0,1551
2026-06-09 01:00;0,5367
2026-06-09 02:00;0,4782
2026-06-09 03:00;0,3823
2026-06-09 04:00;0,3664
2026-06-09 05:00;0,0636
2026-06-09 06:00;0,1422
2026-06-09 07:00;0,1135
2026-06-09 08:00;0,1055
2026-06-09 09:00;0,0165
2026-06-09 10:00;0,5209
2026-06-09 11:00;0,4365
2026-06-09 12:00;0,6620
2026-06-09 13:00;1,0000
2026-06-09 14:00;0,8909
2026-06-09 15:00;0,8531
2026-06-09 16:00;1,0000
2026-06-09 17:00;0,7455
2026-06-09 18:00;0,6770
2026-06-09 19:00;1,0000
2026-06-09 20:00;0,1070
2026-06-09 21:00;0,0408
2026-06-09 22:00;0,0608
2026-06-09 23:00;0,0760
2026-06-10 00:00;0,2513
2026-06-10 01:00;0,8879
2026-06-10 02:00;0,4365
2026-06-10 03:00;0,0582
2026-06-10 04:00;0,0635
2026-06-10 05:00;0,0573
2026-06-10 06:00;0,0561
2026-06-10 07:00;0,3018
2026-06-10 08:00;0,3413
2026-06-10 09:00;0,7859
2026-06-10 10:00;0,8384
2026-06-10 11:00;0,2481
2026-06-10 12:00;0,2435
2026-06-10 13:00;0,9205
2026-06-10 14:00;0,2829
2026-06-10 15:00;0,4832
2026-06-10 16:00;1,0000
2026-06-10 17:00;0,7854
2026-06-10 18:00;0,4342
2026-06-10 19:00;0,7382
2026-06-10 20:00;0,0863
2026-06-10 21:00;0,3473
2026-06-10 22:00;0,7878
2026-06-10 23:00;0,5021
2026-06-11 00:00;0,1901
2026-06-11 01:00;0,1619
2026-06-11 02:00;0,0977
2026-06-11 03:00;0,0612
2026-06-11 04:00;0,1286
2026-06-11 05:00;0,1378
2026-06-11 06:00;0,0945
2026-06-11 07:00;0,0599
2026-06-11 08:00;0,0315
2026-06-11 09:00;0,0892
2026-06-11 10:00;0,7348
2026-06-11 11:00;0,6670
2026-06-11 12:00;0,8035
2026-06-11 13:00;1,0000
2026-06-11 14:00;1,0000
2026-06-11 15:00;0,9250
2026-06-11 16:00;0,9995
2026-06-11 17:00;0,5710
2026-06-11 18:00;0,5190
2026-06-11 19:00;0,3528
2026-06-11 20:00;0,1477
2026-06-11 21:00;0,1496
2026-06-11 22:00;0,1971
2026-06-11 23:00;0,1282
2026-06-12 00:00;0,5598
2026-06-12 01:00;0,8010
2026-06-12 02:00;1,0000
2026-06-12 03:00;0,9610
2026-06-12 04:00;0,4641
2026-06-12 05:00;0,9073
2026-06-12 06:00;0,8473
2026-06-12 07:00;0,6377
2026-06-12 08:00;0,1540
2026-06-12 09:00;0,1343
2026-06-12 10:00;0,5584
2026-06-12 11:00;0,4629
2026-06-12 12:00;0,4899
2026-06-12 13:00;0,1039
2026-06-12 14:00;0,0390
2026-06-12 15:00;0,3100
2026-06-12 16:00;0,7376
2026-06-12 17:00;0,2882
2026-06-12 18:00;0,2627
2026-06-12 19:00;0,0847
2026-06-12 20:00;0,1814
2026-06-12 21:00;0,3125
2026-06-12 22:00;0,3034
2026-06-12 23:00;0,8462
2026-06-13 00:00;0,4965
2026-06-13 01:00;0,0207
2026-06-13 02:00;0,0481
2026-06-13 03:00;0,0508
2026-06-13 04:00;0,1510
2026-06-13 05:00;0,2392
2026-06-13 06:00;0,3407
2026-06-13 07:00;0,8102
2026-06-13 08:00;0,2640
2026-06-13 09:00;0,3376
2026-06-13 10:00;0,4301
2026-06-13 11:00;0,0155
2026-06-13 12:00;0,0320
2026-06-13 13:00;0,8787
2026-06-13 14:00;0,5632
2026-06-13 15:00;0,6886
2026-06-13 16:00;1,0000
2026-06-13 17:00;0,6047
2026-06-13 18:00;0,0421
2026-06-13 19:00;0,0378
2026-06-13 20:00;0,0392
2026-06-13 21:00;0,1414
2026-06-13 22:00;0,1257
2026-06-13 23:00;0,1188
2026-06-14 00:00;0,6107
2026-06-14 01:00;1,0000
2026-06-14 02:00;0,2137
2026-06-14 03:00;0,0722
2026-06-14 04:00;0,0789
2026-06-14 05:00;0,0719
2026-06-14 06:00;0,0627
2026-06-14 07:00;0,1666
2026-06-14 08:00;0,1639
2026-06-14 09:00;0,3116
2026-06-14 10:00;0,3225
2026-06-14 11:00;0,3220
2026-06-14 12:00;0,0939
2026-06-14 13:00;0,8748
2026-06-14 14:00;0,5850
2026-06-14 15:00;0,5945
2026-06-14 16:00;0,8768
2026-06-14 17:00;0,1294
2026-06-14 18:00;0,1343
2026-06-14 19:00;0,1153
2026-06-14 20:00;0,1026
2026-06-14 21:00;0,1954
2026-06-14 22:00;0,2745
2026-06-14 23:00;0,2373
2026-06-15 00:00;0,8932
2026-06-15 01:00;0,0646
2026-06-15 02:00;0,0896
2026-06-15 03:00;0,1403
2026-06-15 04:00;0,2327
2026-06-15 05:00;0,3265
2026-06-15 06:00;0,5537
2026-06-15 07:00;0,8576
2026-06-15 08:00;0,3586
2026-06-15 09:00;0,2218
2026-06-15 10:00;0,1024
2026-06-15 11:00;0,3569
2026-06-15 12:00;0,7588
2026-06-15 13:00;0,1431
2026-06-15 14:00;0,3419
2026-06-15 15:00;0,1430
2026-06-15 16:00;0,1448
2026-06-15 17:00;0,1287
2026-06-15 18:00;0,1220
2026-06-15 19:00;0,0744
2026-06-15 20:00;0,0352
2026-06-15 21:00;0,4477
2026-06-15 22:00;0,9432
2026-06-15 23:00;0,9732
2026-06-16 00:00;0,0194
2026-06-16 01:00;0,0209
2026-06-16 02:00;0,2195
2026-06-16 03:00;0,2712
2026-06-16 04:00;0,4631
2026-06-16 05:00;0,1073
2026-06-16 06:00;0,1838
2026-06-16 07:00;0,1615
2026-06-16 08:00;0,1235
2026-06-16 09:00;0,1165
2026-06-16 10:00;0,9085
2026-06-16 11:00;0,7569
2026-06-16 12:00;0,9459
2026-06-16 13:00;0,9411
2026-06-16 14:00;1,0000
2026-06-16 15:00;1,0000
2026-06-16 16:00;0,4606
2026-06-16 17:00;1,0000
2026-06-16 18:00;1,0000
2026-06-16 19:00;1,0000
2026-06-16 20:00;0,3122
2026-06-16 21:00;0,1549
2026-06-16 22:00;0,1232
2026-06-16 23:00;0,0945
2026-06-17 00:00;0,0400
2026-06-17 01:00;0,0765
2026-06-17 02:00;0,1171
2026-06-17 03:00;0,0764
2026-06-17 04:00;0,0949
2026-06-17 05:00;0,1141
2026-06-17 06:00;0,0794
2026-06-17 07:00;0,0639
2026-06-17 08:00;0,0463
2026-06-17 09:00;0,0192
2026-06-17 10:00;0,1971
2026-06-17 11:00;0,3412
2026-06-17 12:00;0,5413
2026-06-17 13:00;0,8292
2026-06-17 14:00;0,7899
2026-06-17 15:00;0,5777
2026-06-17 16:00;0,8227
2026-06-17 17:00;0,5491
2026-06-17 18:00;0,4259
2026-06-17 19:00;0,2614
2026-06-17 20:00;0,0565
2026-06-17 21:00;0,1863
2026-06-17 22:00;0,1252
2026-06-17 23:00;0,0880
2026-06-18 00:00;0,1822
2026-06-18 01:00;0,0978
2026-06-18 02:00;0,4480
2026-06-18 03:00;0,5973
2026-06-18 04:00;1,0000
2026-06-18 05:00;0,4805
2026-06-18 06:00;0,5072
2026-06-18 07:00;0,9621
2026-06-18 08:00;0,3158
2026-06-18 09:00;0,2715
2026-06-18 10:00;0,2274
2026-06-18 11:00;0,1981
2026-06-18 12:00;0,2589
2026-06-18 13:00;0,2507
2026-06-18 14:00;0,2331
2026-06-18 15:00;0,5856
2026-06-18 16:00;1,0000
2026-06-18 17:00;1,0000
2026-06-18 18:00;1,0000
2026-06-18 19:00;1,0000
2026-06-18 20:00;0,0200
2026-06-18 21:00;0,3037
2026-06-18 22:00;0,2416
2026-06-18 23:00;0,1620
2026-06-19 00:00;0,0960
2026-06-19 01:00;0,0826
2026-06-19 02:00;0,0753
2026-06-19 03:00;0,1288
2026-06-19 04:00;0,2623
2026-06-19 05:00;0,1272
2026-06-19 06:00;0,0172
2026-06-19 07:00;0,0703
2026-06-19 08:00;0,1248
2026-06-19 09:00;0,0174
2026-06-19 10:00;0,0900
2026-06-19 11:00;0,1755
2026-06-19 12:00;0,2827
2026-06-19 13:00;0,9882
2026-06-19 14:00;0,8288
2026-06-19 15:00;0,8129
2026-06-19 16:00;1,0000
2026-06-19 17:00;1,0000
2026-06-19 18:00;0,7868
2026-06-19 19:00;0,8760
2026-06-19 20:00;0,1650
2026-06-19 21:00;0,0145
2026-06-19 22:00;0,0446
2026-06-19 23:00;0,0738
2026-06-20 00:00;0,0440
2026-06-20 01:00;0,2975
2026-06-20 02:00;0,2789
2026-06-20 03:00;0,2712
2026-06-20 04:00;0,1133
2026-06-20 05:00;0,1627
2026-06-20 06:00;0,1955
2026-06-20 07:00;0,1443
2026-06-20 08:00;0,1125
2026-06-20 09:00;0,1098
2026-06-20 10:00;0,1290
2026-06-20 11:00;0,1413
2026-06-20 12:00;0,3593
2026-06-20 13:00;1,0000
2026-06-20 14:00;0,8693
2026-06-20 15:00;0,8003
2026-06-20 16:00;1,0000
2026-06-20 17:00;0,6866
2026-06-20 18:00;0,5930
2026-06-20 19:00;0,3276
2026-06-20 20:00;0,1106
2026-06-20 21:00;0,2348
2026-06-20 22:00;0,2153
2026-06-20 23:00;0,1759
2026-06-21 00:00;0,1419
2026-06-21 01:00;0,1598
2026-06-21 02:00;0,1575
2026-06-21 03:00;0,1690
2026-06-21 04:00;0,4405
2026-06-21 05:00;0,1524
2026-06-21 06:00;0,1342
2026-06-21 07:00;0,1769
2026-06-21 08:00;0,2007
2026-06-21 09:00;0,3825
2026-06-21 10:00;0,9225
2026-06-21 11:00;0,2854
2026-06-21 12:00;0,6027
2026-06-21 13:00;0,8420
2026-06-21 14:00;0,8800
2026-06-21 15:00;0,8753
2026-06-21 16:00;1,0000
2026-06-21 17:00;0,3852
2026-06-21 18:00;0,2189
2026-06-21 19:00;0,8723
2026-06-21 20:00;0,3460
2026-06-21 21:00;0,1022
2026-06-21 22:00;0,1349
2026-06-21 23:00;0,1384
2026-06-22 00:00;0,2063
2026-06-22 01:00;0,8339
2026-06-22 02:00;0,3434
2026-06-22 03:00;0,0573
2026-06-22 04:00;0,0618
2026-06-22 05:00;0,0609
2026-06-22 06:00;0,0681
2026-06-22 07:00;0,4172
2026-06-22 08:00;0,5075
2026-06-22 09:00;1,0000
2026-06-22 10:00;0,8189
2026-06-22 11:00;0,2554
2026-06-22 12:00;0,2839
2026-06-22 13:00;0,8482
2026-06-22 14:00;0,2381
2026-06-22 15:00;0,4242
2026-06-22 16:00;0,8696
2026-06-22 17:00;0,7862
2026-06-22 18:00;0,4752
2026-06-22 19:00;0,7632
2026-06-22 20:00;0,0891
2026-06-22 21:00;0,4013
2026-06-22 22:00;0,9837
2026-06-22 23:00;0,5838
2026-06-23 00:00;0,5447
2026-06-23 01:00;1,0000
2026-06-23 02:00;0,3245
2026-06-23 03:00;0,2390
2026-06-23 04:00;0,4717
2026-06-23 05:00;0,0850
2026-06-23 06:00;0,0610
2026-06-23 07:00;0,1161
2026-06-23 08:00;0,1930
2026-06-23 09:00;0,0357
2026-06-23 10:00;0,3226
2026-06-23 11:00;0,6754
2026-06-23 12:00;0,6377
2026-06-23 13:00;1,0000
2026-06-23 14:00;0,4925
2026-06-23 15:00;0,5283
2026-06-23 16:00;0,8484
2026-06-23 17:00;0,4960
2026-06-23 18:00;0,2740
2026-06-23 19:00;0,1946
2026-06-23 20:00;0,1169
2026-06-23 21:00;0,2329
2026-06-23 22:00;0,6350
2026-06-23 23:00;0,2970
2026-06-24 00:00;0,0449
2026-06-24 01:00;0,2945
2026-06-24 02:00;0,2766
2026-06-24 03:00;0,2853
2026-06-24 04:00;0,1124
2026-06-24 05:00;0,1554
2026-06-24 06:00;0,1990
2026-06-24 07:00;0,1612
2026-06-24 08:00;0,1269
2026-06-24 09:00;0,1172
2026-06-24 10:00;0,1444
2026-06-24 11:00;0,1609
2026-06-24 12:00;0,3259
2026-06-24 13:00;1,0000
2026-06-24 14:00;0,9585
2026-06-24 15:00;0,8414
2026-06-24 16:00;1,0000
2026-06-24 17:00;0,6028
2026-06-24 18:00;0,5560
2026-06-24 19:00;0,3450
2026-06-24 20:00;0,0995
2026-06-24 21:00;0,2401
2026-06-24 22:00;0,2377
2026-06-24 23:00;0,2168
2026-06-25 00:00;0,0228
2026-06-25 01:00;0,0000
2026-06-25 02:00;0,0000
2026-06-25 03:00;0,0000
2026-06-25 04:00;0,2125
2026-06-25 05:00;0,2209
2026-06-25 06:00;0,2162
2026-06-25 07:00;0,6044
2026-06-25 08:00;0,2592
2026-06-25 09:00;0,2406
2026-06-25 10:00;0,2076
2026-06-25 11:00;0,0935
2026-06-25 12:00;0,0000
2026-06-25 13:00;0,7160
2026-06-25 14:00;0,2812
2026-06-25 15:00;0,4797
2026-06-25 16:00;0,7697
2026-06-25 17:00;0,5563
2026-06-25 18:00;0,6134
2026-06-25 19:00;0,7023
2026-06-25 20:00;0,0000
2026-06-25 21:00;0,3833
2026-06-25 22:00;0,7054
2026-06-25 23:00;0,3235
2026-06-26 00:00;0,0186
2026-06-26 01:00;0,0763
2026-06-26 02:00;0,1278
2026-06-26 03:00;0,1313
2026-06-26 04:00;0,8614
2026-06-26 05:00;0,8471
2026-06-26 06:00;0,6440
2026-06-26 07:00;0,6113
2026-06-26 08:00;0,0424
2026-06-26 09:00;0,2891
2026-06-26 10:00;0,2034
2026-06-26 11:00;0,1509
2026-06-26 12:00;0,2088
2026-06-26 13:00;0,1131
2026-06-26 14:00;0,0390
2026-06-26 15:00;0,3600
2026-06-26 16:00;0,8298
2026-06-26 17:00;0,6153
2026-06-26 18:00;0,4508
2026-06-26 19:00;0,7256
2026-06-26 20:00;0,2270
2026-06-26 21:00;0,2366
2026-06-26 22:00;0,2358
2026-06-26 23:00;0,2693
2026-06-27 00:00;0,0789
2026-06-27 01:00;0,0673
2026-06-27 02:00;0,0638
2026-06-27 03:00;0,0958
2026-06-27 04:00;0,2566
2026-06-27 05:00;0,1340
2026-06-27 06:00;0,0180
2026-06-27 07:00;0,0867
2026-06-27 08:00;0,1496
2026-06-27 09:00;0,0185
2026-06-27 10:00;0,1175
2026-06-27 11:00;0,2018
2026-06-27 12:00;0,3603
2026-06-27 13:00;1,0000
2026-06-27 14:00;0,7639
2026-06-27 15:00;0,8443
2026-06-27 16:00;1,0000
2026-06-27 17:00;0,9952
2026-06-27 18:00;0,8241
2026-06-27 19:00;0,9431
2026-06-27 20:00;0,1634
2026-06-27 21:00;0,0151
2026-06-27 22:00;0,0416
2026-06-27 23:00;0,0670
2026-06-28 00:00;0,0902
2026-06-28 01:00;0,1079
2026-06-28 02:00;0,0744
2026-06-28 03:00;0,2881
2026-06-28 04:00;0,5367
2026-06-28 05:00;0,1501
2026-06-28 06:00;0,1256
2026-06-28 07:00;0,0588
2026-06-28 08:00;0,2136
2026-06-28 09:00;0,1937
2026-06-28 10:00;0,3350
2026-06-28 11:00;0,2789
2026-06-28 12:00;0,3424
2026-06-28 13:00;0,9516
2026-06-28 14:00;0,6413
2026-06-28 15:00;0,5849
2026-06-28 16:00;0,9128
2026-06-28 17:00;0,5947
2026-06-28 18:00;0,3291
2026-06-28 19:00;0,2806
2026-06-28 20:00;0,2944
2026-06-28 21:00;0,2605
2026-06-28 22:00;0,1996
2026-06-28 23:00;0,1650
2026-06-29 00:00;0,1702
2026-06-29 01:00;0,1921
2026-06-29 02:00;0,2120
2026-06-29 03:00;0,2132
2026-06-29 04:00;0,2190
2026-06-29 05:00;0,2075
2026-06-29 06:00;0,1686
2026-06-29 07:00;0,1528
2026-06-29 08:00;0,1384
2026-06-29 09:00;0,1631
2026-06-29 10:00;0,2948
2026-06-29 11:00;0,4085
2026-06-29 12:00;0,7309
2026-06-29 13:00;1,0000
2026-06-29 14:00;1,0000
2026-06-29 15:00;1,0000
2026-06-29 16:00;1,0000
2026-06-29 17:00;1,0000
2026-06-29 18:00;1,0000
2026-06-29 19:00;1,0000
2026-06-29 20:00;0,3327
2026-06-29 21:00;0,2577
2026-06-29 22:00;0,2686
2026-06-29 23:00;0,3104
2026-06-30 00:00;0,3195
2026-06-30 01:00;0,2433
2026-06-30 02:00;0,1748
2026-06-30 03:00;0,3660
2026-06-30 04:00;0,2662
2026-06-30 05:00;0,1619
2026-06-30 06:00;0,3079
2026-06-30 07:00;0,4856
2026-06-30 08:00;0,2734
2026-06-30 09:00;0,2669
2026-06-30 10:00;0,3526
2026-06-30 11:00;0,4196
2026-06-30 12:00;0,7139
2026-06-30 13:00;1,0000
2026-06-30 14:00;1,0000
2026-06-30 15:00;0,9234
2026-06-30 16:00;1,0000
2026-06-30 17:00;0,9988
2026-06-30 18:00;0,7367
2026-06-30 19:00;1,0000
2026-06-30 20:00;0,2698
2026-06-30 21:00;0,2219
2026-06-30 22:00;0,2275
2026-06-30 23:00;0,2315
2026-07-01 00:00;0,2370
2026-07-01 01:00;0,0000
2026-07-01 02:00;0,0000
2026-07-01 03:00;0,0000
2026-07-01 04:00;0,0000
2026-07-01 05:00;0,0000
2026-07-01 06:00;0,0000
2026-07-01 07:00;0,1640
2026-07-01 08:00;0,5925
2026-07-01 09:00;0,3456
2026-07-01 10:00;0,4696
2026-07-01 11:00;0,1550
2026-07-01 12:00;0,1647
2026-07-01 13:00;0,4302
2026-07-01 14:00;0,3480
2026-07-01 15:00;0,7099
2026-07-01 16:00;0,3438
2026-07-01 17:00;0,6010
2026-07-01 18:00;0,7299
2026-07-01 19:00;0,6305
2026-07-01 20:00;0,2738
2026-07-01 21:00;0,0000
2026-07-01 22:00;0,0893
2026-07-01 23:00;0,0516
2026-07-02 00:00;0,0000
2026-07-02 01:00;0,0000
2026-07-02 02:00;0,0132
2026-07-02 03:00;0,0000
2026-07-02 04:00;0,0000
2026-07-02 05:00;0,0000
2026-07-02 06:00;0,0000
2026-07-02 07:00;0,0524
2026-07-02 08:00;0,0027
2026-07-02 09:00;0,1229
2026-07-02 10:00;0,3418
2026-07-02 11:00;0,7275
2026-07-02 12:00;0,9039
2026-07-02 13:00;0,8895
2026-07-02 14:00;0,7822
2026-07-02 15:00;0,8548
2026-07-02 16:00;0,9149
2026-07-02 17:00;0,8848
2026-07-02 18:00;0,9204
2026-07-02 19:00;0,9231
2026-07-02 20:00;0,1769
2026-07-02 21:00;0,0604
2026-07-02 22:00;0,0384
2026-07-02 23:00;0,0144
2026-07-03 00:00;0,0000
2026-07-03 01:00;0,0660
2026-07-03 02:00;0,0300
2026-07-03 03:00;0,0449
2026-07-03 04:00;0,0989
2026-07-03 05:00;0,0302
2026-07-03 06:00;0,0123
2026-07-03 07:00;0,0000
2026-07-03 08:00;0,0686
2026-07-03 09:00;0,0764
2026-07-03 10:00;0,2752
2026-07-03 11:00;0,4784
2026-07-03 12:00;0,9698
2026-07-03 13:00;0,9725
2026-07-03 14:00;0,9753
2026-07-03 15:00;0,9780
2026-07-03 16:00;0,9808
2026-07-03 17:00;0,9835
2026-07-03 18:00;0,9863
2026-07-03 19:00;0,9890
2026-07-03 20:00;0,2257
2026-07-03 21:00;0,2989
2026-07-03 22:00;0,3617
2026-07-03 23:00;0,4104
2026-07-04 00:00;0,6953
2026-07-04 01:00;1,0000
2026-07-04 02:00;0,4726
2026-07-04 03:00;0,6425
2026-07-04 04:00;1,0000
2026-07-04 05:00;0,5257
2026-07-04 06:00;0,5614
2026-07-04 07:00;1,0000
2026-07-04 08:00;0,3755
2026-07-04 09:00;0,2377
2026-07-04 10:00;0,1879
2026-07-04 11:00;0,1267
2026-07-04 12:00;0,0874
2026-07-04 13:00;1,0000
2026-07-04 14:00;0,6498
2026-07-04 15:00;0,6739
2026-07-04 16:00;0,9890
2026-07-04 17:00;0,3955
2026-07-04 18:00;0,1618
2026-07-04 19:00;0,1177
2026-07-04 20:00;0,0538
2026-07-04 21:00;0,1093
2026-07-04 22:00;0,1034
2026-07-04 23:00;0,0928
2026-07-05 00:00;0,4774
2026-07-05 01:00;0,3422
2026-07-05 02:00;0,0441
2026-07-05 03:00;0,0000
2026-07-05 04:00;0,2074
2026-07-05 05:00;0,5247
2026-07-05 06:00;0,4969
2026-07-05 07:00;0,2232
2026-07-05 08:00;0,5729
2026-07-05 09:00;0,5880
2026-07-05 10:00;0,6016
2026-07-05 11:00;0,6151
2026-07-05 12:00;0,5655
2026-07-05 13:00;0,4410
2026-07-05 14:00;0,5885
2026-07-05 15:00;0,6038
2026-07-05 16:00;0,7280
2026-07-05 17:00;0,6552
2026-07-05 18:00;0,6063
2026-07-05 19:00;0,5869
2026-07-05 20:00;0,5436
2026-07-05 21:00;0,6415
2026-07-05 22:00;0,7162
2026-07-05 23:00;0,6452
2026-07-06 00:00;0,2374
2026-07-06 01:00;0,4790
2026-07-06 02:00;1,0000
2026-07-06 03:00;1,0000
2026-07-06 04:00;0,9269
2026-07-06 05:00;0,7270
2026-07-06 06:00;0,9790
2026-07-06 07:00;0,6883
2026-07-06 08:00;0,1437
2026-07-06 09:00;0,1131
2026-07-06 10:00;0,0785
2026-07-06 11:00;0,1548
2026-07-06 12:00;0,1385
2026-07-06 13:00;0,3524
2026-07-06 14:00;0,3055
2026-07-06 15:00;0,2432
2026-07-06 16:00;0,1605
2026-07-06 17:00;1,0000
2026-07-06 18:00;1,0000
2026-07-06 19:00;1,0000
2026-07-06 20:00;0,2247
2026-07-06 21:00;1,0000
2026-07-06 22:00;0,6702
2026-07-06 23:00;0,1154
2026-07-07 00:00;0,4334
2026-07-07 01:00;0,1314
2026-07-07 02:00;0,1389
2026-07-07 03:00;0,2094
2026-07-07 04:00;0,2070
2026-07-07 05:00;0,1187
2026-07-07 06:00;0,0820
2026-07-07 07:00;0,2304
2026-07-07 08:00;0,3754
2026-07-07 09:00;0,2808
2026-07-07 10:00;0,4262
2026-07-07 11:00;0,7785
2026-07-07 12:00;0,8581
2026-07-07 13:00;1,0000
2026-07-07 14:00;0,9838
2026-07-07 15:00;0,9776
2026-07-07 16:00;1,0000
2026-07-07 17:00;0,8694
2026-07-07 18:00;0,4419
2026-07-07 19:00;0,2297
2026-07-07 20:00;0,0673
2026-07-07 21:00;0,0177
2026-07-07 22:00;0,1948
2026-07-07 23:00;0,1114
2026-07-08 00:00;0,3190
2026-07-08 01:00;0,1788
2026-07-08 02:00;0,0691
2026-07-08 03:00;0,0396
2026-07-08 04:00;0,0392
2026-07-08 05:00;0,0351
2026-07-08 06:00;0,3062
2026-07-08 07:00;0,5240
2026-07-08 08:00;0,8527
2026-07-08 09:00;0,8831
2026-07-08 10:00;0,6356
2026-07-08 11:00;0,4025
2026-07-08 12:00;0,8858
2026-07-08 13:00;0,2245
2026-07-08 14:00;1,0000
2026-07-08 15:00;1,0000
2026-07-08 16:00;0,3334
2026-07-08 17:00;0,5253
2026-07-08 18:00;0,5099
2026-07-08 19:00;0,5289
2026-07-08 20:00;0,3261
2026-07-08 21:00;0,1520
2026-07-08 22:00;0,1397
2026-07-08 23:00;0,7537
2026-07-09 00:00;0,8346
2026-07-09 01:00;0,2619
2026-07-09 02:00;0,1815
2026-07-09 03:00;0,1286
2026-07-09 04:00;0,4259
2026-07-09 05:00;0,1450
2026-07-09 06:00;0,3097
2026-07-09 07:00;0,4977
2026-07-09 08:00;0,9864
2026-07-09 09:00;0,7431
2026-07-09 10:00;0,2382
2026-07-09 11:00;0,1532
2026-07-09 12:00;0,1631
2026-07-09 13:00;0,6829
2026-07-09 14:00;0,5236
2026-07-09 15:00;1,0000
2026-07-09 16:00;0,1405
2026-07-09 17:00;0,4498
2026-07-09 18:00;0,3265
2026-07-09 19:00;0,5644
2026-07-09 20:00;1,0000
2026-07-09 21:00;0,9400
2026-07-09 22:00;1,0000
2026-07-09 23:00;0,9803
2026-07-10 00:00;0,0165
2026-07-10 01:00;0,0291
2026-07-10 02:00;0,0377
2026-07-10 03:00;0,0162
2026-07-10 04:00;0,0886
2026-07-10 05:00;0,1440
2026-07-10 06:00;0,2232
2026-07-10 07:00;0,2217
2026-07-10 08:00;0,2544
2026-07-10 09:00;0,2817
2026-07-10 10:00;0,1547
2026-07-10 11:00;0,0190
2026-07-10 12:00;0,2508
2026-07-10 13:00;0,1942
2026-07-10 14:00;0,1054
2026-07-10 15:00;0,6661
2026-07-10 16:00;0,9595
2026-07-10 17:00;0,4261
2026-07-10 18:00;0,6140
2026-07-10 19:00;1,0000
2026-07-10 20:00;1,0000
2026-07-10 21:00;1,0000
2026-07-10 22:00;1,0000
2026-07-10 23:00;1,0000
2026-07-11 00:00;0,0624
2026-07-11 01:00;0,0501
2026-07-11 02:00;0,0356
2026-07-11 03:00;0,0801
2026-07-11 04:00;0,1357
2026-07-11 05:00;0,1611
2026-07-11 06:00;0,2210
2026-07-11 07:00;0,1572
2026-07-11 08:00;0,1140
2026-07-11 09:00;0,1220
2026-07-11 10:00;0,0791
2026-07-11 11:00;0,0196
2026-07-11 12:00;0,4202
2026-07-11 13:00;0,9630
2026-07-11 14:00;0,4147
2026-07-11 15:00;0,4698
2026-07-11 16:00;0,9973
2026-07-11 17:00;0,2724
2026-07-11 18:00;0,9357
2026-07-11 19:00;1,0000
2026-07-11 20:00;0,8959
2026-07-11 21:00;0,8102
2026-07-11 22:00;1,0000
2026-07-11 23:00;0,5236
2026-07-12 00:00;0,0419
2026-07-12 01:00;0,7941
2026-07-12 02:00;0,4986
2026-07-12 03:00;0,0425
2026-07-12 04:00;0,0380
2026-07-12 05:00;0,0359
2026-07-12 06:00;0,0307
2026-07-12 07:00;0,0189
2026-07-12 08:00;0,2988
2026-07-12 09:00;0,3178
2026-07-12 10:00;0,1255
2026-07-12 11:00;0,2887
2026-07-12 12:00;0,7738
2026-07-12 13:00;0,7669
2026-07-12 14:00;0,5327
2026-07-12 15:00;0,5417
2026-07-12 16:00;0,8477
2026-07-12 17:00;1,0000
2026-07-12 18:00;0,3502
2026-07-12 19:00;0,3324
2026-07-12 20:00;0,1547
2026-07-12 21:00;0,5496
2026-07-12 22:00;0,5038
2026-07-12 23:00;0,4835
2026-07-13 00:00;0,3836
2026-07-13 01:00;0,4819
2026-07-13 02:00;0,6213
2026-07-13 03:00;0,2993
2026-07-13 04:00;0,4363
2026-07-13 05:00;0,6347
2026-07-13 06:00;0,6963
2026-07-13 07:00;1,0000
2026-07-13 08:00;0,5825
2026-07-13 09:00;0,2693
2026-07-13 10:00;1,0000
2026-07-13 11:00;0,2393
2026-07-13 12:00;0,2730
2026-07-13 13:00;0,2709
2026-07-13 14:00;0,3319
2026-07-13 15:00;0,3748
2026-07-13 16:00;0,4196
2026-07-13 17:00;0,4076
2026-07-13 18:00;0,2781
2026-07-13 19:00;0,5212
2026-07-13 20:00;0,7607
2026-07-13 21:00;0,9122
2026-07-13 22:00;0,9755
2026-07-13 23:00;1,0000
2026-07-14 00:00;0,3288
2026-07-14 01:00;0,1988
2026-07-14 02:00;0,0676
2026-07-14 03:00;0,0380
2026-07-14 04:00;0,0351
2026-07-14 05:00;0,0411
2026-07-14 06:00;0,2867
2026-07-14 07:00;0,5736
2026-07-14 08:00;0,8657
2026-07-14 09:00;0,9355
2026-07-14 10:00;0,6667
2026-07-14 11:00;0,3676
2026-07-14 12:00;0,8540
2026-07-14 13:00;0,2042
2026-07-14 14:00;1,0000
2026-07-14 15:00;1,0000
2026-07-14 16:00;0,3206
2026-07-14 17:00;0,4607
2026-07-14 18:00;0,4328
2026-07-14 19:00;0,4750
2026-07-14 20:00;0,2940
2026-07-14 21:00;0,1459
2026-07-14 22:00;0,1308
2026-07-14 23:00;0,8530
2026-07-15 00:00;0,3166
2026-07-15 01:00;0,1468
2026-07-15 02:00;0,4645
2026-07-15 03:00;0,3460
2026-07-15 04:00;0,1996
2026-07-15 05:00;0,5048
2026-07-15 06:00;0,9271
2026-07-15 07:00;1,0000
2026-07-15 08:00;0,0744
2026-07-15 09:00;0,0762
2026-07-15 10:00;0,0772
2026-07-15 11:00;0,0438
2026-07-15 12:00;0,1139
2026-07-15 13:00;0,1841
2026-07-15 14:00;0,2618
2026-07-15 15:00;0,2959
2026-07-15 16:00;0,1315
2026-07-15 17:00;0,9738
2026-07-15 18:00;1,0000
2026-07-15 19:00;0,1004
2026-07-15 20:00;0,1359
2026-07-15 21:00;0,1366
2026-07-15 22:00;0,7098
2026-07-15 23:00;1,0000
2026-07-16 00:00;0,4695
2026-07-16 01:00;0,2518
2026-07-16 02:00;0,0227
2026-07-16 03:00;0,0197
2026-07-16 04:00;0,0191
2026-07-16 05:00;0,0168
2026-07-16 06:00;0,0184
2026-07-16 07:00;0,3808
2026-07-16 08:00;0,8470
2026-07-16 09:00;0,4524
2026-07-16 10:00;0,6239
2026-07-16 11:00;0,3225
2026-07-16 12:00;0,3166
2026-07-16 13:00;0,5783
2026-07-16 14:00;0,4863
2026-07-16 15:00;0,8632
2026-07-16 16:00;0,4743
2026-07-16 17:00;0,8718
2026-07-16 18:00;1,0000
2026-07-16 19:00;0,7609
2026-07-16 20:00;0,4614
2026-07-16 21:00;0,1229
2026-07-16 22:00;0,2323
2026-07-16 23:00;0,1554
2026-07-17 00:00;0,8616
2026-07-17 01:00;0,9160
2026-07-17 02:00;0,7528
2026-07-17 03:00;0,5959
2026-07-17 04:00;1,0000
2026-07-17 05:00;0,6682
2026-07-17 06:00;0,5115
2026-07-17 07:00;1,0000
2026-07-17 08:00;0,7174
2026-07-17 09:00;0,8369
2026-07-17 10:00;1,0000
2026-07-17 11:00;0,8441
2026-07-17 12:00;0,4431
2026-07-17 13:00;0,2077
2026-07-17 14:00;0,0203
2026-07-17 15:00;0,0176
2026-07-17 16:00;0,0848
2026-07-17 17:00;0,1446
2026-07-17 18:00;0,0416
2026-07-17 19:00;0,2510
2026-07-17 20:00;0,1381
2026-07-17 21:00;0,0447
2026-07-17 22:00;0,1275
2026-07-17 23:00;0,2211
2026-07-18 00:00;0,0362
2026-07-18 01:00;0,0384
2026-07-18 02:00;0,0260
2026-07-18 03:00;0,0184
2026-07-18 04:00;0,0312
2026-07-18 05:00;0,0457
2026-07-18 06:00;0,0475
2026-07-18 07:00;0,0446
2026-07-18 08:00;0,0470
2026-07-18 09:00;0,2017
2026-07-18 10:00;0,3049
2026-07-18 11:00;0,3903
2026-07-18 12:00;0,7706
2026-07-18 13:00;1,0000
2026-07-18 14:00;1,0000
2026-07-18 15:00;0,9864
2026-07-18 16:00;1,0000
2026-07-18 17:00;0,9234
2026-07-18 18:00;0,9874
2026-07-18 19:00;0,9795
2026-07-18 20:00;0,1964
2026-07-18 21:00;0,1786
2026-07-18 22:00;0,1744
2026-07-18 23:00;0,1378
2026-07-19 00:00;0,5132
2026-07-19 01:00;1,0000
2026-07-19 02:00;0,5252
2026-07-19 03:00;0,5714
2026-07-19 04:00;1,0000
2026-07-19 05:00;0,4478
2026-07-19 06:00;0,3545
2026-07-19 07:00;0,2452
2026-07-19 08:00;0,1964
2026-07-19 09:00;0,0427
2026-07-19 10:00;0,0720
2026-07-19 11:00;0,1103
2026-07-19 12:00;0,6138
2026-07-19 13:00;1,0000
2026-07-19 14:00;0,9464
2026-07-19 15:00;0,9808
2026-07-19 16:00;1,0000
2026-07-19 17:00;0,5953
2026-07-19 18:00;0,2557
2026-07-19 19:00;0,2545
2026-07-19 20:00;0,2382
2026-07-19 21:00;0,2343
2026-07-19 22:00;0,4135
2026-07-19 23:00;0,1989
2026-07-20 00:00;0,9793
2026-07-20 01:00;0,4545
2026-07-20 02:00;0,0363
2026-07-20 03:00;1,0000
2026-07-20 04:00;1,0000
2026-07-20 05:00;0,0433
2026-07-20 06:00;0,0960
2026-07-20 07:00;0,6461
2026-07-20 08:00;0,9238
2026-07-20 09:00;0,5256
2026-07-20 10:00;0,1803
2026-07-20 11:00;0,1222
2026-07-20 12:00;0,3991
2026-07-20 13:00;0,1512
2026-07-20 14:00;0,2479
2026-07-20 15:00;0,1076
2026-07-20 16:00;0,5428
2026-07-20 17:00;0,4961
2026-07-20 18:00;0,6758
2026-07-20 19:00;0,4131
2026-07-20 20:00;0,0865
2026-07-20 21:00;0,2898
2026-07-20 22:00;0,4738
2026-07-20 23:00;0,0172
2026-07-21 00:00;0,0425
2026-07-21 01:00;0,7578
2026-07-21 02:00;0,4860
2026-07-21 03:00;0,0386
2026-07-21 04:00;0,0438
2026-07-21 05:00;0,0380
2026-07-21 06:00;0,0259
2026-07-21 07:00;0,0156
2026-07-21 08:00;0,2907
2026-07-21 09:00;0,2967
2026-07-21 10:00;0,1434
2026-07-21 11:00;0,2914
2026-07-21 12:00;0,8057
2026-07-21 13:00;0,8318
2026-07-21 14:00;0,5720
2026-07-21 15:00;0,6129
2026-07-21 16:00;0,9567
2026-07-21 17:00;1,0000
2026-07-21 18:00;0,3396
2026-07-21 19:00;0,3187
2026-07-21 20:00;0,1353
2026-07-21 21:00;0,5292
2026-07-21 22:00;0,4887
2026-07-21 23:00;0,5114
2026-07-22 00:00;0,5618
2026-07-22 01:00;1,0000
2026-07-22 02:00;0,5717
2026-07-22 03:00;0,4586
2026-07-22 04:00;0,9421
2026-07-22 05:00;0,4299
2026-07-22 06:00;0,5081
2026-07-22 07:00;0,1598
2026-07-22 08:00;0,4841
2026-07-22 09:00;0,3752
2026-07-22 10:00;0,2547
2026-07-22 11:00;0,1261
2026-07-22 12:00;0,0807
2026-07-22 13:00;0,0574
2026-07-22 14:00;0,0167
2026-07-22 15:00;0,0339
2026-07-22 16:00;0,1664
2026-07-22 17:00;0,2746
2026-07-22 18:00;0,2561
2026-07-22 19:00;0,7338
2026-07-22 20:00;0,5623
2026-07-22 21:00;0,4109
2026-07-22 22:00;0,2636
2026-07-22 23:00;0,0711
2026-07-23 00:00;0,6351
2026-07-23 01:00;1,0000
2026-07-23 02:00;0,0890
2026-07-23 03:00;0,5639
2026-07-23 04:00;0,9068
2026-07-23 05:00;0,0456
2026-07-23 06:00;0,0707
2026-07-23 07:00;0,0914
2026-07-23 08:00;0,5549
2026-07-23 09:00;0,4541
2026-07-23 10:00;0,2787
2026-07-23 11:00;0,0469
2026-07-23 12:00;0,1979
2026-07-23 13:00;1,0000
2026-07-23 14:00;0,7343
2026-07-23 15:00;0,5282
2026-07-23 16:00;0,4038
2026-07-23 17:00;0,2722
2026-07-23 18:00;0,2545
2026-07-23 19:00;1,0000
2026-07-23 20:00;0,7993
2026-07-23 21:00;0,6937
2026-07-23 22:00;0,4650
2026-07-23 23:00;0,0785
2026-07-24 00:00;0,0414
2026-07-24 01:00;0,0434
2026-07-24 02:00;0,0296
2026-07-24 03:00;0,0169
2026-07-24 04:00;0,0313
2026-07-24 05:00;0,0429
2026-07-24 06:00;0,0460
2026-07-24 07:00;0,0448
2026-07-24 08:00;0,0478
2026-07-24 09:00;0,2039
2026-07-24 10:00;0,3237
2026-07-24 11:00;0,4573
2026-07-24 12:00;0,7036
2026-07-24 13:00;0,9807
2026-07-24 14:00;0,8609
2026-07-24 15:00;0,9718
2026-07-24 16:00;0,9693
2026-07-24 17:00;0,8990
2026-07-24 18:00;0,8729
2026-07-24 19:00;0,9389
2026-07-24 20:00;0,1885
2026-07-24 21:00;0,1756
2026-07-24 22:00;0,1678
2026-07-24 23:00;0,1577
2026-07-25 00:00;0,5007
2026-07-25 01:00;1,0000
2026-07-25 02:00;0,5616
2026-07-25 03:00;0,5409
2026-07-25 04:00;0,9907
2026-07-25 05:00;0,3852
2026-07-25 06:00;0,3133
2026-07-25 07:00;0,2804
2026-07-25 08:00;0,2240
2026-07-25 09:00;0,0471
2026-07-25 10:00;0,0784
2026-07-25 11:00;0,1162
2026-07-25 12:00;0,5955
2026-07-25 13:00;0,8851
2026-07-25 14:00;0,9071
2026-07-25 15:00;0,8419
2026-07-25 16:00;0,8296
2026-07-25 17:00;0,4794
2026-07-25 18:00;0,2386
2026-07-25 19:00;0,2213
2026-07-25 20:00;0,2224
2026-07-25 21:00;0,2364
2026-07-25 22:00;0,4746
2026-07-25 23:00;0,2196
2026-07-26 00:00;0,4725
2026-07-26 01:00;0,7110
2026-07-26 02:00;0,0187
2026-07-26 03:00;0,0193
2026-07-26 04:00;0,0380
2026-07-26 05:00;0,0370
2026-07-26 06:00;0,0413
2026-07-26 07:00;0,0165
2026-07-26 08:00;0,1037
2026-07-26 09:00;0,0776
2026-07-26 10:00;0,0626
2026-07-26 11:00;0,0490
2026-07-26 12:00;0,0494
2026-07-26 13:00;0,2605
2026-07-26 14:00;0,4868
2026-07-26 15:00;1,0000
2026-07-26 16:00;1,0000
2026-07-26 17:00;1,0000
2026-07-26 18:00;1,0000
2026-07-26 19:00;1,0000
2026-07-26 20:00;1,0000
2026-07-26 21:00;1,0000
2026-07-26 22:00;1,0000
2026-07-26 23:00;1,0000
2026-07-27 00:00;0,8356
2026-07-27 01:00;0,4214
2026-07-27 02:00;0,7565
2026-07-27 03:00;0,4667
2026-07-27 04:00;1,0000
2026-07-27 05:00;0,7168
2026-07-27 06:00;0,0758
2026-07-27 07:00;0,1153
2026-07-27 08:00;0,1447
2026-07-27 09:00;0,2256
2026-07-27 10:00;0,3529
2026-07-27 11:00;0,9569
2026-07-27 12:00;0,8541
2026-07-27 13:00;0,0654
2026-07-27 14:00;0,4834
2026-07-27 15:00;0,3253
2026-07-27 16:00;0,2580
2026-07-27 17:00;0,6445
2026-07-27 18:00;0,8470
2026-07-27 19:00;0,8401
2026-07-27 20:00;0,0922
2026-07-27 21:00;0,8466
2026-07-27 22:00;0,7904
2026-07-27 23:00;0,0167
2026-07-28 00:00;0,7693
2026-07-28 01:00;0,9588
2026-07-28 02:00;0,2267
2026-07-28 03:00;0,1871
2026-07-28 04:00;0,1806
2026-07-28 05:00;0,1436
2026-07-28 06:00;0,2734
2026-07-28 07:00;0,1318
2026-07-28 08:00;0,0175
2026-07-28 09:00;0,0429
2026-07-28 10:00;0,0958
2026-07-28 11:00;0,1617
2026-07-28 12:00;0,2972
2026-07-28 13:00;1,0000
2026-07-28 14:00;0,9966
2026-07-28 15:00;1,0000
2026-07-28 16:00;1,0000
2026-07-28 17:00;1,0000
2026-07-28 18:00;1,0000
2026-07-28 19:00;1,0000
2026-07-28 20:00;0,5037
2026-07-28 21:00;0,0219
2026-07-28 22:00;0,0301
2026-07-28 23:00;0,0447
2026-07-29 00:00;0,2998
2026-07-29 01:00;0,3024
2026-07-29 02:00;0,2745
2026-07-29 03:00;0,3703
2026-07-29 04:00;0,9684
2026-07-29 05:00;0,3239
2026-07-29 06:00;0,3113
2026-07-29 07:00;0,8377
2026-07-29 08:00;0,4052
2026-07-29 09:00;0,3141
2026-07-29 10:00;0,2215
2026-07-29 11:00;0,1617
2026-07-29 12:00;0,0619
2026-07-29 13:00;0,1784
2026-07-29 14:00;0,2933
2026-07-29 15:00;0,3262
2026-07-29 16:00;0,2646
2026-07-29 17:00;0,1654
2026-07-29 18:00;0,6443
2026-07-29 19:00;1,0000
2026-07-29 20:00;0,8172
2026-07-29 21:00;0,9496
2026-07-29 22:00;0,9679
2026-07-29 23:00;0,9090
2026-07-30 00:00;0,1618
2026-07-30 01:00;0,2043
2026-07-30 02:00;0,3169
2026-07-30 03:00;0,3121
2026-07-30 04:00;0,2983
2026-07-30 05:00;0,2662
2026-07-30 06:00;0,1795
2026-07-30 07:00;0,1854
2026-07-30 08:00;0,1828
2026-07-30 09:00;0,2471
2026-07-30 10:00;1,0000
2026-07-30 11:00;0,7016
2026-07-30 12:00;0,5570
2026-07-30 13:00;1,0000
2026-07-30 14:00;0,6393
2026-07-30 15:00;0,4347
2026-07-30 16:00;0,3810
2026-07-30 17:00;0,3056
2026-07-30 18:00;0,8607
2026-07-30 19:00;1,0000
2026-07-30 20:00;0,5991
2026-07-30 21:00;0,6962
2026-07-30 22:00;1,0000
2026-07-30 23:00;0,5546
2026-07-31 00:00;0,3928
2026-07-31 01:00;0,3757
2026-07-31 02:00;0,3809
2026-07-31 03:00;0,3631
2026-07-31 04:00;0,3691
2026-07-31 05:00;0,3544
2026-07-31 06:00;0,3629
2026-07-31 07:00;0,3950
2026-07-31 08:00;0,4578
2026-07-31 09:00;0,2328
2026-07-31 10:00;0,4596
2026-07-31 11:00;0,6309
2026-07-31 12:00;0,8599
2026-07-31 13:00;1,0000
2026-07-31 14:00;1,0000
2026-07-31 15:00;1,0000
2026-07-31 16:00;1,0000
2026-07-31 17:00;1,0000
2026-07-31 18:00;0,8220
2026-07-31 19:00;0,5723
2026-07-31 20:00;0,2728
2026-07-31 21:00;0,6948
2026-07-31 22:00;1,0000
2026-07-31 23:00;0,5696
2026-08-01 00:00;0,5771
2026-08-01 01:00;0,3418
2026-08-01 02:00;0,0468
2026-08-01 03:00;0,0757
2026-08-01 04:00;0,0000
2026-08-01 05:00;0,0000
2026-08-01 06:00;0,0000
2026-08-01 07:00;0,0000
2026-08-01 08:00;0,0000
2026-08-01 09:00;0,0000
2026-08-01 10:00;0,0000
2026-08-01 11:00;0,0637
2026-08-01 12:00;0,1145
2026-08-01 13:00;0,0768
2026-08-01 14:00;0,2951
2026-08-01 15:00;0,7090
2026-08-01 16:00;0,6423
2026-08-01 17:00;0,7983
2026-08-01 18:00;0,8021
2026-08-01 19:00;0,8058
2026-08-01 20:00;0,2199
2026-08-01 21:00;0,3527
2026-08-01 22:00;0,1101
2026-08-01 23:00;0,0000
2026-08-02 00:00;0,8245
2026-08-02 01:00;0,8282
2026-08-02 02:00;0,6082
2026-08-02 03:00;0,7170
2026-08-02 04:00;0,8291
2026-08-02 05:00;0,6936
2026-08-02 06:00;0,5237
2026-08-02 07:00;0,0000
2026-08-02 08:00;0,6748
2026-08-02 09:00;0,7109
2026-08-02 10:00;0,8618
2026-08-02 11:00;0,1634
2026-08-02 12:00;0,0000
2026-08-02 13:00;0,0000
2026-08-02 14:00;0,0000
2026-08-02 15:00;0,0000
2026-08-02 16:00;0,0458
2026-08-02 17:00;0,1775
2026-08-02 18:00;0,1141
2026-08-02 19:00;0,0217
2026-08-02 20:00;0,0000
2026-08-02 21:00;0,0000
2026-08-02 22:00;0,0000
2026-08-02 23:00;0,0000
2026-08-03 00:00;0,9051
2026-08-03 01:00;0,6514
2026-08-03 02:00;0,0823
2026-08-03 03:00;0,1241
2026-08-03 04:00;0,1273
2026-08-03 05:00;0,4397
2026-08-03 06:00;0,2244
2026-08-03 07:00;0,0648
2026-08-03 08:00;0,0242
2026-08-03 09:00;0,0000
2026-08-03 10:00;0,0461
2026-08-03 11:00;0,0859
2026-08-03 12:00;0,2792
2026-08-03 13:00;0,7913
2026-08-03 14:00;0,4234
2026-08-03 15:00;0,8117
2026-08-03 16:00;0,7942
2026-08-03 17:00;0,5037
2026-08-03 18:00;0,1350
2026-08-03 19:00;0,0842
2026-08-03 20:00;0,0328
2026-08-03 21:00;0,9226
2026-08-03 22:00;0,8147
2026-08-03 23:00;0,0194
2026-08-04 00:00;0,8480
2026-08-04 01:00;0,6756
2026-08-04 02:00;0,4374
2026-08-04 03:00;0,1279
2026-08-04 04:00;0,5127
2026-08-04 05:00;0,5611
2026-08-04 06:00;0,5345
2026-08-04 07:00;0,7493
2026-08-04 08:00;0,3864
2026-08-04 09:00;0,0985
2026-08-04 10:00;0,1076
2026-08-04 11:00;0,1052
2026-08-04 12:00;0,3770
2026-08-04 13:00;0,5577
2026-08-04 14:00;0,1643
2026-08-04 15:00;0,4832
2026-08-04 16:00;0,8365
2026-08-04 17:00;0,7859
2026-08-04 18:00;0,5604
2026-08-04 19:00;0,4990
2026-08-04 20:00;0,1512
2026-08-04 21:00;0,2087
2026-08-04 22:00;0,1519
2026-08-04 23:00;0,1053
2026-08-05 00:00;0,0775
2026-08-05 01:00;0,0857
2026-08-05 02:00;0,1013
2026-08-05 03:00;0,0788
2026-08-05 04:00;0,0728
2026-08-05 05:00;0,0728
2026-08-05 06:00;0,0705
2026-08-05 07:00;0,3539
2026-08-05 08:00;0,2779
2026-08-05 09:00;0,1369
2026-08-05 10:00;0,0938
2026-08-05 11:00;0,5009
2026-08-05 12:00;0,7280
2026-08-05 13:00;0,9593
2026-08-05 14:00;0,9111
2026-08-05 15:00;1,0000
2026-08-05 16:00;0,9380
2026-08-05 17:00;1,0000
2026-08-05 18:00;1,0000
2026-08-05 19:00;0,9964
2026-08-05 20:00;0,1848
2026-08-05 21:00;0,0642
2026-08-05 22:00;0,1429
2026-08-05 23:00;0,0877
2026-08-06 00:00;0,0390
2026-08-06 01:00;0,0706
2026-08-06 02:00;0,1207
2026-08-06 03:00;0,1087
2026-08-06 04:00;0,0929
2026-08-06 05:00;0,0948
2026-08-06 06:00;0,1152
2026-08-06 07:00;0,0935
2026-08-06 08:00;0,0633
2026-08-06 09:00;0,0187
2026-08-06 10:00;0,4485
2026-08-06 11:00;0,3479
2026-08-06 12:00;0,6090
2026-08-06 13:00;0,8838
2026-08-06 14:00;0,9194
2026-08-06 15:00;1,0000
2026-08-06 16:00;1,0000
2026-08-06 17:00;0,9692
2026-08-06 18:00;0,8266
2026-08-06 19:00;0,9164
2026-08-06 20:00;0,1034
2026-08-06 21:00;0,0911
2026-08-06 22:00;0,1315
2026-08-06 23:00;0,1574
2026-08-07 00:00;0,1459
2026-08-07 01:00;0,1568
2026-08-07 02:00;0,3053
2026-08-07 03:00;0,3116
2026-08-07 04:00;0,5988
2026-08-07 05:00;0,1964
2026-08-07 06:00;0,1394
2026-08-07 07:00;0,1478
2026-08-07 08:00;0,0109
2026-08-07 09:00;0,2037
2026-08-07 10:00;0,2775
2026-08-07 11:00;0,3726
2026-08-07 12:00;0,4698
2026-08-07 13:00;1,0000
2026-08-07 14:00;0,6796
2026-08-07 15:00;0,5849
2026-08-07 16:00;1,0000
2026-08-07 17:00;0,6203
2026-08-07 18:00;0,3911
2026-08-07 19:00;0,3258
2026-08-07 20:00;0,1968
2026-08-07 21:00;0,1476
2026-08-07 22:00;0,1643
2026-08-07 23:00;0,1731
2026-08-08 00:00;0,1757
2026-08-08 01:00;0,1453
2026-08-08 02:00;0,1749
2026-08-08 03:00;0,1467
2026-08-08 04:00;0,2143
2026-08-08 05:00;0,1934
2026-08-08 06:00;0,0980
2026-08-08 07:00;0,0200
2026-08-08 08:00;0,0300
2026-08-08 09:00;0,0459
2026-08-08 10:00;0,1399
2026-08-08 11:00;0,2270
2026-08-08 12:00;0,3371
2026-08-08 13:00;1,0000
2026-08-08 14:00;0,4889
2026-08-08 15:00;0,6024
2026-08-08 16:00;1,0000
2026-08-08 17:00;0,7189
2026-08-08 18:00;0,7564
2026-08-08 19:00;1,0000
2026-08-08 20:00;0,1639
2026-08-08 21:00;0,2255
2026-08-08 22:00;0,2633
2026-08-08 23:00;0,3012
2026-08-09 00:00;0,0928
2026-08-09 01:00;0,0582
2026-08-09 02:00;0,0338
2026-08-09 03:00;0,0398
2026-08-09 04:00;0,1404
2026-08-09 05:00;0,0783
2026-08-09 06:00;0,0915
2026-08-09 07:00;0,2875
2026-08-09 08:00;0,2343
2026-08-09 09:00;0,0633
2026-08-09 10:00;0,5163
2026-08-09 11:00;0,4523
2026-08-09 12:00;0,6598
2026-08-09 13:00;0,8374
2026-08-09 14:00;0,8976
2026-08-09 15:00;0,8589
2026-08-09 16:00;0,9528
2026-08-09 17:00;1,0000
2026-08-09 18:00;0,7735
2026-08-09 19:00;0,1010
2026-08-09 20:00;0,1091
2026-08-09 21:00;0,0467
2026-08-09 22:00;0,0329
2026-08-09 23:00;0,0183
2026-08-10 00:00;0,3045
2026-08-10 01:00;0,1269
2026-08-10 02:00;0,1144
2026-08-10 03:00;0,1380
2026-08-10 04:00;0,1363
2026-08-10 05:00;0,0869
2026-08-10 06:00;0,0424
2026-08-10 07:00;0,0778
2026-08-10 08:00;0,0630
2026-08-10 09:00;0,0423
2026-08-10 10:00;0,0964
2026-08-10 11:00;0,8292
2026-08-10 12:00;0,9575
2026-08-10 13:00;0,6362
2026-08-10 14:00;0,5620
2026-08-10 15:00;1,0000
2026-08-10 16:00;0,9882
2026-08-10 17:00;0,1958
2026-08-10 18:00;0,7851
2026-08-10 19:00;1,0000
2026-08-10 20:00;1,0000
2026-08-10 21:00;0,1364
2026-08-10 22:00;0,0741
2026-08-10 23:00;0,4823
2026-08-11 00:00;0,0886
2026-08-11 01:00;0,0475
2026-08-11 02:00;0,0168
2026-08-11 03:00;0,0356
2026-08-11 04:00;0,1149
2026-08-11 05:00;0,0611
2026-08-11 06:00;0,0783
2026-08-11 07:00;0,0831
2026-08-11 08:00;0,0943
2026-08-11 09:00;0,1251
2026-08-11 10:00;0,1452
2026-08-11 11:00;0,3865
2026-08-11 12:00;0,4262
2026-08-11 13:00;0,9446
2026-08-11 14:00;0,7259
2026-08-11 15:00;0,8743
2026-08-11 16:00;1,0000
2026-08-11 17:00;1,0000
2026-08-11 18:00;0,9735
2026-08-11 19:00;1,0000
2026-08-11 20:00;0,1388
2026-08-11 21:00;0,1034
2026-08-11 22:00;0,1136
2026-08-11 23:00;0,1197
2026-08-12 00:00;0,2138
2026-08-12 01:00;0,1696
2026-08-12 02:00;0,1549
2026-08-12 03:00;0,1164
2026-08-12 04:00;0,2069
2026-08-12 05:00;0,1679
2026-08-12 06:00;0,1188
2026-08-12 07:00;0,2094
2026-08-12 08:00;0,2970
2026-08-12 09:00;0,0649
2026-08-12 10:00;0,1689
2026-08-12 11:00;0,2823
2026-08-12 12:00;0,4087
2026-08-12 13:00;1,0000
2026-08-12 14:00;0,6328
2026-08-12 15:00;0,6285
2026-08-12 16:00;0,9363
2026-08-12 17:00;0,6063
2026-08-12 18:00;0,5152
2026-08-12 19:00;0,7973
2026-08-12 20:00;0,1694
2026-08-12 21:00;0,2634
2026-08-12 22:00;0,2338
2026-08-12 23:00;0,1945
2026-08-13 00:00;0,2959
2026-08-13 01:00;0,5981
2026-08-13 02:00;0,4279
2026-08-13 03:00;0,6000
2026-08-13 04:00;0,4019
2026-08-13 05:00;0,0485
2026-08-13 06:00;0,0509
2026-08-13 07:00;0,0437
2026-08-13 08:00;0,0966
2026-08-13 09:00;0,1595
2026-08-13 10:00;0,1388
2026-08-13 11:00;0,1548
2026-08-13 12:00;0,2191
2026-08-13 13:00;0,2892
2026-08-13 14:00;0,3603
2026-08-13 15:00;0,5367
2026-08-13 16:00;0,5362
2026-08-13 17:00;0,9619
2026-08-13 18:00;0,9214
2026-08-13 19:00;0,9342
2026-08-13 20:00;1,0000
2026-08-13 21:00;0,1784
2026-08-13 22:00;1,0000
2026-08-13 23:00;1,0000
2026-08-14 00:00;0,1395
2026-08-14 01:00;0,0664
2026-08-14 02:00;0,0585
2026-08-14 03:00;0,0181
2026-08-14 04:00;0,0165
2026-08-14 05:00;0,2512
2026-08-14 06:00;0,1996
2026-08-14 07:00;0,2137
2026-08-14 08:00;0,2209
2026-08-14 09:00;0,3173
2026-08-14 10:00;0,0374
2026-08-14 11:00;0,2418
2026-08-14 12:00;0,6564
2026-08-14 13:00;0,9470
2026-08-14 14:00;0,7413
2026-08-14 15:00;0,7102
2026-08-14 16:00;0,9002
2026-08-14 17:00;0,6244
2026-08-14 18:00;0,5180
2026-08-14 19:00;0,2688
2026-08-14 20:00;0,0383
2026-08-14 21:00;0,0965
2026-08-14 22:00;0,0647
2026-08-14 23:00;0,0193
2026-08-15 00:00;0,0449
2026-08-15 01:00;0,0297
2026-08-15 02:00;0,0171
2026-08-15 03:00;0,0422
2026-08-15 04:00;0,1494
2026-08-15 05:00;0,0944
2026-08-15 06:00;0,0393
2026-08-15 07:00;0,2098
2026-08-15 08:00;0,4543
2026-08-15 09:00;0,3234
2026-08-15 10:00;0,3212
2026-08-15 11:00;0,3222
2026-08-15 12:00;0,3331
2026-08-15 13:00;0,1738
2026-08-15 14:00;0,6774
2026-08-15 15:00;0,6998
2026-08-15 16:00;0,6011
2026-08-15 17:00;0,7682
2026-08-15 18:00;0,9190
2026-08-15 19:00;0,4432
2026-08-15 20:00;0,3776
2026-08-15 21:00;0,3718
2026-08-15 22:00;0,2264
2026-08-15 23:00;0,0805
2026-08-16 00:00;0,1950
2026-08-16 01:00;0,9521
2026-08-16 02:00;0,6911
2026-08-16 03:00;0,6600
2026-08-16 04:00;1,0000
2026-08-16 05:00;0,2877
2026-08-16 06:00;0,1643
2026-08-16 07:00;0,3747
2026-08-16 08:00;0,1872
2026-08-16 09:00;0,2777
2026-08-16 10:00;0,2438
2026-08-16 11:00;0,2216
2026-08-16 12:00;0,2416
2026-08-16 13:00;0,2595
2026-08-16 14:00;0,2698
2026-08-16 15:00;0,4147
2026-08-16 16:00;0,8663
2026-08-16 17:00;0,3632
2026-08-16 18:00;0,1771
2026-08-16 19:00;0,1072
2026-08-16 20:00;0,0508
2026-08-16 21:00;0,1886
2026-08-16 22:00;0,1873
2026-08-16 23:00;0,2245
2026-08-17 00:00;0,0366
2026-08-17 01:00;0,4371
2026-08-17 02:00;0,8001
2026-08-17 03:00;0,1397
2026-08-17 04:00;0,4314
2026-08-17 05:00;0,6556
2026-08-17 06:00;0,8124
2026-08-17 07:00;0,2407
2026-08-17 08:00;0,1465
2026-08-17 09:00;0,0371
2026-08-17 10:00;0,2064
2026-08-17 11:00;0,7212
2026-08-17 12:00;0,3708
2026-08-17 13:00;0,7072
2026-08-17 14:00;0,3174
2026-08-17 15:00;0,2637
2026-08-17 16:00;0,1753
2026-08-17 17:00;0,7691
2026-08-17 18:00;1,0000
2026-08-17 19:00;0,2152
2026-08-17 20:00;0,3508
2026-08-17 21:00;0,3052
2026-08-17 22:00;0,2270
2026-08-17 23:00;0,1498
2026-08-18 00:00;0,1003
2026-08-18 01:00;0,1080
2026-08-18 02:00;0,1102
2026-08-18 03:00;0,0485
2026-08-18 04:00;0,0810
2026-08-18 05:00;0,1319
2026-08-18 06:00;0,1051
2026-08-18 07:00;0,0842
2026-08-18 08:00;0,0518
2026-08-18 09:00;0,0708
2026-08-18 10:00;0,0788
2026-08-18 11:00;0,1009
2026-08-18 12:00;0,3731
2026-08-18 13:00;0,8619
2026-08-18 14:00;0,6193
2026-08-18 15:00;0,7508
2026-08-18 16:00;0,9111
2026-08-18 17:00;0,7565
2026-08-18 18:00;0,7443
2026-08-18 19:00;0,8693
2026-08-18 20:00;0,0401
2026-08-18 21:00;0,0168
2026-08-18 22:00;0,1030
2026-08-18 23:00;0,1815
2026-08-19 00:00;0,0860
2026-08-19 01:00;0,0594
2026-08-19 02:00;0,0190
2026-08-19 03:00;0,0459
2026-08-19 04:00;0,1458
2026-08-19 05:00;0,0740
2026-08-19 06:00;0,0843
2026-08-19 07:00;0,1008
2026-08-19 08:00;0,0996
2026-08-19 09:00;0,1359
2026-08-19 10:00;0,1462
2026-08-19 11:00;0,3866
2026-08-19 12:00;0,4818
2026-08-19 13:00;1,0000
2026-08-19 14:00;0,8064
2026-08-19 15:00;0,9543
2026-08-19 16:00;1,0000
2026-08-19 17:00;1,0000
2026-08-19 18:00;0,9161
2026-08-19 19:00;1,0000
2026-08-19 20:00;0,1396
2026-08-19 21:00;0,0903
2026-08-19 22:00;0,1060
2026-08-19 23:00;0,1091
2026-08-20 00:00;0,2675
2026-08-20 01:00;0,6865
2026-08-20 02:00;0,2122
2026-08-20 03:00;0,2682
2026-08-20 04:00;0,5658
2026-08-20 05:00;0,1849
2026-08-20 06:00;0,0220
2026-08-20 07:00;0,0358
2026-08-20 08:00;0,0500
2026-08-20 09:00;0,0831
2026-08-20 10:00;0,1019
2026-08-20 11:00;0,1261
2026-08-20 12:00;0,6508
2026-08-20 13:00;1,0000
2026-08-20 14:00;1,0000
2026-08-20 15:00;1,0000
2026-08-20 16:00;1,0000
2026-08-20 17:00;1,0000
2026-08-20 18:00;1,0000
2026-08-20 19:00;1,0000
2026-08-20 20:00;0,3312
2026-08-20 21:00;0,0406
2026-08-20 22:00;0,0985
2026-08-20 23:00;0,1485
2026-08-21 00:00;0,0814
2026-08-21 01:00;0,0683
2026-08-21 02:00;0,0585
2026-08-21 03:00;0,0525
2026-08-21 04:00;0,0486
2026-08-21 05:00;0,0553
2026-08-21 06:00;0,0315
2026-08-21 07:00;0,1290
2026-08-21 08:00;0,1942
2026-08-21 09:00;0,2126
2026-08-21 10:00;0,1163
2026-08-21 11:00;0,8078
2026-08-21 12:00;0,8272
2026-08-21 13:00;1,0000
2026-08-21 14:00;0,9531
2026-08-21 15:00;0,9774
2026-08-21 16:00;1,0000
2026-08-21 17:00;1,0000
2026-08-21 18:00;1,0000
2026-08-21 19:00;0,8947
2026-08-21 20:00;0,1512
2026-08-21 21:00;0,0731
2026-08-21 22:00;0,0686
2026-08-21 23:00;0,0747
2026-08-22 00:00;0,1829
2026-08-22 01:00;0,3323
2026-08-22 02:00;0,1991
2026-08-22 03:00;0,0382
2026-08-22 04:00;0,0982
2026-08-22 05:00;0,0422
2026-08-22 06:00;0,0408
2026-08-22 07:00;0,1725
2026-08-22 08:00;0,2830
2026-08-22 09:00;0,1190
2026-08-22 10:00;0,1297
2026-08-22 11:00;0,1284
2026-08-22 12:00;0,5532
2026-08-22 13:00;1,0000
2026-08-22 14:00;0,3154
2026-08-22 15:00;0,5469
2026-08-22 16:00;1,0000
2026-08-22 17:00;0,3349
2026-08-22 18:00;0,9726
2026-08-22 19:00;0,8790
2026-08-22 20:00;0,7659
2026-08-22 21:00;0,4839
2026-08-22 22:00;0,4135
2026-08-22 23:00;0,3467
2026-08-23 00:00;0,0432
2026-08-23 01:00;0,5602
2026-08-23 02:00;1,0000
2026-08-23 03:00;0,1706
2026-08-23 04:00;0,4934
2026-08-23 05:00;0,6471
2026-08-23 06:00;0,8367
2026-08-23 07:00;0,2617
2026-08-23 08:00;0,1624
2026-08-23 09:00;0,0392
2026-08-23 10:00;0,2370
2026-08-23 11:00;0,8088
2026-08-23 12:00;0,5135
2026-08-23 13:00;0,8384
2026-08-23 14:00;0,3665
2026-08-23 15:00;0,2877
2026-08-23 16:00;0,2261
2026-08-23 17:00;0,9955
2026-08-23 18:00;1,0000
2026-08-23 19:00;0,1788
2026-08-23 20:00;0,2819
2026-08-23 21:00;0,3190
2026-08-23 22:00;0,2475
2026-08-23 23:00;0,1417
2026-08-24 00:00;0,1405
2026-08-24 01:00;0,1038
2026-08-24 02:00;0,1929
2026-08-24 03:00;0,1840
2026-08-24 04:00;0,1099
2026-08-24 05:00;0,0550
2026-08-24 06:00;0,0155
2026-08-24 07:00;0,3556
2026-08-24 08:00;0,0161
2026-08-24 09:00;0,0982
2026-08-24 10:00;1,0000
2026-08-24 11:00;0,6498
2026-08-24 12:00;0,6053
2026-08-24 13:00;1,0000
2026-08-24 14:00;1,0000
2026-08-24 15:00;0,5606
2026-08-24 16:00;1,0000
2026-08-24 17:00;0,2704
2026-08-24 18:00;0,7745
2026-08-24 19:00;0,9882
2026-08-24 20:00;0,0175
2026-08-24 21:00;0,1988
2026-08-24 22:00;0,1320
2026-08-24 23:00;0,0859
2026-08-25 00:00;0,1766
2026-08-25 01:00;0,1071
2026-08-25 02:00;0,0183
2026-08-25 03:00;0,0721
2026-08-25 04:00;0,0777
2026-08-25 05:00;0,0779
2026-08-25 06:00;0,0495
2026-08-25 07:00;0,0310
2026-08-25 08:00;0,0173
2026-08-25 09:00;0,2003
2026-08-25 10:00;0,2663
2026-08-25 11:00;0,3439
2026-08-25 12:00;0,6663
2026-08-25 13:00;0,8012
2026-08-25 14:00;0,8291
2026-08-25 15:00;0,7281
2026-08-25 16:00;0,9743
2026-08-25 17:00;0,7065
2026-08-25 18:00;0,8172
2026-08-25 19:00;0,9486
2026-08-25 20:00;0,0394
2026-08-25 21:00;0,0428
2026-08-25 22:00;0,1332
2026-08-25 23:00;0,2267
2026-08-26 00:00;0,0726
2026-08-26 01:00;0,0575
2026-08-26 02:00;0,0426
2026-08-26 03:00;0,2258
2026-08-26 04:00;0,1277
2026-08-26 05:00;0,0187
2026-08-26 06:00;0,0370
2026-08-26 07:00;0,0829
2026-08-26 08:00;0,2416
2026-08-26 09:00;0,0727
2026-08-26 10:00;1,0000
2026-08-26 11:00;0,7466
2026-08-26 12:00;0,5592
2026-08-26 13:00;1,0000
2026-08-26 14:00;1,0000
2026-08-26 15:00;0,4928
2026-08-26 16:00;1,0000
2026-08-26 17:00;0,4623
2026-08-26 18:00;0,3703
2026-08-26 19:00;0,3095
2026-08-26 20:00;0,2334
2026-08-26 21:00;0,2007
2026-08-26 22:00;0,1440
2026-08-26 23:00;0,1845
2026-08-27 00:00;0,1055
2026-08-27 01:00;0,1318
2026-08-27 02:00;0,1504
2026-08-27 03:00;0,0723
2026-08-27 04:00;0,0566
2026-08-27 05:00;0,0400
2026-08-27 06:00;0,0589
2026-08-27 07:00;0,0390
2026-08-27 08:00;0,1392
2026-08-27 09:00;0,1149
2026-08-27 10:00;0,0164
2026-08-27 11:00;0,2834
2026-08-27 12:00;0,3024
2026-08-27 13:00;0,2392
2026-08-27 14:00;0,1580
2026-08-27 15:00;0,0213
2026-08-27 16:00;0,2139
2026-08-27 17:00;0,3541
2026-08-27 18:00;0,2794
2026-08-27 19:00;1,0000
2026-08-27 20:00;1,0000
2026-08-27 21:00;1,0000
2026-08-27 22:00;1,0000
2026-08-27 23:00;0,9189
2026-08-28 00:00;0,0780
2026-08-28 01:00;0,0936
2026-08-28 02:00;0,0989
2026-08-28 03:00;0,0189
2026-08-28 04:00;0,0675
2026-08-28 05:00;0,0204
2026-08-28 06:00;0,0181
2026-08-28 07:00;0,0258
2026-08-28 08:00;0,0375
2026-08-28 09:00;0,0901
2026-08-28 10:00;0,1370
2026-08-28 11:00;0,9492
2026-08-28 12:00;0,9502
2026-08-28 13:00;0,8568
2026-08-28 14:00;0,7835
2026-08-28 15:00;0,8307
2026-08-28 16:00;0,9196
2026-08-28 17:00;0,9797
2026-08-28 18:00;1,0000
2026-08-28 19:00;0,9895
2026-08-28 20:00;0,2337
2026-08-28 21:00;0,1485
2026-08-28 22:00;0,0957
2026-08-28 23:00;0,0619
2026-08-29 00:00;0,1125
2026-08-29 01:00;0,1581
2026-08-29 02:00;0,0812
2026-08-29 03:00;0,0479
2026-08-29 04:00;0,0308
2026-08-29 05:00;0,0203
2026-08-29 06:00;0,1197
2026-08-29 07:00;0,1539
2026-08-29 08:00;0,2905
2026-08-29 09:00;0,1110
2026-08-29 10:00;0,4166
2026-08-29 11:00;0,3867
2026-08-29 12:00;0,5459
2026-08-29 13:00;1,0000
2026-08-29 14:00;0,8992
2026-08-29 15:00;0,8616
2026-08-29 16:00;0,8146
2026-08-29 17:00;0,8751
2026-08-29 18:00;0,7066
2026-08-29 19:00;0,8218
2026-08-29 20:00;0,1925
2026-08-29 21:00;0,0760
2026-08-29 22:00;0,1517
2026-08-29 23:00;0,2563
2026-08-30 00:00;0,3757
2026-08-30 01:00;0,2744
2026-08-30 02:00;0,1496
2026-08-30 03:00;0,1104
2026-08-30 04:00;0,0871
2026-08-30 05:00;0,0761
2026-08-30 06:00;0,0587
2026-08-30 07:00;1,0000
2026-08-30 08:00;0,0590
2026-08-30 09:00;0,1574
2026-08-30 10:00;0,4890
2026-08-30 11:00;0,3696
2026-08-30 12:00;0,6965
2026-08-30 13:00;1,0000
2026-08-30 14:00;1,0000
2026-08-30 15:00;0,8736
2026-08-30 16:00;1,0000
2026-08-30 17:00;0,6989
2026-08-30 18:00;0,3074
2026-08-30 19:00;0,2208
2026-08-30 20:00;0,1171
2026-08-30 21:00;0,2917
2026-08-30 22:00;0,2968
2026-08-30 23:00;0,3372
2026-08-31 00:00;0,0460
2026-08-31 01:00;0,5546
2026-08-31 02:00;0,9924
2026-08-31 03:00;0,1548
2026-08-31 04:00;0,4363
2026-08-31 05:00;0,6029
2026-08-31 06:00;0,8206
2026-08-31 07:00;0,2308
2026-08-31 08:00;0,1446
2026-08-31 09:00;0,0420
2026-08-31 10:00;0,2579
2026-08-31 11:00;0,9350
2026-08-31 12:00;0,4645
2026-08-31 13:00;0,6831
2026-08-31 14:00;0,2607
2026-08-31 15:00;0,2209
2026-08-31 16:00;0,1840
2026-08-31 17:00;0,8710
2026-08-31 18:00;1,0000
2026-08-31 19:00;0,2062
2026-08-31 20:00;0,3748
2026-08-31 21:00;0,3881
2026-08-31 22:00;0,3081
2026-08-31 23:00;0,1810
2026-09-01 00:00;0,1812
2026-09-01 01:00;0,1050
2026-09-01 02:00;0,0432
2026-09-01 03:00;0,0364
2026-09-01 04:00;0,7337
2026-09-01 05:00;0,0402
2026-09-01 06:00;0,0339
2026-09-01 07:00;0,1227
2026-09-01 08:00;0,0695
2026-09-01 09:00;0,0353
2026-09-01 10:00;0,1668
2026-09-01 11:00;0,6024
2026-09-01 12:00;0,6025
2026-09-01 13:00;0,8728
2026-09-01 14:00;0,6265
2026-09-01 15:00;0,6236
2026-09-01 16:00;0,8624
2026-09-01 17:00;0,5400
2026-09-01 18:00;0,5869
2026-09-01 19:00;0,9953
2026-09-01 20:00;0,2212
2026-09-01 21:00;0,2674
2026-09-01 22:00;0,1847
2026-09-01 23:00;0,1475
2026-09-02 00:00;0,4985
2026-09-02 01:00;0,4512
2026-09-02 02:00;0,9421
2026-09-02 03:00;0,9063
2026-09-02 04:00;0,9961
2026-09-02 05:00;0,5422
2026-09-02 06:00;0,5900
2026-09-02 07:00;0,8554
2026-09-02 08:00;0,3514
2026-09-02 09:00;0,3373
2026-09-02 10:00;0,4062
2026-09-02 11:00;0,0371
2026-09-02 12:00;0,0346
2026-09-02 13:00;0,1895
2026-09-02 14:00;0,3232
2026-09-02 15:00;0,0412
2026-09-02 16:00;0,3385
2026-09-02 17:00;0,6158
2026-09-02 18:00;0,3455
2026-09-02 19:00;0,1705
2026-09-02 20:00;0,0346
2026-09-02 21:00;0,3065
2026-09-02 22:00;0,1840
2026-09-02 23:00;0,0378
2026-09-03 00:00;0,8009
2026-09-03 01:00;0,5310
2026-09-03 02:00;0,8920
2026-09-03 03:00;0,0438
2026-09-03 04:00;0,0446
2026-09-03 05:00;0,0450
2026-09-03 06:00;0,0421
2026-09-03 07:00;0,3011
2026-09-03 08:00;0,5109
2026-09-03 09:00;0,0447
2026-09-03 10:00;0,0452
2026-09-03 11:00;0,3334
2026-09-03 12:00;0,5572
2026-09-03 13:00;0,4710
2026-09-03 14:00;0,1491
2026-09-03 15:00;0,4976
2026-09-03 16:00;0,2965
2026-09-03 17:00;0,6632
2026-09-03 18:00;0,3200
2026-09-03 19:00;0,5027
2026-09-03 20:00;0,1262
2026-09-03 21:00;0,9998
2026-09-03 22:00;0,9999
2026-09-03 23:00;0,9995
2026-09-04 00:00;0,3730
2026-09-04 01:00;0,2227
2026-09-04 02:00;0,0485
2026-09-04 03:00;0,4128
2026-09-04 04:00;0,2112
2026-09-04 05:00;0,0679
2026-09-04 06:00;0,1049
2026-09-04 07:00;0,0928
2026-09-04 08:00;0,0779
2026-09-04 09:00;0,0199
2026-09-04 10:00;0,0463
2026-09-04 11:00;0,0716
2026-09-04 12:00;0,0376
2026-09-04 13:00;0,0398
2026-09-04 14:00;0,0410
2026-09-04 15:00;0,0689
2026-09-04 16:00;0,8885
2026-09-04 17:00;0,7942
2026-09-04 18:00;0,7066
2026-09-04 19:00;0,7991
2026-09-04 20:00;0,6397
2026-09-04 21:00;0,9118
2026-09-04 22:00;0,9387
2026-09-04 23:00;0,8201
2026-09-05 00:00;1,0000
2026-09-05 01:00;0,5493
2026-09-05 02:00;0,3480
2026-09-05 03:00;0,3193
2026-09-05 04:00;0,8849
2026-09-05 05:00;0,4984
2026-09-05 06:00;0,2720
2026-09-05 07:00;0,4595
2026-09-05 08:00;0,1190
2026-09-05 09:00;0,0378
2026-09-05 10:00;0,0342
2026-09-05 11:00;0,0323
2026-09-05 12:00;0,0554
2026-09-05 13:00;0,0898
2026-09-05 14:00;0,0691
2026-09-05 15:00;0,0434
2026-09-05 16:00;0,0435
2026-09-05 17:00;0,3132
2026-09-05 18:00;0,3065
2026-09-05 19:00;0,0359
2026-09-05 20:00;0,1248
2026-09-05 21:00;0,3325
2026-09-05 22:00;0,5125
2026-09-05 23:00;0,6369
2026-09-06 00:00;0,2492
2026-09-06 01:00;0,1303
2026-09-06 02:00;0,4679
2026-09-06 03:00;0,1763
2026-09-06 04:00;0,1056
2026-09-06 05:00;0,0737
2026-09-06 06:00;0,0740
2026-09-06 07:00;0,1785
2026-09-06 08:00;0,2952
2026-09-06 09:00;0,0397
2026-09-06 10:00;0,1447
2026-09-06 11:00;0,2653
2026-09-06 12:00;0,2996
2026-09-06 13:00;0,9574
2026-09-06 14:00;0,5674
2026-09-06 15:00;0,4974
2026-09-06 16:00;1,0000
2026-09-06 17:00;0,4330
2026-09-06 18:00;0,3679
2026-09-06 19:00;0,3510
2026-09-06 20:00;0,3629
2026-09-06 21:00;0,3656
2026-09-06 22:00;0,7437
2026-09-06 23:00;0,1910
2026-09-07 00:00;0,0409
2026-09-07 01:00;0,0417
2026-09-07 02:00;0,0387
2026-09-07 03:00;0,0299
2026-09-07 04:00;0,0188
2026-09-07 05:00;0,3312
2026-09-07 06:00;0,5020
2026-09-07 07:00;0,7393
2026-09-07 08:00;0,5257
2026-09-07 09:00;0,5265
2026-09-07 10:00;0,7561
2026-09-07 11:00;0,3459
2026-09-07 12:00;0,0421
2026-09-07 13:00;0,1957
2026-09-07 14:00;0,3112
2026-09-07 15:00;0,8684
2026-09-07 16:00;0,9986
2026-09-07 17:00;0,7442
2026-09-07 18:00;0,1181
2026-09-07 19:00;0,0953
2026-09-07 20:00;0,1382
2026-09-07 21:00;0,3284
2026-09-07 22:00;0,0996
2026-09-07 23:00;0,9441
2026-09-08 00:00;0,1607
2026-09-08 01:00;0,1126
2026-09-08 02:00;0,0455
2026-09-08 03:00;0,0419
2026-09-08 04:00;0,0298
2026-09-08 05:00;0,0195
2026-09-08 06:00;0,2507
2026-09-08 07:00;0,4201
2026-09-08 08:00;0,3101
2026-09-08 09:00;0,0439
2026-09-08 10:00;0,2885
2026-09-08 11:00;0,4868
2026-09-08 12:00;0,6669
2026-09-08 13:00;0,9494
2026-09-08 14:00;0,8818
2026-09-08 15:00;1,0000
2026-09-08 16:00;1,0000
2026-09-08 17:00;1,0000
2026-09-08 18:00;0,8461
2026-09-08 19:00;1,0000
2026-09-08 20:00;0,1507
2026-09-08 21:00;0,0431
2026-09-08 22:00;0,0627
2026-09-08 23:00;0,0804
2026-09-09 00:00;0,0366
2026-09-09 01:00;0,8547
2026-09-09 02:00;0,9242
2026-09-09 03:00;0,3146
2026-09-09 04:00;0,9140
2026-09-09 05:00;0,5113
2026-09-09 06:00;0,4690
2026-09-09 07:00;0,9047
2026-09-09 08:00;0,3561
2026-09-09 09:00;0,1922
2026-09-09 10:00;0,0436
2026-09-09 11:00;0,3512
2026-09-09 12:00;0,4926
2026-09-09 13:00;0,2096
2026-09-09 14:00;0,3315
2026-09-09 15:00;0,7284
2026-09-09 16:00;0,2183
2026-09-09 17:00;0,2779
2026-09-09 18:00;0,1432
2026-09-09 19:00;0,0420
2026-09-09 20:00;0,3329
2026-09-09 21:00;0,5605
2026-09-09 22:00;0,1059
2026-09-09 23:00;0,0404
2026-09-10 00:00;0,3008
2026-09-10 01:00;0,3771
2026-09-10 02:00;0,0158
2026-09-10 03:00;0,0390
2026-09-10 04:00;0,1402
2026-09-10 05:00;0,2336
2026-09-10 06:00;0,0391
2026-09-10 07:00;0,0968
2026-09-10 08:00;0,1383
2026-09-10 09:00;0,5440
2026-09-10 10:00;1,0000
2026-09-10 11:00;0,5298
2026-09-10 12:00;0,6702
2026-09-10 13:00;1,0000
2026-09-10 14:00;0,4262
2026-09-10 15:00;0,3752
2026-09-10 16:00;1,0000
2026-09-10 17:00;0,6449
2026-09-10 18:00;0,6023
2026-09-10 19:00;0,3182
2026-09-10 20:00;0,0190
2026-09-10 21:00;0,5001
2026-09-10 22:00;0,9018
2026-09-10 23:00;0,3058
2026-09-11 00:00;0,3152
2026-09-11 01:00;0,9807
2026-09-11 02:00;0,4176
2026-09-11 03:00;0,2291
2026-09-11 04:00;0,2281
2026-09-11 05:00;0,2000
2026-09-11 06:00;0,1754
2026-09-11 07:00;0,1740
2026-09-11 08:00;0,1806
2026-09-11 09:00;0,1033
2026-09-11 10:00;0,0723
2026-09-11 11:00;0,0409
2026-09-11 12:00;0,0173
2026-09-11 13:00;0,2903
2026-09-11 14:00;0,5333
2026-09-11 15:00;0,4289
2026-09-11 16:00;0,2370
2026-09-11 17:00;0,0953
2026-09-11 18:00;0,0169
2026-09-11 19:00;0,8923
2026-09-11 20:00;0,0186
2026-09-11 21:00;0,0966
2026-09-11 22:00;0,1574
2026-09-11 23:00;0,2043
2026-09-12 00:00;0,1504
2026-09-12 01:00;0,3836
2026-09-12 02:00;0,1629
2026-09-12 03:00;0,0552
2026-09-12 04:00;0,1411
2026-09-12 05:00;0,1111
2026-09-12 06:00;0,0690
2026-09-12 07:00;0,0695
2026-09-12 08:00;0,0755
2026-09-12 09:00;0,0609
2026-09-12 10:00;0,0875
2026-09-12 11:00;0,1401
2026-09-12 12:00;0,2719
2026-09-12 13:00;0,3827
2026-09-12 14:00;0,4180
2026-09-12 15:00;0,3975
2026-09-12 16:00;0,9523
2026-09-12 17:00;0,4121
2026-09-12 18:00;0,4759
2026-09-12 19:00;1,0000
2026-09-12 20:00;0,2271
2026-09-12 21:00;0,2799
2026-09-12 22:00;0,4913
2026-09-12 23:00;0,2090
2026-09-13 00:00;0,1316
2026-09-13 01:00;0,1289
2026-09-13 02:00;0,0372
2026-09-13 03:00;0,0582
2026-09-13 04:00;0,0609
2026-09-13 05:00;0,0618
2026-09-13 06:00;0,0768
2026-09-13 07:00;0,0827
2026-09-13 08:00;0,0820
2026-09-13 09:00;0,0164
2026-09-13 10:00;0,0951
2026-09-13 11:00;0,4989
2026-09-13 12:00;0,6167
2026-09-13 13:00;0,4757
2026-09-13 14:00;0,7957
2026-09-13 15:00;0,7932
2026-09-13 16:00;0,9303
2026-09-13 17:00;0,7473
2026-09-13 18:00;0,2717
2026-09-13 19:00;0,0179
2026-09-13 20:00;0,0630
2026-09-13 21:00;0,0421
2026-09-13 22:00;0,0875
2026-09-13 23:00;0,1466
2026-09-14 00:00;0,1559
2026-09-14 01:00;0,2725
2026-09-14 02:00;0,3683
2026-09-14 03:00;1,0000
2026-09-14 04:00;0,6822
2026-09-14 05:00;0,9043
2026-09-14 06:00;0,5159
2026-09-14 07:00;0,5118
2026-09-14 08:00;0,3174
2026-09-14 09:00;0,1280
2026-09-14 10:00;0,0877
2026-09-14 11:00;0,0704
2026-09-14 12:00;0,0392
2026-09-14 13:00;0,0994
2026-09-14 14:00;0,1427
2026-09-14 15:00;0,3526
2026-09-14 16:00;0,3668
2026-09-14 17:00;0,3678
2026-09-14 18:00;0,1682
2026-09-14 19:00;0,9462
2026-09-14 20:00;0,6977
2026-09-14 21:00;0,4911
2026-09-14 22:00;0,8365
2026-09-14 23:00;0,6665
2026-09-15 00:00;0,5714
2026-09-15 01:00;0,8806
2026-09-15 02:00;0,4693
2026-09-15 03:00;0,8729
2026-09-15 04:00;0,5292
2026-09-15 05:00;0,1479
2026-09-15 06:00;0,3380
2026-09-15 07:00;0,1316
2026-09-15 08:00;0,0380
2026-09-15 09:00;0,4866
2026-09-15 10:00;0,5152
2026-09-15 11:00;0,5823
2026-09-15 12:00;0,1156
2026-09-15 13:00;0,0379
2026-09-15 14:00;0,3192
2026-09-15 15:00;0,5289
2026-09-15 16:00;0,2076
2026-09-15 17:00;0,5444
2026-09-15 18:00;0,8713
2026-09-15 19:00;0,4085
2026-09-15 20:00;0,3391
2026-09-15 21:00;0,4608
2026-09-15 22:00;0,5227
2026-09-15 23:00;0,0383
2026-09-16 00:00;0,0417
2026-09-16 01:00;0,1025
2026-09-16 02:00;0,1529
2026-09-16 03:00;0,1627
2026-09-16 04:00;0,7132
2026-09-16 05:00;0,5432
2026-09-16 06:00;0,3733
2026-09-16 07:00;0,5585
2026-09-16 08:00;1,0000
2026-09-16 09:00;1,0000
2026-09-16 10:00;1,0000
2026-09-16 11:00;0,8023
2026-09-16 12:00;0,1236
2026-09-16 13:00;0,1939
2026-09-16 14:00;0,1317
2026-09-16 15:00;0,2866
2026-09-16 16:00;0,0935
2026-09-16 17:00;0,3428
2026-09-16 18:00;0,5767
2026-09-16 19:00;0,1550
2026-09-16 20:00;0,0405
2026-09-16 21:00;0,2870
2026-09-16 22:00;0,6609
2026-09-16 23:00;0,8531
2026-09-17 00:00;0,3811
2026-09-17 01:00;0,8444
2026-09-17 02:00;0,2670
2026-09-17 03:00;0,2242
2026-09-17 04:00;0,4119
2026-09-17 05:00;0,1310
2026-09-17 06:00;0,1251
2026-09-17 07:00;0,2004
2026-09-17 08:00;0,2639
2026-09-17 09:00;0,2379
2026-09-17 10:00;0,9377
2026-09-17 11:00;0,9596
2026-09-17 12:00;0,8930
2026-09-17 13:00;1,0000
2026-09-17 14:00;0,6309
2026-09-17 15:00;0,5093
2026-09-17 16:00;0,1108
2026-09-17 17:00;0,2623
2026-09-17 18:00;0,1007
2026-09-17 19:00;0,0756
2026-09-17 20:00;0,0700
2026-09-17 21:00;0,0772
2026-09-17 22:00;0,0517
2026-09-17 23:00;0,0230
2026-09-18 00:00;0,1437
2026-09-18 01:00;0,2608
2026-09-18 02:00;0,0388
2026-09-18 03:00;0,0432
2026-09-18 04:00;0,0498
2026-09-18 05:00;0,0524
2026-09-18 06:00;0,0639
2026-09-18 07:00;0,1445
2026-09-18 08:00;0,0722
2026-09-18 09:00;0,1031
2026-09-18 10:00;0,1778
2026-09-18 11:00;0,7053
2026-09-18 12:00;0,7091
2026-09-18 13:00;0,7914
2026-09-18 14:00;0,9144
2026-09-18 15:00;1,0000
2026-09-18 16:00;0,9318
2026-09-18 17:00;0,9894
2026-09-18 18:00;0,2126
2026-09-18 19:00;0,1534
2026-09-18 20:00;0,0988
2026-09-18 21:00;0,0681
2026-09-18 22:00;0,0541
2026-09-18 23:00;0,0328
2026-09-19 00:00;0,1460
2026-09-19 01:00;0,1489
2026-09-19 02:00;0,1603
2026-09-19 03:00;0,2414
2026-09-19 04:00;0,2114
2026-09-19 05:00;0,2148
2026-09-19 06:00;0,2923
2026-09-19 07:00;0,1659
2026-09-19 08:00;0,0227
2026-09-19 09:00;0,3199
2026-09-19 10:00;0,2432
2026-09-19 11:00;0,2042
2026-09-19 12:00;0,2737
2026-09-19 13:00;0,2390
2026-09-19 14:00;0,2132
2026-09-19 15:00;0,3150
2026-09-19 16:00;0,8875
2026-09-19 17:00;0,5804
2026-09-19 18:00;0,4028
2026-09-19 19:00;0,2499
2026-09-19 20:00;0,0601
2026-09-19 21:00;0,1942
2026-09-19 22:00;0,1941
2026-09-19 23:00;0,1743
2026-09-20 00:00;0,0403
2026-09-20 01:00;0,0983
2026-09-20 02:00;0,0383
2026-09-20 03:00;0,0394
2026-09-20 04:00;0,0400
2026-09-20 05:00;0,0420
2026-09-20 06:00;0,0641
2026-09-20 07:00;0,2443
2026-09-20 08:00;0,0949
2026-09-20 09:00;0,0165
2026-09-20 10:00;0,1870
2026-09-20 11:00;0,3211
2026-09-20 12:00;0,4605
2026-09-20 13:00;0,8973
2026-09-20 14:00;0,8771
2026-09-20 15:00;1,0000
2026-09-20 16:00;1,0000
2026-09-20 17:00;1,0000
2026-09-20 18:00;0,9325
2026-09-20 19:00;0,9677
2026-09-20 20:00;0,1070
2026-09-20 21:00;0,0428
2026-09-20 22:00;0,1018
2026-09-20 23:00;0,1610
2026-09-21 00:00;0,0179
2026-09-21 01:00;0,1208
2026-09-21 02:00;0,2051
2026-09-21 03:00;0,2294
2026-09-21 04:00;0,3316
2026-09-21 05:00;0,2485
2026-09-21 06:00;0,0186
2026-09-21 07:00;0,4938
2026-09-21 08:00;0,3382
2026-09-21 09:00;0,3968
2026-09-21 10:00;1,0000
2026-09-21 11:00;0,3711
2026-09-21 12:00;0,4597
2026-09-21 13:00;0,2566
2026-09-21 14:00;0,0394
2026-09-21 15:00;0,5392
2026-09-21 16:00;0,8924
2026-09-21 17:00;0,1940
2026-09-21 18:00;0,1071
2026-09-21 19:00;0,0212
2026-09-21 20:00;0,0669
2026-09-21 21:00;0,0658
2026-09-21 22:00;0,0907
2026-09-21 23:00;0,1189
2026-09-22 00:00;0,1257
2026-09-22 01:00;0,0384
2026-09-22 02:00;0,6613
2026-09-22 03:00;0,7150
2026-09-22 04:00;0,1495
2026-09-22 05:00;0,0951
2026-09-22 06:00;0,0406
2026-09-22 07:00;0,1471
2026-09-22 08:00;0,0868
2026-09-22 09:00;0,0343
2026-09-22 10:00;0,1340
2026-09-22 11:00;0,1257
2026-09-22 12:00;0,8396
2026-09-22 13:00;0,4303
2026-09-22 14:00;0,9103
2026-09-22 15:00;0,7881
2026-09-22 16:00;0,6464
2026-09-22 17:00;1,0000
2026-09-22 18:00;0,8062
2026-09-22 19:00;0,4584
2026-09-22 20:00;0,1286
2026-09-22 21:00;0,1277
2026-09-22 22:00;0,1228
2026-09-22 23:00;0,0398
2026-09-23 00:00;0,1397
2026-09-23 01:00;0,0992
2026-09-23 02:00;0,0452
2026-09-23 03:00;0,0712
2026-09-23 04:00;0,0527
2026-09-23 05:00;0,0374
2026-09-23 06:00;0,0400
2026-09-23 07:00;0,0594
2026-09-23 08:00;0,0713
2026-09-23 09:00;0,0520
2026-09-23 10:00;0,1261
2026-09-23 11:00;0,3251
2026-09-23 12:00;0,6309
2026-09-23 13:00;1,0000
2026-09-23 14:00;1,0000
2026-09-23 15:00;1,0000
2026-09-23 16:00;1,0000
2026-09-23 17:00;1,0000
2026-09-23 18:00;0,4315
2026-09-23 19:00;0,2766
2026-09-23 20:00;0,1692
2026-09-23 21:00;0,0854
2026-09-23 22:00;0,1339
2026-09-23 23:00;0,1707
2026-09-24 00:00;0,1073
2026-09-24 01:00;0,0682
2026-09-24 02:00;0,0944
2026-09-24 03:00;0,1077
2026-09-24 04:00;0,1434
2026-09-24 05:00;0,1866
2026-09-24 06:00;0,1892
2026-09-24 07:00;0,5829
2026-09-24 08:00;0,3555
2026-09-24 09:00;0,3876
2026-09-24 10:00;1,0000
2026-09-24 11:00;0,4659
2026-09-24 12:00;0,4068
2026-09-24 13:00;0,9261
2026-09-24 14:00;0,6398
2026-09-24 15:00;0,5617
2026-09-24 16:00;0,9869
2026-09-24 17:00;0,2788
2026-09-24 18:00;0,1513
2026-09-24 19:00;0,1028
2026-09-24 20:00;0,0737
2026-09-24 21:00;0,0422
2026-09-24 22:00;0,0779
2026-09-24 23:00;0,1214
2026-09-25 00:00;0,1006
2026-09-25 01:00;0,0425
2026-09-25 02:00;0,0277
2026-09-25 03:00;0,0185
2026-09-25 04:00;0,0599
2026-09-25 05:00;0,1037
2026-09-25 06:00;0,0669
2026-09-25 07:00;0,1024
2026-09-25 08:00;0,1560
2026-09-25 09:00;0,3464
2026-09-25 10:00;1,0000
2026-09-25 11:00;0,5211
2026-09-25 12:00;0,3750
2026-09-25 13:00;0,9611
2026-09-25 14:00;0,4982
2026-09-25 15:00;0,4371
2026-09-25 16:00;0,8693
2026-09-25 17:00;0,6187
2026-09-25 18:00;0,4623
2026-09-25 19:00;0,2723
2026-09-25 20:00;0,1554
2026-09-25 21:00;0,1602
2026-09-25 22:00;0,0826
2026-09-25 23:00;0,0172
2026-09-26 00:00;0,2008
2026-09-26 01:00;0,1362
2026-09-26 02:00;0,1284
2026-09-26 03:00;0,0948
2026-09-26 04:00;0,2604
2026-09-26 05:00;0,0835
2026-09-26 06:00;0,0766
2026-09-26 07:00;0,0429
2026-09-26 08:00;0,0176
2026-09-26 09:00;0,0415
2026-09-26 10:00;0,0363
2026-09-26 11:00;0,0362
2026-09-26 12:00;0,1742
2026-09-26 13:00;0,1018
2026-09-26 14:00;0,0184
2026-09-26 15:00;0,0608
2026-09-26 16:00;0,8691
2026-09-26 17:00;0,8086
2026-09-26 18:00;0,9077
2026-09-26 19:00;0,9555
2026-09-26 20:00;1,0000
2026-09-26 21:00;0,6904
2026-09-26 22:00;1,0000
2026-09-26 23:00;0,2262
2026-09-27 00:00;0,0372
2026-09-27 01:00;0,8985
2026-09-27 02:00;0,8788
2026-09-27 03:00;0,2731
2026-09-27 04:00;0,7673
2026-09-27 05:00;0,3923
2026-09-27 06:00;0,4791
2026-09-27 07:00;0,8776
2026-09-27 08:00;0,3240
2026-09-27 09:00;0,1957
2026-09-27 10:00;0,0395
2026-09-27 11:00;0,3207
2026-09-27 12:00;0,5020
2026-09-27 13:00;0,1803
2026-09-27 14:00;0,3337
2026-09-27 15:00;0,7909
2026-09-27 16:00;0,2475
2026-09-27 17:00;0,3063
2026-09-27 18:00;0,1494
2026-09-27 19:00;0,0405
2026-09-27 20:00;0,3267
2026-09-27 21:00;0,5662
2026-09-27 22:00;0,1153
2026-09-27 23:00;0,0492
2026-09-28 00:00;0,2968
2026-09-28 01:00;0,2974
2026-09-28 02:00;0,2703
2026-09-28 03:00;0,2265
2026-09-28 04:00;0,2103
2026-09-28 05:00;0,1750
2026-09-28 06:00;0,1116
2026-09-28 07:00;0,0634
2026-09-28 08:00;0,0094
2026-09-28 09:00;0,0447
2026-09-28 10:00;0,0753
2026-09-28 11:00;0,0212
2026-09-28 12:00;0,1156
2026-09-28 13:00;0,1761
2026-09-28 14:00;0,2312
2026-09-28 15:00;0,4261
2026-09-28 16:00;0,9109
2026-09-28 17:00;0,2444
2026-09-28 18:00;0,7079
2026-09-28 19:00;0,9811
2026-09-28 20:00;0,9047
2026-09-28 21:00;0,9791
2026-09-28 22:00;0,9781
2026-09-28 23:00;0,8768
2026-09-29 00:00;0,1137
2026-09-29 01:00;0,0618
2026-09-29 02:00;0,0097
2026-09-29 03:00;0,0330
2026-09-29 04:00;0,0280
2026-09-29 05:00;0,0111
2026-09-29 06:00;0,0000
2026-09-29 07:00;0,0114
2026-09-29 08:00;0,0310
2026-09-29 09:00;0,0929
2026-09-29 10:00;0,2216
2026-09-29 11:00;0,4235
2026-09-29 12:00;0,4794
2026-09-29 13:00;0,8572
2026-09-29 14:00;0,4565
2026-09-29 15:00;0,4825
2026-09-29 16:00;0,9603
2026-09-29 17:00;0,5761
2026-09-29 18:00;0,3378
2026-09-29 19:00;0,2239
2026-09-29 20:00;0,0736
2026-09-29 21:00;0,0000
2026-09-29 22:00;0,0000
2026-09-29 23:00;0,0000
2026-09-30 00:00;0,1409
2026-09-30 01:00;0,0602
2026-09-30 02:00;0,0000
2026-09-30 03:00;0,0000
2026-09-30 04:00;0,6848
2026-09-30 05:00;0,0000
2026-09-30 06:00;0,0000
2026-09-30 07:00;0,0689
2026-09-30 08:00;0,0306
2026-09-30 09:00;0,0000
2026-09-30 10:00;0,0912
2026-09-30 11:00;0,5055
2026-09-30 12:00;0,4907
2026-09-30 13:00;0,7792
2026-09-30 14:00;0,6708
2026-09-30 15:00;0,7254
2026-09-30 16:00;0,9364
2026-09-30 17:00;0,5488
2026-09-30 18:00;0,5558
2026-09-30 19:00;0,9334
2026-09-30 20:00;0,1645
2026-09-30 21:00;0,2460
2026-09-30 22:00;0,1941
2026-09-30 23:00;0,1159
2026-10-01 00:00;0,1139
2026-10-01 01:00;0,1805
2026-10-01 02:00;0,2540
2026-10-01 03:00;0,3129
2026-10-01 04:00;0,5906
2026-10-01 05:00;0,3944
2026-10-01 06:00;0,4714
2026-10-01 07:00;0,2549
2026-10-01 08:00;0,3575
2026-10-01 09:00;0,4929
2026-10-01 10:00;0,0955
2026-10-01 11:00;0,1751
2026-10-01 12:00;0,1417
2026-10-01 13:00;0,1288
2026-10-01 14:00;0,1198
2026-10-01 15:00;0,1627
2026-10-01 16:00;0,2339
2026-10-01 17:00;0,2860
2026-10-01 18:00;0,1581
2026-10-01 19:00;0,1331
2026-10-01 20:00;0,0984
2026-10-01 21:00;0,3737
2026-10-01 22:00;1,0000
2026-10-01 23:00;0,9276
2026-10-02 00:00;0,1106
2026-10-02 01:00;0,0929
2026-10-02 02:00;0,0826
2026-10-02 03:00;0,0600
2026-10-02 04:00;0,0716
2026-10-02 05:00;0,0834
2026-10-02 06:00;0,1329
2026-10-02 07:00;0,2935
2026-10-02 08:00;0,4923
2026-10-02 09:00;0,5497
2026-10-02 10:00;0,4569
2026-10-02 11:00;0,5961
2026-10-02 12:00;0,7431
2026-10-02 13:00;1,0000
2026-10-02 14:00;0,9807
2026-10-02 15:00;0,8991
2026-10-02 16:00;0,0511
2026-10-02 17:00;0,0977
2026-10-02 18:00;0,1283
2026-10-02 19:00;0,1195
2026-10-02 20:00;0,1012
2026-10-02 21:00;0,1411
2026-10-02 22:00;0,0932
2026-10-02 23:00;0,0435
2026-10-03 00:00;0,3190
2026-10-03 01:00;0,5443
2026-10-03 02:00;0,0595
2026-10-03 03:00;0,0635
2026-10-03 04:00;0,6339
2026-10-03 05:00;0,8401
2026-10-03 06:00;0,7717
2026-10-03 07:00;0,7214
2026-10-03 08:00;0,8846
2026-10-03 09:00;0,3365
2026-10-03 10:00;0,2480
2026-10-03 11:00;0,0505
2026-10-03 12:00;0,1398
2026-10-03 13:00;0,3771
2026-10-03 14:00;0,1418
2026-10-03 15:00;0,1446
2026-10-03 16:00;0,0456
2026-10-03 17:00;0,1857
2026-10-03 18:00;0,3131
2026-10-03 19:00;0,1803
2026-10-03 20:00;0,7499
2026-10-03 21:00;0,4844
2026-10-03 22:00;0,0992
2026-10-03 23:00;0,4488
2026-10-04 00:00;0,2067
2026-10-04 01:00;0,2719
2026-10-04 02:00;0,2422
2026-10-04 03:00;0,1775
2026-10-04 04:00;0,3968
2026-10-04 05:00;0,2714
2026-10-04 06:00;0,2648
2026-10-04 07:00;0,1313
2026-10-04 08:00;0,0169
2026-10-04 09:00;0,0175
2026-10-04 10:00;0,0629
2026-10-04 11:00;0,5460
2026-10-04 12:00;0,3940
2026-10-04 13:00;0,0869
2026-10-04 14:00;0,4841
2026-10-04 15:00;0,5673
2026-10-04 16:00;0,8823
2026-10-04 17:00;0,3601
2026-10-04 18:00;0,4117
2026-10-04 19:00;0,7846
2026-10-04 20:00;0,4126
2026-10-04 21:00;0,0200
2026-10-04 22:00;0,0319
2026-10-04 23:00;0,0396
2026-10-05 00:00;0,3311
2026-10-05 01:00;0,2487
2026-10-05 02:00;0,1674
2026-10-05 03:00;0,2076
2026-10-05 04:00;0,2292
2026-10-05 05:00;0,2350
2026-10-05 06:00;0,2305
2026-10-05 07:00;0,2521
2026-10-05 08:00;0,2349
2026-10-05 09:00;0,1610
2026-10-05 10:00;0,0945
2026-10-05 11:00;0,0937
2026-10-05 12:00;0,0997
2026-10-05 13:00;0,1901
2026-10-05 14:00;0,3028
2026-10-05 15:00;0,6508
2026-10-05 16:00;0,4531
2026-10-05 17:00;0,1946
2026-10-05 18:00;0,2257
2026-10-05 19:00;0,2721
2026-10-05 20:00;0,2884
2026-10-05 21:00;0,1572
2026-10-05 22:00;0,0797
2026-10-05 23:00;0,0174
2026-10-06 00:00;0,0725
2026-10-06 01:00;0,0565
2026-10-06 02:00;0,0412
2026-10-06 03:00;0,0624
2026-10-06 04:00;0,0429
2026-10-06 05:00;0,0169
2026-10-06 06:00;0,0160
2026-10-06 07:00;0,3848
2026-10-06 08:00;0,0157
2026-10-06 09:00;0,2573
2026-10-06 10:00;0,2175
2026-10-06 11:00;0,1511
2026-10-06 12:00;0,3245
2026-10-06 13:00;1,0000
2026-10-06 14:00;0,5698
2026-10-06 15:00;0,4208
2026-10-06 16:00;0,8915
2026-10-06 17:00;0,2344
2026-10-06 18:00;0,1480
2026-10-06 19:00;0,0883
2026-10-06 20:00;0,0410
2026-10-06 21:00;0,2028
2026-10-06 22:00;0,4686
2026-10-06 23:00;0,1604
2026-10-07 00:00;0,2816
2026-10-07 01:00;0,1399
2026-10-07 02:00;0,0670
2026-10-07 03:00;0,1034
2026-10-07 04:00;0,1643
2026-10-07 05:00;0,2039
2026-10-07 06:00;0,1454
2026-10-07 07:00;0,1010
2026-10-07 08:00;0,0722
2026-10-07 09:00;0,4669
2026-10-07 10:00;0,5821
2026-10-07 11:00;0,3468
2026-10-07 12:00;0,4326
2026-10-07 13:00;1,0000
2026-10-07 14:00;0,3819
2026-10-07 15:00;0,3791
2026-10-07 16:00;0,2385
2026-10-07 17:00;0,1590
2026-10-07 18:00;0,1170
2026-10-07 19:00;0,1145
2026-10-07 20:00;0,1287
2026-10-07 21:00;0,1706
2026-10-07 22:00;0,1986
2026-10-07 23:00;0,2044
2026-10-08 00:00;0,0731
2026-10-08 01:00;0,0633
2026-10-08 02:00;0,0411
2026-10-08 03:00;0,0657
2026-10-08 04:00;0,0453
2026-10-08 05:00;0,0210
2026-10-08 06:00;0,0182
2026-10-08 07:00;0,3934
2026-10-08 08:00;0,0168
2026-10-08 09:00;0,3078
2026-10-08 10:00;0,2452
2026-10-08 11:00;0,1519
2026-10-08 12:00;0,3729
2026-10-08 13:00;1,0000
2026-10-08 14:00;0,6419
2026-10-08 15:00;0,5202
2026-10-08 16:00;1,0000
2026-10-08 17:00;0,2725
2026-10-08 18:00;0,1332
2026-10-08 19:00;0,0765
2026-10-08 20:00;0,0395
2026-10-08 21:00;0,1893
2026-10-08 22:00;0,4682
2026-10-08 23:00;0,1719
2026-10-09 00:00;0,2960
2026-10-09 01:00;0,3086
2026-10-09 02:00;0,3054
2026-10-09 03:00;0,2639
2026-10-09 04:00;0,1373
2026-10-09 05:00;0,1969
2026-10-09 06:00;0,2622
2026-10-09 07:00;0,1543
2026-10-09 08:00;0,3395
2026-10-09 09:00;0,3118
2026-10-09 10:00;0,3631
2026-10-09 11:00;0,0664
2026-10-09 12:00;0,0981
2026-10-09 13:00;0,0973
2026-10-09 14:00;0,0868
2026-10-09 15:00;0,0556
2026-10-09 16:00;0,0484
2026-10-09 17:00;0,0414
2026-10-09 18:00;0,3601
2026-10-09 19:00;0,8742
2026-10-09 20:00;0,4699
2026-10-09 21:00;0,4140
2026-10-09 22:00;0,2218
2026-10-09 23:00;0,0197
2026-10-10 00:00;0,0380
2026-10-10 01:00;0,0984
2026-10-10 02:00;0,1852
2026-10-10 03:00;0,1239
2026-10-10 04:00;0,1347
2026-10-10 05:00;0,1194
2026-10-10 06:00;0,1783
2026-10-10 07:00;0,1383
2026-10-10 08:00;0,1027
2026-10-10 09:00;0,0582
2026-10-10 10:00;0,1190
2026-10-10 11:00;0,1850
2026-10-10 12:00;0,3385
2026-10-10 13:00;1,0000
2026-10-10 14:00;0,9951
2026-10-10 15:00;1,0000
2026-10-10 16:00;1,0000
2026-10-10 17:00;0,2139
2026-10-10 18:00;0,1441
2026-10-10 19:00;0,1668
2026-10-10 20:00;0,1812
2026-10-10 21:00;0,2133
2026-10-10 22:00;0,2556
2026-10-10 23:00;0,2490
2026-10-11 00:00;0,1562
2026-10-11 01:00;0,7165
2026-10-11 02:00;0,7897
2026-10-11 03:00;0,7129
2026-10-11 04:00;0,8498
2026-10-11 05:00;0,0401
2026-10-11 06:00;0,3508
2026-10-11 07:00;0,7113
2026-10-11 08:00;0,1731
2026-10-11 09:00;0,1784
2026-10-11 10:00;0,1089
2026-10-11 11:00;0,0423
2026-10-11 12:00;0,0425
2026-10-11 13:00;0,2068
2026-10-11 14:00;0,3159
2026-10-11 15:00;0,2893
2026-10-11 16:00;0,1982
2026-10-11 17:00;0,1326
2026-10-11 18:00;0,1371
2026-10-11 19:00;0,2009
2026-10-11 20:00;0,2715
2026-10-11 21:00;0,1322
2026-10-11 22:00;0,0719
2026-10-11 23:00;0,6128
2026-10-12 00:00;0,1587
2026-10-12 01:00;0,0934
2026-10-12 02:00;0,0452
2026-10-12 03:00;0,3338
2026-10-12 04:00;0,2029
2026-10-12 05:00;0,0406
2026-10-12 06:00;0,3338
2026-10-12 07:00;0,7031
2026-10-12 08:00;0,2904
2026-10-12 09:00;0,4015
2026-10-12 10:00;0,7234
2026-10-12 11:00;0,2408
2026-10-12 12:00;0,5116
2026-10-12 13:00;0,2423
2026-10-12 14:00;0,0419
2026-10-12 15:00;0,1324
2026-10-12 16:00;0,1575
2026-10-12 17:00;0,2026
2026-10-12 18:00;0,0404
2026-10-12 19:00;0,0922
2026-10-12 20:00;0,1488
2026-10-12 21:00;0,0391
2026-10-12 22:00;0,6259
2026-10-12 23:00;0,9010
2026-10-13 00:00;0,5589
2026-10-13 01:00;0,9874
2026-10-13 02:00;0,5243
2026-10-13 03:00;0,3797
2026-10-13 04:00;0,8041
2026-10-13 05:00;0,2239
2026-10-13 06:00;0,2172
2026-10-13 07:00;0,6029
2026-10-13 08:00;0,1963
2026-10-13 09:00;0,1126
2026-10-13 10:00;0,0632
2026-10-13 11:00;0,0193
2026-10-13 12:00;0,0414
2026-10-13 13:00;0,0708
2026-10-13 14:00;0,0999
2026-10-13 15:00;0,2026
2026-10-13 16:00;0,2258
2026-10-13 17:00;0,2587
2026-10-13 18:00;0,4859
2026-10-13 19:00;0,8871
2026-10-13 20:00;0,4034
2026-10-13 21:00;0,4001
2026-10-13 22:00;0,8323
2026-10-13 23:00;0,3094
2026-10-14 00:00;0,0655
2026-10-14 01:00;0,0636
2026-10-14 02:00;0,0872
2026-10-14 03:00;0,0881
2026-10-14 04:00;0,0355
2026-10-14 05:00;0,0401
2026-10-14 06:00;0,0990
2026-10-14 07:00;0,1471
2026-10-14 08:00;0,1525
2026-10-14 09:00;0,1592
2026-10-14 10:00;0,3028
2026-10-14 11:00;0,4249
2026-10-14 12:00;0,3763
2026-10-14 13:00;1,0000
2026-10-14 14:00;0,4068
2026-10-14 15:00;0,4167
2026-10-14 16:00;0,8205
2026-10-14 17:00;0,3180
2026-10-14 18:00;0,3474
2026-10-14 19:00;0,7136
2026-10-14 20:00;0,3649
2026-10-14 21:00;0,3943
2026-10-14 22:00;0,5404
2026-10-14 23:00;0,3839
2026-10-15 00:00;0,5079
2026-10-15 01:00;0,7453
2026-10-15 02:00;0,7495
2026-10-15 03:00;0,1446
2026-10-15 04:00;0,1742
2026-10-15 05:00;0,1179
2026-10-15 06:00;0,1140
2026-10-15 07:00;0,0154
2026-10-15 08:00;0,4940
2026-10-15 09:00;0,3175
2026-10-15 10:00;0,6250
2026-10-15 11:00;0,5572
2026-10-15 12:00;0,5804
2026-10-15 13:00;0,4550
2026-10-15 14:00;0,1603
2026-10-15 15:00;0,0409
2026-10-15 16:00;0,0385
2026-10-15 17:00;0,1522
2026-10-15 18:00;0,3195
2026-10-15 19:00;0,3844
2026-10-15 20:00;0,1468
2026-10-15 21:00;0,0400
2026-10-15 22:00;0,1930
2026-10-15 23:00;0,1531
2026-10-16 00:00;0,6919
2026-10-16 01:00;0,5560
2026-10-16 02:00;0,0389
2026-10-16 03:00;0,1318
2026-10-16 04:00;0,1210
2026-10-16 05:00;0,1282
2026-10-16 06:00;0,0347
2026-10-16 07:00;0,4258
2026-10-16 08:00;0,5660
2026-10-16 09:00;0,3730
2026-10-16 10:00;0,1217
2026-10-16 11:00;0,0408
2026-10-16 12:00;0,1326
2026-10-16 13:00;0,3056
2026-10-16 14:00;0,2776
2026-10-16 15:00;0,4273
2026-10-16 16:00;0,4918
2026-10-16 17:00;0,5387
2026-10-16 18:00;0,5457
2026-10-16 19:00;0,0732
2026-10-16 20:00;0,1205
2026-10-16 21:00;0,1681
2026-10-16 22:00;0,2358
2026-10-16 23:00;0,1444
2026-10-17 00:00;0,3401
2026-10-17 01:00;0,3980
2026-10-17 02:00;0,3973
2026-10-17 03:00;0,5549
2026-10-17 04:00;0,0154
2026-10-17 05:00;0,4094
2026-10-17 06:00;0,5402
2026-10-17 07:00;0,0991
2026-10-17 08:00;0,1314
2026-10-17 09:00;0,1263
2026-10-17 10:00;0,1786
2026-10-17 11:00;0,2730
2026-10-17 12:00;0,1279
2026-10-17 13:00;0,4252
2026-10-17 14:00;0,3547
2026-10-17 15:00;0,8074
2026-10-17 16:00;0,5549
2026-10-17 17:00;0,1185
2026-10-17 18:00;0,1084
2026-10-17 19:00;0,1358
2026-10-17 20:00;0,1510
2026-10-17 21:00;0,1369
2026-10-17 22:00;0,4768
2026-10-17 23:00;0,3348
2026-10-18 00:00;0,3703
2026-10-18 01:00;1,0000
2026-10-18 02:00;0,4524
2026-10-18 03:00;0,3459
2026-10-18 04:00;0,9593
2026-10-18 05:00;0,3384
2026-10-18 06:00;0,2405
2026-10-18 07:00;0,2751
2026-10-18 08:00;0,3174
2026-10-18 09:00;0,3088
2026-10-18 10:00;0,1600
2026-10-18 11:00;0,0186
2026-10-18 12:00;0,0692
2026-10-18 13:00;0,0808
2026-10-18 14:00;0,0910
2026-10-18 15:00;0,0385
2026-10-18 16:00;0,1948
2026-10-18 17:00;0,0971
2026-10-18 18:00;0,0165
2026-10-18 19:00;0,0679
2026-10-18 20:00;0,1239
2026-10-18 21:00;0,2839
2026-10-18 22:00;0,7084
2026-10-18 23:00;0,2777
2026-10-19 00:00;0,1591
2026-10-19 01:00;0,1284
2026-10-19 02:00;0,1128
2026-10-19 03:00;0,1659
2026-10-19 04:00;0,0894
2026-10-19 05:00;0,0218
2026-10-19 06:00;0,0332
2026-10-19 07:00;0,0446
2026-10-19 08:00;0,2607
2026-10-19 09:00;0,2414
2026-10-19 10:00;0,2713
2026-10-19 11:00;0,2823
2026-10-19 12:00;0,3219
2026-10-19 13:00;0,1722
2026-10-19 14:00;0,0537
2026-10-19 15:00;0,1288
2026-10-19 16:00;0,1388
2026-10-19 17:00;0,1290
2026-10-19 18:00;0,4005
2026-10-19 19:00;0,8807
2026-10-19 20:00;0,5461
2026-10-19 21:00;0,5304
2026-10-19 22:00;1,0000
2026-10-19 23:00;0,4741
2026-10-20 00:00;0,0208
2026-10-20 01:00;0,0644
2026-10-20 02:00;0,1123
2026-10-20 03:00;0,0465
2026-10-20 04:00;0,1565
2026-10-20 05:00;0,2215
2026-10-20 06:00;0,2329
2026-10-20 07:00;0,0230
2026-10-20 08:00;0,2226
2026-10-20 09:00;0,2229
2026-10-20 10:00;0,1293
2026-10-20 11:00;0,0437
2026-10-20 12:00;0,1120
2026-10-20 13:00;0,2055
2026-10-20 14:00;0,3393
2026-10-20 15:00;0,5780
2026-10-20 16:00;0,9399
2026-10-20 17:00;0,6446
2026-10-20 18:00;0,3849
2026-10-20 19:00;0,8895
2026-10-20 20:00;0,5141
2026-10-20 21:00;0,5234
2026-10-20 22:00;1,0000
2026-10-20 23:00;0,3499
2026-10-21 00:00;0,0399
2026-10-21 01:00;0,0449
2026-10-21 02:00;0,0403
2026-10-21 03:00;0,8805
2026-10-21 04:00;0,9377
2026-10-21 05:00;0,1309
2026-10-21 06:00;0,1191
2026-10-21 07:00;0,1274
2026-10-21 08:00;0,7657
2026-10-21 09:00;1,0000
2026-10-21 10:00;0,0207
2026-10-21 11:00;0,1499
2026-10-21 12:00;0,3143
2026-10-21 13:00;0,1780
2026-10-21 14:00;0,1405
2026-10-21 15:00;0,1523
2026-10-21 16:00;0,0430
2026-10-21 17:00;0,7085
2026-10-21 18:00;0,7070
2026-10-21 19:00;0,7844
2026-10-21 20:00;0,4647
2026-10-21 21:00;0,4532
2026-10-21 22:00;0,0339
2026-10-21 23:00;0,1141
2026-10-22 00:00;0,6618
2026-10-22 01:00;1,0000
2026-10-22 02:00;0,3528
2026-10-22 03:00;0,2664
2026-10-22 04:00;0,1713
2026-10-22 05:00;0,0928
2026-10-22 06:00;0,0649
2026-10-22 07:00;0,2351
2026-10-22 08:00;0,3766
2026-10-22 09:00;0,5153
2026-10-22 10:00;0,2971
2026-10-22 11:00;0,0970
2026-10-22 12:00;0,1759
2026-10-22 13:00;0,2208
2026-10-22 14:00;0,3044
2026-10-22 15:00;0,3162
2026-10-22 16:00;0,2199
2026-10-22 17:00;0,1195
2026-10-22 18:00;0,1898
2026-10-22 19:00;0,1019
2026-10-22 20:00;0,0419
2026-10-22 21:00;0,3909
2026-10-22 22:00;0,7164
2026-10-22 23:00;0,3552
2026-10-23 00:00;0,1044
2026-10-23 01:00;0,8913
2026-10-23 02:00;0,5671
2026-10-23 03:00;0,4967
2026-10-23 04:00;0,7310
2026-10-23 05:00;0,3598
2026-10-23 06:00;0,2793
2026-10-23 07:00;0,6513
2026-10-23 08:00;0,2942
2026-10-23 09:00;0,3889
2026-10-23 10:00;0,1544
2026-10-23 11:00;0,0875
2026-10-23 12:00;0,0193
2026-10-23 13:00;0,0682
2026-10-23 14:00;0,1157
2026-10-23 15:00;0,1614
2026-10-23 16:00;0,2343
2026-10-23 17:00;0,2895
2026-10-23 18:00;0,1735
2026-10-23 19:00;0,1510
2026-10-23 20:00;0,1064
2026-10-23 21:00;0,0727
2026-10-23 22:00;0,1222
2026-10-23 23:00;0,1521
2026-10-24 00:00;0,5975
2026-10-24 01:00;1,0000
2026-10-24 02:00;0,3316
2026-10-24 03:00;0,3267
2026-10-24 04:00;0,2287
2026-10-24 05:00;0,1559
2026-10-24 06:00;0,1086
2026-10-24 07:00;0,1651
2026-10-24 08:00;0,1932
2026-10-24 09:00;0,2742
2026-10-24 10:00;0,1849
2026-10-24 11:00;0,0775
2026-10-24 12:00;0,0989
2026-10-24 13:00;0,1719
2026-10-24 14:00;0,2345
2026-10-24 15:00;0,1354
2026-10-24 16:00;0,1001
2026-10-24 17:00;0,0674
2026-10-24 18:00;0,0207
2026-10-24 19:00;1,0000
2026-10-24 20:00;0,0205
2026-10-24 21:00;0,1144
2026-10-24 22:00;0,1830
2026-10-24 23:00;0,2468
2026-10-25 00:00;0,3765
2026-10-25 01:00;0,7770
2026-10-25 02:00;0,3107
2026-10-25 03:00;0,3322
2026-10-25 04:00;0,5164
2026-10-25 05:00;0,2593
2026-10-25 06:00;0,2534
2026-10-25 07:00;0,5514
2026-10-25 08:00;0,3431
2026-10-25 09:00;0,2875
2026-10-25 10:00;0,1761
2026-10-25 11:00;0,0165
2026-10-25 12:00;0,0576
2026-10-25 13:00;0,0921
2026-10-25 14:00;0,1435
2026-10-25 15:00;0,1751
2026-10-25 16:00;0,1311
2026-10-25 17:00;0,0709
2026-10-25 18:00;0,0624
2026-10-25 19:00;0,2064
2026-10-25 20:00;0,3659
2026-10-25 21:00;0,3515
2026-10-25 22:00;0,4390
2026-10-25 23:00;0,3502
2026-10-26 00:00;0,0697
2026-10-26 01:00;0,0725
2026-10-26 02:00;0,0713
2026-10-26 03:00;0,0675
2026-10-26 04:00;0,0899
2026-10-26 05:00;0,1128
2026-10-26 06:00;0,1047
2026-10-26 07:00;0,0993
2026-10-26 08:00;0,0947
2026-10-26 09:00;0,1397
2026-10-26 10:00;0,9774
2026-10-26 11:00;0,4569
2026-10-26 12:00;0,6716
2026-10-26 13:00;0,8870
2026-10-26 14:00;0,8202
2026-10-26 15:00;0,8448
2026-10-26 16:00;0,9744
2026-10-26 17:00;0,7940
2026-10-26 18:00;0,4310
2026-10-26 19:00;0,4871
2026-10-26 20:00;0,1293
2026-10-26 21:00;0,0678
2026-10-26 22:00;0,0902
2026-10-26 23:00;0,0936
2026-10-27 00:00;0,0299
2026-10-27 01:00;0,6068
2026-10-27 02:00;0,0268
2026-10-27 03:00;0,0248
2026-10-27 04:00;0,0270
2026-10-27 05:00;0,0423
2026-10-27 06:00;0,0241
2026-10-27 07:00;0,1627
2026-10-27 08:00;0,2921
2026-10-27 09:00;0,3183
2026-10-27 10:00;0,1119
2026-10-27 11:00;0,3611
2026-10-27 12:00;0,3951
2026-10-27 13:00;0,9695
2026-10-27 14:00;0,5401
2026-10-27 15:00;0,6033
2026-10-27 16:00;1,0000
2026-10-27 17:00;0,4937
2026-10-27 18:00;0,1885
2026-10-27 19:00;0,1504
2026-10-27 20:00;0,2641
2026-10-27 21:00;0,1374
2026-10-27 22:00;0,0639
2026-10-27 23:00;0,0416
2026-10-28 00:00;0,2772
2026-10-28 01:00;0,2912
2026-10-28 02:00;0,3286
2026-10-28 03:00;0,2491
2026-10-28 04:00;0,1795
2026-10-28 05:00;0,1212
2026-10-28 06:00;0,1167
2026-10-28 07:00;0,1197
2026-10-28 08:00;0,1088
2026-10-28 09:00;0,1654
2026-10-28 10:00;0,2315
2026-10-28 11:00;0,2642
2026-10-28 12:00;0,3573
2026-10-28 13:00;1,0000
2026-10-28 14:00;0,4325
2026-10-28 15:00;0,5644
2026-10-28 16:00;1,0000
2026-10-28 17:00;0,3727
2026-10-28 18:00;0,1448
2026-10-28 19:00;0,1005
2026-10-28 20:00;0,0689
2026-10-28 21:00;0,0742
2026-10-28 22:00;0,5559
2026-10-28 23:00;0,4380
2026-10-29 00:00;0,0164
2026-10-29 01:00;0,0242
2026-10-29 02:00;0,0379
2026-10-29 03:00;0,0139
2026-10-29 04:00;0,2171
2026-10-29 05:00;0,2299
2026-10-29 06:00;0,2454
2026-10-29 07:00;0,2576
2026-10-29 08:00;0,2866
2026-10-29 09:00;0,3469
2026-10-29 10:00;0,7379
2026-10-29 11:00;0,5050
2026-10-29 12:00;0,4603
2026-10-29 13:00;0,2457
2026-10-29 14:00;0,0400
2026-10-29 15:00;0,0138
2026-10-29 16:00;0,2298
2026-10-29 17:00;0,3989
2026-10-29 18:00;0,2905
2026-10-29 19:00;0,8129
2026-10-29 20:00;0,4726
2026-10-29 21:00;0,4802
2026-10-29 22:00;0,1118
2026-10-29 23:00;0,3036
2026-10-30 00:00;0,3547
2026-10-30 01:00;0,4122
2026-10-30 02:00;0,3298
2026-10-30 03:00;0,5579
2026-10-30 04:00;0,4164
2026-10-30 05:00;0,4366
2026-10-30 06:00;0,5362
2026-10-30 07:00;0,3379
2026-10-30 08:00;0,6406
2026-10-30 09:00;0,5148
2026-10-30 10:00;0,0000
2026-10-30 11:00;0,0982
2026-10-30 12:00;0,0996
2026-10-30 13:00;0,0997
2026-10-30 14:00;0,0891
2026-10-30 15:00;0,1030
2026-10-30 16:00;0,4012
2026-10-30 17:00;0,2816
2026-10-30 18:00;0,0000
2026-10-30 19:00;0,0012
2026-10-30 20:00;0,0000
2026-10-30 21:00;0,0721
2026-10-30 22:00;0,0759
2026-10-30 23:00;0,0904
2026-10-31 00:00;0,0000
2026-10-31 01:00;0,0244
2026-10-31 02:00;0,0867
2026-10-31 03:00;0,0413
2026-10-31 04:00;0,0300
2026-10-31 05:00;0,0280
2026-10-31 06:00;0,0771
2026-10-31 07:00;0,0541
2026-10-31 08:00;0,0366
2026-10-31 09:00;0,0017
2026-10-31 10:00;0,0567
2026-10-31 11:00;0,1165
2026-10-31 12:00;0,2355
2026-10-31 13:00;0,9057
2026-10-31 14:00;0,7673
2026-10-31 15:00;0,8330
2026-10-31 16:00;0,8580
2026-10-31 17:00;0,1092
2026-10-31 18:00;0,0592
2026-10-31 19:00;0,0927
2026-10-31 20:00;0,1382
2026-10-31 21:00;0,1773
2026-10-31 22:00;0,1763
2026-10-31 23:00;0,1759
2026-11-01 00:00;0,1732
2026-11-01 01:00;0,1778
2026-11-01 02:00;0,1755
2026-11-01 03:00;0,1119
2026-11-01 04:00;0,2410
2026-11-01 05:00;0,3490
2026-11-01 06:00;0,2995
2026-11-01 07:00;0,2964
2026-11-01 08:00;0,2789
2026-11-01 09:00;0,3882
2026-11-01 10:00;0,9597
2026-11-01 11:00;0,4588
2026-11-01 12:00;0,1541
2026-11-01 13:00;0,3197
2026-11-01 14:00;0,5177
2026-11-01 15:00;0,4786
2026-11-01 16:00;1,0000
2026-11-01 17:00;0,2765
2026-11-01 18:00;0,1414
2026-11-01 19:00;0,1126
2026-11-01 20:00;0,0866
2026-11-01 21:00;0,4918
2026-11-01 22:00;1,0000
2026-11-01 23:00;0,3926
2026-11-02 00:00;0,4970
2026-11-02 01:00;0,7020
2026-11-02 02:00;0,4674
2026-11-02 03:00;0,1627
2026-11-02 04:00;0,1702
2026-11-02 05:00;0,1648
2026-11-02 06:00;0,0556
2026-11-02 07:00;0,2553
2026-11-02 08:00;0,4759
2026-11-02 09:00;0,6790
2026-11-02 10:00;0,7879
2026-11-02 11:00;0,1564
2026-11-02 12:00;0,1459
2026-11-02 13:00;0,1624
2026-11-02 14:00;0,1538
2026-11-02 15:00;0,3199
2026-11-02 16:00;0,9732
2026-11-02 17:00;0,5212
2026-11-02 18:00;0,3311
2026-11-02 19:00;0,3145
2026-11-02 20:00;0,2887
2026-11-02 21:00;0,2714
2026-11-02 22:00;0,3015
2026-11-02 23:00;0,3148
2026-11-03 00:00;0,0736
2026-11-03 01:00;0,0584
2026-11-03 02:00;0,0487
2026-11-03 03:00;0,0471
2026-11-03 04:00;1,0000
2026-11-03 05:00;0,0452
2026-11-03 06:00;0,5017
2026-11-03 07:00;1,0000
2026-11-03 08:00;0,3774
2026-11-03 09:00;0,0354
2026-11-03 10:00;0,0703
2026-11-03 11:00;0,0971
2026-11-03 12:00;0,2068
2026-11-03 13:00;0,9360
2026-11-03 14:00;0,6357
2026-11-03 15:00;0,6622
2026-11-03 16:00;1,0000
2026-11-03 17:00;0,3793
2026-11-03 18:00;0,0768
2026-11-03 19:00;0,0982
2026-11-03 20:00;0,1392
2026-11-03 21:00;0,1323
2026-11-03 22:00;0,1498
2026-11-03 23:00;0,1470
2026-11-04 00:00;0,0437
2026-11-04 01:00;0,0404
2026-11-04 02:00;0,0426
2026-11-04 03:00;0,4442
2026-11-04 04:00;0,9966
2026-11-04 05:00;0,2739
2026-11-04 06:00;0,2786
2026-11-04 07:00;0,5531
2026-11-04 08:00;0,1996
2026-11-04 09:00;0,2497
2026-11-04 10:00;0,2141
2026-11-04 11:00;0,2159
2026-11-04 12:00;0,2582
2026-11-04 13:00;0,1533
2026-11-04 14:00;0,0212
2026-11-04 15:00;0,5862
2026-11-04 16:00;1,0000
2026-11-04 17:00;0,3990
2026-11-04 18:00;0,3453
2026-11-04 19:00;0,5118
2026-11-04 20:00;0,2832
2026-11-04 21:00;0,0171
2026-11-04 22:00;0,0196
2026-11-04 23:00;0,0416
2026-11-05 00:00;0,3492
2026-11-05 01:00;0,4480
2026-11-05 02:00;0,3834
2026-11-05 03:00;0,3206
2026-11-05 04:00;0,7576
2026-11-05 05:00;0,6080
2026-11-05 06:00;0,0344
2026-11-05 07:00;0,4102
2026-11-05 08:00;0,5334
2026-11-05 09:00;0,3565
2026-11-05 10:00;0,0301
2026-11-05 11:00;0,0378
2026-11-05 12:00;0,0831
2026-11-05 13:00;0,1269
2026-11-05 14:00;0,1353
2026-11-05 15:00;0,2785
2026-11-05 16:00;0,2586
2026-11-05 17:00;0,1331
2026-11-05 18:00;0,0356
2026-11-05 19:00;0,0152
2026-11-05 20:00;0,4908
2026-11-05 21:00;0,3255
2026-11-05 22:00;0,0428
2026-11-05 23:00;0,3740
2026-11-06 00:00;0,1618
2026-11-06 01:00;0,1036
2026-11-06 02:00;0,0389
2026-11-06 03:00;0,0692
2026-11-06 04:00;0,1814
2026-11-06 05:00;0,2881
2026-11-06 06:00;0,5648
2026-11-06 07:00;0,8428
2026-11-06 08:00;0,6556
2026-11-06 09:00;0,6318
2026-11-06 10:00;0,4409
2026-11-06 11:00;0,2871
2026-11-06 12:00;0,2005
2026-11-06 13:00;0,4533
2026-11-06 14:00;0,3407
2026-11-06 15:00;0,3160
2026-11-06 16:00;0,7135
2026-11-06 17:00;0,2204
2026-11-06 18:00;0,1297
2026-11-06 19:00;0,1427
2026-11-06 20:00;0,1410
2026-11-06 21:00;0,0896
2026-11-06 22:00;0,0880
2026-11-06 23:00;0,0640
2026-11-07 00:00;0,1422
2026-11-07 01:00;0,4129
2026-11-07 02:00;0,1925
2026-11-07 03:00;0,2525
2026-11-07 04:00;0,0444
2026-11-07 05:00;0,2267
2026-11-07 06:00;0,2815
2026-11-07 07:00;0,1334
2026-11-07 08:00;0,0000
2026-11-07 09:00;0,2182
2026-11-07 10:00;0,6086
2026-11-07 11:00;0,2249
2026-11-07 12:00;0,2595
2026-11-07 13:00;0,4071
2026-11-07 14:00;0,3936
2026-11-07 15:00;0,2843
2026-11-07 16:00;0,2615
2026-11-07 17:00;0,2787
2026-11-07 18:00;0,2704
2026-11-07 19:00;0,3625
2026-11-07 20:00;0,2273
2026-11-07 21:00;0,1667
2026-11-07 22:00;0,0633
2026-11-07 23:00;0,0827
2026-11-08 00:00;0,1854
2026-11-08 01:00;0,2796
2026-11-08 02:00;0,3165
2026-11-08 03:00;0,3387
2026-11-08 04:00;0,2655
2026-11-08 05:00;0,2589
2026-11-08 06:00;0,2506
2026-11-08 07:00;0,0415
2026-11-08 08:00;0,3149
2026-11-08 09:00;0,1974
2026-11-08 10:00;0,1471
2026-11-08 11:00;0,1001
2026-11-08 12:00;0,0402
2026-11-08 13:00;1,0000
2026-11-08 14:00;0,8984
2026-11-08 15:00;0,9452
2026-11-08 16:00;1,0000
2026-11-08 17:00;0,2683
2026-11-08 18:00;0,0780
2026-11-08 19:00;0,1646
2026-11-08 20:00;0,2749
2026-11-08 21:00;0,1010
2026-11-08 22:00;0,1841
2026-11-08 23:00;0,2540
2026-11-09 00:00;0,2647
2026-11-09 01:00;0,2771
2026-11-09 02:00;0,2424
2026-11-09 03:00;0,1980
2026-11-09 04:00;0,4354
2026-11-09 05:00;0,3612
2026-11-09 06:00;0,0190
2026-11-09 07:00;0,2389
2026-11-09 08:00;0,4596
2026-11-09 09:00;0,4232
2026-11-09 10:00;0,9755
2026-11-09 11:00;0,3973
2026-11-09 12:00;0,0180
2026-11-09 13:00;0,9252
2026-11-09 14:00;0,0173
2026-11-09 15:00;0,0184
2026-11-09 16:00;0,0282
2026-11-09 17:00;0,0445
2026-11-09 18:00;0,0403
2026-11-09 19:00;0,0515
2026-11-09 20:00;0,0691
2026-11-09 21:00;0,0901
2026-11-09 22:00;0,0875
2026-11-09 23:00;0,0974
2026-11-10 00:00;0,0395
2026-11-10 01:00;0,0481
2026-11-10 02:00;0,0589
2026-11-10 03:00;0,1426
2026-11-10 04:00;0,0701
2026-11-10 05:00;0,2865
2026-11-10 06:00;0,2667
2026-11-10 07:00;0,3091
2026-11-10 08:00;0,3608
2026-11-10 09:00;0,4448
2026-11-10 10:00;0,9948
2026-11-10 11:00;0,5263
2026-11-10 12:00;0,5880
2026-11-10 13:00;0,8118
2026-11-10 14:00;0,4095
2026-11-10 15:00;0,2665
2026-11-10 16:00;0,4337
2026-11-10 17:00;0,1126
2026-11-10 18:00;0,0425
2026-11-10 19:00;0,0667
2026-11-10 20:00;0,0189
2026-11-10 21:00;0,0453
2026-11-10 22:00;0,0417
2026-11-10 23:00;0,0443
2026-11-11 00:00;0,1941
2026-11-11 01:00;0,2437
2026-11-11 02:00;0,2879
2026-11-11 03:00;0,3007
2026-11-11 04:00;0,2488
2026-11-11 05:00;0,1504
2026-11-11 06:00;0,0175
2026-11-11 07:00;0,3478
2026-11-11 08:00;0,0193
2026-11-11 09:00;0,0463
2026-11-11 10:00;0,0720
2026-11-11 11:00;0,0470
2026-11-11 12:00;0,0444
2026-11-11 13:00;0,1734
2026-11-11 14:00;0,2926
2026-11-11 15:00;0,2867
2026-11-11 16:00;0,2085
2026-11-11 17:00;0,1318
2026-11-11 18:00;0,1888
2026-11-11 19:00;0,9082
2026-11-11 20:00;0,5239
2026-11-11 21:00;0,7138
2026-11-11 22:00;0,9888
2026-11-11 23:00;0,7835
2026-11-12 00:00;0,0754
2026-11-12 01:00;0,0442
2026-11-12 02:00;0,0398
2026-11-12 03:00;0,0408
2026-11-12 04:00;0,0180
2026-11-12 05:00;0,3435
2026-11-12 06:00;0,3512
2026-11-12 07:00;0,7019
2026-11-12 08:00;0,3819
2026-11-12 09:00;0,3515
2026-11-12 10:00;0,7047
2026-11-12 11:00;0,1935
2026-11-12 12:00;0,0421
2026-11-12 13:00;0,1897
2026-11-12 14:00;0,3479
2026-11-12 15:00;0,3851
2026-11-12 16:00;0,8819
2026-11-12 17:00;0,2137
2026-11-12 18:00;0,1189
2026-11-12 19:00;0,0770
2026-11-12 20:00;0,0460
2026-11-12 21:00;0,0437
2026-11-12 22:00;0,0419
2026-11-12 23:00;0,0171
2026-11-13 00:00;0,2445
2026-11-13 01:00;0,2731
2026-11-13 02:00;0,2522
2026-11-13 03:00;0,2085
2026-11-13 04:00;0,4711
2026-11-13 05:00;0,3401
2026-11-13 06:00;0,0200
2026-11-13 07:00;0,2350
2026-11-13 08:00;0,4440
2026-11-13 09:00;0,3638
2026-11-13 10:00;0,9261
2026-11-13 11:00;0,3548
2026-11-13 12:00;0,0198
2026-11-13 13:00;0,9896
2026-11-13 14:00;0,0179
2026-11-13 15:00;0,0201
2026-11-13 16:00;0,0349
2026-11-13 17:00;0,0495
2026-11-13 18:00;0,0488
2026-11-13 19:00;0,0559
2026-11-13 20:00;0,0721
2026-11-13 21:00;0,1031
2026-11-13 22:00;0,1088
2026-11-13 23:00;0,1080
2026-11-14 00:00;0,3089
2026-11-14 01:00;0,4314
2026-11-14 02:00;0,1194
2026-11-14 03:00;0,5602
2026-11-14 04:00;0,3753
2026-11-14 05:00;0,1809
2026-11-14 06:00;0,4820
2026-11-14 07:00;0,2712
2026-11-14 08:00;0,3263
2026-11-14 09:00;0,3374
2026-11-14 10:00;0,5022
2026-11-14 11:00;0,2399
2026-11-14 12:00;0,2663
2026-11-14 13:00;0,0405
2026-11-14 14:00;0,0420
2026-11-14 15:00;0,1529
2026-11-14 16:00;0,0969
2026-11-14 17:00;0,3091
2026-11-14 18:00;0,1255
2026-11-14 19:00;0,1225
2026-11-14 20:00;0,0323
2026-11-14 21:00;0,0323
2026-11-14 22:00;0,2350
2026-11-14 23:00;0,3047
2026-11-15 00:00;0,0372
2026-11-15 01:00;0,0350
2026-11-15 02:00;0,0355
2026-11-15 03:00;0,3351
2026-11-15 04:00;0,8240
2026-11-15 05:00;0,1941
2026-11-15 06:00;0,2298
2026-11-15 07:00;0,4428
2026-11-15 08:00;0,1675
2026-11-15 09:00;0,2238
2026-11-15 10:00;0,2037
2026-11-15 11:00;0,1874
2026-11-15 12:00;0,2122
2026-11-15 13:00;0,1114
2026-11-15 14:00;0,0146
2026-11-15 15:00;0,3729
2026-11-15 16:00;0,7297
2026-11-15 17:00;0,2856
2026-11-15 18:00;0,2842
2026-11-15 19:00;0,4389
2026-11-15 20:00;0,2558
2026-11-15 21:00;0,0168
2026-11-15 22:00;0,0166
2026-11-15 23:00;0,0411
2026-11-16 00:00;0,3980
2026-11-16 01:00;0,4927
2026-11-16 02:00;0,3851
2026-11-16 03:00;0,3607
2026-11-16 04:00;0,8447
2026-11-16 05:00;0,6734
2026-11-16 06:00;0,0401
2026-11-16 07:00;0,4112
2026-11-16 08:00;0,5187
2026-11-16 09:00;0,3768
2026-11-16 10:00;0,0347
2026-11-16 11:00;0,0355
2026-11-16 12:00;0,0930
2026-11-16 13:00;0,1527
2026-11-16 14:00;0,1458
2026-11-16 15:00;0,3079
2026-11-16 16:00;0,2690
2026-11-16 17:00;0,1520
2026-11-16 18:00;0,0449
2026-11-16 19:00;0,0193
2026-11-16 20:00;0,5801
2026-11-16 21:00;0,3633
2026-11-16 22:00;0,0491
2026-11-16 23:00;0,4057
2026-11-17 00:00;0,4626
2026-11-17 01:00;0,1985
2026-11-17 02:00;0,0407
2026-11-17 03:00;0,0408
2026-11-17 04:00;0,0184
2026-11-17 05:00;0,0303
2026-11-17 06:00;0,0414
2026-11-17 07:00;0,1756
2026-11-17 08:00;0,3194
2026-11-17 09:00;0,0367
2026-11-17 10:00;0,0785
2026-11-17 11:00;0,1254
2026-11-17 12:00;0,3293
2026-11-17 13:00;0,4307
2026-11-17 14:00;0,8968
2026-11-17 15:00;0,1657
2026-11-17 16:00;0,0740
2026-11-17 17:00;0,0471
2026-11-17 18:00;0,7311
2026-11-17 19:00;0,6555
2026-11-17 20:00;0,6482
2026-11-17 21:00;0,7991
2026-11-17 22:00;0,0403
2026-11-17 23:00;0,7983
2026-11-18 00:00;0,8467
2026-11-18 01:00;0,8091
2026-11-18 02:00;0,7940
2026-11-18 03:00;0,4031
2026-11-18 04:00;0,2674
2026-11-18 05:00;0,0997
2026-11-18 06:00;0,0912
2026-11-18 07:00;0,1192
2026-11-18 08:00;0,1378
2026-11-18 09:00;0,0362
2026-11-18 10:00;0,4084
2026-11-18 11:00;0,2939
2026-11-18 12:00;0,0204
2026-11-18 13:00;0,1345
2026-11-18 14:00;0,2700
2026-11-18 15:00;0,0506
2026-11-18 16:00;0,0610
2026-11-18 17:00;0,0666
2026-11-18 18:00;0,0196
2026-11-18 19:00;0,0872
2026-11-18 20:00;0,1440
2026-11-18 21:00;0,1776
2026-11-18 22:00;0,1439
2026-11-18 23:00;0,1155
2026-11-19 00:00;0,5044
2026-11-19 01:00;0,6396
2026-11-19 02:00;0,3240
2026-11-19 03:00;0,3326
2026-11-19 04:00;0,6950
2026-11-19 05:00;0,5852
2026-11-19 06:00;0,5710
2026-11-19 07:00;0,8002
2026-11-19 08:00;0,4079
2026-11-19 09:00;0,3284
2026-11-19 10:00;0,2020
2026-11-19 11:00;0,0425
2026-11-19 12:00;0,1303
2026-11-19 13:00;0,3303
2026-11-19 14:00;0,1584
2026-11-19 15:00;0,0487
2026-11-19 16:00;0,1526
2026-11-19 17:00;0,2707
2026-11-19 18:00;0,2442
2026-11-19 19:00;0,1344
2026-11-19 20:00;0,0347
2026-11-19 21:00;0,0323
2026-11-19 22:00;0,1577
2026-11-19 23:00;0,2845
2026-11-20 00:00;0,5680
2026-11-20 01:00;1,0000
2026-11-20 02:00;0,1349
2026-11-20 03:00;0,1091
2026-11-20 04:00;0,0773
2026-11-20 05:00;0,0485
2026-11-20 06:00;0,0843
2026-11-20 07:00;0,0964
2026-11-20 08:00;0,1144
2026-11-20 09:00;0,0694
2026-11-20 10:00;0,1715
2026-11-20 11:00;0,2842
2026-11-20 12:00;0,0969
2026-11-20 13:00;0,3229
2026-11-20 14:00;0,4846
2026-11-20 15:00;0,3640
2026-11-20 16:00;0,2095
2026-11-20 17:00;0,0432
2026-11-20 18:00;0,1544
2026-11-20 19:00;0,4030
2026-11-20 20:00;0,1292
2026-11-20 21:00;0,1251
2026-11-20 22:00;0,1232
2026-11-20 23:00;0,1040
2026-11-21 00:00;0,1839
2026-11-21 01:00;0,2805
2026-11-21 02:00;0,3690
2026-11-21 03:00;0,3429
2026-11-21 04:00;0,3161
2026-11-21 05:00;0,2397
2026-11-21 06:00;0,2272
2026-11-21 07:00;0,0406
2026-11-21 08:00;0,3002
2026-11-21 09:00;0,1881
2026-11-21 10:00;0,1611
2026-11-21 11:00;0,1016
2026-11-21 12:00;0,0457
2026-11-21 13:00;1,0000
2026-11-21 14:00;1,0000
2026-11-21 15:00;1,0000
2026-11-21 16:00;1,0000
2026-11-21 17:00;0,2446
2026-11-21 18:00;0,0618
2026-11-21 19:00;0,1498
2026-11-21 20:00;0,2343
2026-11-21 21:00;0,0950
2026-11-21 22:00;0,1510
2026-11-21 23:00;0,2173
2026-11-22 00:00;0,0409
2026-11-22 01:00;0,1139
2026-11-22 02:00;0,0454
2026-11-22 03:00;0,7750
2026-11-22 04:00;0,5954
2026-11-22 05:00;0,0459
2026-11-22 06:00;0,1081
2026-11-22 07:00;0,1522
2026-11-22 08:00;0,9599
2026-11-22 09:00;0,6478
2026-11-22 10:00;0,0467
2026-11-22 11:00;0,0463
2026-11-22 12:00;0,0438
2026-11-22 13:00;0,1400
2026-11-22 14:00;0,5015
2026-11-22 15:00;0,3203
2026-11-22 16:00;0,1089
2026-11-22 17:00;0,5105
2026-11-22 18:00;0,3477
2026-11-22 19:00;0,1953
2026-11-22 20:00;0,3266
2026-11-22 21:00;0,3506
2026-11-22 22:00;0,7507
2026-11-22 23:00;0,8439
2026-11-23 00:00;0,1817
2026-11-23 01:00;0,1137
2026-11-23 02:00;0,0208
2026-11-23 03:00;0,0487
2026-11-23 04:00;0,0362
2026-11-23 05:00;0,0204
2026-11-23 06:00;0,0187
2026-11-23 07:00;0,0400
2026-11-23 08:00;0,0639
2026-11-23 09:00;0,0419
2026-11-23 10:00;0,0166
2026-11-23 11:00;0,0347
2026-11-23 12:00;0,0338
2026-11-23 13:00;0,0732
2026-11-23 14:00;0,1254
2026-11-23 15:00;0,1330
2026-11-23 16:00;1,0000
2026-11-23 17:00;0,5817
2026-11-23 18:00;0,8818
2026-11-23 19:00;1,0000
2026-11-23 20:00;1,0000
2026-11-23 21:00;1,0000
2026-11-23 22:00;1,0000
2026-11-23 23:00;1,0000
2026-11-24 00:00;0,2639
2026-11-24 01:00;0,2383
2026-11-24 02:00;0,1915
2026-11-24 03:00;0,2095
2026-11-24 04:00;0,2311
2026-11-24 05:00;0,2454
2026-11-24 06:00;0,2393
2026-11-24 07:00;0,1976
2026-11-24 08:00;0,1906
2026-11-24 09:00;0,2235
2026-11-24 10:00;0,7986
2026-11-24 11:00;0,5311
2026-11-24 12:00;0,6160
2026-11-24 13:00;0,4442
2026-11-24 14:00;0,6231
2026-11-24 15:00;0,6451
2026-11-24 16:00;1,0000
2026-11-24 17:00;0,5545
2026-11-24 18:00;0,0384
2026-11-24 19:00;0,0439
2026-11-24 20:00;0,0392
2026-11-24 21:00;0,0703
2026-11-24 22:00;0,1202
2026-11-24 23:00;0,1740
2026-11-25 00:00;0,3353
2026-11-25 01:00;0,0179
2026-11-25 02:00;0,1009
2026-11-25 03:00;0,0980
2026-11-25 04:00;0,0972
2026-11-25 05:00;0,0884
2026-11-25 06:00;0,1121
2026-11-25 07:00;0,1077
2026-11-25 08:00;0,1353
2026-11-25 09:00;0,2742
2026-11-25 10:00;0,1484
2026-11-25 11:00;0,0151
2026-11-25 12:00;0,3973
2026-11-25 13:00;0,8007
2026-11-25 14:00;0,4910
2026-11-25 15:00;0,4896
2026-11-25 16:00;0,4477
2026-11-25 17:00;0,5807
2026-11-25 18:00;0,0198
2026-11-25 19:00;0,1865
2026-11-25 20:00;0,3320
2026-11-25 21:00;0,3411
2026-11-25 22:00;0,1311
2026-11-25 23:00;0,3528
2026-11-26 00:00;0,0359
2026-11-26 01:00;0,1197
2026-11-26 02:00;0,1701
2026-11-26 03:00;0,1778
2026-11-26 04:00;0,2482
2026-11-26 05:00;0,2095
2026-11-26 06:00;0,2041
2026-11-26 07:00;0,3606
2026-11-26 08:00;0,0469
2026-11-26 09:00;0,1616
2026-11-26 10:00;0,3263
2026-11-26 11:00;0,1855
2026-11-26 12:00;0,2044
2026-11-26 13:00;0,2638
2026-11-26 14:00;0,3808
2026-11-26 15:00;0,4131
2026-11-26 16:00;0,5082
2026-11-26 17:00;0,3573
2026-11-26 18:00;0,4050
2026-11-26 19:00;0,0386
2026-11-26 20:00;0,1287
2026-11-26 21:00;0,2611
2026-11-26 22:00;0,2289
2026-11-26 23:00;0,0982
2026-11-27 00:00;0,0408
2026-11-27 01:00;0,0449
2026-11-27 02:00;0,0393
2026-11-27 03:00;0,2029
2026-11-27 04:00;0,4238
2026-11-27 05:00;0,2080
2026-11-27 06:00;0,1254
2026-11-27 07:00;0,0354
2026-11-27 08:00;0,4487
2026-11-27 09:00;0,8000
2026-11-27 10:00;0,4493
2026-11-27 11:00;0,2897
2026-11-27 12:00;0,1148
2026-11-27 13:00;0,0794
2026-11-27 14:00;0,1073
2026-11-27 15:00;0,1805
2026-11-27 16:00;0,1912
2026-11-27 17:00;0,0363
2026-11-27 18:00;0,1315
2026-11-27 19:00;0,1291
2026-11-27 20:00;0,2740
2026-11-27 21:00;0,2601
2026-11-27 22:00;0,4647
2026-11-27 23:00;0,1512
2026-11-28 00:00;0,0176
2026-11-28 01:00;0,0218
2026-11-28 02:00;0,0524
2026-11-28 03:00;0,0294
2026-11-28 04:00;0,1862
2026-11-28 05:00;0,3157
2026-11-28 06:00;0,3209
2026-11-28 07:00;0,6722
2026-11-28 08:00;0,3066
2026-11-28 09:00;0,3235
2026-11-28 10:00;0,7298
2026-11-28 11:00;0,7697
2026-11-28 12:00;0,0660
2026-11-28 13:00;0,1381
2026-11-28 14:00;0,1906
2026-11-28 15:00;0,3128
2026-11-28 16:00;0,4122
2026-11-28 17:00;0,4685
2026-11-28 18:00;0,4459
2026-11-28 19:00;0,9653
2026-11-28 20:00;0,5168
2026-11-28 21:00;0,7032
2026-11-28 22:00;0,2281
2026-11-28 23:00;0,1737
2026-11-29 00:00;0,4381
2026-11-29 01:00;0,6855
2026-11-29 02:00;0,4974
2026-11-29 03:00;0,1407
2026-11-29 04:00;0,3711
2026-11-29 05:00;0,6129
2026-11-29 06:00;0,4219
2026-11-29 07:00;0,8515
2026-11-29 08:00;0,4402
2026-11-29 09:00;0,1606
2026-11-29 10:00;0,2180
2026-11-29 11:00;0,2877
2026-11-29 12:00;0,2728
2026-11-29 13:00;0,2801
2026-11-29 14:00;0,2946
2026-11-29 15:00;0,2822
2026-11-29 16:00;0,2334
2026-11-29 17:00;0,1908
2026-11-29 18:00;0,2802
2026-11-29 19:00;0,2838
2026-11-29 20:00;0,2894
2026-11-29 21:00;0,4485
2026-11-29 22:00;0,7192
2026-11-29 23:00;0,4940
2026-11-30 00:00;0,5268
2026-11-30 01:00;0,2801
2026-11-30 02:00;0,3118
2026-11-30 03:00;0,7840
2026-11-30 04:00;0,7198
2026-11-30 05:00;0,2347
2026-11-30 06:00;0,2331
2026-11-30 07:00;0,2267
2026-11-30 08:00;0,2485
2026-11-30 09:00;0,6465
2026-11-30 10:00;0,7432
2026-11-30 11:00;0,4968
2026-11-30 12:00;0,2644
2026-11-30 13:00;0,4580
2026-11-30 14:00;0,3652
2026-11-30 15:00;0,5078
2026-11-30 16:00;0,5332
2026-11-30 17:00;0,5384
2026-11-30 18:00;0,5605
2026-11-30 19:00;0,3802
2026-11-30 20:00;0,5282
2026-11-30 21:00;0,6700
2026-11-30 22:00;0,6384
2026-11-30 23:00;0,3815
2026-12-01 00:00;0,3891
2026-12-01 01:00;0,0992
2026-12-01 02:00;0,1572
2026-12-01 03:00;0,3063
2026-12-01 04:00;0,1684
2026-12-01 05:00;0,1699
2026-12-01 06:00;0,0000
2026-12-01 07:00;0,3891
2026-12-01 08:00;0,4818
2026-12-01 09:00;0,3996
2026-12-01 10:00;0,4209
2026-12-01 11:00;0,4645
2026-12-01 12:00;0,0000
2026-12-01 13:00;0,0000
2026-12-01 14:00;0,0000
2026-12-01 15:00;0,0000
2026-12-01 16:00;0,0000
2026-12-01 17:00;0,0000
2026-12-01 18:00;0,1209
2026-12-01 19:00;0,2932
2026-12-01 20:00;0,1302
2026-12-01 21:00;0,0000
2026-12-01 22:00;0,0000
2026-12-01 23:00;0,0000
2026-12-02 00:00;0,8219
2026-12-02 01:00;0,8257
2026-12-02 02:00;0,6374
2026-12-02 03:00;0,1407
2026-12-02 04:00;0,0412
2026-12-02 05:00;0,0000
2026-12-02 06:00;0,1955
2026-12-02 07:00;0,6835
2026-12-02 08:00;0,4287
2026-12-02 09:00;0,0000
2026-12-02 10:00;0,0000
2026-12-02 11:00;0,0324
2026-12-02 12:00;0,0000
2026-12-02 13:00;0,0000
2026-12-02 14:00;0,0000
2026-12-02 15:00;0,0000
2026-12-02 16:00;0,0026
2026-12-02 17:00;0,1934
2026-12-02 18:00;0,3114
2026-12-02 19:00;0,6264
2026-12-02 20:00;0,4187
2026-12-02 21:00;0,0000
2026-12-02 22:00;0,0395
2026-12-02 23:00;0,1380
2026-12-03 00:00;0,0124
2026-12-03 01:00;0,0265
2026-12-03 02:00;0,0401
2026-12-03 03:00;0,0647
2026-12-03 04:00;0,0834
2026-12-03 05:00;0,1489
2026-12-03 06:00;0,1330
2026-12-03 07:00;0,1520
2026-12-03 08:00;0,2153
2026-12-03 09:00;0,1564
2026-12-03 10:00;0,9507
2026-12-03 11:00;0,5341
2026-12-03 12:00;0,4954
2026-12-03 13:00;0,8084
2026-12-03 14:00;0,0445
2026-12-03 15:00;0,1214
2026-12-03 16:00;0,0832
2026-12-03 17:00;0,0157
2026-12-03 18:00;0,0008
2026-12-03 19:00;0,0273
2026-12-03 20:00;0,3465
2026-12-03 21:00;0,4348
2026-12-03 22:00;0,8856
2026-12-03 23:00;0,4358
2026-12-04 00:00;0,6260
2026-12-04 01:00;0,7018
2026-12-04 02:00;0,0478
2026-12-04 03:00;0,1556
2026-12-04 04:00;0,0744
2026-12-04 05:00;0,0462
2026-12-04 06:00;0,8807
2026-12-04 07:00;0,6924
2026-12-04 08:00;0,0431
2026-12-04 09:00;0,7389
2026-12-04 10:00;0,5396
2026-12-04 11:00;0,6623
2026-12-04 12:00;0,0447
2026-12-04 13:00;0,1147
2026-12-04 14:00;0,1707
2026-12-04 15:00;0,1773
2026-12-04 16:00;0,1258
2026-12-04 17:00;0,0495
2026-12-04 18:00;0,0878
2026-12-04 19:00;0,1137
2026-12-04 20:00;0,0711
2026-12-04 21:00;0,0434
2026-12-04 22:00;0,6979
2026-12-04 23:00;0,4939
2026-12-05 00:00;0,6186
2026-12-05 01:00;0,4044
2026-12-05 02:00;0,5319
2026-12-05 03:00;0,5506
2026-12-05 04:00;0,3916
2026-12-05 05:00;0,4722
2026-12-05 06:00;0,0412
2026-12-05 07:00;0,6638
2026-12-05 08:00;0,8736
2026-12-05 09:00;0,7203
2026-12-05 10:00;0,7085
2026-12-05 11:00;0,6713
2026-12-05 12:00;0,0409
2026-12-05 13:00;0,1109
2026-12-05 14:00;0,0456
2026-12-05 15:00;0,1518
2026-12-05 16:00;0,1815
2026-12-05 17:00;0,1511
2026-12-05 18:00;0,3677
2026-12-05 19:00;0,5660
2026-12-05 20:00;0,3654
2026-12-05 21:00;0,0432
2026-12-05 22:00;0,0460
2026-12-05 23:00;0,0399
2026-12-06 00:00;0,3844
2026-12-06 01:00;0,1562
2026-12-06 02:00;0,3042
2026-12-06 03:00;0,3056
2026-12-06 04:00;0,1681
2026-12-06 05:00;0,0226
2026-12-06 06:00;0,0227
2026-12-06 07:00;0,5745
2026-12-06 08:00;0,0214
2026-12-06 09:00;0,0194
2026-12-06 10:00;0,0205
2026-12-06 11:00;0,3602
2026-12-06 12:00;0,3901
2026-12-06 13:00;0,1991
2026-12-06 14:00;0,0185
2026-12-06 15:00;0,0619
2026-12-06 16:00;0,2122
2026-12-06 17:00;0,3444
2026-12-06 18:00;0,4979
2026-12-06 19:00;0,8980
2026-12-06 20:00;0,2793
2026-12-06 21:00;0,2775
2026-12-06 22:00;0,9799
2026-12-06 23:00;0,3636
2026-12-07 00:00;0,3802
2026-12-07 01:00;0,3846
2026-12-07 02:00;0,2910
2026-12-07 03:00;0,3597
2026-12-07 04:00;0,6993
2026-12-07 05:00;0,2765
2026-12-07 06:00;0,3813
2026-12-07 07:00;0,9243
2026-12-07 08:00;0,3171
2026-12-07 09:00;0,3228
2026-12-07 10:00;0,2202
2026-12-07 11:00;0,1469
2026-12-07 12:00;0,0710
2026-12-07 13:00;0,1249
2026-12-07 14:00;0,1596
2026-12-07 15:00;0,1089
2026-12-07 16:00;0,0841
2026-12-07 17:00;0,0663
2026-12-07 18:00;0,0199
2026-12-07 19:00;0,0598
2026-12-07 20:00;0,0995
2026-12-07 21:00;0,0404
2026-12-07 22:00;0,1219
2026-12-07 23:00;0,2088
2026-12-08 00:00;0,8431
2026-12-08 01:00;0,9268
2026-12-08 02:00;0,6230
2026-12-08 03:00;0,5525
2026-12-08 04:00;0,3258
2026-12-08 05:00;0,0985
2026-12-08 06:00;0,0701
2026-12-08 07:00;0,1214
2026-12-08 08:00;0,1729
2026-12-08 09:00;0,0166
2026-12-08 10:00;0,1093
2026-12-08 11:00;0,2068
2026-12-08 12:00;0,1990
2026-12-08 13:00;0,8283
2026-12-08 14:00;0,4262
2026-12-08 15:00;0,4413
2026-12-08 16:00;0,2632
2026-12-08 17:00;0,0198
2026-12-08 18:00;0,0724
2026-12-08 19:00;0,4637
2026-12-08 20:00;0,3925
2026-12-08 21:00;0,4379
2026-12-08 22:00;0,1579
2026-12-08 23:00;0,3119
2026-12-09 00:00;0,4060
2026-12-09 01:00;0,7171
2026-12-09 02:00;0,3871
2026-12-09 03:00;0,3816
2026-12-09 04:00;0,5643
2026-12-09 05:00;0,4339
2026-12-09 06:00;0,4327
2026-12-09 07:00;0,7251
2026-12-09 08:00;0,3861
2026-12-09 09:00;0,0184
2026-12-09 10:00;0,0302
2026-12-09 11:00;0,0373
2026-12-09 12:00;0,1254
2026-12-09 13:00;0,3656
2026-12-09 14:00;0,4499
2026-12-09 15:00;0,3326
2026-12-09 16:00;0,2547
2026-12-09 17:00;0,1608
2026-12-09 18:00;0,1292
2026-12-09 19:00;0,1124
2026-12-09 20:00;0,0630
2026-12-09 21:00;0,0700
2026-12-09 22:00;0,0918
2026-12-09 23:00;0,1096
2026-12-10 00:00;0,8694
2026-12-10 01:00;0,6077
2026-12-10 02:00;0,4610
2026-12-10 03:00;0,8877
2026-12-10 04:00;0,2553
2026-12-10 05:00;0,5444
2026-12-10 06:00;0,4284
2026-12-10 07:00;0,2162
2026-12-10 08:00;0,0378
2026-12-10 09:00;0,1637
2026-12-10 10:00;0,3212
2026-12-10 11:00;0,0398
2026-12-10 12:00;0,0350
2026-12-10 13:00;0,2779
2026-12-10 14:00;0,1498
2026-12-10 15:00;0,0334
2026-12-10 16:00;0,0957
2026-12-10 17:00;0,0433
2026-12-10 18:00;0,0657
2026-12-10 19:00;0,0922
2026-12-10 20:00;0,0358
2026-12-10 21:00;0,1272
2026-12-10 22:00;0,3828
2026-12-10 23:00;0,4799
2026-12-11 00:00;0,4406
2026-12-11 01:00;0,2952
2026-12-11 02:00;0,1534
2026-12-11 03:00;0,2035
2026-12-11 04:00;0,2237
2026-12-11 05:00;0,2587
2026-12-11 06:00;0,2304
2026-12-11 07:00;0,2247
2026-12-11 08:00;0,2430
2026-12-11 09:00;0,2752
2026-12-11 10:00;0,2974
2026-12-11 11:00;0,2992
2026-12-11 12:00;0,6748
2026-12-11 13:00;1,0000
2026-12-11 14:00;0,9199
2026-12-11 15:00;0,6053
2026-12-11 16:00;0,9220
2026-12-11 17:00;0,1889
2026-12-11 18:00;0,1397
2026-12-11 19:00;0,1083
2026-12-11 20:00;0,0879
2026-12-11 21:00;0,1147
2026-12-11 22:00;0,0873
2026-12-11 23:00;0,1385
2026-12-12 00:00;0,2941
2026-12-12 01:00;0,2263
2026-12-12 02:00;0,2009
2026-12-12 03:00;0,1815
2026-12-12 04:00;0,2144
2026-12-12 05:00;0,2075
2026-12-12 06:00;0,2070
2026-12-12 07:00;0,2320
2026-12-12 08:00;0,2540
2026-12-12 09:00;0,3113
2026-12-12 10:00;0,2790
2026-12-12 11:00;0,3415
2026-12-12 12:00;0,3162
2026-12-12 13:00;0,2012
2026-12-12 14:00;0,1142
2026-12-12 15:00;0,1182
2026-12-12 16:00;0,2690
2026-12-12 17:00;0,4300
2026-12-12 18:00;0,4539
2026-12-12 19:00;0,5143
2026-12-12 20:00;0,4087
2026-12-12 21:00;0,3932
2026-12-12 22:00;0,1889
2026-12-12 23:00;0,3131
2026-12-13 00:00;0,3583
2026-12-13 01:00;0,6515
2026-12-13 02:00;0,3264
2026-12-13 03:00;0,3843
2026-12-13 04:00;0,6061
2026-12-13 05:00;0,4062
2026-12-13 06:00;0,4516
2026-12-13 07:00;0,6905
2026-12-13 08:00;0,4199
2026-12-13 09:00;0,0183
2026-12-13 10:00;0,0299
2026-12-13 11:00;0,0429
2026-12-13 12:00;0,1648
2026-12-13 13:00;0,4902
2026-12-13 14:00;0,5711
2026-12-13 15:00;0,4026
2026-12-13 16:00;0,2997
2026-12-13 17:00;0,2028
2026-12-13 18:00;0,1889
2026-12-13 19:00;0,1289
2026-12-13 20:00;0,0673
2026-12-13 21:00;0,0752
2026-12-13 22:00;0,0985
2026-12-13 23:00;0,1253
2026-12-14 00:00;0,0692
2026-12-14 01:00;0,0686
2026-12-14 02:00;0,0649
2026-12-14 03:00;0,0603
2026-12-14 04:00;0,0705
2026-12-14 05:00;0,0844
2026-12-14 06:00;0,1392
2026-12-14 07:00;0,0951
2026-12-14 08:00;0,0427
2026-12-14 09:00;0,0720
2026-12-14 10:00;0,0474
2026-12-14 11:00;0,0191
2026-12-14 12:00;0,0394
2026-12-14 13:00;0,3417
2026-12-14 14:00;0,6188
2026-12-14 15:00;0,8362
2026-12-14 16:00;0,9257
2026-12-14 17:00;0,2328
2026-12-14 18:00;0,2523
2026-12-14 19:00;0,2009
2026-12-14 20:00;0,1650
2026-12-14 21:00;0,2463
2026-12-14 22:00;1,0000
2026-12-14 23:00;1,0000
2026-12-15 00:00;0,2825
2026-12-15 01:00;0,8007
2026-12-15 02:00;0,2683
2026-12-15 03:00;0,2567
2026-12-15 04:00;0,7956
2026-12-15 05:00;0,3725
2026-12-15 06:00;0,3527
2026-12-15 07:00;0,3677
2026-12-15 08:00;0,3356
2026-12-15 09:00;0,3312
2026-12-15 10:00;0,1859
2026-12-15 11:00;0,0638
2026-12-15 12:00;0,0440
2026-12-15 13:00;0,0748
2026-12-15 14:00;0,1013
2026-12-15 15:00;0,1125
2026-12-15 16:00;0,0954
2026-12-15 17:00;0,0759
2026-12-15 18:00;0,0416
2026-12-15 19:00;0,1771
2026-12-15 20:00;0,3346
2026-12-15 21:00;0,3153
2026-12-15 22:00;0,9410
2026-12-15 23:00;0,3320
2026-12-16 00:00;0,6584
2026-12-16 01:00;0,3837
2026-12-16 02:00;0,4697
2026-12-16 03:00;0,5188
2026-12-16 04:00;0,4318
2026-12-16 05:00;0,4332
2026-12-16 06:00;0,0367
2026-12-16 07:00;0,6229
2026-12-16 08:00;0,8318
2026-12-16 09:00;0,6558
2026-12-16 10:00;0,6961
2026-12-16 11:00;0,6394
2026-12-16 12:00;0,0426
2026-12-16 13:00;0,1117
2026-12-16 14:00;0,0427
2026-12-16 15:00;0,1420
2026-12-16 16:00;0,2122
2026-12-16 17:00;0,1381
2026-12-16 18:00;0,3351
2026-12-16 19:00;0,5532
2026-12-16 20:00;0,3691
2026-12-16 21:00;0,0460
2026-12-16 22:00;0,0463
2026-12-16 23:00;0,0485
2026-12-17 00:00;0,2667
2026-12-17 01:00;0,4871
2026-12-17 02:00;0,1806
2026-12-17 03:00;0,1542
2026-12-17 04:00;0,1410
2026-12-17 05:00;0,1528
2026-12-17 06:00;0,1535
2026-12-17 07:00;0,1412
2026-12-17 08:00;0,1246
2026-12-17 09:00;0,1265
2026-12-17 10:00;0,1038
2026-12-17 11:00;0,1072
2026-12-17 12:00;0,0837
2026-12-17 13:00;0,4535
2026-12-17 14:00;0,2191
2026-12-17 15:00;0,0197
2026-12-17 16:00;0,9327
2026-12-17 17:00;0,0167
2026-12-17 18:00;0,0732
2026-12-17 19:00;0,1548
2026-12-17 20:00;0,2371
2026-12-17 21:00;0,3030
2026-12-17 22:00;1,0000
2026-12-17 23:00;0,3489
2026-12-18 00:00;0,3987
2026-12-18 01:00;0,7319
2026-12-18 02:00;0,3584
2026-12-18 03:00;0,4228
2026-12-18 04:00;0,5908
2026-12-18 05:00;0,4043
2026-12-18 06:00;0,3664
2026-12-18 07:00;0,6424
2026-12-18 08:00;0,3894
2026-12-18 09:00;0,0185
2026-12-18 10:00;0,0326
2026-12-18 11:00;0,0417
2026-12-18 12:00;0,1472
2026-12-18 13:00;0,3873
2026-12-18 14:00;0,4866
2026-12-18 15:00;0,4427
2026-12-18 16:00;0,3009
2026-12-18 17:00;0,2240
2026-12-18 18:00;0,1967
2026-12-18 19:00;0,1371
2026-12-18 20:00;0,0797
2026-12-18 21:00;0,0810
2026-12-18 22:00;0,1012
2026-12-18 23:00;0,1077
2026-12-19 00:00;0,2479
2026-12-19 01:00;0,2377
2026-12-19 02:00;0,2144
2026-12-19 03:00;0,1754
2026-12-19 04:00;0,1894
2026-12-19 05:00;0,1874
2026-12-19 06:00;0,2117
2026-12-19 07:00;0,2356
2026-12-19 08:00;0,2368
2026-12-19 09:00;0,2382
2026-12-19 10:00;0,2198
2026-12-19 11:00;0,2802
2026-12-19 12:00;0,3001
2026-12-19 13:00;0,2150
2026-12-19 14:00;0,0984
2026-12-19 15:00;0,1015
2026-12-19 16:00;0,2169
2026-12-19 17:00;0,3072
2026-12-19 18:00;0,4037
2026-12-19 19:00;0,4635
2026-12-19 20:00;0,4359
2026-12-19 21:00;0,4222
2026-12-19 22:00;0,1779
2026-12-19 23:00;0,2997
2026-12-20 00:00;0,2854
2026-12-20 01:00;0,6076
2026-12-20 02:00;0,1676
2026-12-20 03:00;0,1614
2026-12-20 04:00;0,1426
2026-12-20 05:00;0,1509
2026-12-20 06:00;0,1685
2026-12-20 07:00;0,1642
2026-12-20 08:00;0,1583
2026-12-20 09:00;0,1263
2026-12-20 10:00;0,1084
2026-12-20 11:00;0,0976
2026-12-20 12:00;0,0713
2026-12-20 13:00;0,3321
2026-12-20 14:00;0,1697
2026-12-20 15:00;0,0162
2026-12-20 16:00;0,8129
2026-12-20 17:00;0,0158
2026-12-20 18:00;0,0639
2026-12-20 19:00;0,1154
2026-12-20 20:00;0,1861
2026-12-20 21:00;0,2453
2026-12-20 22:00;0,9217
2026-12-20 23:00;0,3310
2026-12-21 00:00;0,5399
2026-12-21 01:00;0,7909
2026-12-21 02:00;0,5265
2026-12-21 03:00;0,4913
2026-12-21 04:00;0,7464
2026-12-21 05:00;0,0187
2026-12-21 06:00;0,0204
2026-12-21 07:00;0,2689
2026-12-21 08:00;0,5511
2026-12-21 09:00;0,4664
2026-12-21 10:00;0,9032
2026-12-21 11:00;0,2825
2026-12-21 12:00;0,0167
2026-12-21 13:00;0,2041
2026-12-21 14:00;0,3499
2026-12-21 15:00;0,3744
2026-12-21 16:00;1,0000
2026-12-21 17:00;0,4335
2026-12-21 18:00;0,0499
2026-12-21 19:00;0,0835
2026-12-21 20:00;0,2115
2026-12-21 21:00;0,1387
2026-12-21 22:00;0,1441
2026-12-21 23:00;0,1613
2026-12-22 00:00;0,1565
2026-12-22 01:00;0,1642
2026-12-22 02:00;0,1545
2026-12-22 03:00;0,1160
2026-12-22 04:00;0,0996
2026-12-22 05:00;0,0715
2026-12-22 06:00;0,0442
2026-12-22 07:00;0,0343
2026-12-22 08:00;0,0225
2026-12-22 09:00;0,0224
2026-12-22 10:00;0,0902
2026-12-22 11:00;0,1699
2026-12-22 12:00;0,3117
2026-12-22 13:00;0,8200
2026-12-22 14:00;0,3469
2026-12-22 15:00;0,4279
2026-12-22 16:00;0,8624
2026-12-22 17:00;0,5717
2026-12-22 18:00;0,4210
2026-12-22 19:00;0,8374
2026-12-22 20:00;0,2454
2026-12-22 21:00;0,2261
2026-12-22 22:00;0,0455
2026-12-22 23:00;0,0201
2026-12-23 00:00;0,0199
2026-12-23 01:00;0,0421
2026-12-23 02:00;0,1571
2026-12-23 03:00;0,1442
2026-12-23 04:00;0,0162
2026-12-23 05:00;0,0155
2026-12-23 06:00;0,0157
2026-12-23 07:00;0,0158
2026-12-23 08:00;0,0317
2026-12-23 09:00;0,0612
2026-12-23 10:00;0,0706
2026-12-23 11:00;0,0181
2026-12-23 12:00;0,4163
2026-12-23 13:00;0,7927
2026-12-23 14:00;0,4845
2026-12-23 15:00;0,3534
2026-12-23 16:00;0,9026
2026-12-23 17:00;0,5085
2026-12-23 18:00;0,5046
2026-12-23 19:00;0,6430
2026-12-23 20:00;0,0181
2026-12-23 21:00;0,0420
2026-12-23 22:00;0,0173
2026-12-23 23:00;0,3415
2026-12-24 00:00;0,2097
2026-12-24 01:00;0,1690
2026-12-24 02:00;0,2693
2026-12-24 03:00;0,2115
2026-12-24 04:00;0,1515
2026-12-24 05:00;0,2168
2026-12-24 06:00;0,2166
2026-12-24 07:00;0,2000
2026-12-24 08:00;0,1484
2026-12-24 09:00;0,0689
2026-12-24 10:00;0,0384
2026-12-24 11:00;0,0182
2026-12-24 12:00;0,3245
2026-12-24 13:00;1,0000
2026-12-24 14:00;0,5730
2026-12-24 15:00;0,7012
2026-12-24 16:00;1,0000
2026-12-24 17:00;0,0436
2026-12-24 18:00;0,0715
2026-12-24 19:00;0,1401
2026-12-24 20:00;0,2352
2026-12-24 21:00;0,1963
2026-12-24 22:00;0,5405
2026-12-24 23:00;0,2246
2026-12-25 00:00;0,0478
2026-12-25 01:00;0,0568
2026-12-25 02:00;0,4046
2026-12-25 03:00;0,4198
2026-12-25 04:00;0,4085
2026-12-25 05:00;0,4805
2026-12-25 06:00;0,7011
2026-12-25 07:00;0,7874
2026-12-25 08:00;0,0420
2026-12-25 09:00;0,7621
2026-12-25 10:00;0,8093
2026-12-25 11:00;0,6813
2026-12-25 12:00;0,0422
2026-12-25 13:00;0,0736
2026-12-25 14:00;0,0448
2026-12-25 15:00;0,0424
2026-12-25 16:00;0,0456
2026-12-25 17:00;0,0414
2026-12-25 18:00;0,0389
2026-12-25 19:00;0,0396
2026-12-25 20:00;0,0375
2026-12-25 21:00;0,1481
2026-12-25 22:00;0,2657
2026-12-25 23:00;0,1300
2026-12-26 00:00;0,4645
2026-12-26 01:00;0,7189
2026-12-26 02:00;0,0476
2026-12-26 03:00;0,0713
2026-12-26 04:00;0,0946
2026-12-26 05:00;0,3159
2026-12-26 06:00;0,5762
2026-12-26 07:00;0,3969
2026-12-26 08:00;0,0416
2026-12-26 09:00;0,5487
2026-12-26 10:00;0,3678
2026-12-26 11:00;0,5981
2026-12-26 12:00;0,3765
2026-12-26 13:00;0,3815
2026-12-26 14:00;0,0381
2026-12-26 15:00;0,0383
2026-12-26 16:00;0,1357
2026-12-26 17:00;0,2609
2026-12-26 18:00;0,3550
2026-12-26 19:00;0,4496
2026-12-26 20:00;0,0453
2026-12-26 21:00;0,0450
2026-12-26 22:00;0,0909
2026-12-26 23:00;0,1326
2026-12-27 00:00;0,8851
2026-12-27 01:00;0,7088
2026-12-27 02:00;0,3427
2026-12-27 03:00;0,3519
2026-12-27 04:00;0,3102
2026-12-27 05:00;0,4975
2026-12-27 06:00;0,3278
2026-12-27 07:00;0,5606
2026-12-27 08:00;0,3211
2026-12-27 09:00;0,6409
2026-12-27 10:00;0,3228
2026-12-27 11:00;0,0422
2026-12-27 12:00;0,0448
2026-12-27 13:00;0,2072
2026-12-27 14:00;0,3491
2026-12-27 15:00;0,1343
2026-12-27 16:00;0,0817
2026-12-27 17:00;0,0331
2026-12-27 18:00;0,1168
2026-12-27 19:00;0,2186
2026-12-27 20:00;0,4097
2026-12-27 21:00;0,3866
2026-12-27 22:00;0,7282
2026-12-27 23:00;0,1507
2026-12-28 00:00;0,4154
2026-12-28 01:00;0,8737
2026-12-28 02:00;0,3075
2026-12-28 03:00;0,3191
2026-12-28 04:00;0,2781
2026-12-28 05:00;0,2644
2026-12-28 06:00;0,2636
2026-12-28 07:00;0,0563
2026-12-28 08:00;0,2536
2026-12-28 09:00;0,2537
2026-12-28 10:00;0,8804
2026-12-28 11:00;0,3086
2026-12-28 12:00;0,3749
2026-12-28 13:00;0,3944
2026-12-28 14:00;0,0134
2026-12-28 15:00;0,0154
2026-12-28 16:00;0,4195
2026-12-28 17:00;0,0181
2026-12-28 18:00;0,5365
2026-12-28 19:00;0,9800
2026-12-28 20:00;0,4001
2026-12-28 21:00;0,4880
2026-12-28 22:00;0,0361
2026-12-28 23:00;0,3664
2026-12-29 00:00;0,0960
2026-12-29 01:00;0,1056
2026-12-29 02:00;0,1135
2026-12-29 03:00;0,1100
2026-12-29 04:00;0,1308
2026-12-29 05:00;0,1836
2026-12-29 06:00;0,2075
2026-12-29 07:00;0,2420
2026-12-29 08:00;0,2677
2026-12-29 09:00;0,2016
2026-12-29 10:00;1,0000
2026-12-29 11:00;0,7438
2026-12-29 12:00;0,7152
2026-12-29 13:00;1,0000
2026-12-29 14:00;0,1115
2026-12-29 15:00;0,1938
2026-12-29 16:00;0,1294
2026-12-29 17:00;0,0464
2026-12-29 18:00;0,0186
2026-12-29 19:00;0,0387
2026-12-29 20:00;0,3815
2026-12-29 21:00;0,5163
2026-12-29 22:00;1,0000
2026-12-29 23:00;0,4572
2026-12-30 00:00;0,9989
2026-12-30 01:00;0,7362
2026-12-30 02:00;0,8801
2026-12-30 03:00;0,9463
2026-12-30 04:00;0,4702
2026-12-30 05:00;0,3384
2026-12-30 06:00;0,1632
2026-12-30 07:00;0,1684
2026-12-30 08:00;0,9569
2026-12-30 09:00;0,8204
2026-12-30 10:00;0,1454
2026-12-30 11:00;0,1002
2026-12-30 12:00;0,0479
2026-12-30 13:00;0,0957
2026-12-30 14:00;0,1611
2026-12-30 15:00;0,0713
2026-12-30 16:00;0,1084
2026-12-30 17:00;0,1382
2026-12-30 18:00;0,1330
2026-12-30 19:00;0,0945
2026-12-30 20:00;0,1305
2026-12-30 21:00;0,1613
2026-12-30 22:00;0,1181
2026-12-30 23:00;0,1696
2026-12-31 00:00;0,2862
2026-12-31 01:00;0,8255
2026-12-31 02:00;0,2613
2026-12-31 03:00;0,2780
2026-12-31 04:00;0,2546
2026-12-31 05:00;0,1939
2026-12-31 06:00;0,1860
2026-12-31 07:00;0,1651
2026-12-31 08:00;0,1687
2026-12-31 09:00;0,1740
2026-12-31 10:00;0,1192
2026-12-31 11:00;0,0626
2026-12-31 12:00;0,0714
2026-12-31 13:00;0,0683
2026-12-31 14:00;0,0686
2026-12-31 15:00;0,0711
2026-12-31 16:00;0,0664
2026-12-31 17:00;0,0738
2026-12-31 18:00;0,1989
2026-12-31 19:00;0,3125
2026-12-31 20:00;0,3851
2026-12-31 21:00;0,4809
2026-12-31 22:00;1,0000
2026-12-31 23:00;0,4029
